aX,aY,aZ,gX,gY,gZ
-0.314,-1.734,0.061,9.583,134.338,42.969
-0.263,-1.638,0.080,0.916,130.859,57.922
-0.206,-1.554,0.099,-9.888,126.648,65.613
-0.162,-1.500,0.092,-21.851,122.375,67.383
-0.136,-1.456,0.064,-33.875,118.408,66.528
-0.093,-1.420,0.036,-44.495,115.601,64.819
-0.060,-1.370,-0.004,-53.040,113.647,63.171
0.018,-1.319,-0.041,-58.655,110.962,62.378
0.106,-1.270,-0.061,-63.232,106.995,61.462
0.180,-1.229,-0.070,-67.749,100.586,60.181
0.242,-1.184,-0.076,-70.068,94.177,60.486
0.301,-1.151,-0.095,-71.777,87.524,63.416
0.346,-1.101,-0.134,-75.012,80.566,67.566
0.379,-1.027,-0.173,-79.041,72.754,70.923
0.413,-0.938,-0.208,-82.458,63.965,72.998
0.414,-0.847,-0.248,-85.449,55.237,74.341
0.419,-0.743,-0.296,-86.975,46.265,74.158
0.431,-0.641,-0.327,-86.121,36.499,71.350
0.434,-0.567,-0.327,-83.862,25.330,66.467
0.410,-0.515,-0.314,-81.970,13.306,61.096
0.375,-0.471,-0.278,-79.163,0.732,57.556
0.337,-0.444,-0.225,-74.219,-11.780,56.580
0.290,-0.414,-0.167,-68.481,-23.743,57.983
0.229,-0.374,-0.112,-62.927,-33.752,61.035
0.170,-0.331,-0.061,-57.983,-42.053,63.232
0.113,-0.293,-0.022,-54.688,-49.011,63.232
0.057,-0.262,0.006,-53.040,-56.213,60.608
0.019,-0.235,0.040,-52.307,-63.904,55.664
-0.031,-0.213,0.068,-52.368,-71.106,49.805
-0.082,-0.188,0.079,-52.246,-77.087,45.288
-0.130,-0.157,0.094,-49.377,-81.421,42.786
-0.177,-0.132,0.102,-44.434,-84.961,41.626
-0.233,-0.125,0.108,-37.781,-90.332,41.382
-0.297,-0.133,0.128,-28.564,-98.511,41.321
-0.366,-0.158,0.177,-16.846,-105.408,42.725
-0.447,-0.187,0.231,-5.066,-108.765,46.631
-0.500,-0.213,0.272,4.578,-108.643,50.720
-0.528,-0.233,0.304,8.972,-107.605,50.537
-0.581,-0.236,0.318,8.362,-107.849,44.800
-0.609,-0.199,0.322,5.554,-108.459,37.720
-0.642,-0.188,0.321,3.235,-107.788,30.273
-0.694,-0.177,0.293,0.549,-104.492,22.522
-0.734,-0.189,0.259,1.221,-102.478,17.456
-0.784,-0.221,0.243,7.202,-103.699,12.634
-0.818,-0.285,0.261,17.639,-106.140,10.010
-0.845,-0.352,0.296,28.625,-108.704,10.559
-0.902,-0.415,0.341,38.513,-109.680,13.733
-0.969,-0.463,0.376,46.631,-107.483,19.592
-1.043,-0.495,0.423,52.856,-102.905,25.818
-1.084,-0.487,0.494,59.875,-98.389,27.039
-1.171,-0.552,0.383,80.017,-97.473,11.841
-1.161,-0.536,0.526,80.505,-87.769,0.916
-1.179,-0.557,0.508,79.224,-78.125,-7.812
-1.125,-0.573,0.519,69.153,-63.354,-16.235
-1.076,-0.585,0.497,58.899,-52.307,-21.729
-1.048,-0.592,0.492,49.866,-46.753,-28.259
-1.049,-0.608,0.486,46.021,-44.678,-31.921
-1.080,-0.652,0.476,48.035,-43.579,-30.029
-1.162,-0.706,0.505,56.580,-42.603,-22.888
-1.252,-0.775,0.568,72.327,-37.354,-11.780
-1.307,-0.839,0.623,88.257,-27.893,0.000
-1.363,-0.912,0.666,99.060,-19.653,8.301
-1.411,-0.976,0.718,107.483,-11.475,11.230
-1.436,-1.037,0.758,111.572,-0.793,11.169
-1.455,-1.109,0.805,110.291,13.306,10.315
-1.421,-1.170,0.836,104.004,30.945,7.202
-1.377,-1.191,0.843,90.759,48.096,0.549
-1.332,-1.184,0.812,76.294,64.148,-8.484
-1.227,-1.159,0.774,62.378,78.674,-17.212
-1.187,-1.136,0.703,54.321,92.346,-25.208
-1.119,-1.101,0.639,47.424,102.905,-28.198
-1.066,-1.082,0.559,45.959,110.718,-27.466
-1.031,-1.068,0.495,48.157,116.394,-25.879
-0.984,-1.061,0.446,52.979,119.446,-22.217
-0.936,-1.055,0.411,58.044,121.338,-19.226
-0.892,-1.062,0.387,61.584,122.864,-17.944
-0.855,-1.091,0.391,62.988,123.230,-19.409
-0.818,-1.139,0.393,64.148,125.122,-22.644
-0.751,-1.199,0.385,63.843,128.784,-24.536
-0.691,-1.251,0.347,59.570,132.812,-25.269
-0.654,-1.313,0.291,53.833,134.827,-26.794
-0.622,-1.391,0.221,46.875,135.620,-27.710
-0.564,-1.475,0.158,39.490,136.292,-27.344
-0.491,-1.549,0.092,30.396,137.390,-25.574
-0.400,-1.613,0.023,20.813,138.367,-23.315
-0.306,-1.676,-0.041,11.353,138.184,-22.034
-0.222,-1.739,-0.104,3.418,136.963,-20.081
-0.135,-1.785,-0.156,-3.845,134.766,-15.442
-0.048,-1.812,-0.223,-12.146,133.118,-8.789
0.022,-1.802,-0.287,-22.217,129.150,-0.366
0.087,-1.771,-0.331,-30.273,121.277,10.498
0.143,-1.700,-0.341,-35.828,111.145,23.193
0.186,-1.605,-0.347,-40.771,101.074,37.048
0.230,-1.496,-0.351,-46.448,91.980,50.293
0.242,-1.397,-0.339,-53.101,82.092,59.204
0.232,-1.315,-0.306,-59.204,71.167,64.758
0.213,-1.243,-0.282,-64.209,61.462,67.993
0.201,-1.167,-0.240,-69.031,53.162,69.824
0.209,-1.098,-0.205,-73.792,46.326,70.313
0.212,-1.030,-0.168,-79.773,39.734,69.519
0.199,-0.972,-0.135,-85.510,32.776,68.420
0.191,-0.910,-0.100,-88.928,26.245,68.481
0.199,-0.855,-0.063,-90.698,20.813,68.481
0.173,-0.797,-0.045,-92.407,14.404,68.420
0.137,-0.727,-0.019,-90.210,5.554,68.726
0.123,-0.666,0.025,-83.008,-1.831,68.787
0.118,-0.632,0.071,-74.463,-7.324,68.665
0.105,-0.613,0.106,-68.542,-13.367,68.176
0.093,-0.576,0.148,-66.101,-19.714,67.444
0.057,-0.551,0.182,-65.369,-23.804,64.880
0.051,-0.524,0.213,-66.833,-25.513,60.425
0.062,-0.509,0.238,-69.885,-27.954,53.711
0.059,-0.489,0.251,-74.158,-31.616,45.044
0.056,-0.480,0.269,-76.416,-35.950,37.048
0.071,-0.474,0.286,-76.050,-40.039,31.311
0.068,-0.462,0.296,-74.951,-43.335,28.442
0.058,-0.437,0.285,-73.242,-46.570,28.259
0.031,-0.406,0.271,-69.763,-50.964,29.053
0.003,-0.383,0.273,-65.186,-56.519,28.809

-1.045,-0.576,0.477,42.358,-39.978,-0.061
-1.069,-0.587,0.495,46.082,-35.339,0.122
-1.115,-0.602,0.511,49.622,-31.250,1.160
-1.164,-0.623,0.523,53.406,-26.794,2.197
-1.136,-0.592,0.550,57.251,-19.226,2.136
-1.140,-0.565,0.569,58.228,-9.399,-1.831
-1.131,-0.544,0.562,56.335,-1.465,-5.859
-1.129,-0.533,0.551,57.190,5.066,-11.047
-1.110,-0.530,0.538,61.035,11.536,-16.174
-1.122,-0.551,0.539,66.101,16.724,-19.531
-1.159,-0.593,0.542,71.899,20.020,-20.081
-1.205,-0.626,0.558,80.627,22.339,-17.273
-1.239,-0.663,0.576,90.576,27.527,-13.123
-1.262,-0.702,0.591,97.839,35.339,-9.827
-1.296,-0.738,0.602,101.074,43.213,-9.155
-1.301,-0.770,0.599,100.769,52.490,-11.414
-1.302,-0.800,0.575,96.680,63.416,-15.930
-1.300,-0.833,0.546,91.919,73.425,-22.522
-1.253,-0.882,0.522,87.463,83.618,-30.579
-1.247,-0.946,0.498,83.557,92.468,-39.612
-1.208,-1.021,0.450,79.163,98.389,-47.119
-1.207,-1.078,0.416,77.759,105.713,-53.101
-1.138,-1.115,0.381,76.843,112.671,-51.086
-1.086,-1.169,0.343,78.735,118.896,-47.974
-1.039,-1.214,0.320,81.299,121.338,-44.189
-1.022,-1.251,0.307,85.815,122.192,-38.269
-0.989,-1.284,0.293,92.468,124.939,-29.114
-0.939,-1.312,0.270,97.595,127.869,-18.616
-0.902,-1.324,0.249,99.854,129.272,-9.766
-0.880,-1.322,0.243,99.792,129.272,-2.747
-0.842,-1.322,0.244,97.900,130.005,2.747
-0.808,-1.330,0.266,93.628,131.042,6.348
-0.779,-1.340,0.280,86.548,131.714,7.019
-0.751,-1.354,0.278,75.806,134.521,4.456
-0.736,-1.369,0.250,62.744,138.733,-1.160
-0.709,-1.409,0.181,50.171,144.226,-7.812
-0.666,-1.460,0.084,36.011,150.269,-13.794
-0.568,-1.519,0.005,25.269,155.457,-19.897
-0.453,-1.567,-0.062,16.907,155.579,-23.926
-0.364,-1.592,-0.127,10.986,150.391,-21.973
-0.290,-1.597,-0.164,9.766,143.066,-10.681
-0.210,-1.583,-0.192,12.146,135.132,6.897
-0.186,-1.564,-0.183,13.306,126.892,26.550
-0.151,-1.552,-0.178,12.146,118.958,43.457
-0.141,-1.541,-0.163,6.653,111.084,54.382
-0.142,-1.518,-0.159,-1.404,103.821,60.120
-0.151,-1.487,-0.158,-10.681,99.060,63.354
-0.123,-1.433,-0.153,-19.714,98.206,64.453
-0.079,-1.377,-0.153,-29.053,98.816,62.012
-0.033,-1.320,-0.163,-39.246,98.816,57.251
0.025,-1.272,-0.181,-48.828,98.511,51.270
0.099,-1.243,-0.208,-56.824,97.290,45.654
0.159,-1.234,-0.237,-63.477,92.651,41.321
0.210,-1.231,-0.261,-68.237,84.839,41.138
0.244,-1.205,-0.270,-70.190,76.294,46.082
0.276,-1.159,-0.273,-69.458,68.909,55.176
0.291,-1.094,-0.285,-68.787,61.768,64.331
0.302,-1.034,-0.293,-70.557,53.772,70.313
0.294,-0.975,-0.281,-75.562,45.654,71.289
0.291,-0.928,-0.267,-81.726,37.964,68.665
0.297,-0.891,-0.239,-88.623,31.311,65.369
0.318,-0.868,-0.204,-94.482,24.841,62.378
0.332,-0.856,-0.164,-98.755,17.456,59.387
0.328,-0.841,-0.123,-102.356,9.827,58.594
0.332,-0.817,-0.092,-106.323,3.235,60.547
0.329,-0.776,-0.078,-110.657,-2.869,64.026
0.308,-0.722,-0.057,-114.502,-9.460,67.322
0.267,-0.655,-0.036,-117.249,-15.686,70.068
0.209,-0.580,-0.001,-116.150,-21.301,70.801
0.176,-0.516,0.032,-112.854,-25.391,69.031
0.158,-0.451,0.067,-108.521,-28.992,64.392
0.152,-0.407,0.087,-104.065,-32.837,58.044
0.144,-0.382,0.096,-101.074,-37.048,53.894
0.139,-0.360,0.097,-97.473,-41.443,52.734
0.121,-0.333,0.104,-93.018,-46.021,54.504
0.103,-0.301,0.107,-88.196,-50.232,58.411
0.082,-0.262,0.101,-85.144,-54.077,63.232
0.057,-0.223,0.095,-82.458,-59.143,66.833
0.030,-0.181,0.088,-79.163,-65.186,68.237
-0.002,-0.139,0.088,-76.172,-71.045,67.627
-0.078,-0.108,0.093,-71.838,-75.806,65.247
-0.104,-0.029,0.140,-63.477,-79.285,63.232
-0.128,0.010,0.180,-55.908,-80.566,59.631
-0.178,0.042,0.184,-50.354,-83.130,55.298
-0.222,0.060,0.189,-43.335,-87.524,50.720
-0.268,0.064,0.202,-34.119,-91.858,46.021
-0.312,0.039,0.220,-22.217,-96.130,42.603
-0.353,0.006,0.266,-10.315,-99.854,41.565
-0.385,-0.025,0.318,0.610,-102.600,42.725
-0.402,-0.040,0.356,7.568,-105.042,44.434
-0.437,-0.058,0.385,11.353,-108.582,44.189
-0.483,-0.059,0.416,12.878,-111.206,42.114
-0.519,-0.054,0.450,14.038,-110.657,39.368
-0.556,-0.049,0.465,16.235,-106.812,36.255
-0.581,-0.053,0.458,17.578,-103.333,33.997
-0.633,-0.080,0.451,19.104,-101.685,32.104
-0.688,-0.091,0.426,23.437,-101.746,32.349
-0.732,-0.129,0.456,29.297,-99.731,36.438
-0.826,-0.117,0.458,36.682,-98.022,43.030
-0.854,-0.071,0.483,49.866,-90.637,50.049
-0.872,-0.040,0.506,64.270,-75.867,55.908
-0.869,-0.005,0.534,76.599,-63.293,56.274
-0.824,-0.043,0.531,83.862,-54.993,49.194
-0.765,-0.139,0.504,78.735,-53.589,34.424
-0.756,-0.240,0.469,63.904,-62.683,14.648
-0.779,-0.333,0.437,48.523,-74.463,-1.221
-0.807,-0.402,0.398,38.452,-82.886,-5.432
-0.840,-0.485,0.362,35.950,-86.426,0.244
-0.864,-0.560,0.321,38.696,-87.769,12.451
-0.901,-0.616,0.290,43.396,-90.698,26.794
-0.944,-0.664,0.256,49.866,-92.834,40.649
-0.983,-0.710,0.242,55.847,-92.529,50.476
-1.021,-0.740,0.249,61.890,-89.050,52.917
-1.037,-0.768,0.268,65.369,-81.055,50.232
-1.036,-0.790,0.294,63.721,-73.425,41.992
-1.063,-0.817,0.330,57.739,-66.711,27.771
-0.988,-0.836,0.323,51.575,-59.448,12.756
-1.115,-0.883,0.398,53.345,-55.115,-6.348
-1.149,-0.921,0.492,62.561,-52.917,-18.616

-1.160,-1.033,0.582,92.041,-43.335,-16.541
-1.136,-1.070,0.629,104.187,-37.292,-7.263
-1.144,-1.099,0.656,110.840,-31.372,-3.357
-1.169,-1.122,0.661,109.009,-26.978,-5.554
-1.209,-1.166,0.644,98.206,-22.095,-14.648
-1.253,-1.219,0.647,83.069,-15.625,-29.053
-1.289,-1.275,0.674,70.618,-8.179,-42.053
-1.290,-1.318,0.689,62.134,-0.488,-48.950
-1.307,-1.356,0.698,58.472,5.859,-51.025
-1.315,-1.370,0.718,59.021,11.353,-46.143
-1.312,-1.349,0.733,62.927,19.287,-35.828
-1.302,-1.305,0.738,66.345,30.090,-23.560
-1.290,-1.246,0.738,66.467,41.992,-13.428
-1.258,-1.175,0.726,63.538,54.626,-7.324
-1.195,-1.089,0.704,57.617,68.237,-6.653
-1.154,-1.033,0.666,49.988,81.177,-10.803
-1.104,-0.980,0.633,42.786,92.041,-16.846
-1.039,-0.930,0.590,38.208,102.722,-22.644
-0.986,-0.891,0.555,35.339,110.840,-27.893
-0.959,-0.862,0.538,36.377,115.173,-32.898
-0.900,-0.849,0.547,42.542,118.042,-36.316
-0.900,-0.873,0.564,52.368,121.277,-38.452
-0.845,-0.944,0.548,61.340,123.596,-36.804
-0.875,-1.009,0.557,71.228,126.831,-38.025
-0.864,-1.072,0.569,73.730,130.127,-34.851
-0.858,-1.125,0.550,74.829,138.123,-31.006
-0.838,-1.162,0.525,72.083,147.400,-29.480
-0.804,-1.208,0.504,63.538,154.480,-31.494
-0.782,-1.263,0.477,53.955,158.997,-36.621
-0.742,-1.311,0.435,46.204,162.903,-41.382
-0.699,-1.399,0.355,40.833,166.443,-44.067
-0.656,-1.496,0.260,35.522,168.457,-44.800
-0.598,-1.577,0.191,32.288,168.091,-44.373
-0.550,-1.662,0.131,32.227,167.542,-41.321
-0.505,-1.722,0.076,32.166,168.823,-33.264
-0.417,-1.758,0.026,30.334,170.715,-21.545
-0.360,-1.760,-0.008,25.879,168.274,-11.108
-0.308,-1.733,-0.026,23.560,161.926,-2.625
-0.244,-1.721,-0.077,19.897,152.649,4.639
-0.182,-1.699,-0.138,9.155,140.930,10.315
-0.119,-1.631,-0.227,-4.028,130.249,14.221
-0.084,-1.573,-0.329,-18.921,120.544,15.930
-0.052,-1.517,-0.403,-31.067,110.779,14.709
-0.017,-1.495,-0.428,-35.950,102.478,12.024
-0.033,-1.475,-0.372,-36.072,96.924,9.827
0.016,-1.477,-0.338,-33.630,96.802,15.198
0.054,-1.462,-0.322,-36.194,100.891,25.391
0.088,-1.435,-0.314,-40.955,101.318,32.837
0.094,-1.406,-0.287,-47.363,96.558,35.400
0.115,-1.384,-0.268,-54.810,90.271,36.316
0.121,-1.343,-0.267,-62.256,84.167,38.452
0.129,-1.284,-0.267,-66.650,78.003,43.274
0.149,-1.216,-0.262,-67.505,72.327,49.805
0.167,-1.146,-0.256,-67.932,66.223,56.091
0.168,-1.069,-0.243,-68.970,58.411,61.707
0.178,-1.003,-0.221,-70.129,50.293,65.186
0.193,-0.963,-0.185,-71.228,41.626,67.078
0.201,-0.938,-0.154,-74.158,33.020,69.092
0.219,-0.910,-0.117,-77.148,25.269,71.777
0.240,-0.880,-0.080,-78.674,17.944,75.195
0.263,-0.833,-0.052,-79.956,11.597,79.285
0.275,-0.778,-0.030,-82.031,5.859,82.642
0.277,-0.729,-0.016,-83.801,-0.061,83.984
0.272,-0.687,-0.001,-84.351,-6.165,82.825
0.258,-0.652,0.028,-83.374,-12.878,80.688
0.245,-0.607,0.056,-81.238,-18.188,78.796
0.224,-0.558,0.064,-78.003,-20.996,76.904
0.215,-0.511,0.069,-74.707,-22.400,75.134
0.206,-0.471,0.076,-72.083,-24.475,72.815
0.205,-0.433,0.080,-70.435,-27.100,70.251
0.211,-0.395,0.068,-70.801,-30.396,67.993
0.212,-0.348,0.042,-72.021,-34.302,65.796
0.223,-0.297,0.017,-73.120,-39.001,64.331
0.228,-0.244,-0.005,-73.730,-43.823,63.110
0.224,-0.199,-0.031,-73.059,-49.255,61.279
0.198,-0.154,-0.048,-72.144,-55.176,58.960
0.170,-0.117,-0.050,-69.519,-61.523,56.702
0.145,-0.081,-0.024,-66.284,-68.237,54.382
0.114,-0.051,0.004,-63.599,-75.745,51.208
0.083,-0.022,0.047,-60.547,-84.595,47.668
0.023,0.005,0.118,-54.077,-93.079,46.204
-0.032,0.033,0.193,-45.227,-98.572,48.401
-0.064,0.033,0.238,-36.987,-102.173,51.147
-0.127,0.025,0.267,-30.151,-107.361,50.354
-0.203,0.020,0.289,-23.865,-112.793,48.035
-0.269,-0.001,0.320,-17.273,-117.065,45.288
-0.322,-0.043,0.347,-11.475,-119.690,42.786
-0.393,-0.096,0.370,-5.493,-120.911,40.771
-0.434,-0.147,0.394,-0.793,-119.507,40.466
-0.474,-0.183,0.420,1.282,-117.554,40.710
-0.565,-0.200,0.457,4.333,-110.046,43.030
-0.597,-0.198,0.498,8.667,-92.529,50.720
-0.589,-0.183,0.510,13.428,-74.341,58.777
-0.609,-0.191,0.523,18.311,-58.960,62.317
-0.622,-0.207,0.548,24.780,-51.697,62.256
-0.632,-0.232,0.563,32.898,-54.871,59.570
-0.712,-0.296,0.615,42.480,-63.049,53.711
-0.792,-0.345,0.692,55.176,-67.505,50.232
-0.812,-0.394,0.716,63.538,-60.730,52.429
-0.804,-0.417,0.697,63.843,-52.673,53.833
-0.794,-0.429,0.703,57.312,-49.744,49.133
-0.801,-0.436,0.690,45.959,-48.645,40.771
-0.766,-0.393,0.651,30.273,-47.913,34.119
-0.713,-0.355,0.577,13.428,-48.096,25.635
-0.652,-0.308,0.501,-2.502,-49.622,14.160
-0.620,-0.288,0.416,-15.625,-52.979,2.136
-0.577,-0.268,0.339,-23.743,-56.030,-6.531
-0.564,-0.282,0.269,-25.330,-59.509,-11.719
-0.569,-0.310,0.223,-19.348,-65.918,-12.024
-0.615,-0.358,0.181,-7.446,-74.341,-7.629
-0.667,-0.398,0.205,11.108,-85.938,0.793
-0.760,-0.446,0.290,36.133,-96.802,11.780
-0.868,-0.469,0.400,63.416,-103.394,25.269
-0.941,-0.496,0.513,86.975,-103.455,36.804
-0.967,-0.505,0.598,99.121,-99.609,39.429
-0.999,-0.527,0.668,97.107,-95.276,28.015
-1.022,-0.576,0.720,85.999,-89.600,8.240
-0.922,-0.612,0.732,72.021,-80.750,-10.803
-1.049,-0.719,0.796,68.970,-69.092,-32.410

-1.070,-0.863,0.836,68.665,-40.710,-41.687
-1.065,-0.910,0.838,74.524,-27.954,-39.551
-1.046,-0.942,0.845,79.529,-20.874,-34.668
-1.047,-0.964,0.857,83.130,-14.954,-30.762
-1.060,-0.968,0.876,85.571,-10.986,-28.992
-1.108,-0.988,0.881,87.097,-9.460,-29.236
-1.170,-1.002,0.900,87.341,-6.714,-29.724
-1.220,-1.026,0.933,89.355,-2.197,-31.067
-1.262,-1.059,0.964,92.224,3.479,-32.654
-1.304,-1.093,0.996,94.299,10.437,-34.668
-1.348,-1.137,1.027,97.412,19.287,-38.147
-1.360,-1.178,1.038,97.900,32.532,-40.710
-1.348,-1.200,1.008,93.384,48.767,-41.748
-1.317,-1.207,0.956,84.900,65.063,-43.457
-1.292,-1.211,0.880,74.097,77.881,-46.326
-1.260,-1.204,0.799,64.453,88.257,-49.438
-1.208,-1.190,0.715,55.298,97.168,-52.002
-1.153,-1.180,0.652,48.828,103.516,-54.993
-1.090,-1.177,0.595,46.265,107.178,-57.068
-1.066,-1.224,0.526,48.035,109.070,-58.533
-1.014,-1.219,0.551,50.415,110.535,-58.838
-1.005,-1.290,0.491,59.937,116.821,-57.617
-0.950,-1.344,0.448,65.674,125.061,-58.960
-0.861,-1.394,0.405,61.279,129.517,-57.678
-0.810,-1.427,0.373,53.711,131.592,-57.678
-0.750,-1.431,0.346,44.861,131.531,-55.420
-0.694,-1.420,0.315,35.645,129.883,-49.316
-0.664,-1.381,0.320,29.236,127.014,-40.161
-0.650,-1.347,0.332,28.076,126.221,-28.259
-0.617,-1.326,0.343,30.823,130.066,-14.038
-0.597,-1.321,0.348,35.767,134.583,-2.441
-0.590,-1.348,0.375,43.457,139.221,5.371
-0.597,-1.397,0.405,52.734,150.513,14.832
-0.582,-1.462,0.414,61.096,168.274,27.466
-0.525,-1.524,0.377,65.247,187.195,39.795
-0.412,-1.608,0.321,59.509,198.914,45.288
-0.317,-1.666,0.256,43.945,197.327,39.185
-0.264,-1.722,0.186,21.545,185.425,27.222
-0.200,-1.763,0.105,-4.822,169.312,18.860
-0.144,-1.757,0.030,-27.039,154.663,16.052
-0.078,-1.719,-0.032,-42.603,142.517,19.287
-0.030,-1.662,-0.095,-52.002,130.310,26.062
0.013,-1.593,-0.142,-56.580,114.197,31.616
0.055,-1.488,-0.178,-60.120,94.055,32.593
0.057,-1.371,-0.193,-63.538,74.341,28.503
0.100,-1.269,-0.233,-65.308,57.373,22.522
0.148,-1.219,-0.272,-66.528,39.795,14.832
0.129,-1.221,-0.245,-67.810,22.339,6.714
0.097,-1.244,-0.214,-62.988,12.939,4.883
0.134,-1.274,-0.186,-58.960,14.465,14.160
0.160,-1.281,-0.162,-59.143,18.921,26.733
0.158,-1.268,-0.143,-61.401,20.630,37.354
0.145,-1.237,-0.120,-64.087,21.790,46.631
0.150,-1.183,-0.126,-68.604,23.804,54.932
0.174,-1.113,-0.148,-74.707,23.987,60.425
0.187,-1.039,-0.182,-80.933,20.752,63.232
0.205,-0.964,-0.208,-85.754,14.587,65.857
0.238,-0.904,-0.225,-87.585,6.042,69.458
0.224,-0.868,-0.193,-86.060,-4.272,74.463
0.124,-0.841,-0.115,-78.430,-11.475,80.261
0.106,-0.835,-0.065,-67.566,-7.507,89.905
0.116,-0.811,-0.032,-64.087,0.671,99.487
0.122,-0.785,-0.012,-65.491,5.066,100.708
0.116,-0.761,-0.001,-72.021,4.639,95.581
0.110,-0.720,0.008,-78.857,2.991,88.501
0.144,-0.668,0.010,-83.618,3.784,82.153
0.189,-0.612,0.011,-88.135,3.479,76.294
0.227,-0.565,0.008,-90.271,-0.305,69.824
0.249,-0.511,-0.003,-91.248,-5.554,64.880
0.256,-0.448,-0.004,-90.088,-11.414,62.073
0.249,-0.392,0.026,-85.632,-17.517,60.730
0.225,-0.343,0.048,-78.857,-23.621,61.279
0.191,-0.328,0.081,-72.327,-30.334,61.523
0.161,-0.319,0.109,-65.613,-38.574,60.669
0.118,-0.306,0.147,-59.692,-46.753,58.167
0.082,-0.298,0.182,-54.810,-51.208,55.176
0.051,-0.290,0.214,-53.406,-52.429,52.490
0.027,-0.282,0.223,-55.115,-54.565,49.683
-0.005,-0.254,0.248,-57.312,-57.129,46.875
-0.028,-0.227,0.254,-57.312,-57.983,45.166
-0.031,-0.197,0.243,-56.702,-58.594,44.617
-0.055,-0.168,0.223,-54.077,-60.852,43.579
-0.072,-0.147,0.225,-48.828,-62.744,43.518
-0.075,-0.126,0.232,-42.419,-64.941,45.837
-0.076,-0.110,0.266,-33.569,-69.824,49.805
-0.096,-0.098,0.297,-24.109,-77.148,53.528
-0.159,-0.087,0.335,-15.991,-84.229,58.167
-0.245,-0.065,0.391,-7.080,-86.731,63.293
-0.301,-0.043,0.439,1.038,-83.435,67.261
-0.329,-0.027,0.461,4.089,-76.843,67.871
-0.349,-0.034,0.482,3.418,-71.899,61.829
-0.339,-0.057,0.507,0.854,-70.923,49.927
-0.318,-0.069,0.509,-6.836,-73.120,37.659
-0.310,-0.095,0.494,-16.357,-75.562,28.442
-0.332,-0.108,0.468,-22.705,-79.407,24.048
-0.368,-0.092,0.440,-22.827,-82.275,25.513
-0.377,-0.054,0.404,-18.311,-82.275,33.630
-0.412,-0.023,0.364,-10.864,-81.238,43.030
-0.474,0.005,0.360,1.099,-83.862,49.072
-0.508,0.007,0.367,15.991,-85.815,54.871
-0.545,0.005,0.396,27.771,-88.501,59.143
-0.599,0.004,0.442,38.940,-93.811,58.716
-0.631,0.002,0.494,46.204,-96.680,55.786
-0.665,-0.005,0.520,48.401,-97.656,50.842
-0.692,-0.028,0.558,47.058,-98.145,42.053
-0.713,-0.052,0.623,44.373,-98.572,30.090
-0.757,-0.083,0.674,41.321,-97.107,17.517
-0.760,-0.127,0.699,35.095,-93.689,7.751
-0.791,-0.168,0.726,28.625,-92.834,-1.709
-0.813,-0.224,0.737,24.963,-92.773,-9.827
-0.780,-0.295,0.711,21.545,-94.788,-14.282
-0.817,-0.357,0.703,19.653,-100.281,-16.418
-0.861,-0.417,0.670,22.949,-103.455,-12.695
-0.831,-0.460,0.644,29.724,-102.173,-1.404
-0.829,-0.498,0.612,35.522,-101.440,9.277
-0.876,-0.534,0.668,37.842,-100.586,15.137
-1.033,-0.704,0.696,42.969,-96.313,18.311
-0.978,-0.538,0.602,30.762,-85.632,25.208
-0.754,-0.675,0.579,9.399,-84.229,13.855

-0.629,-0.622,0.349,-0.183,-80.688,-1.770
-0.889,-0.628,0.404,10.376,-89.600,-2.808
-0.853,-0.584,0.383,29.114,-84.961,8.423
-0.993,-0.600,0.497,64.209,-86.975,16.296
-1.028,-0.663,0.649,101.440,-81.421,18.738
-1.045,-0.785,0.704,122.620,-74.280,19.775
-1.034,-0.956,0.758,136.353,-68.237,13.184
-0.978,-1.094,0.762,133.484,-65.186,8.789
-1.005,-1.164,0.768,121.826,-61.951,7.263
-0.983,-1.160,0.760,108.887,-55.725,10.437
-0.980,-1.109,0.712,93.628,-46.204,13.550
-1.006,-1.056,0.630,76.477,-35.461,12.634
-1.054,-1.018,0.559,58.838,-24.902,5.859
-1.072,-1.004,0.501,45.166,-14.771,-6.531
-1.086,-1.023,0.477,37.598,-8.423,-22.095
-1.090,-1.068,0.499,36.133,-5.371,-36.072
-1.108,-1.143,0.561,42.786,-4.333,-44.861
-1.140,-1.217,0.652,55.725,-3.845,-46.448
-1.184,-1.263,0.757,69.946,-2.930,-42.236
-1.234,-1.290,0.855,81.177,0.854,-36.438
-1.290,-1.302,0.933,87.708,7.385,-31.372
-1.326,-1.288,0.984,88.806,17.151,-28.687
-1.335,-1.257,1.014,83.801,30.396,-30.090
-1.313,-1.221,1.006,72.388,45.105,-35.950
-1.279,-1.178,0.961,58.167,58.960,-44.861
-1.224,-1.123,0.908,46.021,71.045,-53.528
-1.152,-1.067,0.844,37.903,80.750,-59.143
-1.093,-1.006,0.765,34.241,86.487,-61.462
-1.036,-0.940,0.689,35.706,86.670,-60.486
-1.053,-0.912,0.670,40.894,81.909,-57.678
-1.172,-0.897,0.707,52.429,79.346,-54.077
-1.190,-0.895,0.720,65.430,92.896,-44.373
-1.145,-0.891,0.688,67.932,117.249,-34.424
-1.116,-0.927,0.627,62.073,135.986,-36.499
-1.005,-0.959,0.606,48.096,142.395,-47.180
-0.950,-1.016,0.582,38.208,145.203,-61.646
-0.879,-1.055,0.551,26.245,147.278,-69.519
-0.794,-1.087,0.510,20.813,147.766,-68.176
-0.708,-1.126,0.482,24.170,145.508,-62.683
-0.674,-1.192,0.451,32.776,140.198,-56.091
-0.656,-1.268,0.425,42.480,132.690,-47.729
-0.656,-1.350,0.421,50.659,126.709,-38.879
-0.669,-1.404,0.424,55.481,125.732,-29.053
-0.644,-1.458,0.416,55.298,132.385,-19.592
-0.549,-1.541,0.368,49.683,141.785,-13.123
-0.454,-1.623,0.314,36.499,142.395,-13.245
-0.399,-1.677,0.269,19.958,134.888,-16.785
-0.329,-1.700,0.198,5.310,128.418,-14.343
-0.272,-1.684,0.120,-6.836,125.122,-3.540
-0.203,-1.650,0.042,-15.198,122.681,9.827
-0.149,-1.594,-0.005,-21.545,117.126,20.569
-0.110,-1.552,-0.043,-25.208,109.375,27.344
-0.091,-1.512,-0.053,-26.611,103.699,32.654
-0.067,-1.478,-0.049,-25.391,104.065,36.743
0.000,-1.448,-0.079,-25.391,108.826,41.809
0.057,-1.407,-0.125,-28.931,110.291,45.654
0.105,-1.353,-0.150,-33.203,108.398,47.607
0.158,-1.298,-0.182,-39.001,105.103,48.889
0.179,-1.242,-0.212,-45.288,98.816,50.293
0.203,-1.182,-0.216,-48.828,90.576,51.208
0.213,-1.125,-0.210,-49.744,82.336,52.002
0.222,-1.073,-0.202,-50.232,73.120,54.138
0.222,-1.020,-0.195,-52.429,63.354,57.190
0.217,-0.978,-0.186,-56.213,53.406,60.303
0.198,-0.932,-0.159,-59.875,44.128,62.744
0.206,-0.912,-0.145,-63.110,37.598,65.002
0.204,-0.893,-0.138,-69.092,31.860,66.956
0.166,-0.857,-0.121,-75.562,25.085,68.115
0.149,-0.819,-0.088,-80.322,20.386,68.542
0.148,-0.778,-0.074,-82.825,18.921,70.557
0.174,-0.731,-0.071,-86.670,17.944,74.219
0.173,-0.671,-0.074,-91.675,14.404,75.928
0.168,-0.591,-0.055,-94.421,8.545,74.646
0.153,-0.514,-0.022,-94.604,4.028,70.496
0.168,-0.454,0.006,-94.788,1.526,65.002
0.196,-0.401,-0.001,-96.680,-0.854,58.533
0.189,-0.356,0.003,-98.267,-5.920,51.514
0.187,-0.302,0.021,-95.520,-11.169,46.448
0.186,-0.268,0.034,-90.393,-15.076,45.105
0.181,-0.225,0.044,-84.045,-20.081,45.837
0.168,-0.193,0.046,-75.256,-26.001,46.570
0.142,-0.159,0.056,-66.223,-33.325,48.584
0.123,-0.140,0.072,-55.664,-41.321,52.002
0.099,-0.123,0.087,-45.471,-49.500,55.908
0.071,-0.114,0.109,-36.743,-57.678,59.570
0.023,-0.107,0.145,-31.006,-66.711,63.599
-0.038,-0.101,0.205,-26.306,-73.120,66.162
-0.097,-0.093,0.251,-23.560,-76.111,69.031
-0.148,-0.077,0.286,-23.010,-78.979,71.167
-0.223,-0.047,0.331,-20.569,-82.214,70.068
-0.272,-0.007,0.380,-13.916,-82.764,69.153
-0.288,0.038,0.412,-5.493,-79.163,70.801
-0.294,0.066,0.414,2.563,-75.989,71.594
-0.299,0.079,0.414,9.277,-78.125,69.946
-0.320,0.091,0.438,15.320,-84.045,65.430
-0.351,0.091,0.443,18.005,-88.745,59.387
-0.401,0.082,0.455,19.104,-92.346,53.040
-0.427,0.055,0.459,21.301,-92.651,46.448
-0.408,0.023,0.429,19.836,-92.773,41.382
-0.410,-0.006,0.384,14.099,-97.412,35.095
-0.428,-0.034,0.323,7.446,-104.126,28.748
-0.446,-0.054,0.273,0.854,-111.023,25.757
-0.522,-0.051,0.270,-0.916,-118.042,23.865
-0.583,-0.073,0.265,5.737,-119.568,24.902
-0.624,-0.106,0.279,12.817,-119.324,29.297
-0.705,-0.160,0.339,22.827,-120.789,31.616
-0.790,-0.197,0.436,35.217,-119.507,33.630
-0.854,-0.219,0.508,47.241,-113.159,38.208
-0.915,-0.238,0.582,56.274,-106.567,40.161
-0.977,-0.257,0.665,63.049,-99.609,35.156
-0.964,-0.266,0.712,62.134,-87.769,26.672
-0.907,-0.267,0.705,49.438,-73.181,13.000
-0.883,-0.278,0.662,29.663,-63.049,-7.568
-0.897,-0.303,0.588,9.949,-57.129,-29.419
-0.898,-0.331,0.531,-1.892,-52.673,-45.105
-0.846,-0.370,0.485,-3.113,-50.049,-53.955
-0.822,-0.466,0.445,1.465,-51.331,-57.556
-0.832,-0.530,0.437,8.667,-56.335,-54.077
-0.866,-0.568,0.449,19.958,-58.228,-42.664

-1.002,-0.722,0.519,59.387,-59.631,-12.878
-1.058,-0.757,0.551,61.951,-61.218,-11.658
-1.028,-0.769,0.570,63.171,-60.425,-9.949
-1.120,-0.819,0.620,67.688,-62.927,-16.663
-1.171,-0.815,0.743,73.792,-60.181,-21.790
-1.211,-0.830,0.760,72.021,-50.720,-19.226
-1.218,-0.834,0.775,71.350,-40.649,-18.188
-1.214,-0.850,0.769,66.528,-35.156,-18.127
-1.232,-0.855,0.778,63.293,-34.424,-21.362
-1.234,-0.868,0.789,66.528,-34.729,-22.583
-1.278,-0.917,0.819,72.998,-34.241,-19.409
-1.333,-0.959,0.885,81.665,-32.227,-13.794
-1.363,-0.990,0.943,91.003,-26.550,-6.775
-1.389,-1.009,0.985,95.947,-19.836,-1.038
-1.419,-1.015,1.007,95.886,-12.695,1.343
-1.439,-1.012,1.010,91.736,-3.174,0.305
-1.440,-0.992,0.989,82.764,9.033,-2.991
-1.405,-0.980,0.928,70.129,23.804,-9.277
-1.355,-0.954,0.858,54.199,38.757,-18.188
-1.301,-0.927,0.781,39.978,52.063,-27.100
-1.246,-0.906,0.691,31.128,62.744,-32.532
-1.216,-0.870,0.615,28.931,69.885,-33.691
-1.169,-0.844,0.566,34.180,75.195,-31.006
-1.136,-0.836,0.537,42.664,79.773,-26.489
-1.099,-0.844,0.527,51.086,83.374,-22.766
-1.069,-0.866,0.521,56.702,86.731,-21.912
-1.060,-0.919,0.523,59.143,89.783,-24.414
-1.087,-0.979,0.545,58.838,94.299,-29.419
-1.065,-1.056,0.555,56.519,105.713,-34.668
-1.032,-1.126,0.557,48.889,120.605,-40.466
-0.935,-1.139,0.579,38.025,130.920,-47.791
-0.920,-1.181,0.568,34.302,139.526,-58.533
-0.857,-1.214,0.572,27.710,145.203,-66.345
-0.790,-1.265,0.570,24.597,147.705,-67.505
-0.760,-1.317,0.560,26.550,146.362,-66.040
-0.737,-1.346,0.556,30.762,142.273,-58.899
-0.703,-1.358,0.547,34.119,137.390,-48.401
-0.678,-1.381,0.528,36.377,132.141,-38.208
-0.717,-1.411,0.521,37.842,125.366,-29.907
-0.733,-1.428,0.529,39.795,123.535,-22.278
-0.728,-1.439,0.520,39.856,130.676,-14.160
-0.682,-1.445,0.484,34.668,141.296,-6.653
-0.641,-1.441,0.438,23.621,148.376,-3.967
-0.584,-1.438,0.385,9.888,151.123,-6.714
-0.507,-1.429,0.322,-4.456,151.611,-11.047
-0.433,-1.423,0.227,-16.907,149.109,-13.550
-0.367,-1.420,0.141,-25.757,143.433,-12.146
-0.296,-1.411,0.064,-30.090,136.108,-6.714
-0.246,-1.380,0.002,-31.006,128.540,2.380
-0.207,-1.348,-0.030,-28.442,121.277,14.221
-0.172,-1.332,-0.042,-24.353,113.525,24.719
-0.152,-1.342,-0.029,-20.264,104.492,31.189
-0.137,-1.371,-0.011,-17.883,97.351,36.194
-0.122,-1.387,0.003,-19.409,92.590,41.626
-0.094,-1.379,0.008,-25.757,90.088,47.363
-0.080,-1.357,0.001,-36.438,87.646,51.270
-0.079,-1.314,0.003,-45.898,85.571,53.650
-0.019,-1.261,-0.013,-51.819,86.670,56.885
0.047,-1.210,-0.049,-57.068,86.609,60.730
0.105,-1.150,-0.066,-61.768,81.238,63.416
0.142,-1.092,-0.075,-65.857,73.303,66.772
0.167,-1.031,-0.076,-69.763,64.087,71.960
0.187,-0.965,-0.078,-74.219,54.077,77.820
0.196,-0.897,-0.079,-78.125,43.091,82.336
0.191,-0.843,-0.063,-81.238,31.006,85.205
0.173,-0.801,-0.011,-83.008,20.020,87.036
0.170,-0.748,0.048,-82.947,13.855,87.341
0.214,-0.705,0.087,-83.801,13.062,87.097
0.243,-0.665,0.099,-86.975,12.451,85.449
0.284,-0.617,0.086,-91.187,11.841,82.581
0.344,-0.571,0.057,-96.558,10.864,80.383
0.382,-0.530,0.029,-101.501,6.958,78.796
0.381,-0.477,0.010,-103.333,0.671,78.735
0.370,-0.411,-0.007,-99.976,-5.615,81.665
0.335,-0.346,-0.030,-93.018,-13.611,85.815
0.321,-0.277,-0.025,-83.557,-22.766,88.318
0.301,-0.248,-0.005,-73.730,-31.067,88.379
0.254,-0.219,0.002,-65.674,-39.063,87.097
0.210,-0.206,0.052,-60.303,-46.997,84.839
0.182,-0.191,0.100,-57.068,-50.598,80.078
0.174,-0.158,0.119,-59.021,-51.941,74.097
0.172,-0.134,0.114,-64.331,-53.894,65.979
0.155,-0.105,0.089,-70.618,-56.763,58.472
0.128,-0.073,0.070,-73.792,-61.218,54.504
0.103,-0.024,0.059,-72.021,-65.979,54.932
0.085,0.036,0.062,-65.063,-70.679,58.960
0.050,0.093,0.046,-53.528,-76.355,64.575
0.006,0.144,0.044,-38.635,-84.167,70.984
-0.057,0.165,0.065,-21.179,-93.323,76.599
-0.124,0.159,0.099,-3.906,-101.563,79.712
-0.197,0.128,0.147,10.437,-108.276,79.407
-0.286,0.075,0.180,21.545,-112.244,75.806
-0.351,0.026,0.224,27.832,-113.220,70.496
-0.406,-0.026,0.240,28.015,-111.267,62.256
-0.447,-0.068,0.238,24.170,-110.107,50.842
-0.489,-0.117,0.250,19.653,-110.840,37.598
-0.530,-0.150,0.299,18.494,-114.807,25.940
-0.580,-0.179,0.364,22.949,-121.277,19.043
-0.629,-0.233,0.414,29.419,-125.427,19.653
-0.667,-0.284,0.450,34.668,-128.113,26.550
-0.746,-0.307,0.494,40.039,-131.226,34.424
-0.806,-0.297,0.574,46.326,-131.409,42.664
-0.837,-0.266,0.632,49.316,-125.183,49.988
-0.846,-0.245,0.637,44.678,-116.394,51.819
-0.875,-0.230,0.622,33.081,-112.854,44.983
-0.937,-0.234,0.612,19.348,-113.647,31.067
-1.013,-0.246,0.628,8.789,-112.610,17.151
-1.031,-0.268,0.638,5.249,-106.873,8.240
-1.009,-0.283,0.644,5.920,-98.755,4.822
-0.997,-0.295,0.660,12.024,-94.177,4.578
-1.005,-0.310,0.685,22.156,-93.506,7.690
-1.017,-0.320,0.712,33.691,-91.919,14.893
-1.021,-0.330,0.744,44.861,-87.036,23.254
-1.006,-0.346,0.765,53.528,-80.261,28.870
-0.986,-0.384,0.776,56.396,-73.120,29.358
-0.969,-0.425,0.768,51.331,-67.627,25.513
-0.966,-0.451,0.734,42.603,-63.293,20.508
-0.965,-0.469,0.696,35.034,-58.594,17.273
-0.964,-0.469,0.666,33.020,-53.467,16.968

-0.931,-0.443,0.633,40.039,-43.945,20.691
-0.940,-0.443,0.623,48.157,-40.894,22.400
-0.883,-0.446,0.615,58.289,-40.344,24.475
-0.921,-0.474,0.621,69.885,-43.762,19.897
-0.953,-0.473,0.683,78.857,-46.753,14.465
-1.008,-0.512,0.674,83.008,-47.302,11.902
-1.070,-0.564,0.703,88.135,-44.617,8.484
-1.105,-0.625,0.746,92.529,-39.490,7.446
-1.142,-0.683,0.793,96.558,-32.654,6.775
-1.182,-0.737,0.831,98.694,-25.146,6.470
-1.206,-0.784,0.864,98.816,-16.602,4.700
-1.220,-0.853,0.874,95.032,-7.263,0.732
-1.211,-0.919,0.884,88.013,1.160,-3.845
-1.221,-0.962,0.880,79.651,8.972,-8.362
-1.223,-0.979,0.866,72.876,16.602,-10.315
-1.214,-0.976,0.850,68.848,24.902,-9.705
-1.204,-0.978,0.816,66.650,32.471,-8.362
-1.212,-0.981,0.787,66.101,38.269,-7.629
-1.221,-0.989,0.771,66.895,43.823,-6.592
-1.237,-0.996,0.758,69.946,50.659,-5.066
-1.237,-1.006,0.747,73.547,59.692,-3.357
-1.224,-1.031,0.736,75.317,69.946,-3.174
-1.217,-1.070,0.737,73.914,79.773,-5.859
-1.195,-1.123,0.717,71.594,91.003,-10.620
-1.143,-1.182,0.681,65.857,104.309,-16.907
-1.100,-1.267,0.641,57.190,115.112,-25.146
-1.079,-1.351,0.601,48.767,120.850,-35.217
-1.087,-1.413,0.563,43.518,123.413,-44.189
-0.973,-1.432,0.561,39.246,125.427,-47.302
-0.980,-1.496,0.519,41.809,126.221,-49.805
-0.974,-1.538,0.549,42.480,123.169,-50.598
-0.955,-1.580,0.608,44.800,123.230,-46.082
-0.949,-1.614,0.621,49.744,130.554,-41.138
-0.925,-1.658,0.617,50.720,140.625,-36.072
-0.863,-1.693,0.581,45.959,146.484,-32.471
-0.834,-1.734,0.534,37.964,146.667,-34.607
-0.779,-1.812,0.478,27.039,144.287,-36.621
-0.705,-1.892,0.433,17.456,142.517,-35.889
-0.608,-1.992,0.393,8.728,143.433,-28.381
-0.518,-2.052,0.378,-1.221,145.264,-13.489
-0.431,-2.083,0.309,-13.916,149.353,6.104
-0.307,-2.031,0.200,-31.738,153.992,26.733
-0.231,-1.915,0.104,-54.443,152.893,41.016
-0.183,-1.764,0.005,-74.707,145.691,45.471
-0.099,-1.604,-0.047,-92.468,135.132,43.335
0.006,-1.466,-0.087,-102.356,124.939,36.865
0.146,-1.348,-0.116,-106.689,114.441,29.785
0.274,-1.250,-0.139,-107.666,101.685,24.170
0.352,-1.184,-0.125,-106.018,85.999,22.339
0.341,-1.150,-0.059,-101.196,72.632,24.414
0.247,-1.118,0.046,-90.454,68.237,27.710
0.285,-1.098,0.087,-77.576,78.735,34.546
0.352,-1.064,0.086,-70.679,90.027,37.292
0.383,-1.023,0.082,-66.223,90.393,28.931
0.404,-0.987,0.060,-64.087,86.426,14.404
0.434,-0.954,0.043,-65.796,81.177,1.465
0.459,-0.928,0.007,-67.200,76.721,-5.310
0.475,-0.896,-0.036,-66.528,72.876,-6.042
0.504,-0.849,-0.066,-66.101,68.237,0.000
0.527,-0.782,-0.067,-66.589,60.242,10.498
0.533,-0.710,-0.056,-68.481,49.255,21.484
0.525,-0.641,-0.046,-72.449,36.621,30.518
0.505,-0.578,-0.047,-77.759,24.231,38.025
0.477,-0.527,-0.063,-81.299,13.611,44.128
0.449,-0.478,-0.066,-81.421,5.005,48.706
0.429,-0.438,-0.058,-78.552,-0.549,51.697
0.433,-0.395,-0.049,-74.097,-4.150,52.795
0.428,-0.361,-0.030,-70.190,-8.972,52.246
0.414,-0.327,-0.004,-67.627,-15.686,50.293
0.381,-0.304,0.024,-65.735,-23.621,46.875
0.313,-0.286,0.048,-61.829,-30.945,43.396
0.285,-0.271,0.061,-57.800,-34.790,43.640
0.263,-0.243,0.064,-55.359,-37.231,44.739
0.225,-0.223,0.071,-52.185,-41.016,43.396
0.196,-0.203,0.082,-50.842,-45.593,40.649
0.178,-0.183,0.089,-50.110,-49.805,38.025
0.173,-0.162,0.082,-49.988,-54.077,36.194
0.156,-0.130,0.061,-49.622,-59.509,36.011
0.139,-0.107,0.048,-46.814,-66.284,37.903
0.112,-0.085,0.067,-42.236,-72.449,42.175
0.046,-0.063,0.098,-35.156,-77.148,48.035
-0.007,-0.035,0.161,-28.076,-79.224,55.603
-0.063,-0.000,0.217,-22.339,-80.139,61.523
-0.105,0.032,0.253,-16.785,-81.238,62.927
-0.142,0.051,0.271,-13.123,-83.618,60.974
-0.230,0.076,0.287,-10.071,-86.670,57.556
-0.302,0.103,0.285,-3.052,-87.402,54.871
-0.343,0.118,0.290,6.531,-86.670,52.856
-0.365,0.105,0.297,16.785,-87.585,47.913
-0.391,0.060,0.324,25.818,-92.468,39.368
-0.443,0.003,0.359,32.959,-97.412,30.884
-0.485,-0.047,0.407,38.391,-99.670,25.391
-0.501,-0.086,0.430,39.978,-99.243,23.071
-0.523,-0.095,0.469,39.917,-99.548,20.630
-0.572,-0.119,0.503,42.664,-99.548,18.921
-0.647,-0.134,0.556,45.715,-100.708,19.897
-0.744,-0.148,0.596,51.392,-100.342,23.804
-0.809,-0.140,0.628,57.739,-95.642,30.640
-0.861,-0.137,0.676,63.049,-90.393,34.851
-0.914,-0.136,0.745,67.871,-86.121,31.982
-0.948,-0.142,0.804,69.275,-83.374,26.794
-0.977,-0.156,0.816,67.139,-80.261,19.470
-0.978,-0.176,0.833,64.514,-78.186,9.033
-0.975,-0.210,0.825,60.303,-75.684,-1.709
-0.958,-0.241,0.784,55.298,-71.716,-10.193
-0.933,-0.275,0.710,49.805,-68.176,-15.015
-0.913,-0.305,0.630,46.204,-66.101,-16.968
-0.844,-0.359,0.525,44.434,-64.758,-15.381
-0.789,-0.408,0.424,40.527,-67.444,-11.536
-0.794,-0.428,0.347,38.574,-73.730,-6.287
-0.786,-0.448,0.274,42.053,-77.148,4.211
-0.777,-0.460,0.228,48.706,-78.796,19.409
-0.824,-0.482,0.203,58.289,-79.407,32.959
-0.897,-0.490,0.179,67.139,-76.355,42.297
-0.949,-0.506,0.177,73.181,-71.289,46.204
-0.973,-0.543,0.176,72.754,-64.697,40.527
-1.003,-0.601,0.188,64.819,-60.120,24.841
-1.080,-0.694,0.218,53.711,-58.350,6.165
-1.074,-0.771,0.274,50.171,-57.678,-10.132

-1.094,-0.925,0.425,73.975,-55.481,-30.701
-1.111,-0.964,0.468,86.182,-48.767,-23.499
-1.117,-0.977,0.526,97.168,-41.443,-14.038
-1.127,-0.984,0.587,102.783,-37.964,-2.991
-1.162,-1.001,0.638,103.577,-35.278,2.991
-1.196,-1.024,0.680,100.464,-31.555,3.906
-1.251,-1.071,0.702,94.177,-26.489,1.038
-1.282,-1.131,0.715,86.182,-18.250,-2.136
-1.257,-1.172,0.733,78.125,-6.714,-5.615
-1.219,-1.203,0.748,69.397,3.906,-7.751
-1.209,-1.207,0.753,59.875,12.756,-7.080
-1.214,-1.194,0.749,52.124,20.569,-5.371
-1.234,-1.177,0.743,47.546,28.992,-4.211
-1.215,-1.159,0.751,46.814,37.842,-3.235
-1.187,-1.150,0.745,46.631,47.119,-4.456
-1.169,-1.153,0.740,46.204,54.077,-8.240
-1.156,-1.170,0.739,48.157,59.326,-11.536
-1.129,-1.195,0.732,53.467,66.040,-12.390
-1.104,-1.223,0.718,57.861,72.510,-11.414
-1.103,-1.241,0.702,59.692,77.271,-9.949
-1.105,-1.247,0.700,60.303,82.214,-8.789
-1.078,-1.232,0.715,58.350,89.661,-9.399
-1.062,-1.233,0.703,52.856,99.609,-13.245
-1.004,-1.234,0.695,43.518,109.070,-19.348
-1.034,-1.251,0.674,37.048,119.141,-30.579
-0.978,-1.258,0.657,24.048,130.493,-37.781
-0.924,-1.288,0.608,12.817,143.494,-43.823
-0.853,-1.331,0.556,3.113,152.222,-49.377
-0.791,-1.360,0.519,-5.554,154.907,-52.429
-0.755,-1.370,0.482,-10.437,155.029,-50.781
-0.702,-1.355,0.447,-12.695,156.128,-42.175
-0.648,-1.331,0.414,-12.817,157.288,-30.212
-0.610,-1.303,0.376,-10.132,156.189,-20.691
-0.590,-1.281,0.338,-7.568,153.992,-13.794
-0.570,-1.269,0.300,-3.723,150.757,-9.399
-0.538,-1.286,0.268,-0.671,145.935,-7.568
-0.491,-1.319,0.250,0.183,138.916,-7.019
-0.459,-1.357,0.236,-0.671,130.371,-6.592
-0.427,-1.383,0.241,-2.563,122.375,-3.174
-0.407,-1.396,0.260,-3.235,118.225,2.014
-0.365,-1.401,0.254,-4.211,120.728,9.521
-0.305,-1.400,0.231,-8.850,125.671,18.860
-0.248,-1.382,0.198,-17.334,131.104,27.283
-0.204,-1.359,0.147,-27.893,133.423,32.776
-0.154,-1.327,0.082,-34.668,134.460,37.048
-0.090,-1.287,0.035,-38.879,132.629,41.016
-0.031,-1.239,-0.010,-41.565,128.235,45.715
0.017,-1.185,-0.044,-44.067,122.009,51.208
0.070,-1.132,-0.077,-45.105,114.258,55.786
0.120,-1.082,-0.068,-47.668,105.469,57.495
0.133,-1.067,-0.088,-47.241,96.741,55.847
0.139,-1.065,-0.111,-47.424,89.050,53.772
0.143,-1.079,-0.112,-45.044,81.543,52.063
0.142,-1.100,-0.096,-41.748,74.890,50.781
0.160,-1.122,-0.073,-38.757,67.627,51.086
0.163,-1.141,-0.044,-35.217,61.523,52.856
0.173,-1.158,-0.015,-34.912,57.495,56.335
0.206,-1.156,0.013,-39.917,54.688,60.974
0.235,-1.135,0.033,-50.110,51.147,64.636
0.266,-1.090,0.047,-63.110,46.326,68.115
0.300,-1.031,0.056,-75.073,41.199,70.313
0.329,-0.958,0.052,-85.632,35.583,70.740
0.348,-0.867,0.038,-94.299,29.968,69.763
0.362,-0.774,0.020,-100.220,24.597,67.993
0.374,-0.679,-0.000,-104.309,19.897,65.979
0.384,-0.598,-0.032,-106.140,14.771,62.500
0.378,-0.528,-0.060,-105.652,7.935,57.739
0.366,-0.471,-0.058,-102.539,0.061,52.979
0.355,-0.401,-0.050,-95.520,-5.371,49.133
0.357,-0.364,-0.040,-88.867,-9.033,47.180
0.346,-0.331,-0.031,-84.106,-12.573,45.471
0.316,-0.296,-0.015,-78.918,-17.883,43.701
0.306,-0.264,-0.001,-75.439,-23.560,42.969
0.298,-0.240,-0.001,-72.815,-29.175,42.725
0.293,-0.220,0.003,-69.702,-37.231,42.480
0.284,-0.203,0.005,-66.223,-46.448,44.067
0.251,-0.178,0.019,-62.012,-55.176,48.828
0.198,-0.150,0.049,-54.443,-61.096,56.824
0.177,-0.099,0.085,-43.091,-64.880,68.604
0.175,-0.041,0.134,-29.663,-69.946,80.078
0.167,0.018,0.177,-16.541,-76.965,88.623
0.136,0.068,0.212,-4.517,-87.219,93.872
0.066,0.102,0.266,6.775,-99.182,95.154
-0.016,0.115,0.346,18.005,-108.215,92.834
-0.076,0.107,0.398,24.963,-111.023,88.562
-0.115,0.090,0.424,26.794,-110.413,80.872
-0.165,0.063,0.448,26.367,-109.558,69.458
-0.189,0.032,0.460,25.574,-107.178,57.861
-0.185,0.015,0.472,22.949,-104.004,49.377
-0.171,-0.024,0.423,19.104,-101.501,42.725
-0.152,-0.062,0.381,15.076,-104.126,37.170
-0.151,-0.106,0.329,12.390,-111.511,33.325
-0.172,-0.133,0.309,11.780,-120.361,34.424
-0.188,-0.131,0.303,17.273,-127.014,41.565
-0.179,-0.113,0.286,30.090,-131.592,56.274
-0.239,-0.110,0.290,51.392,-135.803,78.125
-0.361,-0.135,0.314,83.191,-135.925,106.750
-0.500,-0.161,0.354,117.554,-130.554,139.343
-0.615,-0.147,0.410,148.804,-124.146,164.185
-0.704,-0.140,0.444,171.753,-121.277,168.945
-0.841,-0.181,0.479,183.960,-123.718,152.222
-0.924,-0.270,0.531,186.829,-124.939,123.596
-0.987,-0.402,0.603,180.237,-121.643,89.294
-0.994,-0.550,0.647,162.781,-112.976,54.932
-0.956,-0.679,0.673,134.766,-102.844,24.170
-0.895,-0.785,0.658,99.609,-93.262,-3.052
-0.828,-0.847,0.604,60.120,-85.876,-24.902
-0.803,-0.868,0.539,26.550,-83.435,-39.978
-0.786,-0.851,0.464,2.625,-84.778,-45.715
-0.793,-0.829,0.379,-8.118,-88.318,-43.823
-0.870,-0.799,0.323,-8.301,-93.445,-37.476
-0.940,-0.783,0.320,1.160,-98.022,-28.503
-0.975,-0.785,0.334,18.188,-98.694,-20.203
-1.010,-0.816,0.371,39.429,-93.445,-14.648
-1.032,-0.846,0.423,61.096,-83.435,-10.376
-0.945,-0.866,0.524,81.970,-72.632,-5.493
-1.034,-0.891,0.580,101.379,-64.087,-3.479
-1.080,-0.972,0.551,120.422,-60.181,-8.972
-1.051,-0.984,0.648,127.625,-51.025,-9.399

-1.155,-1.075,0.656,126.160,-26.184,-2.808
-1.150,-1.115,0.678,123.718,-14.954,-2.258
-1.138,-1.162,0.710,120.056,-4.639,-5.310
-1.156,-1.205,0.722,114.136,7.385,-8.179
-1.140,-1.230,0.723,106.445,21.729,-10.132
-1.118,-1.245,0.711,97.473,34.790,-13.733
-1.080,-1.262,0.681,86.975,45.288,-19.043
-1.021,-1.264,0.636,75.378,52.185,-23.193
-0.982,-1.255,0.588,66.833,56.763,-24.780
-0.945,-1.234,0.539,63.965,61.829,-21.118
-0.897,-1.174,0.495,67.322,67.078,-12.634
-0.873,-1.125,0.458,73.303,73.364,-4.272
-0.839,-1.095,0.426,77.576,79.895,0.549
-0.838,-1.088,0.403,77.820,84.167,-0.305
-0.861,-1.121,0.397,74.219,87.891,-7.141
-0.892,-1.195,0.373,68.115,93.750,-17.517
-0.868,-1.282,0.349,61.768,100.952,-27.222
-0.821,-1.379,0.337,56.396,105.286,-36.133
-0.786,-1.476,0.325,50.659,107.483,-41.687
-0.747,-1.540,0.309,45.532,109.802,-41.260
-0.710,-1.564,0.295,39.063,110.535,-36.377
-0.685,-1.577,0.282,32.532,109.497,-30.457
-0.708,-1.563,0.305,25.940,108.826,-25.757
-0.706,-1.581,0.272,19.653,110.657,-20.142
-0.726,-1.576,0.248,13.184,115.662,-19.653
-0.676,-1.573,0.220,1.892,120.667,-16.846
-0.644,-1.584,0.168,-6.531,124.573,-15.808
-0.605,-1.594,0.126,-12.085,126.038,-15.686
-0.564,-1.601,0.100,-16.846,126.221,-12.939
-0.514,-1.586,0.094,-21.301,128.113,-5.798
-0.491,-1.591,0.057,-20.325,129.883,0.732
-0.436,-1.578,0.042,-20.752,131.470,7.935
-0.389,-1.570,0.017,-22.278,131.775,15.198
-0.359,-1.567,0.001,-24.719,130.676,19.653
-0.320,-1.568,-0.017,-30.701,129.028,23.193
-0.292,-1.557,-0.035,-37.415,127.014,25.818
-0.266,-1.546,-0.056,-42.969,125.366,27.161
-0.234,-1.527,-0.065,-47.424,124.329,27.527
-0.204,-1.518,-0.064,-53.345,122.620,26.306
-0.195,-1.515,-0.066,-61.096,120.361,22.644
-0.159,-1.514,-0.070,-68.848,117.859,18.616
-0.102,-1.507,-0.071,-74.829,114.868,15.381
-0.055,-1.492,-0.076,-79.834,111.389,15.015
0.012,-1.463,-0.091,-82.947,106.506,18.616
0.073,-1.436,-0.104,-84.290,99.792,26.245
0.090,-1.399,-0.114,-85.144,91.248,37.048
0.073,-1.345,-0.108,-82.764,83.008,47.913
0.095,-1.287,-0.090,-77.026,77.209,59.753
0.130,-1.214,-0.093,-67.627,74.768,69.519
0.184,-1.148,-0.092,-60.669,71.472,74.890
0.208,-1.084,-0.077,-57.434,64.392,75.378
0.225,-1.031,-0.055,-57.129,55.664,73.547
0.235,-0.998,-0.037,-56.702,49.744,71.228
0.266,-0.970,-0.029,-56.641,46.875,69.519
0.286,-0.958,-0.030,-56.763,43.030,67.139
0.291,-0.956,-0.039,-59.021,36.072,64.392
0.320,-0.956,-0.059,-59.631,27.649,63.599
0.355,-0.946,-0.065,-59.021,19.775,66.895
0.351,-0.918,-0.072,-58.777,13.489,74.524
0.411,-0.834,-0.058,-58.350,11.353,88.989
0.509,-0.719,-0.077,-61.157,13.489,107.483
0.577,-0.578,-0.117,-69.031,12.695,124.146
0.600,-0.432,-0.154,-78.186,6.653,133.057
0.597,-0.307,-0.176,-88.196,-1.343,134.949
0.586,-0.168,-0.222,-97.168,-9.521,132.202
0.557,-0.051,-0.249,-105.530,-18.677,123.108
0.529,0.044,-0.279,-110.291,-28.320,108.337
0.507,0.098,-0.278,-111.023,-37.354,89.111
0.473,0.114,-0.271,-106.323,-46.875,68.115
0.432,0.075,-0.245,-98.145,-57.495,48.096
0.410,0.009,-0.207,-87.280,-68.481,33.203
0.393,-0.062,-0.166,-75.256,-77.698,23.376
0.367,-0.129,-0.128,-63.782,-85.449,18.127
0.319,-0.165,-0.092,-53.528,-93.384,17.578
0.265,-0.196,-0.060,-43.823,-100.220,19.409
0.205,-0.206,-0.007,-35.522,-106.689,23.376
0.149,-0.210,0.035,-27.771,-113.159,29.053
0.076,-0.202,0.091,-21.118,-119.263,34.851
-0.015,-0.179,0.152,-14.709,-125.000,40.649
-0.099,-0.147,0.205,-8.484,-128.540,45.776
-0.158,-0.110,0.249,-1.770,-130.554,48.096
-0.213,-0.090,0.289,5.432,-132.690,47.302
-0.264,-0.073,0.335,13.916,-135.498,44.678
-0.302,-0.059,0.380,23.926,-137.512,42.542
-0.328,-0.047,0.419,34.241,-137.878,41.138
-0.366,-0.054,0.434,42.603,-137.573,40.527
-0.416,-0.040,0.471,49.988,-138.062,41.138
-0.478,-0.042,0.508,56.702,-134.705,41.687
-0.527,-0.029,0.534,58.716,-127.136,42.236
-0.541,0.019,0.558,57.983,-121.338,40.283
-0.564,0.026,0.558,55.176,-117.676,32.166
-0.588,0.062,0.561,47.852,-115.173,19.287
-0.606,0.070,0.538,40.771,-115.234,4.028
-0.611,0.062,0.514,34.912,-116.821,-11.292
-0.648,0.041,0.483,32.654,-118.713,-24.719
-0.698,0.001,0.439,35.828,-120.422,-33.508
-0.751,-0.058,0.421,44.128,-121.521,-37.659
-0.821,-0.150,0.419,57.922,-121.582,-38.330
-0.880,-0.261,0.426,74.158,-120.544,-34.729
-0.912,-0.390,0.438,90.027,-119.934,-27.954
-0.947,-0.499,0.458,102.539,-120.300,-20.935
-0.992,-0.578,0.481,110.962,-118.774,-14.282
-1.017,-0.628,0.480,114.136,-114.014,-7.019
-1.061,-0.667,0.460,112.793,-107.605,-2.502
-1.090,-0.706,0.447,107.239,-100.098,-4.517
-1.137,-0.758,0.432,95.886,-91.553,-13.855
-1.208,-0.826,0.399,80.383,-83.130,-25.940
-1.241,-0.897,0.389,67.322,-74.219,-37.109
-1.136,-0.964,0.430,61.157,-64.819,-46.570
-1.241,-1.026,0.478,65.186,-56.458,-56.030
-1.301,-1.108,0.485,79.346,-53.223,-67.688
-1.266,-1.138,0.584,85.144,-44.312,-63.354
-1.321,-1.185,0.612,95.642,-33.875,-54.810
-1.361,-1.226,0.624,101.074,-24.292,-43.213
-1.414,-1.272,0.657,108.276,-18.311,-33.264
-1.473,-1.345,0.697,117.065,-12.207,-28.564
-1.504,-1.419,0.757,123.596,-4.028,-25.208
-1.515,-1.485,0.774,124.451,7.568,-22.766
-1.493,-1.539,0.790,118.286,21.179,-20.020

-1.390,-1.559,0.761,89.233,46.387,-13.977
-1.331,-1.506,0.724,67.688,58.044,-10.925
-1.280,-1.420,0.670,44.861,69.519,-8.606
-1.224,-1.322,0.604,24.170,80.994,-8.301
-1.170,-1.239,0.527,7.935,91.064,-9.644
-1.139,-1.163,0.456,-3.784,98.145,-12.207
-1.118,-1.094,0.398,-9.094,103.149,-14.709
-1.071,-1.045,0.354,-6.714,108.826,-15.198
-1.018,-1.017,0.321,0.061,114.502,-13.672
-0.975,-1.008,0.297,9.277,117.004,-11.658
-0.930,-1.003,0.283,19.714,117.859,-8.179
-0.880,-1.005,0.282,28.748,118.958,-4.517
-0.850,-1.018,0.278,36.682,119.995,-2.319
-0.839,-1.040,0.288,44.312,121.216,-1.099
-0.833,-1.071,0.304,48.889,123.535,-0.549
-0.808,-1.115,0.311,49.194,127.441,-1.709
-0.779,-1.162,0.320,44.983,131.348,-5.371
-0.760,-1.195,0.322,36.743,135.010,-10.010
-0.743,-1.234,0.318,26.794,140.137,-14.404
-0.736,-1.281,0.323,16.602,145.020,-18.433
-0.708,-1.339,0.303,6.104,149.048,-24.292
-0.681,-1.362,0.276,-5.310,151.123,-33.813
-0.611,-1.370,0.230,-17.639,149.841,-39.795
-0.592,-1.390,0.198,-24.170,146.484,-43.518
-0.563,-1.390,0.170,-25.452,144.714,-42.297
-0.509,-1.406,0.150,-22.583,144.958,-36.438
-0.453,-1.414,0.126,-17.639,146.301,-27.405
-0.400,-1.419,0.108,-12.268,147.461,-15.869
-0.308,-1.408,0.090,-9.827,148.804,-3.784
-0.224,-1.393,0.050,-12.695,148.437,4.333
-0.141,-1.379,-0.017,-16.907,143.677,10.559
-0.059,-1.394,-0.073,-19.836,136.108,16.113
0.002,-1.411,-0.112,-21.790,127.380,23.376
0.064,-1.417,-0.148,-22.278,119.995,32.898
0.102,-1.411,-0.166,-22.705,112.793,42.725
0.128,-1.398,-0.186,-22.217,105.957,50.659
0.151,-1.383,-0.189,-23.743,100.647,54.565
0.166,-1.389,-0.209,-28.259,95.276,51.758
0.168,-1.404,-0.204,-38.818,88.318,43.762
0.164,-1.434,-0.197,-48.279,82.031,35.339
0.205,-1.462,-0.181,-54.565,78.552,31.860
0.241,-1.470,-0.184,-59.204,75.439,34.180
0.261,-1.448,-0.189,-64.026,69.641,41.077
0.256,-1.397,-0.170,-68.054,60.608,49.988
0.242,-1.334,-0.156,-69.580,52.490,60.486
0.217,-1.278,-0.147,-71.716,46.875,71.472
0.203,-1.218,-0.127,-75.867,41.077,81.299
0.203,-1.161,-0.089,-81.238,34.119,88.135
0.209,-1.096,-0.038,-88.318,27.283,92.529
0.207,-1.012,0.016,-95.093,21.301,96.680
0.222,-0.938,0.056,-98.633,16.296,100.464
0.244,-0.843,0.085,-99.121,12.451,104.248
0.285,-0.750,0.097,-97.473,9.094,107.239
0.328,-0.658,0.108,-95.276,4.822,108.704
0.357,-0.574,0.116,-92.590,0.732,107.666
0.383,-0.490,0.118,-90.210,-2.869,103.455
0.402,-0.421,0.103,-90.088,-8.118,96.436
0.416,-0.351,0.080,-89.966,-14.526,87.402
0.427,-0.283,0.057,-88.623,-21.667,77.820
0.433,-0.213,0.048,-87.585,-29.480,70.129
0.424,-0.139,0.040,-85.388,-36.804,65.491
0.402,-0.073,0.043,-82.703,-44.495,63.049
0.371,-0.010,0.050,-79.529,-51.758,60.303
0.349,0.037,0.057,-75.623,-58.228,56.580
0.314,0.070,0.071,-71.411,-65.308,52.002
0.269,0.098,0.097,-66.650,-72.998,47.852
0.229,0.114,0.116,-61.584,-79.712,44.983
0.190,0.141,0.149,-55.786,-85.144,43.518
0.163,0.175,0.192,-47.607,-89.172,42.480
0.146,0.207,0.234,-37.781,-92.468,42.969
0.122,0.236,0.268,-27.710,-97.595,45.410
0.090,0.260,0.298,-18.311,-103.760,47.058
0.040,0.278,0.334,-9.827,-109.863,46.143
-0.016,0.285,0.359,-3.418,-114.563,42.480
-0.077,0.286,0.379,-0.488,-117.493,35.461
-0.146,0.294,0.395,0.183,-119.568,24.963
-0.182,0.296,0.408,-1.282,-120.117,11.963
-0.208,0.274,0.408,-4.578,-121.643,-2.136
-0.227,0.248,0.412,-7.507,-125.183,-16.052
-0.258,0.217,0.430,-9.216,-129.761,-26.550
-0.302,0.192,0.447,-8.911,-133.301,-31.311
-0.357,0.171,0.451,-5.920,-136.292,-31.311
-0.420,0.155,0.454,-1.404,-138.428,-29.541
-0.488,0.151,0.462,4.639,-139.343,-27.649
-0.545,0.146,0.476,10.803,-138.916,-26.367
-0.605,0.133,0.492,16.113,-137.573,-26.733
-0.660,0.123,0.507,19.348,-134.766,-29.724
-0.704,0.110,0.524,18.555,-130.554,-35.156
-0.781,0.086,0.553,11.719,-125.061,-43.762
-0.834,0.051,0.528,-2.747,-116.882,-56.396
-0.897,0.005,0.467,-22.461,-110.657,-73.059
-0.930,-0.051,0.379,-39.429,-110.596,-88.867
-0.929,-0.106,0.303,-49.561,-113.708,-99.060
-0.947,-0.162,0.216,-49.988,-117.188,-101.746
-0.924,-0.210,0.155,-43.152,-121.704,-93.872
-0.922,-0.229,0.114,-29.663,-126.282,-78.674
-0.930,-0.226,0.116,-10.010,-130.737,-60.547
-0.970,-0.206,0.166,12.695,-135.193,-42.175
-1.064,-0.208,0.218,38.940,-138.489,-23.193
-1.179,-0.241,0.290,65.186,-142.151,-1.770
-1.331,-0.299,0.381,93.323,-146.606,18.555
-1.475,-0.388,0.487,119.019,-146.362,35.828
-1.597,-0.477,0.613,137.207,-140.747,46.936
-1.716,-0.582,0.736,143.372,-128.174,48.218
-1.770,-0.676,0.820,133.362,-109.070,41.321
-1.784,-0.757,0.863,112.183,-87.524,26.001
-1.767,-0.824,0.903,86.792,-67.383,4.333
-1.773,-0.857,0.892,62.683,-51.208,-15.625
-1.656,-0.867,0.897,45.471,-39.917,-29.236
-1.621,-0.921,0.792,47.729,-39.063,-46.448
-1.611,-0.925,0.886,54.382,-30.090,-50.659
-1.625,-0.911,0.830,50.964,-20.935,-38.208
-1.627,-0.863,0.802,50.720,-8.667,-18.982
-1.602,-0.797,0.772,45.044,2.319,3.906
-1.617,-0.736,0.752,40.588,8.972,19.714
-1.643,-0.674,0.749,42.358,12.634,24.780
-1.639,-0.654,0.789,49.744,18.250,22.461
-1.628,-0.653,0.814,53.467,27.893,15.137
-1.621,-0.671,0.801,50.659,38.879,6.714

-1.534,-0.701,0.752,41.626,58.472,-10.986
-1.486,-0.704,0.731,37.720,66.528,-17.944
-1.435,-0.696,0.704,33.691,74.524,-21.240
-1.375,-0.676,0.675,31.372,82.092,-22.217
-1.320,-0.661,0.655,31.433,88.257,-22.583
-1.275,-0.647,0.633,32.471,93.018,-22.034
-1.235,-0.637,0.614,35.217,97.412,-21.667
-1.203,-0.640,0.598,39.795,100.952,-22.461
-1.191,-0.652,0.587,44.800,103.943,-24.475
-1.172,-0.668,0.576,51.758,107.361,-26.001
-1.151,-0.689,0.574,58.350,112.244,-27.344
-1.127,-0.718,0.575,63.171,116.821,-29.663
-1.114,-0.764,0.558,65.247,121.582,-33.813
-1.111,-0.812,0.547,65.552,125.427,-38.818
-1.093,-0.873,0.539,63.416,129.822,-43.945
-1.067,-0.961,0.509,61.707,133.667,-50.354
-1.020,-1.077,0.495,57.190,136.841,-57.617
-0.987,-1.170,0.490,49.561,137.512,-64.880
-0.978,-1.241,0.493,42.053,137.390,-69.031
-0.945,-1.286,0.461,35.461,141.418,-65.002
-0.897,-1.307,0.440,29.968,147.705,-56.213
-0.864,-1.317,0.381,29.358,150.818,-48.462
-0.827,-1.348,0.346,29.236,153.137,-40.588
-0.779,-1.354,0.313,28.931,153.137,-33.081
-0.723,-1.359,0.278,28.442,153.381,-24.170
-0.664,-1.361,0.231,26.306,154.419,-12.695
-0.572,-1.345,0.173,23.865,154.053,-0.488
-0.501,-1.312,0.128,23.071,151.611,9.521
-0.426,-1.273,0.088,21.851,147.217,19.714
-0.352,-1.232,0.037,21.912,140.442,30.579
-0.324,-1.209,0.002,19.775,132.080,41.687
-0.262,-1.192,-0.039,17.456,122.803,51.331
-0.230,-1.160,-0.032,15.930,111.389,55.298
-0.195,-1.152,-0.033,16.602,101.685,55.664
-0.186,-1.175,-0.031,15.930,96.313,55.725
-0.152,-1.224,-0.046,9.216,92.468,56.702
-0.097,-1.259,-0.061,-2.991,88.867,56.763
-0.017,-1.285,-0.076,-16.663,85.144,57.251
0.012,-1.298,-0.080,-31.799,80.139,60.059
0.042,-1.296,-0.102,-45.898,75.012,67.200
0.070,-1.277,-0.126,-58.899,70.435,77.393
0.090,-1.260,-0.135,-68.726,64.697,88.867
0.104,-1.229,-0.120,-74.829,57.190,101.379
0.127,-1.177,-0.088,-76.843,49.805,114.441
0.152,-1.117,-0.066,-78.064,44.128,126.038
0.162,-1.050,-0.058,-79.895,37.781,135.620
0.178,-0.980,-0.049,-81.909,30.273,143.677
0.184,-0.915,-0.038,-85.205,22.766,149.231
0.178,-0.869,-0.024,-88.745,14.526,151.306
0.182,-0.803,-0.001,-92.896,6.958,150.208
0.194,-0.749,0.009,-97.961,0.916,145.325
0.196,-0.689,0.026,-105.286,-5.310,138.062
0.197,-0.631,0.036,-114.380,-11.414,129.517
0.197,-0.562,0.041,-121.704,-15.869,119.385
0.220,-0.489,0.046,-126.099,-19.897,109.436
0.246,-0.422,0.044,-130.859,-24.841,101.074
0.255,-0.363,0.031,-134.460,-31.433,95.276
0.284,-0.294,0.029,-134.277,-39.551,92.468
0.273,-0.247,0.034,-130.005,-48.462,92.224
0.264,-0.182,0.013,-124.329,-57.739,96.985
0.226,-0.126,0.029,-119.385,-67.566,105.103
0.184,-0.051,0.055,-110.352,-76.843,112.488
0.165,0.034,0.086,-96.313,-84.961,119.019
0.130,0.130,0.137,-83.618,-94.177,125.732
0.074,0.201,0.162,-71.716,-104.675,133.972
0.020,0.283,0.209,-58.655,-115.173,141.418
-0.054,0.329,0.258,-44.006,-123.108,145.752
-0.122,0.353,0.284,-32.959,-128.845,146.667
-0.178,0.389,0.337,-22.644,-135.376,143.799
-0.253,0.419,0.409,-14.282,-140.686,137.451
-0.300,0.469,0.478,-10.254,-143.127,130.066
-0.362,0.520,0.548,-8.057,-143.677,119.568
-0.419,0.583,0.613,-7.568,-144.287,105.835
-0.478,0.632,0.665,-9.705,-143.494,89.417
-0.538,0.628,0.676,-14.221,-141.541,69.580
-0.592,0.627,0.709,-15.747,-140.442,47.913
-0.639,0.611,0.762,-10.620,-140.320,29.602
-0.674,0.581,0.802,-2.625,-137.756,19.409
-0.710,0.552,0.836,6.470,-133.484,16.968
-0.789,0.560,0.881,18.372,-129.883,17.273
-0.872,0.542,0.927,30.762,-124.939,18.066
-0.934,0.514,0.968,40.833,-117.065,17.273
-0.987,0.475,0.984,48.828,-108.826,10.986
-1.009,0.436,0.981,52.368,-102.600,-0.122
-1.026,0.383,0.986,50.720,-99.121,-15.198
-1.046,0.312,0.976,47.729,-96.497,-30.884
-1.076,0.238,0.931,45.227,-93.262,-41.931
-1.051,0.167,0.887,44.434,-88.867,-46.814
-1.026,0.129,0.825,45.837,-83.252,-48.340
-1.026,0.087,0.749,49.194,-78.125,-48.035
-1.003,0.065,0.683,53.040,-75.500,-44.312
-0.984,0.047,0.628,56.458,-72.571,-41.626
-0.959,0.006,0.564,59.387,-68.298,-39.917
-0.889,-0.056,0.501,60.059,-65.735,-38.879
-0.863,-0.104,0.471,57.068,-68.481,-40.100
-0.870,-0.141,0.443,55.481,-71.533,-41.077
-0.848,-0.171,0.410,55.542,-70.068,-35.217
-0.814,-0.207,0.352,57.129,-65.063,-25.696
-0.787,-0.256,0.295,58.289,-61.096,-16.235
-0.784,-0.285,0.264,56.030,-60.669,-8.850
-0.846,-0.276,0.246,51.575,-61.218,-3.662
-0.902,-0.241,0.194,48.706,-59.204,1.404
-0.953,-0.193,0.173,50.415,-57.129,4.150
-1.004,-0.171,0.168,59.143,-55.176,-0.366
-1.083,-0.191,0.201,69.397,-52.979,-9.521
-1.198,-0.271,0.279,82.397,-51.880,-18.982
-1.345,-0.409,0.376,101.257,-48.462,-25.757
-1.403,-0.551,0.523,124.146,-40.283,-30.029
-1.462,-0.698,0.559,152.161,-38.025,-40.466
-1.525,-0.819,0.761,172.668,-26.245,-48.584
-1.552,-0.935,0.780,174.744,-13.184,-50.903
-1.582,-1.028,0.826,167.664,-1.709,-51.941
-1.588,-1.086,0.825,149.780,7.996,-47.974
-1.596,-1.098,0.799,131.165,17.395,-42.664
-1.613,-1.098,0.754,113.831,27.649,-37.659
-1.629,-1.093,0.697,98.938,38.330,-33.508
-1.622,-1.070,0.642,86.548,48.767,-32.227
-1.606,-1.048,0.609,76.111,56.946,-33.569
-1.593,-1.024,0.594,69.519,63.232,-33.752

-1.507,-0.918,0.603,69.336,76.965,-22.705
-1.449,-0.858,0.611,74.585,85.144,-14.343
-1.409,-0.816,0.610,80.811,91.370,-6.836
-1.369,-0.784,0.608,86.975,97.107,-2.930
-1.337,-0.760,0.607,90.149,102.051,-4.150
-1.313,-0.766,0.602,90.942,105.652,-10.132
-1.283,-0.798,0.595,89.478,108.154,-20.386
-1.284,-0.838,0.556,84.717,110.657,-32.532
-1.198,-0.884,0.563,78.003,112.793,-44.006
-1.224,-0.918,0.560,76.355,114.319,-57.434
-1.158,-0.940,0.557,69.336,118.652,-58.899
-1.112,-0.970,0.502,68.237,126.343,-58.044
-1.056,-1.000,0.457,67.688,132.935,-57.922
-1.001,-1.021,0.433,64.636,134.888,-56.519
-0.966,-1.053,0.416,62.988,134.644,-54.810
-0.917,-1.094,0.419,63.843,134.705,-51.697
-0.861,-1.128,0.434,65.186,135.071,-47.302
-0.821,-1.160,0.453,67.810,134.705,-41.443
-0.788,-1.196,0.451,70.007,134.460,-33.997
-0.780,-1.234,0.458,69.702,134.949,-27.466
-0.764,-1.280,0.488,63.293,137.512,-23.743
-0.756,-1.344,0.475,50.232,143.616,-27.039
-0.723,-1.413,0.467,32.715,150.146,-37.781
-0.650,-1.472,0.448,14.282,158.081,-52.063
-0.569,-1.499,0.418,-3.906,164.612,-67.017
-0.472,-1.497,0.371,-21.423,168.274,-76.660
-0.401,-1.479,0.299,-37.048,167.542,-78.064
-0.335,-1.441,0.221,-49.805,163.330,-72.388
-0.265,-1.396,0.150,-56.580,157.104,-62.256
-0.230,-1.339,0.109,-59.021,147.339,-50.232
-0.213,-1.287,0.089,-57.129,134.644,-35.461
-0.182,-1.245,0.083,-47.668,122.131,-16.357
-0.142,-1.209,0.067,-33.386,113.831,4.700
-0.110,-1.188,0.061,-19.958,107.605,26.794
-0.102,-1.185,0.055,-10.437,100.769,49.194
-0.094,-1.195,0.058,-3.723,93.872,70.374
-0.083,-1.213,0.073,-0.549,87.341,87.524
-0.098,-1.232,0.107,-3.052,81.421,100.891
-0.099,-1.239,0.131,-12.085,77.209,110.474
-0.085,-1.224,0.136,-26.306,74.951,115.906
-0.056,-1.189,0.112,-41.504,72.998,119.934
-0.012,-1.131,0.064,-53.711,70.496,124.634
0.030,-1.045,0.016,-59.998,67.749,130.920
0.089,-0.944,-0.025,-61.035,63.599,138.977
0.131,-0.833,-0.053,-60.852,57.190,146.545
0.153,-0.728,-0.083,-60.669,49.133,152.222
0.197,-0.594,-0.047,-58.777,40.039,154.907
0.237,-0.486,-0.028,-56.702,31.128,152.710
0.257,-0.388,-0.003,-56.641,20.691,146.423
0.269,-0.300,0.004,-58.044,8.911,138.672
0.272,-0.239,0.022,-61.157,-2.686,130.615
0.267,-0.190,0.042,-63.721,-13.428,123.474
0.260,-0.147,0.062,-65.552,-23.132,116.699
0.251,-0.114,0.076,-65.857,-32.776,111.450
0.243,-0.086,0.083,-65.002,-42.358,106.689
0.238,-0.062,0.092,-62.256,-51.331,102.722
0.209,-0.047,0.091,-57.007,-59.570,100.098
0.166,-0.039,0.093,-51.025,-67.688,99.426
0.145,-0.031,0.084,-46.814,-74.646,98.999
0.130,-0.036,0.065,-43.335,-79.956,95.398
0.108,-0.042,0.054,-41.443,-85.632,91.003
0.088,-0.046,0.041,-39.490,-90.576,87.341
0.058,-0.034,0.022,-36.499,-94.971,85.083
0.043,-0.022,-0.010,-33.752,-100.525,83.313
0.026,-0.006,-0.042,-30.701,-107.239,80.139
-0.005,0.013,-0.063,-26.001,-117.249,77.332
-0.059,0.036,-0.060,-19.470,-129.028,76.965
-0.124,0.060,-0.057,-14.465,-139.587,78.125
-0.193,0.082,-0.051,-10.620,-148.621,78.369
-0.260,0.119,0.011,-7.874,-157.715,75.989
-0.332,0.145,0.085,-4.639,-165.955,71.106
-0.426,0.154,0.149,-2.563,-173.401,67.139
-0.522,0.163,0.233,-0.549,-178.406,64.209
-0.619,0.185,0.328,4.395,-179.932,61.035
-0.723,0.216,0.413,13.489,-179.260,58.716
-0.806,0.235,0.470,25.208,-177.185,57.617
-0.894,0.236,0.527,37.109,-175.110,55.298
-1.009,0.217,0.612,51.636,-173.767,49.316
-1.133,0.187,0.758,71.472,-171.082,41.992
-1.234,0.134,0.900,91.675,-159.790,34.485
-1.294,0.059,0.999,105.652,-139.343,26.917
-1.285,-0.019,1.020,112.793,-116.943,17.212
-1.235,-0.095,1.007,113.403,-100.342,5.554
-1.161,-0.192,0.982,109.192,-93.079,-5.615
-1.096,-0.302,0.939,98.389,-93.567,-15.320
-1.034,-0.391,0.904,83.130,-97.595,-21.729
-0.989,-0.445,0.847,67.993,-102.173,-24.597
-0.959,-0.465,0.781,50.537,-106.384,-22.949
-0.987,-0.427,0.700,31.433,-111.755,-17.822
-1.045,-0.366,0.609,17.639,-115.845,-12.817
-1.084,-0.301,0.595,13.794,-114.807,-7.751
-1.125,-0.240,0.597,18.188,-106.384,-3.174
-1.147,-0.187,0.620,30.212,-94.360,0.305
-1.169,-0.130,0.644,46.143,-83.496,3.601
-1.198,-0.101,0.666,62.866,-73.975,5.798
-1.279,-0.088,0.679,74.768,-63.782,6.348
-1.326,-0.085,0.678,83.496,-52.917,2.014
-1.341,-0.143,0.611,92.590,-46.997,-13.245
-1.451,-0.169,0.659,103.210,-37.598,-37.598
-1.498,-0.250,0.637,106.995,-27.832,-60.730
-1.544,-0.345,0.619,109.802,-17.273,-83.191
-1.586,-0.430,0.589,106.750,-8.301,-97.351
-1.614,-0.517,0.563,105.652,-2.686,-105.286
-1.650,-0.615,0.537,108.948,3.357,-109.497
-1.689,-0.721,0.516,114.441,11.230,-109.192
-1.734,-0.842,0.508,118.347,18.005,-107.178
-1.808,-0.959,0.510,119.568,23.010,-105.164
-1.850,-1.071,0.519,119.934,28.931,-103.088
-1.851,-1.167,0.542,117.859,37.109,-100.159
-1.831,-1.236,0.556,112.305,46.204,-95.337
-1.796,-1.277,0.562,103.882,55.359,-86.670
-1.754,-1.279,0.556,94.421,65.186,-75.745
-1.706,-1.260,0.549,87.769,76.355,-64.331
-1.637,-1.230,0.534,81.909,87.891,-53.772
-1.588,-1.199,0.512,75.378,96.680,-44.678
-1.549,-1.168,0.486,69.519,103.271,-36.499
-1.500,-1.119,0.454,64.880,110.352,-30.151
-1.413,-1.066,0.442,61.401,117.065,-25.391
-1.399,-1.059,0.384,61.523,120.117,-25.085

-1.281,-1.020,0.347,54.077,128.479,-21.423
-1.227,-1.010,0.302,52.673,134.094,-20.142
-1.168,-1.001,0.273,49.500,138.000,-19.348
-1.129,-1.022,0.241,47.180,140.686,-18.677
-1.082,-1.063,0.228,46.387,142.517,-17.944
-1.009,-1.111,0.211,45.532,144.897,-18.250
-0.961,-1.162,0.189,42.358,145.691,-18.250
-0.921,-1.200,0.166,39.307,144.592,-15.198
-0.902,-1.257,0.136,37.415,144.958,-10.132
-0.836,-1.302,0.131,35.767,146.179,-4.211
-0.788,-1.336,0.136,33.936,144.897,0.244
-0.751,-1.359,0.137,30.945,142.578,7.263
-0.736,-1.384,0.137,28.687,142.700,16.052
-0.738,-1.432,0.138,27.100,142.822,25.513
-0.739,-1.499,0.141,25.085,142.090,34.912
-0.708,-1.561,0.146,20.386,143.188,42.358
-0.630,-1.595,0.124,11.841,146.790,46.997
-0.545,-1.560,0.061,1.282,149.475,47.913
-0.411,-1.496,-0.030,-8.728,148.376,48.279
-0.276,-1.438,-0.129,-15.747,143.250,48.523
-0.119,-1.384,-0.219,-17.212,132.996,51.941
-0.049,-1.362,-0.289,-15.869,117.798,60.913
-0.011,-1.350,-0.321,-11.047,101.807,77.637
0.003,-1.335,-0.315,-4.883,90.149,98.450
0.016,-1.317,-0.257,-5.981,83.496,118.103
0.037,-1.266,-0.167,-16.907,78.979,131.653
0.078,-1.190,-0.088,-36.621,74.829,136.536
0.093,-1.089,-0.022,-63.599,70.313,134.155
0.101,-0.976,0.006,-93.201,65.674,129.211
0.141,-0.867,-0.009,-119.934,62.683,124.878
0.193,-0.754,-0.056,-140.503,60.181,121.765
0.232,-0.639,-0.119,-151.611,55.908,119.446
0.269,-0.517,-0.164,-151.794,49.072,118.774
0.319,-0.418,-0.166,-143.677,40.222,119.812
0.344,-0.331,-0.137,-131.958,30.640,120.483
0.351,-0.265,-0.092,-120.667,19.226,120.483
0.343,-0.217,-0.041,-110.657,6.592,118.469
0.339,-0.183,0.004,-102.356,-4.456,113.342
0.326,-0.164,0.042,-95.947,-15.381,106.995
0.314,-0.148,0.076,-90.942,-26.794,101.501
0.299,-0.123,0.114,-87.280,-37.170,97.961
0.267,-0.104,0.156,-84.656,-46.021,96.436
0.235,-0.071,0.191,-83.130,-53.406,95.947
0.212,-0.017,0.221,-82.092,-59.265,94.910
0.173,0.050,0.252,-80.688,-65.735,92.529
0.135,0.117,0.275,-79.346,-71.777,88.928
0.097,0.177,0.278,-77.942,-76.355,84.229
0.072,0.226,0.271,-74.707,-80.078,80.200
0.047,0.263,0.269,-68.726,-84.351,76.660
0.020,0.295,0.274,-60.852,-90.271,74.341
-0.010,0.322,0.290,-50.903,-95.154,72.754
-0.037,0.342,0.316,-40.100,-99.243,70.862
-0.063,0.345,0.339,-29.053,-102.844,68.481
-0.100,0.338,0.363,-18.677,-106.201,65.613
-0.136,0.328,0.408,-7.996,-110.107,63.538
-0.200,0.315,0.454,2.563,-114.990,63.232
-0.274,0.298,0.493,12.268,-119.507,64.941
-0.345,0.290,0.530,19.897,-122.681,65.857
-0.418,0.284,0.552,24.170,-124.573,62.866
-0.474,0.282,0.548,23.743,-125.977,54.565
-0.522,0.264,0.520,20.142,-127.930,40.955
-0.547,0.246,0.502,15.076,-130.249,24.719
-0.562,0.217,0.471,10.559,-130.981,7.568
-0.576,0.180,0.431,9.033,-131.042,-6.592
-0.591,0.122,0.400,9.155,-131.653,-16.174
-0.617,0.079,0.363,13.550,-133.362,-21.179
-0.668,0.023,0.334,21.912,-135.071,-22.156
-0.729,-0.031,0.312,32.532,-135.864,-18.555
-0.791,-0.056,0.293,46.631,-135.376,-13.062
-0.849,-0.072,0.299,63.171,-133.728,-10.193
-0.903,-0.088,0.302,76.599,-130.615,-9.888
-0.960,-0.107,0.298,83.984,-128.723,-12.512
-1.013,-0.159,0.317,88.867,-129.211,-19.043
-1.064,-0.219,0.351,92.590,-130.432,-27.771
-1.100,-0.298,0.404,94.727,-131.165,-34.485
-1.140,-0.382,0.475,92.285,-130.371,-36.621
-1.149,-0.432,0.559,86.853,-127.258,-36.499
-1.200,-0.453,0.614,78.125,-121.338,-36.194
-1.280,-0.448,0.634,69.031,-114.563,-34.363
-1.363,-0.430,0.641,64.758,-109.253,-31.006
-1.437,-0.424,0.670,66.040,-104.797,-27.222
-1.482,-0.442,0.703,71.350,-100.281,-22.034
-1.520,-0.463,0.724,76.660,-95.886,-16.357
-1.547,-0.473,0.751,80.933,-91.187,-11.353
-1.565,-0.494,0.782,83.618,-84.473,-7.874
-1.611,-0.526,0.792,83.008,-75.684,-5.188
-1.617,-0.533,0.793,79.651,-64.636,-4.456
-1.617,-0.540,0.771,79.895,-58.289,-13.367
-1.714,-0.526,0.808,86.548,-44.373,-27.039
-1.736,-0.538,0.746,80.505,-30.884,-33.997
-1.754,-0.558,0.699,79.590,-17.090,-39.795
-1.729,-0.589,0.659,78.064,-5.432,-41.443
-1.712,-0.632,0.639,78.491,2.747,-41.870
-1.700,-0.671,0.621,79.895,10.010,-40.771
-1.687,-0.726,0.613,81.482,17.822,-38.452
-1.684,-0.771,0.606,82.153,26.245,-36.255
-1.661,-0.808,0.594,80.017,36.133,-33.691
-1.630,-0.812,0.559,74.585,46.387,-30.884
-1.594,-0.798,0.519,67.932,54.626,-29.236
-1.557,-0.774,0.484,62.378,61.890,-30.151
-1.508,-0.747,0.455,59.570,69.092,-31.677
-1.450,-0.719,0.423,57.739,76.294,-31.982
-1.396,-0.701,0.385,57.373,82.397,-32.043
-1.342,-0.686,0.354,59.570,86.731,-32.104
-1.296,-0.684,0.330,64.392,89.905,-31.799
-1.252,-0.684,0.313,71.411,92.163,-30.701
-1.214,-0.686,0.297,79.346,93.262,-28.931
-1.175,-0.689,0.284,88.318,93.750,-27.466
-1.139,-0.698,0.267,98.389,92.896,-25.635
-1.133,-0.718,0.256,107.727,91.187,-23.376
-1.168,-0.754,0.258,116.760,91.370,-21.179
-1.215,-0.799,0.253,124.634,97.351,-18.860
-1.196,-0.866,0.238,127.625,110.229,-18.982
-1.171,-0.969,0.229,120.483,121.948,-26.428
-1.150,-1.062,0.215,105.103,127.991,-40.833
-1.108,-1.175,0.217,85.876,131.042,-55.054
-1.030,-1.288,0.215,66.711,135.803,-66.772
-0.963,-1.370,0.212,46.509,138.611,-72.571
-0.937,-1.418,0.161,31.372,138.123,-67.871

-0.869,-1.382,0.046,22.766,143.372,-24.719
-0.851,-1.323,-0.006,24.048,143.127,0.427
-0.840,-1.250,-0.044,26.001,139.160,21.667
-0.833,-1.207,-0.063,25.452,134.460,37.598
-0.818,-1.175,-0.084,22.644,130.920,47.668
-0.778,-1.153,-0.095,18.127,129.028,51.514
-0.717,-1.160,-0.094,11.658,128.357,49.744
-0.658,-1.191,-0.088,3.601,126.221,45.227
-0.587,-1.224,-0.082,-4.456,123.169,41.016
-0.532,-1.240,-0.065,-11.841,119.629,37.964
-0.493,-1.241,-0.064,-16.541,116.699,37.903
-0.447,-1.224,-0.076,-20.691,114.136,42.053
-0.387,-1.201,-0.073,-23.071,110.840,47.974
-0.341,-1.184,-0.061,-25.330,106.873,54.077
-0.307,-1.167,-0.045,-29.663,101.501,60.730
-0.272,-1.138,-0.028,-35.461,95.703,67.383
-0.239,-1.095,-0.001,-42.297,90.454,72.571
-0.198,-1.054,0.016,-50.720,86.243,77.393
-0.147,-1.007,0.021,-60.852,83.191,82.336
-0.084,-0.952,0.042,-69.580,79.468,85.999
-0.023,-0.890,0.079,-77.271,76.172,88.379
0.039,-0.824,0.097,-84.656,74.341,89.355
0.117,-0.778,0.105,-90.881,71.899,87.830
0.172,-0.744,0.098,-97.290,66.528,83.435
0.201,-0.719,0.092,-102.356,57.495,79.468
0.202,-0.690,0.088,-104.187,47.241,78.308
0.204,-0.654,0.093,-102.905,37.842,80.750
0.214,-0.623,0.113,-99.670,29.114,85.388
0.212,-0.599,0.147,-95.764,19.470,90.088
0.187,-0.556,0.192,-92.529,10.498,94.299
0.175,-0.509,0.225,-90.393,4.883,97.107
0.160,-0.463,0.244,-90.271,1.160,97.107
0.151,-0.403,0.271,-90.637,-2.197,93.506
0.161,-0.351,0.298,-91.675,-4.395,87.769
0.186,-0.322,0.307,-93.384,-7.324,80.994
0.212,-0.284,0.321,-96.069,-11.536,74.402
0.226,-0.241,0.346,-95.825,-17.395,69.702
0.235,-0.191,0.372,-93.384,-23.010,69.763
0.250,-0.128,0.384,-91.064,-27.161,73.425
0.254,-0.059,0.384,-86.609,-33.813,78.491
0.253,0.013,0.405,-80.078,-44.373,85.083
0.221,0.069,0.418,-73.486,-54.749,92.834
0.217,0.142,0.427,-65.857,-64.331,100.647
0.144,0.179,0.439,-57.495,-73.059,105.408
0.080,0.226,0.459,-49.927,-80.139,107.483
0.035,0.255,0.483,-42.603,-84.412,105.591
-0.008,0.267,0.511,-37.842,-87.036,98.572
-0.054,0.272,0.534,-34.668,-89.661,89.050
-0.086,0.295,0.548,-34.912,-91.370,77.515
-0.112,0.308,0.569,-35.950,-91.858,64.575
-0.123,0.306,0.567,-37.415,-91.858,50.232
-0.143,0.294,0.551,-39.246,-92.407,36.560
-0.150,0.274,0.537,-40.894,-93.567,24.414
-0.141,0.255,0.520,-41.016,-94.543,13.977
-0.138,0.233,0.498,-39.490,-97.595,6.287
-0.158,0.216,0.482,-36.133,-102.539,1.953
-0.181,0.207,0.485,-30.945,-107.239,1.038
-0.209,0.196,0.488,-23.682,-110.779,3.479
-0.254,0.194,0.494,-15.625,-114.807,8.179
-0.331,0.206,0.495,-6.104,-119.568,12.390
-0.418,0.211,0.490,4.089,-123.230,16.174
-0.544,0.192,0.490,15.076,-126.709,18.188
-0.663,0.155,0.513,29.053,-129.700,19.165
-0.773,0.103,0.533,44.556,-129.761,20.508
-0.843,0.038,0.548,57.983,-126.038,22.095
-0.911,-0.018,0.569,68.726,-121.582,21.057
-0.950,-0.070,0.578,75.806,-115.662,17.456
-0.959,-0.119,0.571,77.026,-107.788,11.108
-0.957,-0.167,0.560,71.838,-101.868,1.282
-0.933,-0.216,0.543,61.218,-98.389,-10.986
-0.890,-0.280,0.514,46.692,-96.802,-25.574
-0.847,-0.312,0.511,31.494,-99.304,-42.542
-0.845,-0.307,0.513,16.541,-105.042,-54.810
-0.861,-0.280,0.497,4.028,-108.765,-56.702
-0.907,-0.245,0.474,-0.244,-107.727,-50.781
-0.986,-0.218,0.432,5.554,-104.126,-41.077
-1.101,-0.190,0.406,18.982,-104.492,-28.198
-1.211,-0.176,0.408,38.513,-106.567,-12.451
-1.300,-0.169,0.441,58.655,-104.675,1.160
-1.353,-0.183,0.482,73.792,-99.182,8.728
-1.392,-0.206,0.503,81.238,-92.773,8.240
-1.402,-0.234,0.518,83.435,-85.022,0.671
-1.396,-0.267,0.521,81.116,-75.745,-10.071
-1.394,-0.304,0.511,74.585,-67.017,-21.057
-1.378,-0.337,0.515,67.993,-59.204,-30.884
-1.268,-0.359,0.523,63.660,-52.673,-37.781
-1.397,-0.325,0.618,61.157,-49.316,-44.250
-1.449,-0.396,0.496,80.933,-47.852,-52.490
-1.455,-0.374,0.528,84.167,-38.147,-53.528
-1.470,-0.388,0.500,86.609,-32.227,-48.218
-1.465,-0.401,0.486,83.801,-26.001,-42.175
-1.459,-0.400,0.479,80.505,-21.729,-34.302
-1.463,-0.408,0.484,82.397,-18.433,-28.320
-1.462,-0.429,0.493,87.036,-14.465,-24.109
-1.485,-0.458,0.494,90.637,-10.376,-20.996
-1.501,-0.492,0.499,94.055,-5.005,-18.188
-1.516,-0.525,0.503,95.337,2.502,-15.930
-1.504,-0.565,0.490,92.957,11.536,-15.625
-1.501,-0.602,0.476,86.548,18.494,-19.104
-1.501,-0.631,0.484,80.383,24.048,-23.865
-1.474,-0.655,0.488,75.073,32.410,-26.611
-1.445,-0.678,0.477,71.106,42.358,-26.733
-1.430,-0.687,0.454,69.031,49.622,-25.818
-1.410,-0.684,0.439,69.763,55.176,-23.865
-1.396,-0.696,0.424,73.730,60.425,-21.057
-1.378,-0.721,0.411,79.224,64.636,-17.822
-1.362,-0.740,0.394,84.106,67.810,-15.198
-1.358,-0.764,0.384,88.623,71.472,-13.855
-1.357,-0.796,0.381,93.323,76.416,-13.123
-1.356,-0.838,0.389,96.497,82.031,-13.367
-1.366,-0.892,0.397,97.229,88.928,-15.747
-1.373,-0.950,0.401,95.337,95.032,-19.409
-1.357,-1.010,0.404,91.614,101.013,-24.170
-1.330,-1.076,0.373,84.656,107.178,-30.029
-1.293,-1.134,0.346,75.989,109.802,-36.743
-1.283,-1.200,0.307,67.871,108.276,-42.725
-1.290,-1.269,0.273,64.514,106.140,-42.603
-1.291,-1.334,0.249,67.932,105.957,-33.264
-1.279,-1.391,0.241,74.280,109.436,-17.273

-1.201,-1.462,0.240,79.529,119.385,21.301
-1.128,-1.451,0.229,71.289,123.718,36.804
-1.047,-1.410,0.199,57.495,128.967,46.753
-0.961,-1.341,0.160,39.856,134.888,53.284
-0.860,-1.249,0.111,23.376,139.954,57.617
-0.753,-1.163,0.076,8.606,143.066,59.204
-0.661,-1.112,0.042,-2.991,143.066,58.533
-0.582,-1.078,-0.004,-13.062,140.625,57.129
-0.521,-1.045,-0.024,-20.264,136.536,56.213
-0.464,-1.022,-0.020,-24.048,132.263,56.702
-0.423,-1.023,-0.009,-25.696,127.625,58.899
-0.401,-1.026,0.002,-26.978,123.474,61.218
-0.358,-1.026,0.021,-28.748,119.446,62.683
-0.316,-1.020,0.024,-32.898,115.173,63.904
-0.273,-1.022,0.015,-40.222,110.901,65.002
-0.236,-1.022,0.009,-48.462,106.140,66.589
-0.190,-1.025,0.002,-56.641,100.647,69.092
-0.140,-1.009,-0.001,-64.514,95.154,72.571
-0.108,-0.982,-0.007,-73.425,89.905,78.552
-0.082,-0.948,-0.009,-79.346,84.717,87.341
-0.039,-0.906,-0.005,-82.703,80.322,97.778
-0.000,-0.857,-0.014,-85.999,76.050,108.154
0.023,-0.798,-0.005,-90.149,69.946,117.493
0.028,-0.736,0.034,-92.407,62.256,124.939
0.069,-0.673,0.054,-94.727,57.068,130.249
0.103,-0.597,0.050,-98.999,52.979,132.019
0.129,-0.528,0.053,-102.722,47.363,129.639
0.154,-0.466,0.059,-104.187,41.077,125.916
0.182,-0.411,0.066,-103.699,35.645,122.620
0.213,-0.371,0.077,-101.807,28.442,119.751
0.228,-0.333,0.096,-97.595,18.738,117.615
0.241,-0.292,0.112,-93.628,9.949,116.028
0.248,-0.250,0.118,-89.539,1.892,114.014
0.243,-0.191,0.124,-85.388,-5.920,110.779
0.240,-0.140,0.127,-81.726,-12.573,106.445
0.248,-0.103,0.126,-78.918,-19.592,100.464
0.248,-0.067,0.142,-76.721,-27.954,93.079
0.247,-0.047,0.146,-74.890,-36.621,85.205
0.251,-0.031,0.156,-72.754,-45.410,79.773
0.245,-0.018,0.169,-69.397,-54.688,77.393
0.226,0.010,0.176,-64.392,-64.941,78.552
0.193,0.047,0.194,-58.044,-75.500,82.275
0.133,0.076,0.222,-49.255,-85.144,87.036
0.071,0.101,0.239,-39.001,-92.468,92.468
0.015,0.136,0.244,-28.809,-98.938,96.436
-0.057,0.165,0.274,-19.470,-106.628,95.886
-0.139,0.205,0.350,-10.620,-112.976,91.980
-0.187,0.242,0.415,-4.150,-115.295,85.083
-0.235,0.263,0.458,-1.465,-116.516,74.097
-0.286,0.265,0.497,-1.343,-117.371,59.875
-0.323,0.260,0.551,-0.305,-118.225,44.800
-0.341,0.242,0.581,-0.732,-117.798,31.128
-0.359,0.227,0.587,-2.930,-117.676,19.592
-0.378,0.214,0.581,-4.700,-118.286,9.705
-0.399,0.200,0.562,-5.371,-120.728,2.502
-0.447,0.180,0.544,-4.761,-124.390,-2.441
-0.486,0.168,0.550,-0.977,-127.136,-5.859
-0.531,0.155,0.559,6.775,-129.272,-6.897
-0.586,0.136,0.560,16.113,-131.592,-5.676
-0.656,0.115,0.562,24.963,-133.423,-4.150
-0.723,0.090,0.571,32.837,-133.911,-4.395
-0.796,0.052,0.577,37.842,-132.507,-7.324
-0.900,0.008,0.579,40.955,-130.859,-11.536
-0.984,-0.041,0.586,45.593,-129.333,-15.503
-1.050,-0.094,0.596,50.842,-126.770,-19.958
-1.096,-0.154,0.599,55.237,-123.108,-25.330
-1.113,-0.194,0.610,57.007,-119.202,-31.433
-1.117,-0.237,0.605,56.580,-114.380,-38.513
-1.101,-0.269,0.594,53.162,-108.459,-44.861
-1.103,-0.295,0.554,47.058,-103.394,-49.988
-1.111,-0.307,0.513,40.405,-99.365,-54.688
-1.133,-0.308,0.468,34.912,-95.093,-59.570
-1.174,-0.313,0.424,32.654,-92.102,-62.439
-1.203,-0.332,0.395,34.485,-88.745,-61.951
-1.267,-0.361,0.387,41.077,-86.731,-58.228
-1.316,-0.394,0.416,54.321,-85.815,-51.025
-1.351,-0.424,0.474,71.899,-84.290,-40.161
-1.402,-0.461,0.527,88.562,-81.726,-27.527
-1.464,-0.495,0.596,102.234,-79.895,-14.832
-1.513,-0.536,0.663,110.718,-76.965,-4.578
-1.586,-0.585,0.710,112.366,-71.472,0.305
-1.607,-0.601,0.755,108.154,-63.110,-0.549
-1.616,-0.647,0.808,107.544,-56.702,-12.939
-1.660,-0.668,0.904,113.647,-41.626,-29.480
-1.635,-0.684,0.878,99.243,-23.865,-35.522
-1.576,-0.678,0.836,83.130,-5.371,-36.377
-1.506,-0.639,0.762,63.599,8.301,-33.020
-1.451,-0.608,0.725,51.086,16.052,-28.687
-1.432,-0.561,0.675,47.302,21.484,-22.888
-1.427,-0.504,0.616,49.194,27.893,-15.259
-1.417,-0.438,0.567,55.054,35.400,-8.362
-1.404,-0.399,0.539,63.049,40.833,-5.493
-1.381,-0.392,0.529,70.679,44.373,-5.859
-1.359,-0.409,0.520,76.111,47.668,-7.996
-1.338,-0.435,0.510,79.712,51.880,-10.681
-1.323,-0.458,0.497,81.604,57.983,-13.489
-1.291,-0.484,0.475,80.505,66.406,-16.296
-1.256,-0.507,0.446,76.172,73.853,-19.470
-1.234,-0.540,0.418,70.984,78.003,-23.682
-1.206,-0.579,0.394,67.078,82.458,-27.588
-1.194,-0.607,0.358,63.782,87.158,-30.579
-1.159,-0.644,0.351,64.148,87.952,-32.532
-1.127,-0.671,0.358,65.918,86.914,-34.180
-1.141,-0.722,0.338,67.871,87.280,-34.912
-1.138,-0.753,0.346,71.045,87.097,-32.715
-1.152,-0.805,0.347,76.355,89.050,-31.189
-1.150,-0.859,0.345,79.407,94.971,-30.029
-1.142,-0.914,0.350,78.430,100.769,-30.701
-1.122,-0.970,0.358,73.608,103.638,-34.973
-1.129,-1.042,0.343,66.162,107.605,-40.588
-1.102,-1.076,0.330,56.641,112.061,-43.030
-1.064,-1.123,0.307,50.110,115.784,-43.152
-1.031,-1.150,0.298,45.532,119.385,-42.175
-1.016,-1.179,0.289,44.678,122.375,-37.720
-0.975,-1.201,0.287,44.495,125.000,-28.625
-0.926,-1.214,0.266,45.166,127.502,-17.700
-0.878,-1.223,0.249,44.983,130.676,-8.606
-0.845,-1.230,0.217,41.809,132.141,-2.197
-0.801,-1.232,0.204,36.926,131.226,2.930

-0.704,-1.241,0.161,22.522,128.418,11.597
-0.661,-1.239,0.141,15.015,125.427,14.587
-0.608,-1.246,0.106,7.874,122.681,17.639
-0.557,-1.245,0.091,1.038,118.164,20.752
-0.514,-1.257,0.085,-3.296,112.183,24.536
-0.461,-1.264,0.075,-6.775,108.459,30.273
-0.413,-1.257,0.066,-10.315,105.713,38.879
-0.381,-1.243,0.063,-14.038,101.624,48.279
-0.340,-1.223,0.071,-17.700,97.351,56.335
-0.299,-1.195,0.089,-23.682,93.262,62.988
-0.269,-1.175,0.093,-32.227,88.806,67.383
-0.248,-1.157,0.098,-42.053,83.984,70.862
-0.216,-1.136,0.104,-50.171,79.712,74.402
-0.179,-1.113,0.109,-56.824,76.599,78.491
-0.146,-1.090,0.106,-62.805,72.815,84.106
-0.113,-1.067,0.110,-67.444,67.444,90.698
-0.080,-1.039,0.112,-70.618,62.134,98.022
-0.060,-1.020,0.114,-73.242,56.763,106.140
-0.049,-0.992,0.121,-75.195,50.537,113.647
-0.030,-0.950,0.132,-76.355,44.434,120.117
-0.011,-0.903,0.144,-78.552,38.879,125.488
0.020,-0.854,0.149,-82.703,33.875,130.066
0.042,-0.794,0.151,-88.196,28.992,133.057
0.075,-0.726,0.151,-93.628,24.719,134.521
0.107,-0.670,0.144,-98.511,21.118,134.338
0.135,-0.604,0.133,-102.478,16.357,132.385
0.165,-0.547,0.133,-105.469,9.399,128.845
0.186,-0.495,0.133,-109.131,2.747,125.305
0.198,-0.440,0.129,-112.549,-2.930,122.253
0.203,-0.375,0.124,-113.403,-8.972,118.713
0.207,-0.312,0.120,-111.938,-14.893,114.563
0.236,-0.238,0.136,-110.229,-21.851,110.413
0.258,-0.190,0.130,-109.985,-30.029,105.896
0.245,-0.147,0.135,-108.521,-39.307,101.257
0.236,-0.096,0.126,-106.079,-48.523,99.121
0.216,-0.049,0.126,-101.013,-58.411,98.877
0.190,0.004,0.135,-94.910,-69.214,99.915
0.149,0.052,0.146,-88.318,-79.102,101.868
0.102,0.117,0.171,-79.468,-87.646,103.943
0.038,0.162,0.204,-67.017,-94.910,105.652
-0.000,0.233,0.247,-54.382,-101.074,106.140
-0.052,0.277,0.300,-41.260,-107.361,104.736
-0.077,0.323,0.354,-29.846,-114.014,101.074
-0.130,0.349,0.396,-22.217,-119.202,94.788
-0.189,0.351,0.412,-17.212,-122.742,88.074
-0.247,0.353,0.433,-12.024,-126.221,79.834
-0.304,0.356,0.464,-6.104,-128.601,70.129
-0.349,0.350,0.502,-0.671,-129.333,59.692
-0.397,0.336,0.540,4.211,-129.272,49.561
-0.432,0.322,0.577,8.179,-129.333,39.795
-0.471,0.302,0.616,12.756,-130.493,30.029
-0.515,0.273,0.634,16.602,-132.141,21.179
-0.545,0.245,0.637,19.287,-133.301,13.855
-0.572,0.214,0.629,21.912,-134.827,7.629
-0.613,0.178,0.619,24.353,-136.108,2.319
-0.681,0.148,0.619,26.550,-136.414,-0.793
-0.782,0.117,0.608,29.846,-134.338,-1.831
-0.859,0.075,0.577,33.447,-130.554,-1.892
-0.918,0.030,0.542,37.354,-128.052,-2.014
-0.966,-0.015,0.505,41.748,-127.441,-2.197
-0.988,-0.056,0.481,47.302,-127.319,-1.648
-1.000,-0.092,0.442,53.223,-125.977,-0.061
-1.001,-0.111,0.404,60.059,-124.329,4.089
-0.972,-0.131,0.370,66.223,-122.375,9.094
-0.972,-0.158,0.338,71.228,-119.751,12.085
-1.031,-0.189,0.297,75.562,-117.554,12.695
-1.092,-0.210,0.285,79.834,-114.441,13.550
-1.115,-0.239,0.282,83.740,-109.680,13.367
-1.104,-0.255,0.305,85.205,-103.882,8.972
-1.109,-0.286,0.324,84.534,-99.915,2.319
-1.106,-0.308,0.365,82.214,-99.304,-1.953
-1.122,-0.315,0.422,79.590,-99.548,-2.441
-1.165,-0.315,0.459,78.918,-96.130,1.404
-1.209,-0.305,0.481,80.505,-89.539,10.132
-1.254,-0.309,0.493,83.984,-81.848,16.846
-1.304,-0.333,0.488,86.548,-74.768,18.921
-1.298,-0.357,0.406,87.524,-67.383,18.066
-1.388,-0.355,0.495,91.003,-62.805,9.216
-1.454,-0.409,0.466,108.276,-53.162,-4.456
-1.438,-0.442,0.432,108.459,-40.588,-13.611
-1.432,-0.512,0.391,109.924,-28.809,-20.264
-1.405,-0.584,0.345,103.088,-18.250,-22.827
-1.380,-0.638,0.311,96.130,-10.864,-22.888
-1.368,-0.687,0.273,92.468,-3.784,-21.179
-1.381,-0.740,0.237,90.210,3.845,-16.846
-1.414,-0.776,0.215,86.670,11.902,-12.390
-1.420,-0.800,0.185,82.947,21.057,-10.925
-1.442,-0.819,0.153,78.796,28.687,-13.123
-1.468,-0.847,0.133,78.003,32.288,-17.700
-1.471,-0.885,0.136,81.238,34.485,-20.996
-1.473,-0.930,0.143,87.524,37.415,-20.142
-1.464,-0.966,0.163,95.764,41.016,-14.648
-1.452,-1.006,0.194,105.286,44.556,-8.240
-1.458,-1.037,0.241,111.938,48.645,-2.136
-1.451,-1.058,0.262,114.990,54.688,2.075
-1.438,-1.069,0.271,114.136,61.707,3.967
-1.426,-1.127,0.308,110.779,67.810,2.625
-1.399,-1.161,0.309,107.971,74.707,-0.732
-1.305,-1.188,0.341,100.586,81.421,-5.432
-1.365,-1.259,0.326,94.421,88.196,-18.066
-1.316,-1.275,0.342,76.416,92.896,-24.780
-1.259,-1.293,0.308,64.575,101.074,-24.780
-1.222,-1.343,0.244,58.044,111.694,-26.855
-1.169,-1.367,0.215,49.866,117.615,-26.184
-1.123,-1.394,0.173,42.480,120.972,-23.926
-1.102,-1.414,0.140,37.354,123.840,-18.494
-1.082,-1.438,0.095,33.569,125.977,-9.827
-1.068,-1.465,0.070,31.128,126.526,-2.380
-1.062,-1.500,0.069,31.677,126.099,3.601
-1.056,-1.552,0.082,33.691,125.122,11.597
-1.059,-1.606,0.096,35.889,124.878,21.362
-1.057,-1.640,0.135,38.696,125.366,31.860
-1.016,-1.673,0.176,39.063,126.770,41.687
-0.977,-1.691,0.211,34.424,128.601,50.049
-0.927,-1.682,0.248,24.719,130.310,57.983
-0.870,-1.641,0.286,10.742,133.484,65.186
-0.788,-1.564,0.308,-7.141,140.076,70.862
-0.685,-1.462,0.301,-29.419,148.865,75.073
-0.579,-1.354,0.266,-54.138,156.860,76.660

-1.288,-0.571,0.388,81.360,-48.340,-6.287
-1.255,-0.590,0.352,81.787,-40.710,-5.615
-1.353,-0.626,0.403,87.891,-39.856,-13.611
-1.423,-0.657,0.471,100.952,-34.302,-20.264
-1.469,-0.705,0.470,99.670,-26.001,-17.639
-1.491,-0.742,0.479,100.342,-15.991,-11.475
-1.480,-0.790,0.488,99.182,-5.920,-2.075
-1.487,-0.829,0.511,98.999,0.061,5.981
-1.506,-0.868,0.548,99.487,4.822,11.780
-1.522,-0.913,0.600,98.999,11.230,15.381
-1.528,-0.926,0.616,97.046,19.592,17.151
-1.513,-0.920,0.609,90.637,28.320,16.296
-1.474,-0.888,0.583,81.726,38.269,12.207
-1.415,-0.864,0.534,69.641,47.119,5.493
-1.376,-0.831,0.490,57.129,52.368,-2.930
-1.332,-0.815,0.442,47.058,56.763,-12.024
-1.286,-0.805,0.407,41.321,59.998,-19.348
-1.251,-0.814,0.385,40.771,62.195,-24.414
-1.226,-0.838,0.373,45.776,64.331,-25.574
-1.194,-0.864,0.370,55.969,65.735,-23.743
-1.182,-0.887,0.373,67.078,66.833,-20.569
-1.174,-0.907,0.388,76.721,68.176,-16.541
-1.168,-0.934,0.401,84.290,70.374,-13.184
-1.144,-0.956,0.421,89.539,73.425,-11.536
-1.111,-0.967,0.459,90.942,77.881,-10.437
-1.119,-1.040,0.439,91.553,83.191,-12.939
-1.103,-1.078,0.476,86.243,89.172,-17.578
-1.048,-1.113,0.498,74.646,95.764,-17.639
-1.031,-1.143,0.477,64.453,105.042,-22.766
-0.994,-1.151,0.459,51.697,111.755,-27.588
-0.960,-1.156,0.427,38.330,116.760,-30.945
-0.912,-1.166,0.400,30.396,120.911,-33.569
-0.860,-1.190,0.380,27.100,122.498,-33.813
-0.837,-1.217,0.357,26.428,122.498,-30.762
-0.831,-1.242,0.331,27.344,122.559,-22.827
-0.835,-1.266,0.325,28.870,123.901,-14.221
-0.846,-1.312,0.351,33.508,125.305,-7.202
-0.863,-1.347,0.409,38.635,127.625,-1.160
-0.856,-1.368,0.458,37.964,134.583,4.150
-0.793,-1.366,0.456,30.029,145.447,5.798
-0.709,-1.355,0.424,15.930,153.015,1.526
-0.626,-1.349,0.369,0.122,154.968,-4.700
-0.558,-1.342,0.316,-14.465,153.259,-9.705
-0.481,-1.325,0.258,-24.780,151.001,-9.583
-0.389,-1.306,0.196,-29.541,149.292,-4.089
-0.313,-1.281,0.128,-30.212,145.935,5.432
-0.247,-1.244,0.067,-29.541,140.381,17.822
-0.195,-1.208,0.025,-27.527,132.690,29.297
-0.145,-1.172,0.014,-23.376,122.437,38.818
-0.114,-1.150,0.007,-20.203,110.901,46.204
-0.090,-1.127,0.040,-20.264,100.159,50.842
-0.075,-1.128,0.061,-20.996,90.881,52.307
-0.060,-1.138,0.074,-23.804,84.351,52.185
-0.014,-1.125,0.076,-31.738,80.017,52.185
0.051,-1.094,0.070,-42.603,77.209,52.185
0.118,-1.047,0.056,-54.810,75.684,53.711
0.184,-0.995,0.032,-66.589,73.486,56.580
0.245,-0.935,0.018,-76.660,69.336,60.303
0.281,-0.879,0.021,-84.412,63.538,64.880
0.292,-0.826,0.039,-87.402,57.373,71.289
0.318,-0.764,0.049,-87.646,54.016,79.712
0.337,-0.704,0.052,-86.304,50.415,86.975
0.344,-0.652,0.066,-84.167,43.518,90.881
0.333,-0.604,0.088,-81.665,35.767,92.896
0.338,-0.560,0.112,-78.247,29.053,93.689
0.345,-0.517,0.138,-75.317,22.339,92.834
0.348,-0.479,0.167,-73.181,15.137,90.210
0.352,-0.453,0.200,-70.862,8.118,85.876
0.346,-0.433,0.230,-70.923,2.258,81.177
0.342,-0.407,0.248,-72.083,-1.282,77.209
0.312,-0.375,0.257,-72.998,-1.587,75.317
0.316,-0.334,0.245,-72.083,-0.366,75.195
0.311,-0.288,0.229,-70.557,-2.686,74.829
0.293,-0.242,0.220,-66.650,-6.409,73.486
0.270,-0.211,0.219,-60.791,-8.484,74.036
0.260,-0.174,0.225,-52.368,-10.986,75.500
0.259,-0.137,0.230,-43.579,-17.151,76.904
0.242,-0.100,0.255,-36.682,-26.001,76.660
0.206,-0.083,0.285,-30.334,-34.607,77.271
0.177,-0.059,0.306,-23.987,-43.823,77.271
0.135,-0.048,0.323,-19.043,-54.199,75.562
0.089,-0.046,0.342,-16.479,-64.575,72.632
0.042,-0.052,0.363,-15.320,-75.012,68.970
0.006,-0.062,0.383,-15.137,-83.557,64.819
-0.030,-0.069,0.378,-16.113,-91.125,60.486
-0.072,-0.073,0.359,-18.066,-98.206,56.458
-0.112,-0.079,0.330,-19.104,-105.652,53.589
-0.149,-0.090,0.300,-18.494,-112.732,50.476
-0.203,-0.083,0.273,-15.686,-119.568,46.814
-0.264,-0.092,0.268,-10.864,-122.986,45.044
-0.307,-0.096,0.276,-5.920,-122.498,45.105
-0.341,-0.105,0.295,-1.831,-122.559,44.495
-0.392,-0.107,0.349,1.160,-123.535,42.969
-0.439,-0.106,0.410,3.784,-124.023,42.236
-0.481,-0.085,0.465,6.714,-125.061,42.786
-0.549,-0.069,0.505,10.437,-127.441,43.213
-0.598,-0.030,0.565,14.648,-129.211,44.312
-0.645,-0.005,0.583,17.517,-128.540,44.739
-0.711,-0.002,0.574,18.738,-127.930,43.579
-0.803,-0.001,0.566,20.508,-127.930,40.527
-0.875,-0.013,0.570,27.039,-125.854,37.231
-0.913,-0.045,0.557,35.217,-121.704,35.889
-0.936,-0.089,0.552,43.884,-118.286,34.851
-0.962,-0.136,0.549,52.185,-115.173,33.081
-0.971,-0.183,0.541,56.641,-112.122,30.640
-0.976,-0.216,0.553,58.044,-109.619,27.039
-0.965,-0.252,0.579,59.631,-106.140,23.010
-0.942,-0.277,0.609,59.204,-101.868,21.057
-0.968,-0.307,0.625,56.824,-97.046,21.118
-0.996,-0.326,0.631,55.237,-90.332,22.949
-1.024,-0.346,0.637,56.519,-81.665,26.611
-1.060,-0.377,0.637,59.937,-72.327,28.870
-1.088,-0.431,0.631,65.125,-66.162,27.832
-1.125,-0.468,0.669,70.618,-63.721,24.536
-1.163,-0.514,0.688,75.256,-57.678,21.301
-1.211,-0.555,0.690,79.041,-50.171,19.714
-1.157,-0.603,0.648,84.106,-42.175,17.090
-1.193,-0.655,0.669,91.003,-41.077,4.822
-1.261,-0.724,0.723,99.426,-39.612,-8.972

-1.295,-0.903,0.735,100.342,-28.137,-24.597
-1.261,-0.975,0.743,96.741,-19.287,-25.635
-1.253,-1.018,0.755,91.187,-10.620,-25.391
-1.237,-1.039,0.753,86.487,-0.549,-23.865
-1.208,-1.040,0.737,83.557,9.766,-22.461
-1.173,-1.027,0.702,79.956,19.897,-22.034
-1.117,-1.045,0.684,73.914,28.931,-23.376
-1.083,-1.036,0.643,67.932,34.424,-25.452
-1.067,-1.026,0.590,60.730,38.086,-26.489
-1.060,-1.008,0.529,55.420,41.321,-25.757
-1.043,-1.000,0.485,52.917,44.373,-24.719
-1.024,-0.995,0.455,54.016,47.302,-23.621
-1.004,-1.000,0.430,57.739,50.171,-22.705
-0.976,-1.010,0.419,63.171,53.162,-21.790
-0.965,-1.047,0.427,70.251,55.603,-21.240
-0.959,-1.108,0.458,80.872,59.509,-21.423
-0.939,-1.161,0.479,90.332,65.918,-20.996
-0.948,-1.239,0.519,95.459,72.144,-22.034
-0.935,-1.300,0.565,93.384,79.163,-25.208
-0.907,-1.414,0.554,85.205,85.999,-32.166
-0.896,-1.483,0.564,69.092,91.675,-42.664
-0.845,-1.548,0.557,49.438,96.191,-45.776
-0.812,-1.608,0.530,38.696,103.394,-48.157
-0.724,-1.654,0.516,31.311,108.948,-47.729
-0.649,-1.722,0.492,25.513,111.328,-46.875
-0.580,-1.796,0.477,22.217,110.840,-45.715
-0.505,-1.863,0.457,19.226,110.291,-42.175
-0.415,-1.912,0.421,12.939,110.352,-34.851
-0.324,-1.932,0.374,2.014,109.375,-25.696
-0.239,-1.925,0.310,-10.559,107.178,-16.296
-0.150,-1.885,0.237,-26.123,105.957,-5.615
-0.054,-1.807,0.163,-41.870,106.628,6.287
0.044,-1.706,0.087,-56.213,109.558,19.592
0.153,-1.586,0.022,-67.322,109.192,32.654
0.242,-1.463,-0.028,-75.989,103.760,44.922
0.308,-1.336,-0.063,-82.947,96.741,57.556
0.343,-1.196,-0.077,-88.684,89.172,70.801
0.366,-1.045,-0.079,-92.468,80.444,81.604
0.378,-0.912,-0.079,-95.459,70.313,86.914
0.389,-0.795,-0.058,-95.398,58.777,88.989
0.383,-0.684,-0.067,-92.651,47.485,89.233
0.378,-0.598,-0.054,-87.585,36.621,88.867
0.366,-0.528,-0.030,-79.163,26.062,87.952
0.334,-0.477,-0.010,-69.946,16.113,86.731
0.297,-0.424,0.013,-61.707,7.385,86.060
0.272,-0.374,0.033,-56.641,0.977,85.571
0.225,-0.331,0.054,-53.772,-4.395,84.167
0.186,-0.291,0.045,-52.490,-9.216,81.848
0.156,-0.232,0.036,-53.467,-15.564,78.247
0.123,-0.177,0.037,-54.077,-24.048,72.632
0.099,-0.135,0.044,-53.711,-32.410,66.772
0.067,-0.105,0.049,-52.551,-39.917,62.622
0.026,-0.079,0.060,-49.377,-47.485,59.692
-0.007,-0.052,0.085,-42.847,-54.871,57.983
-0.052,-0.041,0.115,-34.119,-61.890,57.068
-0.109,-0.035,0.147,-25.024,-68.420,56.396
-0.173,-0.025,0.176,-16.602,-74.036,54.993
-0.230,-0.018,0.199,-9.338,-79.102,51.392
-0.294,-0.025,0.223,-3.296,-84.167,46.082
-0.356,-0.057,0.249,2.197,-88.562,39.612
-0.420,-0.089,0.275,6.226,-92.896,33.203
-0.502,-0.118,0.298,10.193,-96.985,27.710
-0.586,-0.146,0.319,15.137,-98.450,24.170
-0.660,-0.170,0.336,20.081,-97.290,22.034
-0.722,-0.187,0.350,24.048,-95.337,18.555
-0.781,-0.210,0.367,25.879,-94.238,12.817
-0.860,-0.232,0.393,26.855,-92.651,6.409
-0.899,-0.255,0.405,29.053,-89.722,0.916
-0.944,-0.285,0.427,32.593,-86.548,-4.089
-0.972,-0.326,0.448,36.926,-83.435,-8.179
-0.947,-0.341,0.511,41.199,-80.322,-10.376
-1.034,-0.351,0.552,47.546,-77.576,-13.306
-1.063,-0.395,0.495,58.533,-78.125,-18.555
-1.086,-0.373,0.555,62.805,-74.341,-22.095
-1.136,-0.399,0.564,69.336,-70.801,-24.353
-1.163,-0.427,0.577,75.256,-63.904,-26.672
-1.213,-0.485,0.603,80.933,-57.190,-27.100
-1.242,-0.550,0.633,87.036,-49.805,-28.198
-1.239,-0.636,0.668,91.003,-41.321,-30.762
-1.254,-0.734,0.719,91.492,-33.325,-36.011
-1.259,-0.818,0.759,89.233,-24.048,-41.748
-1.234,-0.876,0.772,84.045,-12.268,-46.570
-1.211,-0.939,0.773,76.904,-0.916,-51.697
-1.201,-1.014,0.775,71.411,8.667,-56.274
-1.180,-1.094,0.772,68.420,18.005,-58.167
-1.154,-1.165,0.763,66.101,26.367,-57.190
-1.144,-1.239,0.770,65.125,32.349,-54.810
-1.151,-1.308,0.788,65.979,37.231,-51.758
-1.142,-1.367,0.814,67.322,42.664,-47.180
-1.146,-1.435,0.828,67.749,48.889,-43.518
-1.108,-1.485,0.846,65.674,55.237,-41.809
-1.132,-1.557,0.865,62.256,62.195,-44.983
-1.079,-1.625,0.867,51.025,69.214,-47.913
-1.021,-1.695,0.825,39.551,78.247,-52.185
-0.943,-1.741,0.766,26.550,87.219,-55.725
-0.852,-1.755,0.698,11.719,94.055,-55.054
-0.768,-1.731,0.611,-1.587,101.379,-50.415
-0.675,-1.673,0.508,-12.146,109.314,-42.053
-0.576,-1.605,0.417,-19.775,115.784,-32.166
-0.474,-1.544,0.354,-23.804,118.286,-23.743
-0.383,-1.496,0.293,-24.963,117.249,-17.517
-0.309,-1.461,0.240,-24.658,113.770,-12.146
-0.232,-1.422,0.199,-25.757,108.948,-5.981
-0.172,-1.381,0.177,-28.381,103.882,-0.183
-0.102,-1.346,0.164,-33.325,99.548,5.005
-0.053,-1.302,0.146,-40.100,94.360,9.705
-0.008,-1.250,0.117,-46.753,89.111,14.160
0.047,-1.201,0.074,-53.101,86.426,19.409
0.099,-1.151,0.028,-58.899,83.618,24.963
0.142,-1.098,-0.017,-62.866,77.942,30.334
0.170,-1.048,-0.053,-63.660,71.777,35.156
0.202,-0.999,-0.100,-63.599,66.650,40.833
0.234,-0.934,-0.149,-64.697,62.073,46.753
0.257,-0.865,-0.188,-65.735,54.504,50.964
0.260,-0.804,-0.215,-65.186,44.617,53.406
0.270,-0.754,-0.225,-63.416,33.691,54.810
0.259,-0.705,-0.219,-60.669,22.705,56.641
0.237,-0.650,-0.198,-57.861,12.512,60.059
0.197,-0.580,-0.174,-54.321,4.578,64.941

-1.016,-0.337,0.709,56.213,-89.661,7.812
-1.137,-0.340,0.785,62.134,-83.740,4.272
-1.210,-0.409,0.730,71.960,-78.491,-8.179
-1.175,-0.430,0.759,65.002,-69.519,-18.066
-1.214,-0.477,0.721,57.495,-58.105,-28.442
-1.204,-0.508,0.682,48.401,-47.913,-34.607
-1.188,-0.553,0.662,44.800,-40.405,-37.842
-1.158,-0.602,0.653,44.128,-35.583,-38.391
-1.162,-0.630,0.650,45.776,-32.471,-36.255
-1.168,-0.632,0.647,50.049,-28.564,-32.166
-1.168,-0.628,0.639,54.565,-23.499,-28.198
-1.180,-0.646,0.638,58.777,-19.653,-26.672
-1.215,-0.681,0.649,64.758,-17.639,-26.978
-1.261,-0.732,0.680,73.303,-15.503,-25.635
-1.305,-0.797,0.724,83.069,-10.986,-22.949
-1.346,-0.860,0.782,89.417,-3.418,-21.362
-1.372,-0.923,0.832,90.271,7.141,-23.437
-1.363,-0.981,0.857,85.449,20.447,-28.381
-1.336,-1.036,0.865,77.026,33.936,-35.889
-1.298,-1.093,0.857,67.810,47.241,-44.800
-1.249,-1.156,0.831,58.228,60.486,-53.162
-1.216,-1.211,0.774,47.668,71.960,-59.631
-1.210,-1.254,0.709,39.307,80.994,-63.538
-1.131,-1.293,0.645,34.546,87.952,-64.331
-1.104,-1.320,0.602,32.471,95.337,-65.369
-1.027,-1.344,0.557,28.809,101.624,-59.143
-0.960,-1.383,0.503,28.931,108.459,-52.795
-0.909,-1.407,0.466,26.672,113.342,-47.729
-0.841,-1.428,0.441,21.118,116.150,-42.725
-0.810,-1.472,0.398,13.550,119.263,-38.757
-0.750,-1.502,0.364,6.348,120.361,-35.034
-0.697,-1.526,0.325,0.061,120.667,-32.349
-0.647,-1.543,0.293,-6.592,120.605,-28.137
-0.602,-1.566,0.264,-12.024,120.361,-23.499
-0.563,-1.589,0.246,-16.052,119.446,-18.799
-0.491,-1.579,0.236,-19.958,119.019,-14.709
-0.422,-1.577,0.226,-25.024,117.737,-10.559
-0.347,-1.574,0.218,-32.349,115.662,-4.761
-0.286,-1.560,0.204,-40.283,113.342,1.648
-0.240,-1.517,0.191,-48.889,111.145,9.888
-0.189,-1.456,0.171,-56.580,109.253,18.372
-0.141,-1.385,0.149,-64.270,107.483,25.452
-0.081,-1.312,0.118,-70.862,104.248,31.311
-0.030,-1.238,0.088,-75.012,100.098,35.156
0.020,-1.164,0.058,-77.637,95.337,39.551
0.067,-1.082,0.036,-78.613,89.905,44.006
0.115,-1.005,0.019,-77.637,83.252,47.729
0.159,-0.934,0.007,-75.684,75.134,49.805
0.196,-0.874,-0.006,-72.998,66.406,50.964
0.200,-0.816,-0.016,-70.557,57.251,52.246
0.216,-0.755,-0.022,-67.261,48.950,54.871
0.219,-0.697,-0.032,-63.416,42.053,58.899
0.238,-0.642,-0.046,-61.584,34.607,62.866
0.254,-0.603,-0.061,-63.477,24.719,66.101
0.248,-0.564,-0.068,-68.115,12.878,69.031
0.238,-0.519,-0.066,-72.693,2.136,72.571
0.221,-0.466,-0.066,-76.294,-6.470,76.355
0.200,-0.405,-0.064,-79.346,-14.404,79.529
0.164,-0.338,-0.051,-81.543,-22.156,81.299
0.113,-0.274,-0.039,-82.642,-28.931,81.848
0.088,-0.195,-0.015,-82.825,-34.424,80.750
0.067,-0.135,-0.017,-81.726,-38.818,76.660
0.049,-0.085,-0.009,-78.979,-45.410,71.899
0.035,-0.050,-0.001,-74.646,-53.894,68.787
0.002,-0.027,0.013,-67.810,-61.584,66.833
-0.040,-0.010,0.044,-59.265,-69.458,67.200
-0.099,0.006,0.085,-50.110,-76.660,69.519
-0.149,0.021,0.127,-42.175,-82.581,71.960
-0.217,0.031,0.156,-35.645,-88.196,72.876
-0.288,0.052,0.177,-30.823,-92.651,72.632
-0.368,0.074,0.189,-25.269,-96.741,71.045
-0.440,0.097,0.201,-17.517,-100.769,67.444
-0.506,0.096,0.221,-8.423,-105.286,62.012
-0.578,0.055,0.247,1.282,-108.948,56.396
-0.669,0.000,0.286,10.925,-111.389,53.345
-0.750,-0.043,0.339,20.935,-111.694,52.063
-0.816,-0.076,0.394,30.334,-110.291,50.293
-0.869,-0.109,0.437,37.476,-108.887,47.363
-0.910,-0.141,0.469,40.344,-107.971,43.335
-0.952,-0.176,0.488,41.138,-107.422,38.391
-0.997,-0.209,0.511,41.077,-106.995,32.898
-1.068,-0.242,0.530,41.138,-106.201,27.954
-1.125,-0.277,0.553,41.016,-103.577,24.109
-1.165,-0.300,0.586,41.504,-99.365,19.653
-1.193,-0.316,0.619,42.175,-94.177,13.611
-1.205,-0.328,0.639,42.664,-88.745,7.935
-1.208,-0.343,0.651,43.396,-83.984,2.441
-1.218,-0.367,0.670,45.349,-80.444,-2.991
-1.168,-0.383,0.724,49.683,-78.125,-6.592
-1.243,-0.395,0.778,57.251,-76.538,-10.071
-1.319,-0.468,0.720,77.515,-76.904,-19.043
-1.292,-0.484,0.749,81.787,-72.754,-18.311
-1.332,-0.533,0.746,88.074,-65.430,-17.517
-1.339,-0.566,0.767,88.745,-55.908,-14.221
-1.339,-0.599,0.783,87.891,-46.021,-12.024
-1.350,-0.629,0.801,85.876,-36.255,-13.855
-1.341,-0.656,0.808,82.581,-25.391,-17.517
-1.328,-0.678,0.817,79.102,-12.146,-22.278
-1.318,-0.705,0.822,76.965,0.244,-27.405
-1.305,-0.738,0.824,76.538,10.620,-31.860
-1.304,-0.772,0.825,77.637,19.348,-34.851
-1.306,-0.821,0.831,80.444,26.733,-35.950
-1.315,-0.869,0.833,84.595,34.546,-35.400
-1.307,-0.913,0.833,88.135,43.823,-33.630
-1.290,-0.952,0.823,88.684,53.711,-32.959
-1.279,-0.987,0.798,87.036,64.270,-35.278
-1.289,-1.052,0.783,82.520,73.730,-39.856
-1.268,-1.117,0.759,77.820,82.947,-43.884
-1.250,-1.183,0.749,71.228,91.553,-48.035
-1.207,-1.253,0.733,64.758,101.074,-52.246
-1.126,-1.313,0.718,58.411,111.084,-54.260
-1.020,-1.366,0.695,51.147,119.080,-54.932
-0.948,-1.404,0.659,42.786,123.779,-53.955
-0.872,-1.450,0.598,35.461,127.808,-48.889
-0.798,-1.468,0.527,28.564,131.409,-40.710
-0.687,-1.469,0.453,17.151,133.850,-28.015
-0.616,-1.464,0.369,7.385,134.216,-16.968
-0.548,-1.441,0.306,1.587,132.507,-6.348
-0.481,-1.411,0.254,-0.793,132.080,3.296

-1.131,-0.370,0.593,66.895,-86.731,0.000
-1.133,-0.397,0.618,64.758,-83.008,-4.211
-1.146,-0.412,0.647,61.523,-78.247,-7.446
-1.085,-0.405,0.622,58.044,-71.899,-8.606
-1.179,-0.417,0.697,59.570,-65.735,-11.902
-1.223,-0.416,0.705,70.984,-57.556,-19.592
-1.239,-0.418,0.672,66.956,-47.302,-20.142
-1.247,-0.442,0.647,68.054,-38.330,-24.109
-1.229,-0.484,0.628,68.359,-32.532,-28.015
-1.232,-0.558,0.620,71.472,-30.334,-31.189
-1.254,-0.642,0.626,79.590,-29.358,-30.823
-1.276,-0.722,0.645,91.003,-27.039,-25.879
-1.299,-0.786,0.682,102.173,-22.400,-18.982
-1.348,-0.840,0.728,110.291,-16.174,-14.038
-1.371,-0.884,0.775,113.098,-7.385,-13.489
-1.384,-0.919,0.813,109.741,3.418,-18.860
-1.369,-0.965,0.840,101.135,15.137,-28.381
-1.365,-1.014,0.854,90.454,27.100,-38.818
-1.344,-1.073,0.858,82.153,40.955,-48.157
-1.302,-1.133,0.839,73.486,55.542,-55.481
-1.281,-1.177,0.811,64.575,67.017,-61.768
-1.266,-1.216,0.764,58.289,74.829,-66.589
-1.229,-1.229,0.731,55.481,82.153,-67.749
-1.189,-1.259,0.679,54.504,90.271,-68.237
-1.155,-1.300,0.641,54.443,96.924,-67.505
-1.101,-1.335,0.632,53.406,103.088,-65.308
-1.079,-1.406,0.590,53.833,109.558,-64.392
-0.998,-1.463,0.569,47.241,116.150,-62.012
-0.928,-1.522,0.534,36.926,122.742,-58.899
-0.861,-1.577,0.489,25.513,127.380,-57.922
-0.791,-1.600,0.444,14.771,131.409,-56.335
-0.709,-1.622,0.390,5.310,135.681,-54.199
-0.621,-1.652,0.326,-4.272,138.550,-50.659
-0.538,-1.668,0.281,-13.550,138.550,-45.776
-0.451,-1.671,0.261,-19.531,135.742,-39.063
-0.363,-1.663,0.242,-25.085,133.179,-28.442
-0.270,-1.637,0.225,-31.189,130.310,-15.320
-0.206,-1.603,0.206,-37.781,125.549,-2.502
-0.134,-1.563,0.201,-43.091,118.958,10.315
-0.086,-1.503,0.199,-47.241,111.938,22.034
-0.048,-1.441,0.189,-50.781,106.445,32.471
-0.011,-1.367,0.177,-55.359,101.624,41.382
0.033,-1.284,0.152,-60.242,96.741,47.791
0.073,-1.188,0.119,-65.308,91.675,51.575
0.096,-1.085,0.079,-70.190,86.121,54.626
0.118,-0.980,0.039,-74.646,80.872,57.556
0.143,-0.880,0.001,-78.796,76.233,59.631
0.169,-0.793,-0.049,-82.703,70.740,60.486
0.179,-0.724,-0.091,-86.182,63.721,60.974
0.190,-0.662,-0.118,-88.440,56.824,62.866
0.218,-0.606,-0.161,-90.515,50.659,66.223
0.235,-0.549,-0.199,-91.675,41.931,69.336
0.243,-0.490,-0.224,-91.797,30.457,72.571
0.236,-0.436,-0.239,-89.844,18.982,76.904
0.228,-0.381,-0.251,-85.999,7.690,82.520
0.210,-0.318,-0.247,-81.299,-4.700,88.745
0.188,-0.259,-0.245,-75.439,-15.503,95.093
0.149,-0.197,-0.235,-68.665,-26.794,101.440
0.086,-0.131,-0.201,-60.364,-38.879,106.934
0.020,-0.078,-0.171,-53.711,-49.561,111.206
-0.053,-0.020,-0.146,-51.147,-59.082,111.572
-0.112,0.043,-0.117,-50.781,-68.054,105.896
-0.169,0.100,-0.085,-50.171,-75.500,95.093
-0.238,0.143,-0.052,-47.363,-81.299,84.229
-0.291,0.171,-0.037,-43.152,-85.815,74.585
-0.313,0.204,-0.024,-38.513,-91.431,66.162
-0.361,0.208,-0.019,-35.461,-98.816,56.763
-0.440,0.201,-0.001,-30.334,-110.413,49.316
-0.525,0.195,0.026,-20.996,-121.582,45.654
-0.624,0.192,0.045,-9.216,-130.676,46.875
-0.741,0.175,0.084,4.150,-139.709,49.561
-0.890,0.138,0.158,20.264,-148.254,52.368
-1.042,0.101,0.267,38.818,-154.724,55.847
-1.173,0.067,0.385,57.678,-156.738,59.143
-1.267,0.049,0.494,71.655,-155.823,59.143
-1.358,0.015,0.582,78.979,-152.649,51.941
-1.422,-0.010,0.686,79.285,-147.644,38.574
-1.481,-0.042,0.782,76.599,-140.137,22.400
-1.500,-0.048,0.842,68.481,-129.517,6.775
-1.559,-0.057,0.854,57.678,-116.577,-7.996
-1.609,-0.090,0.876,51.086,-104.126,-22.095
-1.630,-0.127,0.914,51.025,-91.125,-34.851
-1.547,-0.146,0.929,53.955,-78.125,-43.701
-1.642,-0.133,1.040,62.683,-67.566,-54.626
-1.724,-0.211,0.987,90.576,-59.753,-73.425
-1.706,-0.253,1.004,94.421,-48.096,-81.238
-1.772,-0.361,0.973,100.830,-37.109,-85.815
-1.824,-0.485,0.958,106.873,-27.161,-86.121
-1.848,-0.610,0.969,114.563,-18.372,-83.313
-1.890,-0.755,0.994,124.207,-7.446,-79.895
-1.943,-0.899,1.024,129.822,6.653,-77.087
-1.974,-1.052,1.037,129.211,25.452,-78.430
-1.966,-1.188,1.041,119.324,45.898,-83.740
-1.951,-1.318,1.028,101.379,64.636,-91.309
-1.921,-1.447,1.000,82.458,81.604,-97.229
-1.846,-1.558,0.992,62.744,96.008,-98.450
-1.756,-1.620,1.009,47.058,107.788,-96.558
-1.648,-1.660,1.020,39.001,119.995,-91.919
-1.516,-1.709,0.997,34.058,134.644,-84.717
-1.371,-1.787,0.930,28.992,149.231,-76.843
-1.227,-1.866,0.852,21.912,160.278,-70.862
-1.065,-1.915,0.774,13.611,169.312,-64.758
-0.910,-1.959,0.661,4.028,178.406,-55.969
-0.710,-1.968,0.533,-6.042,185.364,-43.823
-0.497,-1.964,0.404,-16.052,189.514,-31.372
-0.284,-1.948,0.244,-26.855,190.674,-17.090
-0.104,-1.940,0.058,-35.950,189.087,0.671
0.092,-1.899,-0.122,-40.466,183.350,21.362
0.270,-1.845,-0.278,-42.603,174.622,41.687
0.416,-1.771,-0.412,-46.997,163.635,59.937
0.543,-1.672,-0.535,-55.054,152.161,73.730
0.658,-1.531,-0.652,-67.932,141.724,83.130
0.786,-1.356,-0.758,-81.543,131.104,90.576
0.878,-1.159,-0.859,-93.384,117.859,97.839
0.937,-0.923,-0.971,-101.501,101.013,107.483
0.972,-0.680,-1.052,-104.858,79.285,118.958
0.964,-0.449,-1.058,-101.074,52.551,130.432
0.899,-0.251,-1.024,-91.064,24.597,139.771
0.802,-0.077,-0.950,-77.942,-5.066,148.376

-1.511,0.746,0.103,33.569,-177.612,-0.305
-1.785,0.627,0.240,68.665,-185.059,-5.920
-2.017,0.471,0.426,100.586,-187.195,-12.268
-2.206,0.305,0.594,120.117,-178.833,-21.057
-2.378,0.138,0.723,125.793,-165.649,-35.400
-2.530,-0.045,0.843,122.437,-149.597,-54.321
-2.642,-0.229,0.972,118.225,-129.822,-71.472
-2.638,-0.420,1.048,112.732,-103.821,-82.458
-2.606,-0.624,1.095,103.821,-78.735,-90.759
-2.589,-0.789,1.133,95.032,-57.983,-96.130
-2.403,-0.915,1.133,91.187,-34.058,-94.543
-2.374,-0.969,1.325,94.604,-9.155,-93.262
-2.367,-1.149,1.242,122.498,10.742,-96.863
-2.237,-1.262,1.339,120.972,30.334,-96.436
-2.159,-1.465,1.365,120.483,49.622,-94.421
-2.027,-1.652,1.388,108.276,70.740,-89.355
-1.892,-1.824,1.369,88.928,89.355,-80.383
-1.708,-1.966,1.320,67.566,109.009,-73.547
-1.518,-2.061,1.270,40.710,126.648,-68.481
-1.302,-2.082,1.144,14.648,141.724,-66.101
-1.050,-2.057,0.997,-9.705,155.823,-66.101
-0.807,-2.031,0.810,-33.569,167.236,-65.674
-0.521,-1.984,0.622,-54.077,173.401,-61.401
-0.238,-1.941,0.440,-66.284,175.659,-53.406
0.043,-1.892,0.268,-70.984,174.683,-37.476
0.288,-1.833,0.145,-67.322,168.823,-12.695
0.427,-1.738,0.048,-58.350,161.133,18.860
0.516,-1.580,-0.024,-47.668,151.306,52.551
0.566,-1.368,-0.075,-43.457,138.794,79.651
0.597,-1.127,-0.146,-46.448,125.854,96.008
0.625,-0.931,-0.221,-53.833,113.586,101.440
0.652,-0.745,-0.268,-64.453,101.074,98.694
0.686,-0.571,-0.383,-76.477,87.402,91.614
0.706,-0.420,-0.501,-87.158,70.618,83.069
0.718,-0.303,-0.595,-92.407,52.185,76.721
0.714,-0.216,-0.664,-90.332,32.898,76.111
0.680,-0.150,-0.689,-82.703,11.963,81.177
0.604,-0.097,-0.679,-71.838,-8.850,89.172
0.515,-0.041,-0.659,-60.303,-27.771,97.900
0.397,0.027,-0.625,-50.598,-46.387,104.126
0.233,0.138,-0.577,-43.335,-63.660,107.239
0.083,0.262,-0.529,-38.025,-77.209,107.483
-0.059,0.385,-0.499,-36.865,-87.891,100.220
-0.198,0.505,-0.470,-39.856,-98.755,83.313
-0.352,0.603,-0.429,-41.870,-110.413,59.387
-0.525,0.662,-0.409,-39.307,-122.009,35.889
-0.734,0.649,-0.374,-30.945,-133.911,16.846
-0.972,0.585,-0.292,-13.000,-146.851,3.540
-1.214,0.496,-0.180,12.573,-157.898,-1.099
-1.438,0.377,-0.056,41.382,-168.091,0.488
-1.648,0.256,0.099,67.810,-176.025,2.441
-1.856,0.150,0.291,86.365,-178.772,1.526
-2.025,0.055,0.460,95.520,-174.194,-2.319
-2.165,-0.020,0.618,94.421,-165.649,-11.841
-2.347,-0.126,0.772,86.609,-155.396,-28.076
-2.485,-0.263,0.915,79.956,-140.381,-44.556
-2.553,-0.416,1.062,79.163,-123.047,-56.946
-2.570,-0.561,1.194,81.665,-105.225,-63.171
-2.563,-0.703,1.329,84.351,-86.243,-65.125
-2.497,-0.831,1.504,87.036,-63.843,-62.988
-2.436,-0.897,1.685,90.576,-37.720,-59.143
-2.394,-1.063,1.657,115.417,-13.611,-66.284
-2.350,-1.210,1.713,127.808,15.991,-73.975
-2.213,-1.326,1.753,106.506,41.016,-71.533
-2.123,-1.438,1.674,92.346,68.298,-69.397
-1.934,-1.453,1.600,64.270,97.290,-62.439
-1.717,-1.448,1.496,41.870,122.009,-57.800
-1.504,-1.463,1.376,20.630,142.151,-61.035
-1.302,-1.497,1.239,0.854,156.799,-68.481
-1.060,-1.544,1.078,-18.066,168.945,-75.378
-0.829,-1.594,0.926,-35.339,178.345,-80.261
-0.577,-1.626,0.765,-47.180,184.326,-80.750
-0.316,-1.637,0.594,-51.880,187.988,-74.158
-0.074,-1.639,0.391,-52.795,190.063,-59.570
0.163,-1.670,0.167,-48.889,187.683,-40.283
0.328,-1.701,-0.013,-42.053,179.077,-19.348
0.450,-1.682,-0.153,-35.034,166.321,4.578
0.548,-1.601,-0.242,-33.997,151.794,30.823
0.622,-1.472,-0.326,-40.466,136.658,54.749
0.663,-1.311,-0.416,-52.124,120.850,72.205
0.695,-1.144,-0.500,-64.209,105.713,83.496
0.736,-0.951,-0.599,-74.585,90.454,92.957
0.755,-0.759,-0.685,-82.764,72.632,100.891
0.744,-0.572,-0.761,-87.036,50.537,108.887
0.709,-0.389,-0.803,-87.036,26.855,117.920
0.631,-0.196,-0.801,-81.299,5.432,127.869
0.572,-0.028,-0.791,-70.557,-14.160,138.367
0.478,0.122,-0.744,-59.204,-37.781,145.508
0.304,0.247,-0.672,-46.509,-64.575,148.682
0.084,0.385,-0.579,-35.461,-87.280,149.353
-0.079,0.551,-0.499,-27.649,-102.356,142.517
-0.299,0.687,-0.441,-26.245,-112.244,122.986
-0.483,0.819,-0.369,-26.794,-121.826,95.459
-0.668,0.888,-0.290,-23.865,-130.859,63.721
-0.871,0.895,-0.205,-16.541,-140.259,34.241
-1.116,0.858,-0.093,-1.892,-149.780,11.292
-1.348,0.790,0.024,20.630,-156.372,-2.380
-1.553,0.691,0.137,45.044,-161.865,-9.705
-1.783,0.555,0.267,66.284,-168.335,-17.822
-2.036,0.414,0.450,83.374,-172.180,-26.611
-2.230,0.284,0.656,96.436,-165.466,-34.241
-2.393,0.149,0.841,102.356,-151.245,-43.335
-2.562,-0.014,1.007,100.891,-135.437,-55.786
-2.693,-0.172,1.156,95.337,-117.065,-69.092
-2.732,-0.331,1.278,88.135,-93.689,-80.688
-2.709,-0.488,1.356,80.566,-68.481,-90.576
-2.645,-0.634,1.403,74.585,-44.983,-96.130
-2.565,-0.768,1.435,74.585,-22.766,-95.825
-2.451,-0.897,1.423,81.482,-0.977,-89.539
-2.361,-0.985,1.597,98.389,17.822,-84.656
-2.373,-1.178,1.585,138.550,41.077,-86.609
-2.216,-1.368,1.530,133.606,67.932,-82.336
-2.065,-1.509,1.511,106.628,92.957,-77.637
-1.854,-1.596,1.407,72.693,117.432,-73.547
-1.613,-1.624,1.271,40.894,139.954,-72.815
-1.369,-1.641,1.123,14.709,156.921,-77.209
-1.152,-1.679,0.965,-10.315,167.847,-83.496
-0.885,-1.718,0.781,-30.396,173.645,-85.632
-0.612,-1.775,0.603,-42.664,175.049,-82.581

-0.091,-1.850,0.277,-45.410,164.429,-50.415
0.101,-1.836,0.118,-43.396,158.630,-19.165
0.249,-1.756,-0.022,-41.260,153.076,16.418
0.332,-1.627,-0.155,-40.710,145.081,48.279
0.387,-1.456,-0.264,-43.945,133.789,72.266
0.429,-1.271,-0.344,-52.124,121.765,85.083
0.486,-1.119,-0.401,-63.232,110.413,88.684
0.561,-0.978,-0.440,-76.050,98.877,87.097
0.630,-0.826,-0.514,-89.600,85.388,86.243
0.663,-0.663,-0.573,-100.708,70.923,89.172
0.673,-0.513,-0.606,-103.394,54.260,96.619
0.648,-0.396,-0.609,-100.342,34.058,107.422
0.535,-0.277,-0.548,-93.445,10.742,120.605
0.435,-0.155,-0.478,-83.862,-9.888,134.033
0.305,-0.010,-0.410,-76.904,-27.954,142.761
0.160,0.135,-0.347,-72.266,-43.091,144.470
0.017,0.293,-0.309,-70.190,-55.115,137.695
-0.066,0.454,-0.273,-68.176,-66.406,122.314
-0.174,0.539,-0.217,-64.697,-78.247,99.365
-0.292,0.581,-0.161,-58.533,-88.684,76.965
-0.400,0.589,-0.104,-49.255,-95.886,60.059
-0.530,0.601,-0.061,-38.208,-102.173,48.218
-0.673,0.605,-0.011,-24.597,-111.877,40.283
-0.845,0.587,0.051,-8.850,-124.084,34.424
-1.063,0.553,0.141,8.179,-135.803,31.128
-1.271,0.509,0.262,27.893,-142.273,31.006
-1.450,0.451,0.392,45.410,-142.029,31.311
-1.650,0.370,0.507,56.702,-140.747,26.794
-1.869,0.278,0.606,61.218,-139.099,17.334
-2.057,0.158,0.696,61.157,-133.301,4.822
-2.205,0.018,0.791,58.899,-123.352,-7.874
-2.318,-0.124,0.904,56.213,-111.633,-20.325
-2.416,-0.249,1.044,55.725,-99.731,-30.090
-2.502,-0.374,1.206,58.350,-86.609,-35.217
-2.565,-0.496,1.381,62.805,-70.862,-35.278
-2.594,-0.616,1.560,67.993,-51.208,-33.630
-2.589,-0.714,1.697,70.313,-27.832,-33.142
-2.524,-0.767,1.783,67.688,-2.747,-37.842
-2.422,-0.758,1.849,61.340,23.682,-48.523
-2.254,-0.755,1.874,67.017,51.086,-62.988
-2.089,-0.787,1.803,83.374,85.388,-80.566
-1.816,-0.834,1.659,59.265,112.976,-88.989
-1.567,-0.871,1.532,37.781,133.240,-96.680
-1.287,-0.903,1.378,23.010,146.790,-102.478
-1.023,-0.941,1.214,15.686,155.151,-108.643
-0.754,-1.004,1.041,11.719,161.438,-112.854
-0.487,-1.095,0.875,8.423,164.124,-113.586
-0.212,-1.220,0.718,6.958,162.842,-111.145
0.054,-1.322,0.552,7.080,159.668,-100.525
0.288,-1.393,0.380,8.606,155.518,-78.979
0.481,-1.408,0.189,9.827,149.353,-47.852
0.602,-1.366,0.013,10.315,139.954,-13.550
0.628,-1.299,-0.122,9.399,126.587,18.372
0.617,-1.225,-0.215,6.470,111.633,44.617
0.629,-1.193,-0.278,0.977,97.351,62.073
0.641,-1.169,-0.307,-8.240,82.764,71.045
0.612,-1.157,-0.340,-22.644,68.665,76.294
0.590,-1.099,-0.376,-39.551,56.030,83.618
0.568,-1.003,-0.434,-55.359,44.006,92.163
0.502,-0.851,-0.492,-68.359,29.114,101.013
0.426,-0.677,-0.506,-74.341,12.268,109.985
0.356,-0.513,-0.501,-73.608,-3.540,117.737
0.278,-0.368,-0.459,-70.068,-20.325,123.718
0.181,-0.212,-0.418,-63.416,-36.438,129.272
0.075,-0.060,-0.364,-52.795,-50.903,134.949
-0.040,0.076,-0.307,-41.687,-64.575,138.489
-0.139,0.183,-0.235,-30.945,-76.599,136.108
-0.264,0.279,-0.165,-24.170,-87.830,126.221
-0.388,0.389,-0.085,-19.226,-97.107,111.694
-0.513,0.461,-0.026,-16.174,-101.929,94.604
-0.618,0.541,0.020,-14.893,-106.750,76.477
-0.740,0.596,0.068,-11.963,-113.892,56.152
-0.890,0.612,0.150,-5.798,-123.108,38.818
-1.049,0.615,0.253,5.005,-131.165,26.794
-1.206,0.588,0.345,17.273,-136.169,17.761
-1.362,0.532,0.450,27.527,-141.296,8.423
-1.540,0.478,0.567,37.109,-146.301,-1.465
-1.751,0.425,0.698,47.913,-147.766,-8.057
-1.925,0.371,0.817,59.998,-142.395,-12.390
-2.088,0.292,0.913,68.176,-132.507,-21.545
-2.251,0.193,0.985,69.763,-122.864,-36.804
-2.372,0.068,1.050,70.984,-111.328,-53.345
-2.437,-0.098,1.104,77.515,-96.375,-65.979
-2.502,-0.284,1.154,86.914,-81.787,-71.960
-2.554,-0.471,1.245,98.877,-67.444,-72.876
-2.608,-0.657,1.342,111.328,-49.377,-71.533
-2.610,-0.821,1.494,119.446,-25.818,-70.801
-2.536,-1.038,1.518,138.611,-2.075,-79.651
-2.512,-1.245,1.566,156.982,33.264,-98.328
-2.295,-1.463,1.503,121.216,65.491,-108.154
-2.070,-1.616,1.407,74.646,94.482,-115.601
-1.818,-1.681,1.268,27.527,116.272,-117.859
-1.547,-1.665,1.135,-1.648,131.958,-112.732
-1.282,-1.635,0.983,-13.123,144.592,-101.868
-1.005,-1.615,0.819,-16.418,154.541,-84.839
-0.726,-1.629,0.660,-16.479,160.095,-63.049
-0.464,-1.641,0.525,-14.832,160.950,-39.490
-0.231,-1.608,0.385,-13.123,157.776,-14.587
-0.050,-1.539,0.239,-13.611,151.917,9.705
0.108,-1.436,0.100,-16.724,145.813,29.907
0.256,-1.296,-0.022,-22.827,141.602,43.823
0.413,-1.149,-0.113,-31.921,136.230,52.368
0.561,-0.992,-0.189,-41.687,127.075,57.556
0.685,-0.827,-0.245,-48.950,114.258,62.622
0.778,-0.646,-0.300,-52.063,98.938,70.007
0.831,-0.503,-0.341,-52.979,80.200,79.651
0.830,-0.370,-0.364,-50.354,56.946,89.783
0.764,-0.266,-0.365,-45.166,33.752,99.182
0.693,-0.177,-0.347,-41.382,12.817,106.812
0.602,-0.109,-0.320,-41.138,-4.578,109.497
0.488,-0.059,-0.292,-44.006,-21.301,108.093
0.376,-0.004,-0.265,-47.913,-34.790,105.042
0.267,0.073,-0.235,-51.758,-44.861,100.159
0.152,0.161,-0.218,-55.908,-52.185,92.285
0.058,0.252,-0.211,-59.875,-58.594,80.750
-0.050,0.339,-0.212,-61.218,-67.566,65.918
-0.177,0.426,-0.201,-55.969,-79.346,51.453
-0.328,0.495,-0.180,-43.396,-92.651,41.931
-0.506,0.532,-0.116,-25.208,-107.483,36.682

-1.511,0.411,0.333,50.476,-143.494,-5.127
-1.651,0.333,0.458,53.833,-137.329,-19.714
-1.779,0.246,0.572,52.856,-130.188,-34.729
-1.937,0.169,0.682,49.927,-125.366,-46.509
-2.098,0.085,0.779,51.941,-118.286,-49.805
-2.218,0.002,0.860,59.021,-107.361,-47.668
-2.314,-0.102,0.955,68.604,-96.924,-47.302
-2.362,-0.245,1.059,77.820,-86.304,-48.828
-2.394,-0.413,1.154,83.923,-72.876,-50.415
-2.379,-0.591,1.279,86.060,-55.969,-51.819
-2.367,-0.752,1.375,86.609,-36.621,-54.321
-2.329,-0.893,1.388,84.900,-14.526,-55.786
-2.256,-0.989,1.513,89.539,3.479,-62.561
-2.309,-1.168,1.516,114.807,29.419,-76.660
-2.163,-1.340,1.497,93.384,55.664,-77.271
-1.983,-1.452,1.414,66.101,81.848,-73.120
-1.778,-1.525,1.295,34.363,101.868,-69.763
-1.553,-1.554,1.192,12.634,116.760,-67.871
-1.313,-1.584,1.062,-1.465,129.944,-64.514
-1.045,-1.609,0.928,-11.597,141.357,-57.434
-0.786,-1.647,0.781,-19.104,150.757,-47.180
-0.501,-1.672,0.621,-25.635,156.616,-32.227
-0.241,-1.670,0.475,-32.654,158.936,-14.038
-0.038,-1.640,0.341,-40.222,160.217,6.775
0.126,-1.555,0.190,-47.058,161.865,29.724
0.275,-1.401,0.044,-53.589,161.682,52.307
0.399,-1.204,-0.107,-59.753,157.898,70.801
0.534,-1.018,-0.207,-64.941,148.315,81.055
0.627,-0.833,-0.271,-68.787,132.446,84.351
0.711,-0.668,-0.363,-74.341,114.746,86.487
0.756,-0.518,-0.446,-78.979,93.384,88.806
0.759,-0.387,-0.490,-80.627,69.031,91.370
0.734,-0.266,-0.500,-78.308,46.814,96.863
0.718,-0.177,-0.486,-73.730,25.757,105.103
0.642,-0.089,-0.464,-70.679,2.197,113.098
0.518,0.005,-0.428,-66.772,-21.179,119.568
0.363,0.082,-0.393,-61.584,-40.344,126.587
0.203,0.170,-0.361,-57.068,-56.519,131.531
0.016,0.277,-0.320,-53.650,-69.702,129.150
-0.173,0.384,-0.273,-50.903,-78.247,119.385
-0.322,0.502,-0.247,-47.668,-85.266,103.394
-0.467,0.610,-0.230,-43.335,-94.971,80.872
-0.622,0.657,-0.194,-36.377,-108.887,56.458
-0.799,0.653,-0.116,-23.560,-122.620,37.292
-0.960,0.615,-0.029,-3.357,-130.554,27.893
-1.139,0.556,0.047,17.700,-137.329,25.879
-1.340,0.494,0.158,38.391,-145.630,24.841
-1.528,0.425,0.268,56.152,-151.855,22.339
-1.699,0.336,0.387,69.763,-154.602,17.761
-1.846,0.267,0.502,77.393,-151.123,11.658
-1.939,0.203,0.557,79.407,-140.747,4.456
-2.016,0.140,0.598,76.904,-128.784,-5.432
-2.076,0.073,0.652,73.242,-117.126,-16.846
-2.087,-0.007,0.702,70.496,-103.516,-26.733
-2.094,-0.099,0.760,70.190,-89.844,-33.936
-2.091,-0.189,0.826,75.500,-78.125,-36.682
-2.084,-0.267,0.882,85.999,-68.298,-33.875
-2.102,-0.344,0.932,100.708,-60.120,-28.015
-2.166,-0.450,1.002,116.577,-50.964,-22.888
-2.145,-0.549,1.178,139.465,-39.917,-25.452
-2.250,-0.675,1.302,171.265,-14.404,-40.527
-2.178,-0.813,1.378,153.809,10.620,-51.575
-2.116,-0.981,1.367,133.911,36.926,-64.087
-2.006,-1.116,1.356,106.567,61.157,-72.510
-1.876,-1.213,1.333,78.796,80.078,-74.585
-1.750,-1.288,1.283,58.472,95.947,-76.233
-1.619,-1.328,1.188,46.875,109.497,-76.843
-1.510,-1.352,1.055,39.429,119.934,-75.989
-1.393,-1.362,0.949,29.846,128.357,-73.364
-1.245,-1.341,0.862,19.226,134.644,-69.946
-1.096,-1.316,0.808,12.756,138.916,-68.054
-0.972,-1.306,0.760,11.780,142.273,-64.392
-0.865,-1.296,0.709,15.442,146.606,-56.946
-0.756,-1.277,0.648,22.156,152.710,-48.340
-0.662,-1.262,0.576,28.870,157.104,-40.894
-0.556,-1.248,0.519,32.715,157.959,-34.912
-0.445,-1.254,0.474,32.227,157.776,-29.846
-0.323,-1.271,0.417,27.344,157.776,-24.841
-0.213,-1.307,0.314,18.372,157.349,-20.142
-0.117,-1.314,0.209,6.348,156.616,-12.817
-0.002,-1.300,0.100,-6.653,156.067,-2.319
0.085,-1.248,0.000,-21.912,153.442,9.277
0.153,-1.163,-0.085,-37.048,147.705,21.179
0.227,-1.062,-0.144,-50.171,140.503,31.372
0.295,-0.987,-0.178,-59.509,130.005,38.879
0.348,-0.934,-0.200,-65.552,116.516,46.448
0.364,-0.883,-0.202,-67.932,100.220,55.847
0.357,-0.817,-0.188,-68.237,86.731,68.237
0.347,-0.746,-0.197,-68.176,75.989,80.933
0.339,-0.693,-0.233,-69.763,64.758,89.661
0.311,-0.651,-0.237,-73.425,52.368,92.651
0.292,-0.602,-0.253,-78.430,43.274,92.102
0.290,-0.548,-0.285,-83.862,35.706,90.576
0.289,-0.492,-0.321,-88.623,26.978,88.806
0.280,-0.428,-0.345,-92.712,16.846,88.501
0.256,-0.363,-0.349,-93.628,5.920,91.919
0.206,-0.271,-0.329,-92.224,-6.592,98.816
0.111,-0.145,-0.297,-88.196,-20.020,107.117
0.032,-0.009,-0.273,-83.313,-32.715,113.525
-0.064,0.090,-0.216,-78.552,-47.180,114.563
-0.172,0.160,-0.150,-73.242,-60.303,110.352
-0.264,0.226,-0.078,-67.932,-71.472,104.309
-0.350,0.283,-0.025,-63.232,-80.261,96.619
-0.424,0.335,0.027,-58.167,-86.975,86.853
-0.482,0.389,0.049,-53.589,-91.431,74.890
-0.522,0.416,0.060,-49.377,-95.764,61.523
-0.574,0.415,0.071,-44.678,-102.356,47.974
-0.632,0.405,0.082,-39.673,-109.253,38.086
-0.730,0.399,0.083,-33.997,-115.112,32.654
-0.851,0.394,0.087,-27.405,-118.774,30.579
-0.984,0.379,0.090,-21.912,-120.056,29.846
-1.116,0.390,0.104,-17.456,-120.728,27.222
-1.240,0.422,0.158,-13.794,-120.728,19.531
-1.320,0.451,0.251,-9.094,-118.835,7.507
-1.367,0.456,0.349,-3.174,-117.615,-5.127
-1.389,0.433,0.447,1.770,-119.202,-17.456
-1.406,0.394,0.536,6.531,-122.498,-26.978
-1.425,0.350,0.605,11.353,-125.244,-31.372
-1.432,0.290,0.659,14.709,-127.258,-31.677

-1.617,0.234,0.810,21.057,-128.174,-26.672
-1.672,0.230,0.846,22.827,-119.080,-21.851
-1.697,0.181,0.854,23.254,-110.962,-23.682
-1.725,0.124,0.851,22.522,-106.140,-29.297
-1.724,0.079,0.854,24.475,-102.173,-31.128
-1.782,0.070,0.922,28.076,-97.534,-28.625
-1.791,-0.003,0.840,48.096,-95.764,-27.405
-1.834,-0.005,0.910,69.275,-86.243,-27.893
-1.835,-0.052,0.914,80.627,-76.294,-23.926
-1.829,-0.097,0.957,85.571,-65.247,-22.827
-1.805,-0.143,1.025,84.839,-56.396,-22.888
-1.787,-0.194,1.095,83.313,-47.363,-23.376
-1.782,-0.214,1.159,85.327,-36.072,-23.682
-1.805,-0.210,1.210,88.440,-22.583,-22.644
-1.839,-0.194,1.248,91.553,-5.737,-22.339
-1.812,-0.165,1.250,92.285,14.404,-25.818
-1.787,-0.161,1.231,91.736,32.654,-36.316
-1.737,-0.202,1.209,92.834,47.363,-50.659
-1.660,-0.268,1.176,97.595,61.768,-61.157
-1.562,-0.350,1.134,104.004,73.608,-66.406
-1.487,-0.419,1.104,109.314,80.811,-68.542
-1.429,-0.511,1.064,112.915,85.144,-68.909
-1.377,-0.608,1.015,113.464,88.257,-67.688
-1.357,-0.689,0.973,112.061,89.417,-64.941
-1.375,-0.786,0.958,111.633,92.590,-61.218
-1.414,-0.872,0.966,115.906,102.966,-58.899
-1.376,-0.983,0.973,121.826,120.422,-57.617
-1.319,-1.100,0.952,119.751,135.986,-58.777
-1.256,-1.229,0.938,111.633,143.677,-64.697
-1.202,-1.357,0.927,103.577,148.376,-69.885
-1.144,-1.488,0.888,94.849,156.433,-68.054
-1.041,-1.587,0.836,85.388,166.443,-59.387
-0.906,-1.653,0.756,73.730,173.645,-48.706
-0.812,-1.679,0.668,57.922,176.758,-38.330
-0.720,-1.664,0.573,46.082,177.368,-25.330
-0.622,-1.615,0.445,39.856,178.589,-10.498
-0.517,-1.536,0.329,25.940,177.002,3.967
-0.435,-1.450,0.246,5.432,171.143,17.822
-0.369,-1.367,0.183,-6.592,166.077,31.433
-0.273,-1.302,0.100,-10.010,166.504,47.974
-0.177,-1.212,0.015,-13.977,166.504,66.223
-0.086,-1.109,-0.066,-19.836,161.865,81.665
-0.004,-1.014,-0.164,-28.320,153.748,93.689
0.074,-0.926,-0.256,-38.269,142.151,102.295
0.145,-0.858,-0.346,-46.387,128.296,107.361
0.203,-0.803,-0.419,-52.429,112.732,111.755
0.256,-0.766,-0.475,-57.434,96.252,117.554
0.279,-0.734,-0.501,-61.829,80.261,125.671
0.283,-0.685,-0.513,-62.683,64.636,137.024
0.273,-0.591,-0.509,-61.096,49.805,150.269
0.262,-0.485,-0.486,-56.763,35.339,160.889
0.272,-0.398,-0.450,-51.270,20.569,167.419
0.289,-0.334,-0.385,-46.936,4.944,169.861
0.278,-0.276,-0.321,-43.884,-10.132,169.983
0.264,-0.212,-0.269,-41.321,-24.292,169.922
0.248,-0.157,-0.215,-40.955,-35.889,168.396
0.242,-0.134,-0.165,-42.847,-46.753,163.025
0.221,-0.119,-0.121,-48.645,-57.312,155.090
0.187,-0.078,-0.077,-56.580,-66.040,148.376
0.148,-0.002,-0.079,-64.087,-71.472,144.836
0.098,0.108,-0.095,-68.237,-77.393,141.785
0.027,0.199,-0.091,-64.697,-86.731,135.864
-0.065,0.289,-0.040,-53.162,-98.938,130.798
-0.128,0.359,0.018,-37.903,-108.826,128.845
-0.208,0.376,0.057,-22.400,-114.990,126.526
-0.277,0.363,0.102,-6.287,-122.742,121.216
-0.357,0.321,0.149,10.254,-132.812,114.197
-0.410,0.270,0.172,25.757,-139.282,110.718
-0.467,0.233,0.185,39.795,-142.578,111.206
-0.535,0.175,0.190,53.284,-141.296,114.929
-0.668,0.117,0.151,65.796,-135.010,122.131
-0.797,0.112,0.104,77.942,-128.662,131.897
-0.950,0.147,0.134,88.623,-127.197,134.338
-1.216,0.165,0.281,94.604,-126.343,121.521
-1.329,0.172,0.356,87.952,-112.610,95.398
-1.356,0.132,0.370,64.697,-95.154,51.392
-1.395,0.016,0.320,32.654,-88.623,-3.967
-1.363,-0.103,0.270,5.188,-90.576,-50.110
-1.317,-0.215,0.213,-2.014,-95.520,-75.134
-1.283,-0.300,0.173,9.705,-103.638,-75.623
-1.312,-0.372,0.152,34.302,-117.554,-60.120
-1.403,-0.405,0.236,64.575,-135.315,-39.795
-1.609,-0.419,0.365,91.309,-148.926,-21.973
-1.733,-0.518,0.372,124.268,-158.752,-13.428
-1.853,-0.555,0.486,149.536,-159.912,-15.869
-1.887,-0.643,0.546,162.354,-157.471,-21.667
-1.897,-0.745,0.563,168.762,-150.085,-28.931
-1.901,-0.838,0.618,169.678,-144.592,-32.898
-1.940,-0.942,0.693,171.265,-139.160,-33.875
-1.961,-1.041,0.764,172.974,-130.127,-31.860
-1.939,-1.135,0.846,170.471,-117.493,-28.687
-1.935,-1.203,0.940,161.011,-103.455,-25.574
-1.935,-1.229,1.016,147.156,-87.341,-20.081
-1.936,-1.213,1.080,131.958,-66.956,-12.451
-1.945,-1.171,1.161,116.699,-43.396,-4.456
-1.890,-1.104,1.199,99.365,-17.273,-0.305
-1.852,-1.033,1.192,81.238,6.958,-3.052
-1.816,-0.987,1.160,65.674,27.466,-9.827
-1.799,-0.952,1.145,57.800,46.448,-17.212
-1.751,-0.939,1.137,59.998,67.871,-21.118
-1.674,-0.937,1.088,65.002,91.064,-20.325
-1.628,-0.936,1.021,68.726,111.145,-20.447
-1.589,-0.974,0.943,71.594,126.709,-24.658
-1.542,-1.052,0.865,72.021,139.587,-31.555
-1.483,-1.186,0.785,68.542,150.635,-40.100
-1.401,-1.340,0.721,60.364,160.583,-48.279
-1.312,-1.517,0.666,48.767,169.556,-53.467
-1.240,-1.651,0.616,35.583,177.734,-53.711
-1.198,-1.747,0.573,23.621,187.073,-44.739
-1.126,-1.794,0.539,14.465,199.097,-26.306
-1.057,-1.825,0.501,8.606,210.571,-7.080
-1.006,-1.828,0.448,6.714,221.985,9.521
-0.918,-1.837,0.384,9.766,236.694,26.062
-0.778,-1.845,0.293,12.085,247.620,41.870
-0.622,-1.855,0.187,11.658,249.268,54.260
-0.469,-1.832,0.079,6.653,241.821,63.416
-0.318,-1.785,-0.008,1.160,229.431,72.632
-0.144,-1.732,-0.090,-3.113,217.468,84.290
0.076,-1.701,-0.199,-4.089,202.942,99.121

0.367,-1.640,-0.403,-15.076,160.828,130.981
0.408,-1.509,-0.464,-31.738,134.460,145.996
0.401,-1.310,-0.510,-50.842,112.488,160.339
0.417,-1.098,-0.556,-68.542,94.910,165.771
0.463,-0.910,-0.593,-87.036,78.430,157.593
0.481,-0.763,-0.606,-106.567,60.669,139.832
0.460,-0.649,-0.561,-122.437,47.974,120.056
0.471,-0.561,-0.554,-136.780,47.729,105.286
0.557,-0.474,-0.558,-152.710,52.185,93.262
0.611,-0.428,-0.587,-164.062,50.598,81.238
0.651,-0.390,-0.610,-168.396,43.335,75.134
0.668,-0.339,-0.610,-164.612,34.119,78.064
0.638,-0.272,-0.592,-153.809,24.170,86.731
0.591,-0.187,-0.555,-138.367,13.123,95.764
0.537,-0.110,-0.511,-121.948,-0.671,100.098
0.474,-0.044,-0.434,-107.117,-15.869,98.450
0.416,-0.019,-0.344,-92.712,-30.518,92.590
0.351,0.001,-0.259,-79.163,-41.748,86.121
0.296,0.020,-0.191,-66.833,-49.866,81.604
0.242,0.032,-0.131,-56.763,-56.458,77.087
0.198,0.037,-0.083,-49.438,-62.073,71.777
0.153,0.043,-0.047,-45.349,-69.031,65.125
0.107,0.055,-0.022,-42.114,-76.416,58.350
0.087,0.076,0.015,-39.551,-84.839,52.246
0.042,0.095,0.059,-36.072,-94.666,46.509
-0.021,0.127,0.095,-32.043,-102.661,43.518
-0.083,0.154,0.123,-25.574,-109.070,42.725
-0.164,0.195,0.165,-18.188,-115.967,40.771
-0.236,0.221,0.202,-9.705,-122.620,37.598
-0.324,0.219,0.253,0.000,-129.578,33.386
-0.415,0.195,0.299,10.498,-136.475,29.175
-0.518,0.178,0.335,20.447,-141.479,27.039
-0.624,0.163,0.357,29.114,-143.677,25.513
-0.737,0.159,0.376,35.889,-143.433,22.522
-0.826,0.148,0.371,41.077,-140.503,17.517
-0.888,0.130,0.365,43.640,-137.390,9.705
-0.906,0.106,0.355,41.931,-135.376,-1.587
-0.914,0.063,0.329,34.668,-134.949,-14.648
-0.939,0.034,0.302,23.865,-136.719,-27.039
-0.970,0.028,0.249,13.367,-138.428,-34.729
-0.997,0.033,0.191,6.104,-139.648,-37.415
-1.040,0.027,0.133,2.991,-142.822,-37.415
-1.169,0.009,0.082,2.930,-148.010,-36.133
-1.281,0.007,0.075,10.010,-153.381,-33.386
-1.391,-0.028,0.101,27.832,-157.715,-32.349
-1.459,-0.090,0.140,48.645,-162.109,-33.020
-1.520,-0.167,0.185,68.665,-166.260,-33.386
-1.595,-0.245,0.221,88.074,-168.579,-32.776
-1.622,-0.306,0.274,105.530,-168.762,-31.250
-1.653,-0.378,0.297,124.329,-172.913,-34.180
-1.776,-0.415,0.444,145.508,-171.143,-37.903
-1.829,-0.497,0.523,154.846,-161.804,-38.391
-1.839,-0.605,0.598,155.396,-146.973,-43.335
-1.853,-0.719,0.679,144.470,-134.949,-50.781
-1.871,-0.794,0.741,130.493,-121.887,-54.688
-1.910,-0.855,0.776,119.568,-105.530,-52.734
-1.967,-0.902,0.788,112.549,-88.684,-48.157
-2.017,-0.939,0.810,110.718,-72.449,-45.837
-2.035,-0.991,0.832,110.779,-56.335,-45.715
-2.023,-1.044,0.845,110.474,-39.612,-44.556
-2.012,-1.086,0.846,110.413,-24.231,-41.504
-2.007,-1.103,0.849,112.244,-10.437,-36.926
-1.982,-1.107,0.868,116.272,2.991,-31.311
-1.958,-1.123,0.872,120.728,19.226,-25.513
-1.946,-1.131,0.876,123.413,36.072,-19.592
-1.908,-1.133,0.880,122.620,54.382,-14.465
-1.862,-1.132,0.860,116.699,75.623,-11.047
-1.807,-1.115,0.830,105.042,96.375,-10.925
-1.734,-1.094,0.774,89.417,116.211,-14.587
-1.661,-1.059,0.690,70.801,134.216,-20.935
-1.585,-1.011,0.594,53.589,148.193,-28.015
-1.505,-0.972,0.521,41.931,158.264,-35.278
-1.405,-0.972,0.462,35.950,164.978,-41.687
-1.339,-1.023,0.413,33.752,169.250,-45.227
-1.312,-1.080,0.395,35.095,172.668,-47.241
-1.247,-1.150,0.366,40.771,180.359,-47.302
-1.159,-1.232,0.336,44.373,189.026,-46.265
-1.087,-1.337,0.289,43.152,193.176,-46.387
-1.031,-1.455,0.246,39.246,194.580,-45.715
-0.972,-1.541,0.217,36.377,193.909,-42.908
-0.933,-1.621,0.196,34.180,192.017,-39.124
-0.833,-1.713,0.196,30.273,191.162,-34.729
-0.744,-1.805,0.187,22.400,191.284,-30.762
-0.654,-1.853,0.190,12.146,189.453,-24.963
-0.565,-1.885,0.177,3.418,187.988,-15.381
-0.481,-1.873,0.160,-4.578,188.477,-1.831
-0.377,-1.840,0.129,-13.550,188.354,14.099
-0.285,-1.795,0.082,-23.437,185.547,28.442
-0.223,-1.722,0.014,-35.706,177.612,41.199
-0.189,-1.600,-0.048,-50.903,167.542,55.176
-0.148,-1.448,-0.129,-65.247,158.142,70.496
-0.108,-1.276,-0.193,-74.768,148.743,82.397
-0.046,-1.128,-0.246,-78.491,140.198,90.881
0.035,-1.006,-0.297,-80.505,130.859,99.792
0.106,-0.898,-0.334,-81.238,118.713,109.436
0.161,-0.793,-0.357,-79.224,106.201,118.713
0.218,-0.687,-0.367,-78.003,94.727,128.601
0.250,-0.603,-0.372,-78.003,82.764,137.451
0.245,-0.541,-0.357,-78.796,70.435,143.860
0.251,-0.473,-0.316,-77.576,60.547,147.888
0.263,-0.414,-0.284,-76.355,56.458,150.696
0.288,-0.356,-0.266,-78.430,51.575,149.963
0.310,-0.294,-0.258,-81.238,42.542,144.836
0.327,-0.227,-0.257,-83.008,31.799,138.611
0.345,-0.161,-0.255,-83.069,20.874,133.301
0.353,-0.100,-0.254,-81.238,10.010,128.479
0.361,-0.044,-0.258,-76.965,-0.061,123.901
0.371,0.001,-0.245,-70.374,-10.681,118.774
0.371,0.040,-0.217,-62.866,-22.949,113.281
0.369,0.084,-0.175,-55.054,-33.936,108.398
0.361,0.110,-0.135,-47.974,-44.067,103.577
0.331,0.136,-0.080,-42.419,-56.274,98.083
0.299,0.162,-0.038,-38.269,-67.444,91.797
0.266,0.186,0.010,-35.217,-78.613,84.167
0.216,0.197,0.054,-32.410,-90.942,76.965
0.143,0.201,0.090,-28.259,-101.379,72.449
0.046,0.225,0.115,-22.583,-110.718,70.435
-0.036,0.269,0.127,-15.503,-118.347,67.810
-0.120,0.282,0.136,-7.568,-126.221,59.631

-1.417,-0.238,0.469,52.551,-141.052,-42.419
-1.457,-0.257,0.479,46.265,-135.925,-42.542
-1.484,-0.292,0.458,38.818,-130.615,-43.274
-1.492,-0.305,0.440,30.518,-126.770,-43.945
-1.521,-0.326,0.404,24.475,-124.084,-43.640
-1.488,-0.332,0.314,21.423,-121.033,-39.063
-1.554,-0.283,0.410,25.085,-120.605,-36.804
-1.651,-0.275,0.422,49.500,-117.737,-37.231
-1.688,-0.260,0.460,63.354,-112.488,-33.997
-1.707,-0.297,0.509,82.153,-106.995,-32.471
-1.739,-0.378,0.588,97.351,-103.577,-31.616
-1.832,-0.495,0.695,112.366,-100.952,-31.372
-1.910,-0.608,0.808,127.502,-94.177,-29.785
-1.985,-0.712,0.919,136.963,-80.994,-27.771
-2.049,-0.819,1.005,138.428,-63.721,-29.114
-2.066,-0.912,1.063,130.371,-43.579,-34.180
-2.054,-0.978,1.072,116.760,-22.156,-41.199
-1.999,-1.016,1.058,100.952,-1.831,-47.546
-1.932,-1.044,1.022,86.182,16.174,-51.636
-1.867,-1.040,0.972,76.111,32.288,-49.988
-1.806,-1.004,0.915,70.740,46.997,-43.457
-1.756,-0.956,0.858,68.726,60.059,-35.156
-1.731,-0.907,0.817,69.092,71.106,-27.832
-1.706,-0.871,0.792,70.862,83.435,-22.095
-1.648,-0.849,0.760,72.327,99.121,-18.127
-1.586,-0.849,0.717,71.167,116.516,-18.982
-1.527,-0.865,0.666,66.772,131.653,-24.231
-1.456,-0.889,0.611,61.584,143.799,-31.372
-1.374,-0.928,0.571,57.800,153.442,-39.001
-1.292,-0.994,0.544,55.847,162.476,-46.631
-1.212,-1.065,0.515,54.565,171.021,-52.856
-1.128,-1.130,0.509,53.955,178.528,-57.800
-1.065,-1.217,0.485,51.331,184.875,-61.279
-0.983,-1.287,0.447,46.204,188.477,-61.523
-0.919,-1.339,0.400,39.001,189.453,-60.120
-0.867,-1.385,0.350,30.640,188.965,-57.739
-0.807,-1.425,0.307,21.484,185.486,-53.955
-0.737,-1.470,0.291,13.916,180.664,-48.706
-0.669,-1.500,0.276,8.728,177.307,-41.016
-0.598,-1.520,0.255,4.211,173.767,-29.785
-0.552,-1.527,0.217,-0.488,169.495,-16.724
-0.506,-1.500,0.186,-4.822,163.025,-3.357
-0.467,-1.453,0.151,-9.583,155.884,8.423
-0.424,-1.402,0.113,-15.747,148.682,19.226
-0.392,-1.354,0.087,-24.780,140.930,28.259
-0.361,-1.316,0.061,-33.569,133.789,36.438
-0.317,-1.259,0.044,-40.710,127.136,44.434
-0.265,-1.194,0.022,-47.363,120.544,52.246
-0.218,-1.135,0.003,-54.504,114.380,60.120
-0.170,-1.076,-0.011,-61.035,108.765,68.481
-0.131,-1.006,-0.040,-67.200,104.126,77.576
-0.089,-0.927,-0.069,-72.937,99.609,86.304
-0.051,-0.851,-0.090,-78.125,92.590,93.506
-0.021,-0.786,-0.100,-82.031,83.740,99.548
0.000,-0.725,-0.117,-85.449,74.890,106.018
0.020,-0.662,-0.139,-87.463,67.017,113.403
0.035,-0.594,-0.148,-86.609,57.800,120.483
0.063,-0.529,-0.140,-82.092,47.729,126.465
0.093,-0.472,-0.142,-76.538,38.086,131.958
0.113,-0.408,-0.139,-70.313,28.137,137.695
0.141,-0.337,-0.144,-65.002,18.372,142.822
0.152,-0.274,-0.153,-60.791,8.911,145.630
0.157,-0.221,-0.162,-58.167,-1.343,146.362
0.145,-0.164,-0.171,-55.969,-10.925,144.653
0.145,-0.108,-0.156,-52.979,-20.203,141.418
0.154,-0.069,-0.146,-51.697,-29.053,136.963
0.148,-0.044,-0.135,-52.673,-37.781,132.141
0.145,-0.020,-0.125,-55.237,-46.143,126.526
0.138,0.000,-0.123,-57.861,-53.833,120.667
0.126,0.035,-0.132,-60.852,-62.622,116.394
0.106,0.077,-0.145,-62.439,-74.341,112.488
0.056,0.125,-0.163,-62.805,-86.731,108.337
-0.007,0.194,-0.163,-59.753,-98.877,103.638
-0.085,0.251,-0.137,-52.795,-109.497,97.046
-0.122,0.306,-0.097,-43.091,-116.882,89.783
-0.149,0.330,-0.037,-30.579,-123.901,80.322
-0.190,0.370,0.026,-18.555,-132.141,70.435
-0.238,0.403,0.079,-5.493,-141.113,62.988
-0.316,0.405,0.115,7.874,-150.879,57.739
-0.381,0.423,0.161,23.254,-161.194,55.420
-0.501,0.408,0.173,38.940,-169.739,55.786
-0.672,0.392,0.215,55.359,-179.077,57.739
-0.833,0.389,0.296,79.590,-184.448,58.289
-0.984,0.385,0.404,110.107,-185.425,59.326
-1.140,0.350,0.496,140.442,-183.655,59.143
-1.238,0.283,0.550,167.175,-179.077,52.246
-1.333,0.179,0.577,189.453,-174.438,37.842
-1.354,0.058,0.586,204.590,-169.067,20.630
-1.368,-0.077,0.587,210.510,-164.795,2.319
-1.381,-0.255,0.549,207.764,-162.231,-15.869
-1.402,-0.406,0.526,196.594,-160.583,-29.480
-1.390,-0.546,0.491,178.894,-157.959,-36.987
-1.446,-0.606,0.456,155.579,-154.480,-40.100
-1.569,-0.621,0.395,133.972,-147.034,-38.635
-1.619,-0.578,0.397,113.281,-133.057,-37.842
-1.687,-0.609,0.303,107.117,-120.361,-51.697
-1.742,-0.607,0.306,103.455,-98.816,-71.960
-1.730,-0.673,0.229,82.275,-79.102,-88.257
-1.696,-0.757,0.186,65.735,-60.608,-102.661
-1.651,-0.820,0.168,52.673,-47.424,-108.582
-1.617,-0.899,0.148,47.729,-39.978,-103.455
-1.585,-0.964,0.154,52.917,-36.072,-90.759
-1.611,-1.013,0.168,63.904,-33.997,-72.754
-1.666,-1.039,0.183,77.454,-30.396,-50.476
-1.710,-1.052,0.209,90.576,-25.757,-29.846
-1.751,-1.086,0.253,101.868,-21.118,-16.663
-1.786,-1.127,0.312,110.107,-16.235,-9.705
-1.805,-1.158,0.373,115.845,-8.118,-5.371
-1.782,-1.195,0.420,117.371,2.869,-2.747
-1.757,-1.219,0.461,113.403,15.015,-1.648
-1.720,-1.231,0.504,104.370,28.259,-1.038
-1.718,-1.225,0.539,92.834,42.480,-1.160
-1.661,-1.222,0.557,78.918,59.509,-1.221
-1.583,-1.214,0.563,63.171,77.576,-2.075
-1.508,-1.207,0.539,47.363,93.018,-4.333
-1.428,-1.193,0.511,33.020,105.164,-8.118
-1.354,-1.191,0.468,21.118,115.906,-12.939
-1.281,-1.196,0.415,12.329,124.939,-16.907
-1.219,-1.186,0.373,5.676,132.629,-20.142

-1.076,-1.182,0.328,0.732,144.653,-27.893
-1.008,-1.206,0.318,0.000,148.560,-30.701
-0.927,-1.221,0.305,-0.305,152.954,-30.151
-0.842,-1.234,0.305,-1.221,155.090,-26.672
-0.766,-1.240,0.303,-3.235,153.809,-21.240
-0.721,-1.232,0.298,-7.812,151.184,-14.587
-0.697,-1.198,0.302,-14.526,148.621,-7.202
-0.677,-1.160,0.323,-21.545,147.644,-1.404
-0.654,-1.137,0.333,-29.236,148.437,1.099
-0.624,-1.139,0.339,-37.598,148.010,-0.549
-0.605,-1.146,0.334,-46.692,145.447,-5.554
-0.582,-1.156,0.318,-54.932,143.982,-10.132
-0.556,-1.162,0.303,-60.303,143.555,-11.841
-0.532,-1.163,0.286,-60.974,143.433,-10.742
-0.491,-1.160,0.268,-59.021,143.555,-6.775
-0.462,-1.154,0.251,-55.542,141.418,-1.526
-0.467,-1.148,0.232,-49.805,136.780,4.333
-0.476,-1.137,0.226,-43.213,132.996,11.475
-0.470,-1.141,0.215,-38.513,131.348,18.738
-0.461,-1.155,0.195,-37.292,129.456,25.391
-0.432,-1.163,0.167,-38.696,126.770,30.029
-0.398,-1.159,0.138,-42.480,122.864,34.424
-0.361,-1.135,0.112,-47.668,117.126,41.260
-0.319,-1.087,0.085,-53.223,110.413,51.392
-0.267,-1.022,0.058,-58.228,103.699,64.087
-0.215,-0.945,0.032,-61.707,96.802,77.759
-0.174,-0.858,-0.001,-64.026,89.661,90.759
-0.126,-0.773,-0.035,-66.406,82.703,103.210
-0.078,-0.684,-0.075,-68.481,76.172,114.624
-0.021,-0.594,-0.115,-70.251,70.251,124.573
0.020,-0.511,-0.161,-71.960,63.477,132.629
0.053,-0.435,-0.203,-72.998,55.481,138.611
0.076,-0.361,-0.244,-72.388,46.387,142.822
0.095,-0.273,-0.279,-70.068,36.865,144.836
0.135,-0.204,-0.306,-65.430,27.344,144.714
0.171,-0.164,-0.327,-59.570,15.991,142.273
0.185,-0.130,-0.333,-51.880,2.502,139.221
0.203,-0.101,-0.318,-41.321,-11.292,136.963
0.232,-0.082,-0.287,-30.457,-25.879,136.414
0.220,-0.071,-0.234,-20.203,-41.443,136.475
0.191,-0.061,-0.191,-11.719,-55.115,137.573
0.180,-0.041,-0.146,-6.775,-66.956,137.146
0.133,-0.014,-0.087,-4.028,-79.834,132.202
0.056,0.009,-0.030,-4.578,-91.614,124.573
-0.023,0.026,0.002,-7.568,-98.938,115.295
-0.095,0.052,0.009,-12.817,-103.638,103.271
-0.166,0.075,0.005,-19.409,-108.704,87.524
-0.229,0.088,-0.001,-26.794,-115.173,67.749
-0.280,0.086,-0.004,-32.959,-122.559,46.875
-0.338,0.081,-0.010,-35.950,-129.517,28.809
-0.389,0.071,-0.014,-34.729,-136.536,15.930
-0.453,0.060,-0.009,-28.687,-143.921,8.606
-0.539,0.064,0.013,-17.822,-151.489,6.775
-0.649,0.076,0.058,-2.625,-158.630,10.010
-0.788,0.103,0.106,15.381,-163.086,16.602
-0.895,0.103,0.139,34.363,-164.917,23.132
-1.001,0.106,0.172,51.270,-166.565,24.658
-1.108,0.110,0.220,66.345,-169.250,18.127
-1.202,0.091,0.300,77.942,-170.227,6.470
-1.293,0.067,0.398,87.830,-169.128,-5.920
-1.369,0.015,0.491,96.924,-164.001,-18.494
-1.414,-0.037,0.553,101.807,-154.785,-30.579
-1.432,-0.100,0.586,101.257,-145.935,-43.762
-1.456,-0.160,0.606,94.788,-140.625,-59.143
-1.484,-0.224,0.632,84.534,-137.634,-75.684
-1.545,-0.279,0.641,72.571,-133.179,-90.027
-1.575,-0.319,0.624,60.669,-126.221,-99.792
-1.627,-0.341,0.610,53.467,-118.530,-106.628
-1.605,-0.368,0.529,54.382,-110.352,-108.887
-1.701,-0.334,0.679,65.552,-106.201,-111.023
-1.800,-0.391,0.651,106.506,-98.450,-117.188
-1.836,-0.443,0.670,120.361,-87.280,-114.014
-1.866,-0.507,0.665,134.216,-76.721,-106.079
-1.890,-0.560,0.672,140.686,-64.392,-97.778
-1.916,-0.618,0.709,145.935,-53.833,-91.675
-1.936,-0.699,0.750,153.259,-43.335,-88.562
-1.950,-0.795,0.792,158.386,-31.433,-86.304
-1.978,-0.891,0.835,158.569,-18.127,-84.595
-1.990,-0.974,0.852,154.419,-1.953,-83.130
-1.963,-1.040,0.865,145.203,15.930,-81.421
-1.929,-1.108,0.859,132.019,32.349,-80.200
-1.893,-1.164,0.826,117.249,48.950,-77.759
-1.842,-1.210,0.784,102.356,65.613,-72.388
-1.784,-1.232,0.723,89.539,81.360,-65.430
-1.770,-1.256,0.668,80.872,94.177,-57.190
-1.685,-1.253,0.634,74.707,105.042,-45.959
-1.592,-1.264,0.620,69.031,115.112,-37.415
-1.557,-1.259,0.598,60.974,121.460,-31.372
-1.508,-1.245,0.571,52.856,128.052,-24.170
-1.435,-1.231,0.527,44.434,137.878,-15.564
-1.341,-1.222,0.477,34.363,147.949,-9.644
-1.261,-1.215,0.443,24.231,154.053,-6.714
-1.179,-1.206,0.402,15.198,158.020,-2.808
-1.083,-1.197,0.357,5.127,162.048,3.479
-0.987,-1.179,0.316,-4.944,163.818,10.559
-0.917,-1.160,0.291,-13.733,162.781,16.724
-0.865,-1.141,0.268,-20.630,164.001,23.010
-0.803,-1.130,0.235,-25.635,170.044,30.457
-0.723,-1.114,0.186,-30.151,176.941,37.537
-0.639,-1.088,0.123,-35.828,181.274,40.710
-0.558,-1.067,0.067,-41.931,181.519,39.185
-0.490,-1.050,0.015,-48.279,179.077,36.316
-0.412,-1.037,-0.034,-53.711,175.293,34.668
-0.319,-1.034,-0.068,-58.899,169.495,35.522
-0.256,-1.048,-0.116,-62.317,161.621,38.391
-0.191,-1.031,-0.147,-65.491,150.940,44.495
-0.139,-1.010,-0.171,-68.176,139.771,53.040
-0.088,-0.979,-0.195,-71.289,129.395,63.354
-0.039,-0.934,-0.229,-73.059,118.164,73.608
-0.013,-0.885,-0.250,-73.242,104.126,83.008
0.005,-0.834,-0.258,-71.350,89.661,91.553
0.008,-0.794,-0.255,-68.420,75.806,98.389
0.013,-0.771,-0.239,-65.796,62.195,102.783
0.007,-0.754,-0.205,-62.927,49.744,105.530
-0.000,-0.735,-0.170,-59.875,40.344,108.582
-0.001,-0.716,-0.132,-57.617,33.203,112.000
0.001,-0.700,-0.100,-55.725,26.184,114.380
-0.007,-0.679,-0.073,-55.054,18.494,116.089
0.001,-0.642,-0.061,-55.115,11.536,117.859

-1.594,-0.225,0.458,88.501,-118.835,-49.255
-1.577,-0.303,0.484,103.516,-107.544,-53.589
-1.554,-0.399,0.509,118.713,-97.107,-51.453
-1.520,-0.481,0.546,128.174,-90.454,-44.128
-1.539,-0.571,0.620,137.512,-87.524,-35.034
-1.618,-0.655,0.700,148.926,-83.130,-25.879
-1.656,-0.718,0.793,156.738,-73.547,-17.517
-1.692,-0.775,0.862,156.799,-59.753,-15.503
-1.708,-0.819,0.928,148.682,-43.091,-21.545
-1.730,-0.888,1.002,132.202,-26.367,-33.020
-1.734,-0.922,1.024,114.563,-7.935,-44.739
-1.714,-0.946,1.004,96.802,10.803,-54.871
-1.677,-0.958,0.958,83.313,28.748,-63.721
-1.629,-0.976,0.897,75.195,42.480,-69.275
-1.575,-0.998,0.831,70.923,52.979,-71.350
-1.533,-1.016,0.764,69.153,61.707,-69.763
-1.485,-1.043,0.688,68.787,68.237,-64.453
-1.432,-1.062,0.609,68.542,72.449,-57.617
-1.438,-1.126,0.578,67.139,74.524,-52.124
-1.494,-1.223,0.606,66.833,79.224,-49.622
-1.417,-1.291,0.650,64.636,94.788,-47.607
-1.313,-1.330,0.642,53.528,115.906,-46.570
-1.258,-1.350,0.623,32.593,129.150,-48.218
-1.203,-1.330,0.576,9.521,135.864,-51.270
-1.144,-1.289,0.528,-11.658,142.334,-53.223
-1.073,-1.249,0.471,-29.358,149.048,-52.551
-0.994,-1.214,0.421,-41.809,153.809,-49.988
-0.919,-1.184,0.370,-49.316,156.433,-45.349
-0.833,-1.158,0.322,-52.856,157.593,-39.307
-0.744,-1.138,0.282,-54.993,156.128,-32.410
-0.665,-1.123,0.248,-56.824,151.367,-24.719
-0.596,-1.107,0.226,-58.167,144.897,-15.503
-0.536,-1.089,0.206,-57.556,138.306,-5.493
-0.478,-1.063,0.193,-54.565,131.775,3.601
-0.441,-1.029,0.192,-50.415,125.610,10.742
-0.403,-1.013,0.199,-45.593,120.361,14.771
-0.387,-0.988,0.198,-41.016,115.967,15.564
-0.355,-0.963,0.197,-37.476,113.037,15.747
-0.317,-0.936,0.208,-36.926,110.168,16.785
-0.278,-0.925,0.216,-37.903,106.506,17.029
-0.234,-0.917,0.216,-39.673,102.417,17.578
-0.194,-0.902,0.198,-43.640,96.924,19.165
-0.156,-0.878,0.189,-48.889,89.905,22.095
-0.125,-0.850,0.183,-55.115,82.336,27.649
-0.090,-0.810,0.179,-61.707,75.623,35.950
-0.062,-0.762,0.176,-67.017,68.848,45.715
-0.038,-0.715,0.178,-72.571,61.523,56.458
-0.025,-0.659,0.169,-78.613,53.589,67.627
-0.017,-0.595,0.156,-83.496,45.166,76.965
-0.021,-0.524,0.143,-87.463,36.804,84.229
-0.012,-0.457,0.140,-90.149,28.259,89.355
-0.001,-0.396,0.134,-91.187,19.836,92.407
-0.000,-0.342,0.120,-91.309,11.597,94.421
0.001,-0.284,0.103,-90.149,3.479,96.069
-0.007,-0.228,0.092,-87.708,-4.578,96.497
-0.031,-0.170,0.092,-83.008,-11.841,96.130
-0.032,-0.113,0.085,-76.965,-17.639,95.215
-0.038,-0.075,0.081,-71.533,-23.376,92.529
-0.068,-0.034,0.089,-65.857,-31.067,87.585
-0.089,0.007,0.101,-59.265,-37.476,81.970
-0.086,0.038,0.103,-52.917,-42.236,77.026
-0.087,0.063,0.104,-47.302,-49.316,72.754
-0.105,0.082,0.100,-42.175,-58.411,68.298
-0.131,0.103,0.096,-37.781,-67.139,64.941
-0.166,0.141,0.094,-33.752,-75.439,62.866
-0.206,0.182,0.076,-28.931,-82.886,60.730
-0.250,0.247,0.091,-23.743,-90.454,57.556
-0.288,0.299,0.083,-18.005,-97.656,52.795
-0.341,0.335,0.076,-12.695,-104.370,47.302
-0.401,0.359,0.068,-6.531,-111.633,40.833
-0.456,0.372,0.056,1.404,-118.042,33.264
-0.507,0.370,0.051,10.010,-124.329,25.696
-0.578,0.347,0.049,19.348,-130.554,19.165
-0.655,0.324,0.031,28.259,-134.094,15.015
-0.735,0.294,-0.000,35.522,-135.132,13.062
-0.836,0.259,-0.043,42.969,-137.268,11.353
-0.936,0.216,-0.083,50.659,-140.320,9.399
-1.048,0.172,-0.104,58.472,-143.982,6.775
-1.173,0.112,-0.115,67.505,-147.522,3.662
-1.269,0.037,-0.107,75.623,-149.475,1.343
-1.354,-0.041,-0.080,84.595,-150.024,-1.709
-1.429,-0.134,-0.037,93.628,-149.658,-5.798
-1.504,-0.227,0.021,99.121,-148.621,-9.888
-1.598,-0.300,0.085,101.013,-146.179,-13.550
-1.680,-0.348,0.146,101.196,-140.869,-16.479
-1.644,-0.385,0.139,101.135,-133.728,-19.836
-1.742,-0.399,0.357,105.469,-131.653,-31.799
-1.854,-0.491,0.378,128.479,-127.625,-47.607
-1.902,-0.523,0.447,124.084,-117.859,-48.767
-1.939,-0.568,0.478,123.474,-102.844,-41.687
-1.930,-0.598,0.492,114.258,-86.304,-28.442
-1.936,-0.621,0.510,106.262,-75.134,-16.968
-1.963,-0.645,0.541,105.408,-66.284,-10.315
-1.986,-0.664,0.588,109.985,-55.176,-4.517
-2.004,-0.691,0.633,115.601,-41.443,2.014
-1.999,-0.703,0.665,118.103,-25.757,7.874
-1.991,-0.704,0.696,116.150,-10.742,10.254
-2.000,-0.691,0.738,111.694,2.502,9.033
-1.984,-0.666,0.767,105.774,17.578,6.592
-1.946,-0.634,0.760,97.900,35.461,4.272
-1.904,-0.600,0.723,89.600,54.138,0.122
-1.842,-0.560,0.668,81.543,71.472,-5.798
-1.774,-0.538,0.609,73.914,86.914,-14.771
-1.716,-0.529,0.548,66.589,100.586,-24.719
-1.656,-0.530,0.482,62.073,112.366,-33.325
-1.587,-0.538,0.422,61.218,121.887,-40.405
-1.514,-0.561,0.373,62.805,128.052,-46.570
-1.454,-0.603,0.332,67.078,131.226,-50.781
-1.392,-0.643,0.295,71.167,132.996,-52.002
-1.355,-0.708,0.255,74.097,133.972,-51.758
-1.306,-0.757,0.250,76.172,133.850,-52.551
-1.284,-0.872,0.236,76.111,135.071,-57.495
-1.256,-0.960,0.286,70.618,134.460,-64.636
-1.263,-1.059,0.312,65.857,137.451,-71.289
-1.205,-1.151,0.316,60.059,146.790,-71.045
-1.104,-1.223,0.313,50.903,156.311,-67.383
-1.037,-1.278,0.294,39.490,160.461,-65.796
-0.951,-1.323,0.310,27.832,159.180,-61.462
-0.850,-1.397,0.307,14.160,158.142,-53.284

-0.738,-1.480,0.278,-16.785,151.367,-19.836
-0.691,-1.469,0.239,-27.832,150.879,6.897
-0.656,-1.421,0.185,-35.217,154.419,36.133
-0.616,-1.345,0.134,-39.795,156.982,62.866
-0.588,-1.250,0.083,-43.030,156.555,83.191
-0.594,-1.126,0.010,-43.640,152.039,95.398
-0.558,-0.979,-0.047,-42.236,143.982,99.304
-0.499,-0.895,-0.084,-40.771,134.949,93.445
-0.405,-0.808,-0.076,-40.955,125.244,83.130
-0.307,-0.806,-0.074,-42.847,117.310,70.251
-0.215,-0.807,-0.075,-45.654,111.206,59.692
-0.175,-0.808,-0.071,-49.377,105.835,55.054
-0.128,-0.787,-0.070,-53.406,104.187,55.786
-0.051,-0.755,-0.103,-59.387,105.408,58.594
0.001,-0.725,-0.140,-66.467,101.501,60.120
0.023,-0.688,-0.164,-71.472,93.323,60.730
0.042,-0.655,-0.181,-74.036,84.473,63.110
0.048,-0.625,-0.189,-74.463,74.402,67.627
0.061,-0.596,-0.190,-72.571,63.599,74.158
0.043,-0.559,-0.183,-70.618,52.063,80.505
0.031,-0.531,-0.177,-68.481,41.016,85.327
0.026,-0.511,-0.163,-66.833,30.457,87.830
0.032,-0.492,-0.150,-65.430,19.714,88.806
0.035,-0.484,-0.140,-64.697,8.667,89.722
0.029,-0.471,-0.138,-64.270,-1.953,91.614
0.023,-0.453,-0.140,-63.965,-11.902,93.628
0.009,-0.435,-0.136,-63.049,-22.095,96.191
0.001,-0.393,-0.128,-63.232,-33.386,99.426
-0.021,-0.344,-0.119,-64.209,-44.739,100.830
-0.054,-0.292,-0.109,-65.857,-55.908,100.769
-0.083,-0.235,-0.110,-68.298,-65.308,99.670
-0.125,-0.177,-0.110,-70.923,-74.219,96.924
-0.167,-0.118,-0.118,-71.533,-84.106,92.102
-0.234,-0.050,-0.113,-70.251,-93.689,86.426
-0.281,0.004,-0.092,-66.528,-101.379,81.238
-0.326,0.018,-0.059,-60.791,-109.253,77.148
-0.392,0.054,-0.032,-51.636,-119.385,75.317
-0.468,0.097,0.020,-40.222,-130.005,76.782
-0.551,0.113,0.062,-24.902,-139.648,81.177
-0.661,0.122,0.109,-8.911,-148.926,85.754
-0.762,0.102,0.152,7.080,-158.142,90.088
-0.853,0.075,0.194,21.851,-165.161,90.881
-0.947,0.042,0.238,33.325,-169.739,88.867
-1.022,0.018,0.273,40.039,-170.837,85.205
-1.078,-0.010,0.302,41.138,-168.213,78.003
-1.136,-0.040,0.325,36.865,-163.696,67.078
-1.186,-0.056,0.328,28.137,-158.020,53.284
-1.238,-0.051,0.341,19.897,-153.015,37.292
-1.266,-0.036,0.364,16.785,-150.024,21.240
-1.293,-0.032,0.389,17.212,-149.292,9.155
-1.325,-0.034,0.413,22.400,-149.353,1.770
-1.353,-0.036,0.432,31.677,-147.400,-0.549
-1.399,-0.046,0.460,43.274,-144.043,0.305
-1.387,-0.059,0.410,55.237,-138.428,3.296
-1.488,0.013,0.608,68.787,-133.667,1.221
-1.612,-0.013,0.568,105.896,-125.061,-10.864
-1.630,0.022,0.634,109.863,-114.319,-18.799
-1.660,-0.001,0.641,112.854,-104.797,-27.100
-1.669,-0.026,0.649,107.605,-93.872,-34.302
-1.635,-0.061,0.669,105.225,-85.266,-39.124
-1.627,-0.098,0.678,107.788,-78.491,-42.542
-1.627,-0.144,0.684,116.272,-71.228,-42.969
-1.643,-0.176,0.680,127.197,-62.622,-41.016
-1.673,-0.207,0.669,138.733,-53.101,-37.354
-1.696,-0.257,0.656,149.780,-42.358,-33.325
-1.720,-0.292,0.649,158.569,-31.494,-31.006
-1.762,-0.335,0.674,165.588,-20.081,-29.785
-1.799,-0.370,0.687,170.593,-5.127,-28.931
-1.820,-0.393,0.675,171.814,13.550,-30.090
-1.807,-0.407,0.640,167.664,33.630,-35.461
-1.804,-0.453,0.591,159.058,52.429,-44.983
-1.770,-0.536,0.553,147.034,68.298,-56.641
-1.726,-0.624,0.509,132.874,79.163,-70.129
-1.700,-0.706,0.475,121.460,85.754,-82.458
-1.693,-0.793,0.430,114.624,90.820,-87.463
-1.697,-0.853,0.374,110.474,95.703,-82.275
-1.734,-0.926,0.313,109.375,102.661,-72.205
-1.776,-0.995,0.252,109.741,111.694,-60.852
-1.793,-1.059,0.214,110.596,123.291,-52.673
-1.733,-1.109,0.200,106.140,135.010,-45.898
-1.729,-1.200,0.124,103.638,146.301,-45.898
-1.693,-1.283,0.068,89.539,155.273,-46.814
-1.639,-1.353,0.042,74.219,161.316,-45.044
-1.593,-1.432,-0.007,62.866,167.786,-42.725
-1.472,-1.478,-0.002,53.467,174.805,-38.269
-1.378,-1.492,-0.084,47.241,177.673,-32.898
-1.307,-1.548,-0.139,40.405,178.101,-25.818
-1.168,-1.563,-0.157,36.133,177.429,-15.991
-1.089,-1.579,-0.177,30.884,173.706,-6.226
-1.012,-1.571,-0.190,23.132,170.532,8.118
-0.940,-1.529,-0.236,12.146,168.884,25.513
-0.841,-1.472,-0.262,0.488,166.565,40.894
-0.767,-1.418,-0.268,-11.230,162.170,53.650
-0.682,-1.378,-0.278,-21.851,157.043,65.308
-0.598,-1.345,-0.273,-31.128,151.489,75.195
-0.514,-1.315,-0.249,-39.490,145.325,83.069
-0.437,-1.276,-0.226,-47.485,139.526,90.820
-0.359,-1.211,-0.211,-55.420,133.789,97.778
-0.288,-1.139,-0.205,-63.599,128.296,104.065
-0.239,-1.061,-0.206,-71.228,122.192,108.521
-0.202,-0.974,-0.196,-77.393,116.211,110.474
-0.164,-0.882,-0.190,-82.703,110.596,109.314
-0.126,-0.789,-0.184,-89.172,104.370,105.347
-0.082,-0.705,-0.186,-96.497,97.351,98.328
-0.048,-0.648,-0.177,-102.722,89.111,88.989
-0.015,-0.616,-0.157,-107.056,80.444,79.956
0.032,-0.603,-0.136,-110.352,72.327,74.402
0.082,-0.599,-0.126,-112.610,64.941,72.510
0.126,-0.600,-0.116,-113.892,56.091,74.280
0.166,-0.592,-0.094,-113.525,45.532,79.651
0.189,-0.578,-0.077,-113.037,35.522,88.379
0.179,-0.544,-0.056,-112.488,26.550,99.792
0.183,-0.497,-0.051,-113.037,17.639,112.366
0.174,-0.446,-0.047,-114.624,8.240,122.498
0.150,-0.384,-0.060,-116.516,-2.258,130.127
0.114,-0.314,-0.081,-117.126,-13.306,136.108
0.071,-0.223,-0.092,-116.211,-23.315,140.198
0.025,-0.133,-0.094,-113.586,-31.982,141.174
-0.011,-0.058,-0.098,-110.474,-39.856,138.306

-1.870,-0.288,0.409,141.724,-178.894,-15.930
-1.992,-0.345,0.482,158.813,-172.913,-10.681
-2.043,-0.433,0.541,175.476,-157.959,-7.690
-2.064,-0.509,0.610,175.293,-136.292,-8.484
-2.066,-0.595,0.681,167.542,-115.540,-13.245
-2.033,-0.669,0.741,159.424,-95.398,-20.508
-2.033,-0.772,0.798,151.062,-78.003,-27.405
-2.002,-0.833,0.866,142.151,-63.538,-30.762
-1.981,-0.873,0.944,131.897,-47.607,-32.471
-1.968,-0.894,0.970,119.995,-30.457,-30.701
-1.943,-0.863,0.964,106.689,-14.587,-23.987
-1.940,-0.811,0.945,96.375,0.183,-16.541
-1.947,-0.746,0.925,90.881,14.709,-10.315
-1.957,-0.678,0.895,90.271,31.067,-6.592
-1.933,-0.642,0.874,93.994,49.744,-8.118
-1.890,-0.637,0.863,99.487,68.176,-14.221
-1.865,-0.655,0.840,102.844,85.083,-21.912
-1.830,-0.660,0.802,104.492,102.051,-27.954
-1.783,-0.669,0.760,103.821,119.324,-34.363
-1.720,-0.709,0.692,99.426,133.789,-41.077
-1.623,-0.769,0.646,89.233,142.273,-49.683
-1.549,-0.826,0.607,74.402,146.240,-63.599
-1.520,-0.870,0.560,60.486,149.231,-73.242
-1.468,-0.903,0.493,51.758,155.457,-72.327
-1.396,-0.924,0.422,48.828,163.330,-65.674
-1.299,-0.937,0.383,47.546,168.640,-57.556
-1.244,-0.956,0.318,51.880,171.814,-52.368
-1.159,-0.984,0.280,52.490,174.194,-47.852
-1.072,-1.030,0.242,52.368,174.194,-42.664
-0.986,-1.089,0.203,52.612,173.462,-37.781
-0.899,-1.145,0.166,51.147,170.837,-31.921
-0.811,-1.196,0.141,47.607,165.405,-25.635
-0.760,-1.276,0.119,41.626,159.241,-20.752
-0.694,-1.343,0.116,34.546,152.161,-14.648
-0.658,-1.379,0.130,26.794,146.057,-7.751
-0.651,-1.412,0.121,18.311,143.005,1.099
-0.625,-1.421,0.128,10.559,141.602,11.353
-0.576,-1.426,0.121,3.418,142.883,19.836
-0.541,-1.422,0.123,-4.333,144.592,26.672
-0.495,-1.393,0.086,-12.268,145.691,34.729
-0.443,-1.323,0.031,-21.301,145.569,42.664
-0.385,-1.252,-0.017,-30.090,142.212,48.401
-0.325,-1.198,-0.057,-37.781,136.536,53.406
-0.258,-1.156,-0.091,-44.312,129.822,59.875
-0.196,-1.106,-0.126,-50.415,121.887,68.787
-0.141,-1.050,-0.149,-55.786,112.427,79.224
-0.106,-0.998,-0.151,-60.425,102.661,90.515
-0.083,-0.959,-0.160,-63.782,93.201,103.333
-0.044,-0.892,-0.151,-66.650,83.069,116.028
-0.026,-0.833,-0.136,-69.458,71.960,125.244
-0.026,-0.779,-0.115,-72.937,61.157,131.714
-0.023,-0.707,-0.105,-76.233,53.711,135.986
-0.015,-0.627,-0.084,-79.102,48.340,137.756
0.002,-0.557,-0.075,-82.520,42.725,136.353
0.031,-0.492,-0.075,-87.402,36.804,131.897
0.060,-0.429,-0.087,-93.079,30.029,125.916
0.101,-0.384,-0.090,-96.558,22.949,120.422
0.139,-0.354,-0.097,-98.999,15.869,116.577
0.163,-0.331,-0.108,-100.342,8.118,116.028
0.166,-0.306,-0.122,-100.464,-0.977,118.835
0.145,-0.260,-0.164,-100.220,-10.864,123.596
0.117,-0.182,-0.188,-98.755,-22.461,128.906
0.110,-0.100,-0.204,-95.154,-36.133,132.019
0.081,-0.030,-0.219,-90.515,-49.438,131.165
0.052,0.031,-0.234,-85.754,-62.744,128.601
0.033,0.071,-0.247,-80.505,-75.195,123.779
0.004,0.111,-0.272,-75.012,-87.097,115.906
-0.073,0.137,-0.265,-71.655,-98.145,106.262
-0.149,0.168,-0.265,-68.848,-108.215,97.351
-0.222,0.199,-0.261,-67.078,-117.981,85.999
-0.274,0.223,-0.243,-65.918,-126.343,70.496
-0.330,0.236,-0.238,-67.017,-134.277,54.016
-0.385,0.227,-0.247,-66.284,-145.264,40.771
-0.463,0.228,-0.238,-62.744,-157.043,30.457
-0.568,0.245,-0.204,-54.810,-166.626,23.437
-0.681,0.270,-0.153,-40.588,-174.805,20.508
-0.813,0.284,-0.100,-22.766,-183.594,21.301
-0.981,0.303,-0.046,-3.052,-193.726,24.353
-1.125,0.321,0.034,19.348,-199.585,26.672
-1.265,0.332,0.162,43.518,-202.515,25.940
-1.391,0.329,0.259,66.711,-203.003,23.193
-1.477,0.328,0.329,83.984,-199.585,17.090
-1.538,0.285,0.412,94.116,-196.655,4.272
-1.607,0.217,0.507,98.450,-195.557,-14.099
-1.671,0.156,0.599,96.008,-193.848,-34.302
-1.711,0.107,0.676,88.501,-188.782,-53.772
-1.734,0.073,0.727,82.092,-181.763,-70.129
-1.758,0.047,0.761,78.796,-174.744,-79.651
-1.812,0.032,0.786,79.834,-166.931,-82.764
-1.839,0.057,0.867,83.740,-158.691,-81.726
-1.855,-0.013,0.757,109.802,-154.175,-85.632
-1.908,-0.032,0.835,137.268,-141.174,-88.379
-1.913,-0.099,0.804,146.851,-130.127,-78.979
-1.957,-0.177,0.772,154.846,-118.469,-68.420
-1.966,-0.225,0.767,157.776,-107.361,-56.274
-1.964,-0.289,0.782,161.926,-97.717,-47.302
-1.989,-0.381,0.795,168.518,-88.440,-42.236
-2.002,-0.471,0.813,173.584,-77.087,-38.513
-2.033,-0.566,0.849,176.575,-61.096,-36.560
-2.029,-0.645,0.866,174.988,-39.246,-35.278
-2.016,-0.713,0.865,166.748,-16.663,-35.034
-1.985,-0.750,0.843,153.809,2.502,-37.476
-1.957,-0.774,0.805,138.977,19.958,-41.382
-1.914,-0.793,0.749,124.756,38.635,-44.128
-1.865,-0.791,0.676,111.755,57.434,-44.067
-1.824,-0.785,0.621,101.501,74.951,-43.335
-1.767,-0.783,0.573,94.666,93.445,-42.480
-1.723,-0.783,0.493,88.257,111.816,-41.077
-1.668,-0.778,0.434,84.839,125.610,-40.527
-1.597,-0.787,0.395,85.632,136.230,-41.748
-1.534,-0.811,0.371,88.257,144.531,-42.419
-1.482,-0.841,0.344,91.858,150.818,-41.321
-1.426,-0.871,0.326,96.924,156.311,-37.903
-1.376,-0.907,0.315,102.051,160.767,-33.325
-1.367,-0.961,0.302,104.919,164.673,-28.625
-1.360,-1.013,0.296,103.516,169.922,-23.254
-1.306,-1.050,0.270,98.694,177.734,-19.409
-1.237,-1.132,0.258,88.135,183.594,-21.240
-1.109,-1.273,0.256,69.458,181.335,-28.198

-1.013,-1.380,0.269,34.790,164.734,-39.124
-0.942,-1.396,0.240,25.757,165.588,-23.376
-0.850,-1.388,0.196,17.517,169.373,1.343
-0.795,-1.356,0.119,8.911,170.898,24.292
-0.765,-1.283,0.041,0.854,166.565,43.518
-0.719,-1.189,-0.024,-7.324,159.485,59.998
-0.668,-1.090,-0.085,-15.686,152.710,73.242
-0.599,-0.997,-0.158,-24.597,145.752,82.947
-0.534,-0.914,-0.207,-32.104,137.939,88.806
-0.469,-0.845,-0.231,-37.292,129.639,91.248
-0.397,-0.799,-0.244,-42.786,123.474,92.102
-0.311,-0.776,-0.255,-49.377,118.958,93.628
-0.240,-0.775,-0.259,-57.251,112.915,95.886
-0.172,-0.782,-0.262,-66.101,105.347,99.976
-0.122,-0.800,-0.250,-76.965,97.107,106.201
-0.055,-0.821,-0.222,-88.867,88.379,113.770
-0.000,-0.841,-0.195,-102.173,80.383,122.314
0.041,-0.857,-0.194,-117.798,72.388,133.667
0.048,-0.839,-0.209,-133.301,63.354,148.010
0.045,-0.781,-0.235,-144.409,54.443,162.964
0.023,-0.686,-0.275,-150.818,45.349,177.307
0.002,-0.564,-0.270,-152.771,34.363,188.416
-0.031,-0.448,-0.255,-150.452,23.499,193.665
-0.054,-0.343,-0.244,-146.057,13.977,193.726
-0.080,-0.258,-0.234,-140.198,3.479,188.599
-0.086,-0.163,-0.188,-132.324,-9.705,180.420
-0.093,-0.093,-0.138,-124.573,-22.339,169.739
-0.083,-0.047,-0.091,-118.774,-31.006,158.447
-0.060,-0.020,-0.057,-115.784,-38.757,147.095
-0.074,0.005,-0.027,-112.549,-48.218,136.047
-0.088,0.046,-0.036,-108.154,-57.922,127.136
-0.068,0.104,-0.007,-102.356,-68.359,121.399
-0.058,0.149,-0.007,-95.337,-78.979,116.333
-0.090,0.175,0.000,-88.318,-91.309,114.136
-0.153,0.189,0.003,-81.604,-104.431,116.089
-0.244,0.198,-0.001,-74.463,-115.112,120.239
-0.331,0.222,-0.031,-68.176,-122.742,123.779
-0.440,0.261,-0.067,-64.087,-130.737,124.023
-0.573,0.325,-0.107,-61.707,-141.907,118.530
-0.641,0.393,-0.138,-60.059,-152.588,105.774
-0.714,0.410,-0.155,-57.922,-160.889,86.426
-0.803,0.413,-0.140,-53.955,-167.908,66.223
-0.897,0.377,-0.127,-44.434,-171.265,48.828
-0.993,0.334,-0.095,-27.710,-170.898,36.499
-1.101,0.268,-0.071,-4.944,-168.640,29.663
-1.186,0.196,-0.009,22.156,-166.443,27.893
-1.267,0.120,0.086,52.246,-163.574,27.893
-1.323,0.063,0.195,79.285,-160.034,28.564
-1.390,0.019,0.299,101.257,-159.241,30.273
-1.494,-0.020,0.398,118.835,-161.499,34.058
-1.587,-0.045,0.493,133.545,-162.964,38.269
-1.673,-0.054,0.609,144.836,-160.950,37.781
-1.779,-0.056,0.735,153.320,-155.579,31.128
-1.868,-0.073,0.834,157.471,-144.653,20.081
-1.871,-0.110,0.891,155.029,-128.906,7.141
-1.893,-0.148,0.930,154.053,-118.591,-16.235
-1.925,-0.214,1.005,166.809,-101.746,-46.387
-1.862,-0.305,0.977,153.137,-85.571,-63.904
-1.806,-0.384,0.937,140.076,-72.754,-71.899
-1.768,-0.435,0.889,123.657,-62.439,-67.749
-1.771,-0.440,0.880,111.755,-56.824,-55.237
-1.819,-0.434,0.862,109.131,-48.157,-41.504
-1.843,-0.417,0.830,112.488,-33.508,-28.259
-1.854,-0.428,0.798,117.737,-16.479,-19.775
-1.876,-0.467,0.786,122.314,-1.587,-19.165
-1.855,-0.526,0.770,123.779,13.306,-23.865
-1.830,-0.601,0.738,119.873,28.564,-31.128
-1.795,-0.667,0.718,112.793,42.053,-39.429
-1.767,-0.739,0.687,106.140,54.016,-46.692
-1.719,-0.784,0.668,100.525,64.392,-52.002
-1.689,-0.835,0.639,95.886,74.646,-57.251
-1.619,-0.921,0.642,89.966,85.449,-61.584
-1.567,-0.984,0.650,85.632,94.910,-65.491
-1.554,-1.046,0.645,84.656,102.783,-65.002
-1.508,-1.082,0.630,83.923,112.366,-59.204
-1.454,-1.102,0.595,81.543,124.084,-54.199
-1.385,-1.132,0.553,75.439,133.606,-54.626
-1.340,-1.174,0.521,65.552,138.306,-60.059
-1.298,-1.227,0.484,57.373,142.456,-66.650
-1.212,-1.258,0.450,50.842,148.560,-69.092
-1.138,-1.302,0.412,51.453,153.076,-68.848
-1.058,-1.338,0.384,51.147,155.823,-65.613
-0.972,-1.371,0.360,49.988,157.166,-59.692
-0.889,-1.405,0.318,45.898,158.997,-52.002
-0.798,-1.427,0.267,38.086,158.936,-42.908
-0.710,-1.444,0.246,28.625,156.616,-34.668
-0.622,-1.462,0.224,19.836,152.649,-26.001
-0.551,-1.477,0.215,12.329,148.376,-14.282
-0.465,-1.481,0.202,6.409,146.240,0.793
-0.393,-1.475,0.163,-0.732,145.813,17.578
-0.341,-1.440,0.130,-8.179,142.822,33.386
-0.314,-1.385,0.098,-17.090,137.329,47.607
-0.278,-1.312,0.061,-26.672,132.507,60.303
-0.228,-1.237,0.038,-35.278,127.380,69.336
-0.184,-1.168,0.005,-43.640,120.728,73.975
-0.156,-1.092,-0.012,-53.528,113.403,76.660
-0.111,-1.028,-0.024,-62.744,105.774,77.759
-0.061,-0.969,-0.028,-71.594,98.083,77.148
-0.018,-0.923,-0.048,-80.139,89.661,76.172
0.019,-0.880,-0.048,-87.280,79.834,77.209
0.032,-0.833,-0.045,-92.041,70.129,80.566
0.048,-0.785,-0.052,-94.666,62.073,86.975
0.077,-0.725,-0.058,-97.168,54.016,94.666
0.094,-0.673,-0.067,-99.915,44.800,101.074
0.092,-0.623,-0.079,-102.417,34.363,106.873
0.083,-0.567,-0.092,-104.614,24.475,112.854
0.067,-0.506,-0.091,-105.591,15.198,117.798
0.045,-0.443,-0.074,-104.309,6.958,119.873
0.044,-0.391,-0.059,-102.478,-0.183,120.972
0.037,-0.346,-0.046,-101.990,-7.812,121.948
0.011,-0.299,-0.046,-102.600,-16.052,122.559
-0.021,-0.234,-0.057,-104.187,-23.743,122.314
-0.042,-0.156,-0.081,-105.164,-30.396,120.300
-0.046,-0.087,-0.092,-105.713,-38.025,116.699
-0.046,-0.008,-0.101,-104.675,-47.180,111.633
-0.056,0.055,-0.113,-101.746,-56.641,106.140
-0.078,0.121,-0.121,-97.595,-66.711,101.196
-0.088,0.200,-0.141,-92.834,-78.247,98.328
-0.107,0.247,-0.155,-89.233,-87.830,95.764

-1.718,-0.258,0.341,122.620,-197.388,-24.170
-1.869,-0.210,0.510,123.596,-196.411,-29.419
-1.994,-0.309,0.417,151.855,-192.932,-45.288
-2.002,-0.303,0.548,161.255,-170.532,-54.260
-2.007,-0.399,0.572,156.006,-149.902,-54.321
-1.982,-0.479,0.577,146.118,-129.150,-49.622
-1.938,-0.563,0.578,133.789,-111.145,-38.086
-1.895,-0.624,0.570,127.014,-96.191,-21.729
-1.873,-0.670,0.561,125.977,-83.862,-2.197
-1.891,-0.712,0.555,127.991,-72.083,18.555
-1.926,-0.694,0.527,129.761,-58.899,39.612
-1.946,-0.644,0.500,129.822,-44.373,54.749
-1.944,-0.596,0.494,125.977,-27.893,59.082
-1.958,-0.566,0.530,117.676,-10.498,55.908
-1.959,-0.538,0.542,108.582,10.803,49.500
-1.923,-0.517,0.539,99.976,35.950,41.382
-1.896,-0.519,0.529,92.468,58.289,31.067
-1.855,-0.525,0.511,86.304,77.759,19.775
-1.818,-0.560,0.477,83.069,93.567,8.423
-1.766,-0.629,0.443,82.214,104.492,-2.258
-1.761,-0.688,0.426,81.360,110.901,-13.062
-1.765,-0.751,0.420,82.153,116.455,-22.156
-1.754,-0.815,0.412,82.886,125.977,-28.198
-1.702,-0.871,0.394,80.566,137.939,-33.813
-1.650,-0.941,0.389,74.951,147.583,-42.297
-1.596,-1.011,0.387,66.711,154.480,-51.880
-1.588,-1.095,0.361,59.204,160.706,-58.899
-1.503,-1.172,0.333,54.871,166.870,-61.157
-1.458,-1.252,0.315,56.946,172.913,-63.843
-1.361,-1.339,0.301,53.345,176.147,-59.631
-1.290,-1.408,0.290,48.706,175.110,-50.781
-1.204,-1.458,0.282,47.729,171.936,-37.964
-1.133,-1.488,0.276,47.852,170.654,-20.569
-1.080,-1.490,0.258,48.096,171.448,-1.221
-1.000,-1.486,0.229,48.096,176.758,18.250
-0.889,-1.480,0.184,45.410,182.739,35.461
-0.761,-1.472,0.123,41.626,183.350,49.866
-0.651,-1.493,0.065,38.757,182.495,65.918
-0.541,-1.494,0.017,36.255,181.274,87.891
-0.411,-1.455,-0.026,34.851,176.697,113.831
-0.350,-1.385,-0.050,34.851,169.067,136.292
-0.302,-1.278,-0.044,34.607,160.095,152.771
-0.266,-1.164,-0.033,31.860,151.672,160.706
-0.257,-1.044,-0.024,23.499,144.409,160.156
-0.225,-0.944,-0.023,11.536,140.259,150.574
-0.172,-0.870,-0.026,-4.700,138.000,132.996
-0.104,-0.801,-0.048,-23.926,135.803,112.061
-0.027,-0.755,-0.075,-45.105,131.897,92.224
0.034,-0.715,-0.109,-66.040,126.709,76.294
0.090,-0.681,-0.150,-83.313,121.887,65.552
0.154,-0.647,-0.194,-96.252,116.577,60.791
0.207,-0.608,-0.243,-105.225,108.643,60.364
0.217,-0.576,-0.280,-109.314,96.863,61.951
0.238,-0.554,-0.282,-107.117,83.862,65.552
0.272,-0.536,-0.262,-100.403,72.327,72.388
0.276,-0.514,-0.245,-92.590,61.462,82.520
0.308,-0.472,-0.215,-84.229,50.903,94.910
0.306,-0.446,-0.202,-74.707,39.551,104.980
0.269,-0.423,-0.174,-65.796,26.611,111.938
0.239,-0.413,-0.153,-58.350,16.296,118.774
0.208,-0.404,-0.131,-52.979,8.484,125.305
0.183,-0.390,-0.113,-48.645,0.122,130.798
0.156,-0.379,-0.101,-45.532,-7.263,133.911
0.119,-0.339,-0.109,-44.800,-15.625,136.108
0.059,-0.297,-0.096,-44.556,-27.039,135.803
-0.035,-0.242,-0.064,-41.260,-36.499,131.897
-0.074,-0.219,-0.002,-35.278,-38.147,129.150
-0.106,-0.209,0.019,-29.724,-33.264,130.371
-0.151,-0.213,0.014,-24.231,-33.081,131.775
-0.155,-0.188,0.035,-18.677,-37.720,130.798
-0.192,-0.165,0.040,-12.878,-47.668,126.404
-0.241,-0.133,0.057,-6.042,-62.134,121.582
-0.265,-0.086,0.094,2.930,-74.890,118.774
-0.309,-0.070,0.123,14.587,-82.214,118.469
-0.322,-0.042,0.145,28.015,-86.365,122.437
-0.329,0.012,0.142,39.307,-90.332,127.991
-0.373,0.089,0.154,47.607,-97.351,129.639
-0.485,0.153,0.169,53.162,-106.750,125.000
-0.621,0.194,0.203,57.129,-112.305,115.601
-0.755,0.188,0.242,62.500,-110.291,101.685
-0.859,0.156,0.266,67.627,-107.910,81.360
-0.932,0.039,0.300,70.679,-107.483,53.040
-1.008,-0.116,0.375,71.838,-108.948,24.353
-1.058,-0.266,0.470,76.294,-104.797,5.859
-1.078,-0.340,0.586,83.191,-90.454,0.244
-1.049,-0.408,0.619,90.393,-66.956,3.601
-1.045,-0.448,0.649,96.924,-48.889,7.751
-1.051,-0.492,0.683,102.478,-42.847,4.395
-1.131,-0.539,0.732,104.553,-42.664,-3.723
-1.163,-0.578,0.789,103.577,-39.307,-12.024
-1.388,-0.668,0.928,112.427,-27.100,-26.917
-1.486,-0.793,1.042,126.160,-2.319,-41.626
-1.443,-0.925,1.019,118.042,23.926,-51.941
-1.365,-1.073,1.027,109.558,38.757,-70.618
-1.245,-1.203,1.009,97.168,43.640,-82.886
-1.170,-1.275,0.970,83.252,44.678,-83.252
-1.133,-1.296,0.955,71.899,41.382,-76.538
-1.146,-1.313,0.976,65.002,37.415,-68.481
-1.152,-1.305,1.002,61.829,40.100,-58.655
-1.145,-1.299,1.043,61.829,47.607,-51.819
-1.141,-1.325,1.080,62.744,59.143,-50.598
-1.118,-1.378,1.094,62.622,76.355,-49.133
-1.041,-1.432,1.096,62.622,89.355,-49.255
-0.949,-1.473,1.067,60.303,96.802,-52.734
-0.872,-1.523,1.013,54.199,101.685,-55.420
-0.859,-1.553,0.992,47.058,106.689,-55.725
-0.811,-1.585,0.970,42.725,114.441,-54.138
-0.714,-1.619,0.916,36.316,122.314,-55.420
-0.649,-1.693,0.858,29.785,123.535,-62.500
-0.597,-1.758,0.801,28.992,122.986,-66.772
-0.501,-1.806,0.748,35.522,124.756,-63.843
-0.418,-1.854,0.694,40.466,124.573,-59.204
-0.345,-1.941,0.636,39.856,121.338,-55.908
-0.283,-1.993,0.565,37.354,122.620,-51.025
-0.195,-1.988,0.478,26.245,129.028,-35.767
-0.112,-1.923,0.396,10.010,133.728,-23.254
-0.049,-1.854,0.313,-9.888,134.094,-17.334
0.001,-1.795,0.245,-25.391,136.597,-13.428
0.084,-1.742,0.154,-36.377,141.113,-5.798

-0.818,-0.627,0.879,56.091,-72.754,-29.358
-0.848,-0.723,0.954,58.167,-70.496,-30.090
-0.862,-0.795,1.024,60.303,-63.416,-27.893
-0.728,-0.795,1.072,58.899,-54.688,-24.475
-0.833,-0.861,1.143,63.293,-50.110,-29.236
-0.859,-0.847,1.230,71.167,-45.898,-36.316
-0.852,-0.875,1.239,69.458,-35.461,-34.241
-0.849,-0.910,1.281,70.923,-25.146,-40.649
-0.827,-0.988,1.346,65.613,-18.555,-49.683
-0.833,-1.089,1.373,60.913,-10.864,-57.617
-0.840,-1.193,1.430,62.378,-3.723,-62.378
-0.852,-1.296,1.502,67.627,3.174,-62.500
-0.876,-1.384,1.544,71.960,15.930,-59.387
-0.857,-1.472,1.562,71.838,31.982,-56.763
-0.816,-1.550,1.545,65.063,48.523,-58.350
-0.755,-1.616,1.482,51.147,64.392,-62.195
-0.714,-1.669,1.367,35.034,79.163,-65.308
-0.665,-1.695,1.256,22.095,92.163,-64.636
-0.600,-1.692,1.127,12.085,104.736,-59.448
-0.533,-1.672,1.002,4.700,112.488,-54.382
-0.464,-1.658,0.889,0.061,114.441,-53.162
-0.432,-1.678,0.784,0.488,113.281,-53.040
-0.365,-1.676,0.736,5.371,112.305,-50.598
-0.343,-1.741,0.646,15.869,112.610,-48.401
-0.302,-1.815,0.558,17.761,116.455,-48.096
-0.231,-1.894,0.472,10.986,121.399,-45.105
-0.113,-1.944,0.369,0.183,125.671,-41.016
0.020,-1.952,0.260,-14.099,126.709,-35.034
0.126,-1.931,0.169,-26.001,123.535,-26.123
0.229,-1.889,0.111,-33.081,120.361,-13.306
0.300,-1.817,0.083,-36.438,117.981,2.380
0.370,-1.733,0.068,-40.710,114.685,18.372
0.415,-1.631,0.041,-46.143,109.497,30.457
0.446,-1.517,0.060,-48.889,103.882,40.100
0.507,-1.409,0.050,-48.950,99.121,49.072
0.522,-1.309,0.042,-48.401,92.285,56.274
0.519,-1.223,0.031,-44.678,87.097,62.073
0.563,-1.146,-0.022,-39.978,84.167,67.078
0.608,-1.074,-0.061,-37.659,77.820,70.496
0.623,-1.033,-0.112,-34.302,71.167,73.425
0.643,-0.985,-0.159,-28.137,64.697,80.566
0.635,-0.944,-0.172,-19.165,56.763,90.454
0.611,-0.891,-0.187,-12.207,50.232,101.440
0.576,-0.809,-0.190,-11.108,41.321,109.192
0.528,-0.736,-0.161,-12.268,31.738,111.389
0.508,-0.670,-0.122,-13.733,25.513,110.840
0.493,-0.615,-0.123,-18.799,23.376,110.657
0.468,-0.525,-0.154,-26.550,20.081,110.779
0.477,-0.430,-0.174,-32.227,12.268,106.873
0.481,-0.352,-0.204,-36.194,3.357,99.731
0.485,-0.281,-0.236,-39.490,-6.348,94.116
0.489,-0.225,-0.265,-40.283,-18.433,89.417
0.474,-0.183,-0.263,-37.537,-31.799,85.083
0.444,-0.164,-0.242,-31.677,-46.997,81.726
0.346,-0.125,-0.191,-23.071,-61.340,80.322
0.284,-0.092,-0.116,-10.010,-67.993,81.116
0.245,-0.072,-0.049,-0.061,-68.359,83.252
0.200,-0.071,-0.000,3.052,-69.885,82.092
0.158,-0.066,0.021,0.916,-70.435,77.087
0.129,-0.033,0.035,-2.686,-69.397,68.604
0.139,-0.004,0.027,-6.042,-68.054,57.983
0.113,0.019,0.001,-9.644,-68.970,46.997
0.115,0.037,-0.004,-9.277,-71.594,36.560
0.097,0.021,0.001,-6.409,-74.463,29.358
0.042,-0.004,0.019,-0.061,-78.979,24.963
-0.065,-0.024,0.078,10.193,-83.191,21.301
-0.135,-0.046,0.145,21.240,-85.327,18.127
-0.189,-0.108,0.203,30.823,-88.684,11.963
-0.237,-0.203,0.256,37.537,-95.154,2.808
-0.304,-0.308,0.296,41.260,-101.929,-4.761
-0.382,-0.371,0.351,44.128,-105.347,-8.057
-0.440,-0.414,0.402,44.434,-103.088,-8.728
-0.484,-0.444,0.443,39.612,-99.792,-11.475
-0.515,-0.473,0.478,30.396,-99.304,-18.921
-0.546,-0.498,0.500,19.653,-100.220,-27.771
-0.574,-0.524,0.508,12.390,-101.685,-33.386
-0.612,-0.540,0.520,11.414,-105.286,-34.485
-0.685,-0.543,0.552,17.639,-110.352,-32.837
-0.753,-0.551,0.590,29.541,-114.136,-29.785
-0.823,-0.568,0.632,41.260,-116.333,-28.381
-0.869,-0.606,0.687,50.903,-117.126,-29.907
-0.877,-0.665,0.762,56.458,-115.051,-33.691
-0.897,-0.720,0.845,56.091,-111.267,-38.452
-0.922,-0.759,0.919,50.354,-104.004,-42.419
-0.979,-0.804,0.959,42.480,-90.332,-41.626
-0.981,-0.847,0.968,38.269,-76.965,-37.109
-0.886,-0.843,0.993,36.438,-68.970,-33.875
-1.009,-0.889,1.036,43.945,-63.477,-36.438
-0.989,-0.914,1.098,55.359,-55.115,-36.682
-0.970,-0.960,1.090,58.411,-44.006,-30.823
-0.924,-1.003,1.110,62.988,-33.630,-30.701
-0.907,-1.039,1.157,61.035,-24.475,-30.151
-0.887,-1.061,1.190,58.350,-12.878,-29.419
-0.885,-1.080,1.227,56.152,-2.075,-30.273
-0.898,-1.111,1.260,57.739,6.775,-33.386
-0.900,-1.156,1.296,63.232,15.991,-36.560
-0.878,-1.211,1.332,69.458,26.550,-39.673
-0.826,-1.289,1.364,72.083,39.185,-43.884
-0.774,-1.385,1.369,70.313,52.429,-49.133
-0.705,-1.481,1.365,66.162,65.552,-54.443
-0.650,-1.570,1.332,58.838,78.735,-58.777
-0.608,-1.640,1.273,49.316,92.041,-59.448
-0.567,-1.705,1.208,40.527,105.103,-55.664
-0.532,-1.708,1.119,33.264,115.967,-49.622
-0.471,-1.704,1.029,26.245,124.023,-46.448
-0.400,-1.717,0.924,19.836,129.089,-46.448
-0.334,-1.748,0.809,14.709,130.859,-47.058
-0.292,-1.791,0.703,12.939,130.188,-44.617
-0.239,-1.831,0.592,15.076,129.578,-39.551
-0.180,-1.881,0.484,17.700,127.258,-33.508
-0.135,-1.919,0.375,16.602,122.437,-25.940
-0.110,-1.948,0.250,16.113,116.577,-18.188
-0.048,-1.959,0.144,12.329,112.000,-8.789
0.058,-1.960,0.056,6.042,109.436,0.000
0.191,-1.951,-0.041,-5.249,106.567,8.118
0.301,-1.922,-0.116,-20.020,101.135,15.442
0.409,-1.857,-0.172,-36.255,94.360,23.437
0.499,-1.745,-0.225,-53.650,85.693,31.677
0.581,-1.602,-0.296,-70.801,72.266,38.452

0.480,-1.315,-0.216,-82.581,33.752,41.199
0.410,-1.194,-0.119,-69.885,34.668,44.189
0.483,-1.101,-0.062,-54.443,51.331,51.941
0.550,-1.030,-0.069,-52.734,64.880,56.335
0.512,-0.958,-0.104,-62.805,65.369,51.514
0.493,-0.856,-0.135,-73.669,63.782,44.495
0.497,-0.754,-0.191,-81.726,65.613,40.649
0.538,-0.625,-0.261,-86.914,64.819,39.246
0.551,-0.552,-0.306,-90.149,58.411,36.377
0.569,-0.489,-0.352,-89.844,49.133,38.513
0.587,-0.433,-0.404,-84.412,37.292,45.776
0.564,-0.376,-0.419,-73.486,23.437,57.129
0.509,-0.290,-0.395,-57.129,8.423,70.251
0.466,-0.199,-0.353,-38.086,-5.493,80.200
0.430,-0.142,-0.300,-22.827,-16.785,85.022
0.395,-0.124,-0.242,-15.198,-27.039,85.083
0.328,-0.119,-0.174,-13.489,-34.485,80.872
0.286,-0.122,-0.123,-13.672,-37.048,76.172
0.280,-0.118,-0.079,-17.700,-38.330,71.472
0.265,-0.108,-0.047,-25.085,-41.138,63.965
0.240,-0.083,-0.028,-33.203,-44.800,55.359
0.211,-0.054,-0.018,-39.001,-47.607,49.927
0.191,-0.024,-0.016,-40.955,-49.683,46.997
0.166,0.003,-0.017,-38.574,-53.467,44.312
0.124,0.029,-0.006,-34.058,-60.669,40.222
0.063,0.058,0.012,-27.405,-70.313,35.339
0.004,0.080,0.052,-18.250,-78.491,30.579
-0.056,0.088,0.107,-5.066,-83.801,26.611
-0.100,0.066,0.171,11.292,-85.510,25.024
-0.156,0.018,0.221,28.625,-89.111,24.963
-0.209,-0.047,0.261,44.617,-94.788,24.414
-0.285,-0.121,0.294,57.678,-101.257,23.132
-0.362,-0.195,0.317,68.420,-105.896,23.315
-0.432,-0.267,0.308,74.646,-108.459,23.865
-0.521,-0.344,0.301,73.120,-111.694,22.156
-0.617,-0.396,0.335,66.895,-112.793,17.883
-0.687,-0.417,0.376,58.716,-106.934,14.404
-0.700,-0.401,0.384,47.852,-98.877,9.644
-0.736,-0.357,0.386,35.828,-93.445,1.770
-0.760,-0.309,0.397,27.283,-92.102,-8.911
-0.799,-0.304,0.415,25.757,-94.666,-21.362
-0.844,-0.352,0.452,31.982,-98.572,-31.616
-0.862,-0.432,0.536,46.936,-102.905,-36.316
-0.903,-0.523,0.650,67.993,-107.788,-35.767
-0.937,-0.596,0.759,86.792,-111.023,-30.884
-1.016,-0.692,0.853,98.694,-112.427,-27.283
-1.105,-0.809,0.958,105.774,-112.244,-26.672
-1.183,-0.922,1.036,107.605,-103.027,-27.344
-1.281,-1.057,1.089,102.539,-89.050,-29.663
-1.197,-1.108,1.173,90.820,-72.754,-33.569
-1.273,-1.215,1.125,86.243,-57.434,-47.913
-1.224,-1.252,1.154,71.472,-39.917,-56.763
-1.208,-1.281,1.093,53.589,-21.729,-59.265
-1.143,-1.283,1.037,39.978,-5.188,-57.800
-1.064,-1.259,0.994,30.212,6.409,-52.490
-1.016,-1.226,0.958,29.114,14.343,-46.631
-0.980,-1.185,0.941,35.034,19.775,-40.527
-0.949,-1.161,0.933,42.664,25.391,-35.706
-0.930,-1.162,0.924,49.072,31.982,-33.447
-0.894,-1.166,0.920,54.688,38.513,-34.424
-0.848,-1.189,0.920,58.533,44.006,-37.781
-0.839,-1.249,0.925,60.181,49.316,-42.725
-0.832,-1.327,0.929,64.148,56.580,-46.509
-0.793,-1.422,0.919,67.932,68.176,-48.645
-0.805,-1.542,0.903,64.697,79.956,-50.354
-0.803,-1.641,0.877,57.373,92.102,-51.514
-0.745,-1.720,0.817,46.631,105.164,-53.223
-0.700,-1.789,0.769,31.189,115.601,-55.786
-0.649,-1.826,0.676,17.395,124.756,-55.603
-0.595,-1.849,0.568,5.920,133.606,-50.415
-0.511,-1.863,0.465,-0.793,139.709,-43.335
-0.458,-1.899,0.363,-2.808,142.334,-37.415
-0.400,-1.926,0.290,-1.587,141.174,-30.029
-0.376,-2.000,0.199,4.028,136.475,-20.386
-0.363,-2.064,0.152,6.226,132.690,-8.423
-0.320,-2.110,0.111,4.211,130.798,4.578
-0.250,-2.097,0.085,-5.493,130.737,16.113
-0.159,-2.029,0.057,-21.362,130.920,24.719
-0.043,-1.939,0.033,-39.673,130.005,30.762
0.078,-1.853,0.009,-56.213,129.150,35.278
0.205,-1.773,-0.023,-70.007,127.319,41.199
0.269,-1.669,-0.058,-80.139,123.230,48.706
0.332,-1.527,-0.096,-85.144,119.446,59.021
0.405,-1.368,-0.125,-88.318,114.868,69.580
0.470,-1.229,-0.174,-89.478,107.056,75.500
0.513,-1.115,-0.229,-89.783,97.351,78.491
0.555,-1.009,-0.265,-87.341,86.243,80.444
0.591,-0.924,-0.301,-82.397,76.355,82.092
0.608,-0.850,-0.334,-76.355,66.284,82.642
0.603,-0.784,-0.333,-71.106,54.871,80.627
0.586,-0.734,-0.322,-67.078,44.617,77.576
0.604,-0.683,-0.314,-66.956,35.583,76.782
0.594,-0.633,-0.311,-70.313,27.588,75.378
0.584,-0.587,-0.317,-73.547,21.484,73.914
0.583,-0.541,-0.325,-75.195,15.442,74.646
0.590,-0.500,-0.325,-75.867,6.775,76.355
0.583,-0.459,-0.312,-76.294,-3.296,78.613
0.548,-0.417,-0.295,-75.623,-13.367,82.275
0.497,-0.342,-0.289,-73.792,-22.583,87.463
0.460,-0.250,-0.285,-70.801,-31.372,91.187
0.425,-0.169,-0.245,-66.772,-41.687,91.125
0.355,-0.098,-0.209,-61.035,-51.208,88.806
0.299,-0.019,-0.167,-52.856,-57.739,86.548
0.235,0.048,-0.115,-45.166,-62.195,83.252
0.196,0.092,-0.070,-38.757,-64.697,76.904
0.166,0.114,-0.034,-35.156,-68.787,67.261
0.121,0.116,-0.006,-32.166,-74.890,55.298
0.086,0.115,0.027,-28.198,-81.055,45.166
0.038,0.099,0.060,-22.766,-86.426,38.635
-0.021,0.078,0.104,-15.808,-91.003,35.217
-0.079,0.046,0.169,-6.531,-94.910,34.912
-0.143,0.037,0.242,4.395,-98.328,37.231
-0.204,0.036,0.311,15.747,-101.013,39.063
-0.263,0.045,0.369,24.902,-103.577,37.048
-0.292,0.037,0.414,30.273,-104.248,30.945
-0.316,0.008,0.447,31.433,-105.347,20.996
-0.335,-0.032,0.476,30.762,-107.117,10.254
-0.365,-0.071,0.488,29.419,-107.483,2.808
-0.426,-0.113,0.486,28.687,-107.422,-1.343

-0.994,-0.590,0.686,66.589,-94.299,-19.104
-1.043,-0.677,0.716,62.927,-89.661,-25.635
-1.085,-0.753,0.731,62.195,-85.144,-28.748
-1.122,-0.816,0.740,64.087,-79.529,-29.175
-1.125,-0.870,0.759,67.444,-72.693,-27.405
-1.107,-0.917,0.773,71.411,-65.369,-24.780
-1.128,-0.952,0.790,71.594,-58.289,-22.888
-1.053,-0.938,0.836,69.092,-51.208,-22.949
-1.092,-0.974,0.781,74.036,-46.753,-31.006
-1.062,-0.942,0.798,71.289,-40.283,-33.264
-1.086,-0.975,0.761,70.740,-32.471,-34.485
-1.093,-1.007,0.778,71.960,-26.611,-34.363
-1.094,-1.043,0.830,76.294,-21.729,-31.799
-1.093,-1.077,0.882,82.397,-15.747,-28.259
-1.103,-1.108,0.930,87.036,-9.277,-25.330
-1.119,-1.123,0.977,89.783,-1.038,-24.780
-1.092,-1.137,1.010,89.294,10.498,-26.489
-1.058,-1.175,1.030,82.947,23.560,-31.860
-1.052,-1.235,1.049,73.730,35.278,-39.734
-1.022,-1.303,1.065,64.392,47.180,-46.753
-0.993,-1.370,1.073,55.115,60.364,-50.659
-0.975,-1.427,1.077,47.852,73.364,-52.063
-0.948,-1.468,1.048,43.884,86.426,-50.110
-0.910,-1.494,1.011,40.588,98.450,-46.692
-0.870,-1.506,0.965,37.354,107.361,-44.189
-0.823,-1.500,0.903,32.349,115.112,-42.847
-0.772,-1.499,0.828,27.710,122.620,-43.457
-0.714,-1.527,0.741,25.269,130.859,-44.800
-0.652,-1.565,0.635,22.949,139.648,-44.006
-0.564,-1.621,0.535,20.691,146.057,-41.504
-0.476,-1.674,0.438,17.517,151.855,-39.673
-0.385,-1.731,0.341,14.954,156.677,-36.499
-0.277,-1.768,0.268,9.094,159.912,-30.334
-0.198,-1.814,0.163,4.211,161.377,-24.231
-0.121,-1.841,0.070,-1.038,162.781,-16.541
-0.052,-1.826,-0.020,-8.606,161.743,-5.859
0.035,-1.797,-0.091,-14.893,158.875,5.371
0.109,-1.746,-0.159,-20.874,152.710,15.381
0.182,-1.690,-0.197,-25.879,141.968,23.071
0.237,-1.648,-0.205,-28.503,129.517,28.870
0.295,-1.611,-0.197,-28.992,118.713,35.522
0.333,-1.563,-0.206,-30.823,109.253,43.457
0.359,-1.523,-0.222,-34.729,99.243,50.110
0.364,-1.486,-0.225,-40.222,89.050,54.749
0.385,-1.426,-0.233,-46.692,80.994,59.204
0.412,-1.346,-0.260,-55.298,74.219,62.622
0.423,-1.252,-0.284,-64.575,66.528,63.049
0.446,-1.155,-0.293,-73.608,57.922,60.547
0.480,-1.075,-0.299,-82.336,49.316,57.312
0.497,-1.010,-0.308,-90.149,39.734,55.176
0.488,-0.950,-0.308,-95.703,29.297,55.908
0.468,-0.887,-0.298,-96.619,20.142,60.974
0.475,-0.821,-0.284,-94.604,14.404,69.458
0.488,-0.758,-0.278,-93.506,9.766,78.125
0.476,-0.693,-0.263,-93.506,1.953,84.351
0.423,-0.621,-0.250,-93.140,-5.920,89.172
0.414,-0.528,-0.227,-91.858,-11.353,93.567
0.401,-0.446,-0.201,-91.125,-16.907,94.055
0.369,-0.386,-0.168,-89.233,-23.071,91.309
0.360,-0.334,-0.131,-85.999,-29.846,88.379
0.362,-0.279,-0.097,-83.313,-36.194,85.510
0.341,-0.229,-0.080,-81.238,-42.542,83.862
0.319,-0.178,-0.068,-78.613,-50.049,83.557
0.285,-0.138,-0.060,-74.646,-59.143,83.130
0.238,-0.089,-0.056,-69.824,-69.458,82.703
0.173,-0.025,-0.040,-63.721,-79.590,80.811
0.122,0.025,-0.014,-55.725,-87.830,77.148
0.061,0.067,0.042,-46.448,-94.604,72.266
0.023,0.097,0.107,-36.804,-98.938,66.345
0.003,0.111,0.163,-29.541,-102.051,58.594
-0.040,0.108,0.207,-24.963,-106.323,49.500
-0.108,0.111,0.260,-19.714,-110.474,41.077
-0.166,0.114,0.320,-11.780,-111.755,35.339
-0.209,0.097,0.365,-3.052,-111.206,31.372
-0.266,0.061,0.404,5.493,-112.000,26.978
-0.321,0.021,0.433,14.099,-114.380,22.339
-0.380,-0.024,0.458,22.339,-116.943,18.066
-0.453,-0.071,0.481,30.029,-119.202,14.526
-0.511,-0.125,0.504,37.292,-119.995,11.230
-0.566,-0.196,0.508,42.358,-120.178,7.385
-0.607,-0.279,0.521,43.884,-121.643,3.418
-0.674,-0.341,0.527,42.603,-123.474,1.465
-0.734,-0.372,0.540,41.138,-124.023,1.770
-0.778,-0.373,0.571,40.405,-122.498,3.174
-0.834,-0.364,0.592,39.429,-120.361,3.906
-0.880,-0.354,0.604,38.635,-118.835,3.845
-0.926,-0.347,0.624,38.818,-117.432,2.563
-0.991,-0.358,0.652,41.565,-113.892,2.014
-1.029,-0.370,0.675,47.180,-108.032,3.784
-1.063,-0.380,0.698,54.871,-102.051,5.554
-1.079,-0.403,0.714,63.477,-95.520,4.761
-1.069,-0.442,0.721,70.740,-88.867,2.136
-1.046,-0.504,0.722,74.341,-82.886,-1.526
-1.017,-0.572,0.728,73.608,-77.209,-5.066
-1.007,-0.628,0.739,70.313,-71.228,-7.080
-1.069,-0.669,0.753,64.636,-63.721,-6.714
-1.047,-0.668,0.793,59.082,-54.016,-5.798
-1.125,-0.714,0.742,62.622,-45.715,-13.184
-1.140,-0.702,0.771,61.890,-34.973,-16.663
-1.164,-0.730,0.750,64.697,-23.865,-20.630
-1.131,-0.751,0.749,67.871,-14.160,-25.574
-1.100,-0.784,0.773,71.960,-8.667,-30.945
-1.078,-0.823,0.795,78.552,-4.517,-35.583
-1.061,-0.866,0.814,88.196,-1.526,-37.720
-1.071,-0.918,0.839,99.121,0.610,-37.598
-1.110,-0.988,0.890,109.009,4.028,-36.804
-1.117,-1.054,0.945,114.868,11.230,-36.865
-1.130,-1.129,0.984,114.075,20.447,-39.429
-1.136,-1.194,1.010,109.009,31.677,-44.006
-1.119,-1.255,1.009,100.769,46.021,-50.354
-1.082,-1.311,0.989,89.600,61.584,-56.824
-1.028,-1.382,0.938,78.613,75.562,-63.965
-0.964,-1.465,0.874,68.726,86.304,-70.862
-0.902,-1.543,0.826,61.890,92.346,-75.073
-0.859,-1.623,0.771,60.303,99.792,-73.181
-0.791,-1.700,0.704,61.768,108.459,-64.880
-0.715,-1.790,0.639,63.782,114.502,-55.786
-0.676,-1.874,0.580,61.707,118.164,-47.485
-0.629,-1.919,0.516,56.702,122.437,-39.673

-0.404,-1.971,0.360,36.072,132.324,-29.297
-0.322,-1.976,0.284,21.484,133.057,-26.428
-0.243,-1.945,0.197,6.409,132.690,-16.907
-0.154,-1.893,0.143,-5.432,130.676,-5.493
-0.081,-1.830,0.109,-13.977,127.563,6.348
-0.048,-1.750,0.087,-22.400,124.084,18.555
-0.025,-1.644,0.050,-30.762,119.873,28.992
0.000,-1.557,0.045,-37.415,113.525,34.424
0.025,-1.505,0.039,-42.297,105.774,36.377
0.075,-1.447,0.049,-46.448,98.999,37.476
0.123,-1.400,0.062,-50.659,92.224,38.086
0.153,-1.362,0.078,-54.321,85.754,38.818
0.185,-1.323,0.101,-56.152,80.505,40.283
0.217,-1.305,0.117,-57.922,77.942,41.687
0.231,-1.300,0.107,-59.753,75.684,43.518
0.269,-1.279,0.114,-59.875,71.899,45.471
0.334,-1.246,0.133,-59.265,68.604,44.800
0.405,-1.218,0.144,-60.669,65.063,40.833
0.472,-1.197,0.147,-64.453,60.608,33.020
0.509,-1.189,0.139,-68.604,55.725,21.362
0.508,-1.202,0.109,-73.303,49.988,10.376
0.465,-1.215,0.076,-76.538,42.480,6.104
0.433,-1.194,0.060,-77.148,33.630,9.705
0.382,-1.150,0.052,-76.660,23.193,16.968
0.308,-1.084,0.041,-76.904,12.024,26.672
0.251,-1.000,0.024,-77.698,3.723,38.574
0.195,-0.909,0.012,-79.041,-3.662,50.232
0.122,-0.810,0.003,-80.750,-10.559,59.937
0.069,-0.711,0.010,-83.984,-15.320,68.542
0.010,-0.582,0.010,-87.158,-16.052,74.341
0.002,-0.422,0.005,-90.210,-12.451,75.989
0.024,-0.273,-0.017,-97.168,-10.803,72.693
0.053,-0.150,-0.060,-106.506,-12.390,65.491
0.088,-0.042,-0.096,-112.549,-15.503,56.519
0.132,0.043,-0.138,-113.831,-19.165,48.828
0.154,0.089,-0.163,-110.168,-23.376,42.908
0.152,0.117,-0.180,-100.403,-27.466,39.917
0.156,0.129,-0.189,-87.280,-31.067,40.649
0.149,0.128,-0.195,-74.341,-36.560,43.335
0.085,0.129,-0.198,-61.401,-45.471,45.532
-0.022,0.134,-0.203,-48.462,-55.054,49.133
-0.125,0.150,-0.182,-32.959,-63.721,53.894
-0.219,0.148,-0.129,-15.503,-71.167,55.481
-0.262,0.109,-0.079,-0.244,-76.233,54.504
-0.303,0.061,-0.033,9.338,-81.421,51.880
-0.350,0.013,0.029,15.686,-87.097,46.509
-0.400,-0.009,0.104,18.372,-90.149,41.077
-0.468,0.006,0.184,18.616,-88.257,35.828
-0.530,0.067,0.270,17.517,-81.665,29.541
-0.594,0.118,0.347,17.273,-73.669,22.522
-0.631,0.139,0.409,18.860,-68.420,14.160
-0.644,0.120,0.462,21.057,-70.007,4.089
-0.686,0.093,0.519,24.109,-77.820,-6.592
-0.756,0.088,0.575,30.701,-86.609,-14.160
-0.810,0.076,0.630,41.931,-91.125,-16.235
-0.854,0.050,0.680,53.772,-94.055,-15.076
-0.905,-0.013,0.702,65.125,-97.534,-13.489
-0.969,-0.096,0.705,75.867,-101.868,-11.902
-0.996,-0.205,0.689,85.266,-105.957,-8.911
-1.020,-0.327,0.679,91.187,-112.244,-5.615
-1.078,-0.423,0.676,93.689,-118.774,-0.488
-1.155,-0.487,0.673,94.910,-119.202,9.705
-1.184,-0.514,0.659,95.337,-111.877,23.254
-1.186,-0.502,0.662,89.905,-101.379,31.860
-1.214,-0.480,0.649,77.759,-90.210,31.677
-1.222,-0.456,0.628,60.059,-75.867,24.170
-1.213,-0.449,0.607,41.199,-62.073,8.911
-1.202,-0.461,0.596,27.832,-51.453,-10.132
-1.201,-0.491,0.594,23.560,-44.189,-26.672
-1.208,-0.546,0.595,30.945,-40.649,-36.316
-1.276,-0.640,0.614,45.959,-40.833,-39.001
-1.292,-0.703,0.717,66.956,-42.175,-37.720
-1.385,-0.824,0.795,98.511,-44.556,-40.100
-1.376,-0.865,0.970,120.972,-41.138,-36.011
-1.378,-0.987,1.006,133.667,-32.349,-35.767
-1.349,-1.100,1.038,134.094,-20.752,-38.818
-1.331,-1.198,1.060,124.512,-9.521,-41.199
-1.338,-1.256,1.058,111.206,4.028,-42.053
-1.347,-1.313,1.037,95.276,19.592,-40.771
-1.361,-1.321,1.003,81.177,34.668,-39.490
-1.356,-1.309,0.976,68.787,49.194,-37.231
-1.321,-1.259,0.948,59.326,62.927,-33.813
-1.289,-1.221,0.911,53.528,73.425,-32.715
-1.281,-1.198,0.876,52.673,80.811,-34.485
-1.274,-1.183,0.850,56.763,87.769,-36.011
-1.266,-1.191,0.819,62.988,99.243,-34.973
-1.237,-1.220,0.798,69.031,111.572,-32.898
-1.193,-1.259,0.796,72.815,121.277,-33.020
-1.169,-1.296,0.801,71.594,131.165,-35.339
-1.125,-1.329,0.787,66.040,144.409,-37.659
-1.084,-1.358,0.760,56.030,159.180,-40.405
-1.009,-1.393,0.712,44.922,173.035,-45.471
-0.905,-1.449,0.633,35.522,184.021,-52.795
-0.781,-1.533,0.528,30.945,190.308,-59.753
-0.642,-1.618,0.416,33.325,192.017,-62.317
-0.535,-1.718,0.294,40.283,189.026,-58.899
-0.414,-1.774,0.223,47.119,181.641,-49.438
-0.326,-1.851,0.139,55.542,169.861,-36.560
-0.312,-1.909,0.102,61.462,157.288,-22.400
-0.351,-1.958,0.165,65.369,146.729,-7.446
-0.355,-2.019,0.247,69.092,148.193,7.690
-0.326,-2.092,0.246,60.669,158.020,23.804
-0.267,-2.128,0.190,41.687,164.551,33.752
-0.224,-2.133,0.080,17.151,164.917,37.659
-0.181,-2.095,-0.081,-8.667,162.537,42.908
-0.143,-2.002,-0.218,-31.067,158.142,51.270
-0.087,-1.881,-0.332,-45.837,151.611,60.425
-0.028,-1.735,-0.430,-56.030,142.334,69.031
0.015,-1.583,-0.504,-63.293,130.432,75.439
0.073,-1.437,-0.569,-67.993,116.455,79.834
0.128,-1.309,-0.638,-71.716,99.854,82.947
0.177,-1.193,-0.699,-75.378,79.773,86.670
0.174,-1.102,-0.699,-76.660,59.143,91.980
0.121,-1.038,-0.620,-71.838,46.387,99.854
0.070,-0.991,-0.507,-61.768,51.086,112.000
0.118,-0.961,-0.476,-56.763,70.862,125.916
0.206,-0.910,-0.497,-64.880,86.426,133.240
0.256,-0.822,-0.527,-82.092,87.341,128.662
0.291,-0.716,-0.571,-100.647,80.261,118.469

-1.360,-0.158,0.766,63.904,-152.283,-5.371
-1.399,-0.192,0.947,93.079,-154.358,0.183
-1.437,-0.272,1.093,114.746,-152.588,0.122
-1.488,-0.374,1.213,125.427,-145.569,-5.005
-1.555,-0.493,1.315,127.197,-133.728,-14.343
-1.582,-0.637,1.371,121.826,-117.065,-24.597
-1.544,-0.772,1.400,110.046,-100.708,-35.217
-1.505,-0.856,1.405,97.717,-87.769,-43.762
-1.446,-0.896,1.396,90.210,-75.867,-44.678
-1.459,-0.925,1.363,90.088,-64.758,-37.231
-1.370,-0.917,1.386,96.252,-54.932,-27.222
-1.376,-0.911,1.348,113.831,-49.927,-27.832
-1.436,-0.879,1.363,135.986,-41.931,-34.119
-1.445,-0.906,1.294,134.644,-31.372,-35.583
-1.441,-0.941,1.243,134.094,-14.160,-36.804
-1.417,-0.970,1.203,130.188,6.104,-35.950
-1.375,-1.000,1.156,125.122,22.522,-32.898
-1.379,-1.032,1.107,124.268,32.043,-30.701
-1.416,-1.072,1.075,126.526,39.612,-28.259
-1.476,-1.142,1.044,130.249,50.598,-25.757
-1.513,-1.201,1.019,129.639,65.796,-23.926
-1.490,-1.241,0.981,118.774,81.604,-26.428
-1.486,-1.283,0.921,99.854,95.093,-36.133
-1.511,-1.326,0.870,83.557,107.422,-47.546
-1.502,-1.358,0.818,73.364,123.901,-54.260
-1.408,-1.407,0.732,66.101,143.677,-55.542
-1.289,-1.493,0.624,60.303,157.043,-57.190
-1.167,-1.605,0.506,56.763,162.231,-59.509
-1.067,-1.723,0.410,56.946,163.391,-56.702
-0.934,-1.822,0.318,61.829,166.260,-44.922
-0.794,-1.916,0.240,65.247,171.265,-28.076
-0.684,-1.989,0.166,63.599,173.584,-11.169
-0.570,-2.000,0.080,56.396,174.866,5.310
-0.470,-1.967,-0.013,44.861,175.964,20.630
-0.352,-1.917,-0.120,33.142,176.514,31.494
-0.222,-1.871,-0.233,20.081,175.232,37.659
-0.092,-1.845,-0.380,7.812,169.128,41.626
0.029,-1.822,-0.520,-2.014,159.302,46.753
0.172,-1.765,-0.630,-10.010,147.888,54.077
0.315,-1.677,-0.726,-17.944,135.132,62.134
0.446,-1.573,-0.802,-28.809,118.652,68.848
0.560,-1.481,-0.846,-41.687,98.145,75.256
0.616,-1.393,-0.808,-53.345,77.759,80.322
0.662,-1.321,-0.739,-60.364,66.345,87.097
0.742,-1.244,-0.688,-69.336,64.636,98.877
0.806,-1.149,-0.664,-84.290,59.570,108.704
0.833,-1.046,-0.637,-101.135,49.377,112.610
0.809,-0.927,-0.599,-115.662,38.879,115.417
0.759,-0.801,-0.553,-124.329,29.907,119.995
0.714,-0.672,-0.494,-128.296,22.095,124.817
0.671,-0.567,-0.410,-130.066,11.169,126.038
0.617,-0.494,-0.318,-131.104,-1.587,123.108
0.572,-0.437,-0.238,-128.723,-14.221,118.896
0.513,-0.380,-0.159,-124.084,-26.794,117.004
0.451,-0.341,-0.089,-117.310,-39.246,117.432
0.381,-0.295,-0.028,-108.643,-51.758,119.507
0.298,-0.242,0.025,-98.145,-63.599,122.131
0.192,-0.155,0.057,-86.792,-73.730,123.413
0.112,-0.066,0.097,-73.914,-80.566,122.437
0.014,0.017,0.115,-61.462,-86.182,118.835
-0.054,0.086,0.125,-50.659,-91.064,112.244
-0.095,0.140,0.143,-41.870,-96.130,101.624
-0.149,0.160,0.131,-34.424,-99.915,89.233
-0.231,0.183,0.083,-26.917,-102.661,79.102
-0.273,0.214,0.064,-16.296,-104.309,70.557
-0.316,0.200,0.050,-4.211,-105.957,60.913
-0.382,0.162,0.026,4.883,-110.291,52.368
-0.476,0.135,0.021,12.268,-115.601,44.373
-0.563,0.114,0.034,17.578,-120.789,35.522
-0.687,0.083,0.047,21.301,-125.000,24.719
-0.787,0.045,0.078,24.597,-129.028,12.878
-0.905,-0.001,0.136,28.809,-131.653,1.709
-0.997,-0.038,0.197,33.508,-130.615,-6.348
-1.038,-0.073,0.257,36.621,-129.639,-13.062
-1.104,-0.101,0.343,37.659,-131.348,-20.935
-1.170,-0.127,0.423,39.856,-132.507,-27.527
-1.232,-0.148,0.491,44.128,-132.019,-30.090
-1.309,-0.177,0.592,51.392,-132.324,-32.288
-1.380,-0.223,0.704,62.561,-132.935,-34.180
-1.445,-0.275,0.801,74.768,-132.935,-34.729
-1.541,-0.321,0.896,87.219,-132.935,-35.583
-1.616,-0.374,0.999,100.281,-130.188,-36.804
-1.650,-0.461,1.082,109.863,-121.582,-38.696
-1.688,-0.564,1.129,113.953,-109.619,-41.016
-1.662,-0.627,1.208,113.647,-96.558,-43.823
-1.710,-0.713,1.250,121.704,-82.214,-54.565
-1.680,-0.763,1.303,129.333,-60.852,-67.200
-1.649,-0.805,1.301,111.084,-39.185,-72.266
-1.616,-0.847,1.256,94.849,-19.226,-74.646
-1.580,-0.870,1.214,81.177,-3.357,-72.632
-1.537,-0.877,1.174,76.172,7.690,-67.688
-1.509,-0.896,1.128,80.017,19.775,-60.303
-1.464,-0.917,1.082,87.158,32.288,-50.110
-1.398,-0.940,1.032,93.140,45.288,-41.016
-1.323,-0.966,0.979,92.590,58.899,-36.743
-1.249,-0.991,0.896,85.205,72.083,-36.926
-1.179,-1.016,0.797,75.073,84.167,-40.466
-1.114,-1.055,0.688,66.956,95.642,-45.837
-1.049,-1.128,0.584,62.378,107.300,-51.147
-1.003,-1.228,0.482,59.265,117.859,-55.054
-0.942,-1.340,0.376,55.725,127.014,-57.251
-0.893,-1.439,0.276,51.331,132.812,-57.922
-0.810,-1.532,0.213,47.180,135.803,-56.580
-0.724,-1.630,0.164,42.786,136.841,-53.589
-0.664,-1.697,0.137,39.307,133.484,-46.997
-0.633,-1.732,0.121,38.086,128.357,-34.912
-0.598,-1.745,0.130,37.964,126.282,-19.226
-0.529,-1.741,0.137,36.255,125.854,-5.859
-0.465,-1.747,0.149,30.334,123.474,0.000
-0.416,-1.761,0.139,21.484,119.995,3.479
-0.370,-1.768,0.115,12.390,117.126,9.338
-0.337,-1.772,0.084,4.578,116.211,17.456
-0.271,-1.742,0.049,-2.563,115.479,26.489
-0.203,-1.706,0.014,-10.498,111.938,33.691
-0.137,-1.663,-0.021,-19.104,106.323,40.283
-0.067,-1.611,-0.049,-27.588,99.792,47.913
-0.009,-1.547,-0.080,-34.668,94.055,56.885
0.053,-1.473,-0.094,-42.175,88.318,66.162
0.085,-1.396,-0.082,-50.476,81.726,73.914

-1.073,-0.453,0.847,108.215,-68.054,-28.015
-1.065,-0.562,0.866,109.314,-58.472,-36.438
-0.979,-0.610,0.851,104.187,-50.659,-43.823
-1.025,-0.665,0.854,104.797,-45.105,-55.176
-0.984,-0.689,0.839,107.483,-37.476,-61.829
-0.994,-0.724,0.780,95.764,-28.687,-59.937
-1.003,-0.756,0.750,89.539,-22.034,-58.228
-1.025,-0.807,0.725,83.313,-18.555,-56.458
-1.074,-0.880,0.727,84.778,-18.921,-56.152
-1.110,-0.957,0.763,93.628,-18.188,-54.443
-1.112,-1.049,0.774,103.455,-12.085,-51.147
-1.085,-1.134,0.799,109.009,-5.371,-48.218
-1.064,-1.227,0.830,109.070,0.916,-47.668
-1.056,-1.332,0.879,105.042,8.728,-48.279
-1.057,-1.438,0.936,96.130,19.409,-50.110
-1.038,-1.536,0.966,82.520,32.837,-52.734
-1.009,-1.627,0.961,68.176,46.509,-56.030
-0.992,-1.729,0.929,54.138,58.594,-58.411
-0.961,-1.816,0.887,42.114,66.528,-57.007
-0.888,-1.885,0.855,34.180,72.021,-50.476
-0.816,-1.928,0.823,28.931,78.247,-41.443
-0.717,-1.930,0.762,23.560,83.130,-29.602
-0.616,-1.896,0.693,16.846,85.510,-17.883
-0.516,-1.867,0.620,8.484,88.684,-8.850
-0.424,-1.828,0.553,-1.282,92.957,-0.305
-0.317,-1.786,0.492,-11.108,98.206,8.545
-0.220,-1.745,0.446,-20.386,103.210,16.174
-0.114,-1.711,0.387,-29.114,107.910,22.217
-0.022,-1.667,0.317,-39.368,110.413,29.053
0.052,-1.604,0.254,-50.354,108.459,36.316
0.115,-1.515,0.199,-59.875,103.516,43.762
0.204,-1.411,0.133,-68.420,97.412,51.208
0.285,-1.311,0.047,-76.965,89.233,56.580
0.363,-1.235,-0.029,-83.618,78.186,59.937
0.408,-1.162,-0.072,-85.999,66.956,63.416
0.449,-1.078,-0.107,-83.740,59.082,68.665
0.467,-0.989,-0.135,-81.116,54.810,73.975
0.468,-0.890,-0.155,-80.017,50.171,75.806
0.449,-0.799,-0.173,-79.163,45.410,73.669
0.451,-0.705,-0.212,-78.247,39.795,69.824
0.437,-0.636,-0.248,-78.430,31.433,65.796
0.422,-0.575,-0.247,-77.209,20.630,61.707
0.387,-0.531,-0.229,-72.815,9.399,60.181
0.343,-0.495,-0.198,-67.444,-1.648,63.782
0.292,-0.454,-0.168,-63.232,-13.550,69.031
0.215,-0.388,-0.112,-60.059,-24.780,72.754
0.134,-0.314,-0.070,-57.922,-31.189,73.792
0.062,-0.223,-0.040,-56.824,-34.607,71.838
0.010,-0.135,-0.026,-58.228,-37.231,66.284
-0.044,-0.063,-0.027,-60.425,-40.894,56.946
-0.067,-0.015,-0.022,-59.265,-47.668,44.922
-0.098,-0.013,0.005,-56.091,-55.176,34.180
-0.119,-0.028,0.042,-48.706,-63.354,28.687
-0.161,-0.041,0.087,-37.170,-71.045,27.710
-0.214,-0.040,0.133,-22.034,-76.111,30.396
-0.283,-0.054,0.185,-5.371,-81.299,35.156
-0.390,-0.064,0.240,11.353,-88.501,40.894
-0.493,-0.066,0.286,26.978,-94.421,44.495
-0.596,-0.098,0.356,38.696,-99.365,43.396
-0.682,-0.137,0.428,45.593,-101.440,38.513
-0.721,-0.181,0.485,46.082,-98.267,31.555
-0.753,-0.243,0.526,41.992,-94.543,23.193
-0.764,-0.294,0.540,36.377,-90.515,17.456
-0.753,-0.321,0.544,31.860,-85.571,15.686
-0.721,-0.345,0.552,28.320,-82.092,15.930
-0.749,-0.329,0.560,25.330,-81.543,17.456
-0.799,-0.266,0.577,26.428,-80.566,20.813
-0.834,-0.204,0.586,30.884,-76.050,22.827
-0.866,-0.169,0.627,38.879,-75.134,20.081
-0.954,-0.168,0.668,50.171,-77.820,16.785
-1.075,-0.187,0.730,66.284,-79.773,17.639
-1.173,-0.246,0.836,90.332,-77.454,21.301
-1.181,-0.309,0.952,114.868,-68.909,27.039
-1.288,-0.380,1.141,136.963,-56.824,27.222
-1.306,-0.562,1.161,163.513,-41.748,9.888
-1.240,-0.705,1.228,155.823,-20.142,-5.310
-1.209,-0.840,1.222,135.742,0.916,-19.043
-1.157,-0.952,1.146,110.535,23.132,-29.846
-1.107,-1.036,1.086,89.478,40.466,-35.706
-1.099,-1.124,1.011,77.393,52.917,-37.292
-1.121,-1.214,0.957,76.050,62.744,-33.936
-1.118,-1.311,0.930,84.229,71.533,-26.245
-1.081,-1.419,0.934,93.506,81.787,-19.958
-1.008,-1.554,0.917,96.191,94.055,-18.982
-0.915,-1.701,0.858,85.449,107.178,-24.597
-0.772,-1.884,0.738,62.439,120.544,-35.645
-0.612,-2.087,0.599,32.410,133.057,-51.575
-0.459,-2.240,0.441,3.479,140.869,-64.209
-0.276,-2.404,0.298,-18.127,144.775,-63.232
-0.121,-2.448,0.155,-34.607,147.095,-54.504
0.089,-2.476,0.053,-42.480,153.259,-40.466
0.250,-2.452,-0.026,-50.232,153.809,-22.400
0.347,-2.400,-0.118,-57.861,145.935,-2.441
0.424,-2.231,-0.161,-67.932,140.747,17.090
0.525,-2.040,-0.297,-82.642,137.024,36.926
0.650,-1.777,-0.387,-99.670,125.793,50.354
0.751,-1.483,-0.504,-111.145,106.995,58.777
0.831,-1.155,-0.594,-113.892,83.130,64.270
0.890,-0.885,-0.615,-110.840,56.824,69.763
0.919,-0.658,-0.623,-103.943,28.870,75.256
0.915,-0.520,-0.577,-93.689,-2.808,77.637
0.807,-0.433,-0.466,-77.942,-34.058,78.125
0.735,-0.390,-0.345,-56.885,-54.443,84.045
0.636,-0.340,-0.237,-40.710,-69.092,92.407
0.539,-0.305,-0.130,-28.992,-83.008,95.642
0.410,-0.277,-0.016,-23.376,-95.642,91.980
0.220,-0.243,0.072,-18.372,-102.722,85.571
0.105,-0.201,0.152,-13.123,-101.257,79.956
0.004,-0.169,0.219,-11.658,-97.717,70.801
-0.109,-0.151,0.255,-12.817,-95.032,58.289
-0.229,-0.131,0.259,-12.573,-93.811,47.791
-0.343,-0.116,0.281,-7.202,-94.360,41.992
-0.435,-0.111,0.301,1.465,-93.689,40.710
-0.533,-0.087,0.324,11.536,-92.468,41.504
-0.626,-0.070,0.358,24.048,-89.294,42.114
-0.690,-0.070,0.384,35.828,-81.665,43.396
-0.723,-0.083,0.386,44.128,-74.036,41.687
-0.799,-0.108,0.392,49.988,-67.017,34.607
-0.822,-0.146,0.414,53.040,-60.181,22.949

-0.998,-0.696,0.574,89.783,-16.296,-13.916
-1.037,-0.826,0.688,95.032,-12.390,-13.855
-1.073,-0.928,0.790,101.929,-3.052,-9.949
-1.104,-0.988,0.878,105.103,8.728,-4.089
-1.125,-1.054,0.939,103.027,21.484,-0.793
-1.111,-1.095,0.959,95.886,36.560,-4.578
-1.048,-1.154,0.975,86.487,53.284,-16.174
-0.969,-1.245,0.986,73.792,66.711,-31.311
-0.897,-1.365,0.971,60.669,75.256,-47.546
-0.855,-1.498,0.968,53.955,79.163,-59.082
-0.824,-1.605,0.949,53.894,84.595,-59.509
-0.792,-1.701,0.928,56.458,92.285,-50.049
-0.736,-1.775,0.914,58.716,98.511,-38.086
-0.672,-1.831,0.901,58.167,103.394,-30.212
-0.602,-1.927,0.891,53.345,109.497,-28.320
-0.576,-2.032,0.800,41.504,119.934,-28.809
-0.445,-2.156,0.624,20.752,133.545,-30.640
-0.324,-2.252,0.446,-3.052,148.987,-41.321
-0.122,-2.308,0.229,-27.344,161.926,-47.119
0.076,-2.310,0.014,-46.570,168.640,-44.800
0.289,-2.254,-0.175,-57.068,166.504,-33.447
0.477,-2.137,-0.310,-60.669,158.020,-13.367
0.601,-1.975,-0.419,-59.753,142.761,13.245
0.678,-1.794,-0.480,-57.434,121.948,42.297
0.710,-1.579,-0.505,-55.664,96.924,68.848
0.720,-1.368,-0.498,-57.556,72.876,86.487
0.699,-1.177,-0.466,-63.232,52.673,94.238
0.657,-1.007,-0.422,-72.144,36.255,94.055
0.636,-0.848,-0.399,-81.665,24.475,87.524
0.620,-0.730,-0.380,-90.698,17.151,76.050
0.612,-0.628,-0.376,-97.656,10.193,63.843
0.583,-0.528,-0.369,-98.877,-0.977,55.298
0.534,-0.436,-0.361,-93.567,-13.184,53.040
0.483,-0.346,-0.346,-84.351,-25.269,55.542
0.417,-0.265,-0.323,-74.097,-39.551,57.556
0.319,-0.209,-0.273,-64.392,-53.894,56.641
0.243,-0.192,-0.213,-56.641,-64.026,54.077
0.156,-0.192,-0.142,-51.514,-69.885,49.500
0.046,-0.203,-0.075,-46.326,-72.510,46.204
-0.042,-0.167,-0.041,-40.588,-70.801,46.753
-0.142,-0.113,-0.020,-33.203,-68.970,48.218
-0.223,-0.050,0.011,-22.583,-69.885,48.157
-0.297,0.004,0.064,-9.216,-72.571,45.837
-0.359,0.029,0.120,5.188,-73.669,43.152
-0.398,0.021,0.192,18.372,-74.829,41.382
-0.421,-0.015,0.258,30.029,-77.087,38.269
-0.444,-0.045,0.315,39.185,-80.994,32.898
-0.463,-0.087,0.369,44.800,-84.595,26.428
-0.478,-0.131,0.402,46.631,-87.524,19.836
-0.521,-0.175,0.427,48.828,-89.966,13.672
-0.566,-0.227,0.459,54.077,-89.905,10.803
-0.655,-0.270,0.502,59.387,-87.036,9.766
-0.739,-0.307,0.547,68.298,-81.726,8.972
-0.790,-0.349,0.591,77.454,-75.012,6.165
-0.830,-0.428,0.635,84.290,-69.580,-0.061
-0.872,-0.535,0.692,89.600,-66.650,-7.812
-0.922,-0.642,0.771,93.689,-63.965,-14.893
-0.975,-0.762,0.857,97.778,-57.129,-20.386
-1.035,-0.885,0.924,101.318,-45.654,-23.315
-1.089,-1.002,0.971,104.187,-31.860,-24.048
-1.118,-1.132,1.006,105.103,-15.259,-25.208
-1.118,-1.239,1.011,102.295,1.892,-27.893
-1.115,-1.357,0.982,93.628,18.188,-33.264
-1.102,-1.463,0.948,80.383,33.691,-40.039
-1.066,-1.552,0.904,68.604,47.241,-45.471
-1.009,-1.632,0.851,59.326,61.707,-48.340
-0.943,-1.710,0.777,52.368,77.881,-50.171
-0.807,-1.753,0.732,44.495,91.125,-48.706
-0.733,-1.827,0.627,39.429,101.685,-47.668
-0.637,-1.879,0.526,28.015,111.633,-44.312
-0.533,-1.946,0.412,17.090,119.385,-39.063
-0.401,-1.987,0.313,7.080,124.146,-36.255
-0.252,-2.015,0.242,-2.136,126.404,-34.485
-0.082,-2.041,0.179,-10.254,126.648,-30.579
0.067,-2.063,0.105,-18.799,124.512,-21.667
0.197,-2.063,0.012,-27.710,120.178,-7.507
0.321,-2.016,-0.069,-36.194,114.014,8.301
0.415,-1.919,-0.138,-45.044,106.201,24.048
0.488,-1.780,-0.213,-54.993,96.802,38.696
0.539,-1.615,-0.283,-63.416,85.144,50.110
0.577,-1.461,-0.333,-68.604,72.205,56.946
0.619,-1.313,-0.346,-70.313,58.167,60.730
0.642,-1.187,-0.341,-70.801,44.617,61.707
0.630,-1.089,-0.322,-72.388,33.386,62.134
0.624,-0.991,-0.307,-74.646,22.156,63.599
0.612,-0.894,-0.281,-76.111,11.230,62.927
0.595,-0.809,-0.266,-77.515,2.380,60.486
0.560,-0.714,-0.250,-79.468,-7.324,59.387
0.510,-0.621,-0.228,-79.346,-17.822,59.509
0.461,-0.516,-0.208,-78.186,-26.611,59.082
0.383,-0.417,-0.184,-76.233,-35.461,56.946
0.301,-0.323,-0.172,-72.876,-44.983,53.406
0.236,-0.247,-0.147,-67.383,-54.443,48.645
0.176,-0.195,-0.102,-61.462,-62.744,42.480
0.106,-0.166,-0.074,-55.115,-69.763,36.621
0.024,-0.140,-0.028,-45.959,-75.500,33.264
-0.057,-0.124,0.031,-33.691,-78.552,33.508
-0.132,-0.112,0.093,-21.118,-80.261,36.377
-0.213,-0.102,0.147,-10.620,-82.886,37.598
-0.302,-0.092,0.208,-1.465,-85.083,36.133
-0.361,-0.085,0.263,6.897,-84.290,32.471
-0.426,-0.082,0.303,11.902,-81.299,26.550
-0.457,-0.077,0.326,13.794,-78.247,19.531
-0.507,-0.070,0.344,14.771,-77.576,11.169
-0.555,-0.071,0.379,18.616,-76.721,4.456
-0.592,-0.092,0.421,24.536,-73.303,0.366
-0.629,-0.110,0.461,32.898,-68.115,-2.075
-0.644,-0.139,0.498,42.786,-61.890,-3.723
-0.670,-0.204,0.524,52.795,-58.472,-5.615
-0.690,-0.303,0.559,62.317,-58.289,-8.240
-0.710,-0.411,0.616,70.618,-59.692,-11.292
-0.762,-0.513,0.681,77.637,-61.218,-12.512
-0.851,-0.607,0.745,85.388,-59.204,-11.353
-0.933,-0.707,0.798,93.140,-50.598,-7.935
-0.991,-0.798,0.844,96.680,-37.292,-7.080
-1.045,-0.903,0.870,95.032,-24.536,-12.268
-1.092,-1.021,0.888,89.905,-13.306,-22.217
-1.106,-1.155,0.892,83.008,-2.075,-33.630
-1.097,-1.286,0.894,76.050,10.010,-44.006

-0.993,-1.526,0.851,68.542,37.720,-53.650
-0.923,-1.652,0.812,65.857,50.781,-52.856
-0.833,-1.771,0.767,59.692,62.012,-49.194
-0.782,-1.885,0.685,53.284,73.547,-45.959
-0.676,-1.975,0.615,41.016,84.656,-41.992
-0.578,-2.045,0.522,28.503,93.445,-39.185
-0.454,-2.113,0.442,15.747,100.159,-37.048
-0.324,-2.179,0.372,2.686,105.469,-32.837
-0.203,-2.220,0.306,-10.681,109.375,-24.536
-0.067,-2.193,0.225,-23.865,111.694,-11.658
0.062,-2.117,0.148,-36.072,112.061,2.258
0.178,-2.014,0.078,-47.119,109.558,16.479
0.262,-1.901,0.013,-57.800,104.614,30.212
0.328,-1.779,-0.036,-68.176,97.778,42.786
0.379,-1.638,-0.089,-77.026,90.515,52.307
0.447,-1.481,-0.135,-83.557,82.275,58.289
0.499,-1.347,-0.163,-89.233,71.533,60.913
0.538,-1.216,-0.182,-95.703,60.608,61.096
0.564,-1.096,-0.208,-100.586,49.561,60.669
0.569,-0.970,-0.234,-103.638,37.231,60.425
0.581,-0.851,-0.249,-102.417,24.536,60.242
0.568,-0.751,-0.254,-98.328,12.451,60.120
0.552,-0.671,-0.242,-93.384,1.282,61.035
0.518,-0.610,-0.210,-88.379,-9.583,62.378
0.449,-0.540,-0.195,-83.923,-20.264,63.538
0.388,-0.452,-0.182,-79.956,-28.992,63.599
0.327,-0.365,-0.163,-76.416,-36.438,59.814
0.258,-0.266,-0.155,-72.571,-43.152,53.894
0.213,-0.184,-0.133,-67.505,-48.706,46.875
0.177,-0.118,-0.119,-61.584,-53.650,38.940
0.126,-0.083,-0.100,-54.077,-60.669,31.677
0.066,-0.057,-0.062,-42.664,-69.580,27.161
-0.005,-0.050,-0.001,-27.405,-76.965,26.001
-0.080,-0.054,0.069,-10.864,-82.825,27.771
-0.172,-0.070,0.142,5.676,-88.013,31.738
-0.280,-0.083,0.218,22.583,-92.224,37.292
-0.413,-0.068,0.282,39.001,-93.018,43.274
-0.520,-0.013,0.330,55.725,-87.952,46.265
-0.580,0.015,0.379,69.702,-78.186,41.565
-0.604,-0.006,0.425,77.393,-69.763,28.503
-0.606,-0.085,0.476,77.759,-65.247,9.033
-0.617,-0.201,0.525,73.181,-65.247,-10.925
-0.643,-0.323,0.559,66.895,-67.505,-24.841
-0.673,-0.421,0.580,63.660,-69.397,-30.029
-0.720,-0.479,0.626,64.636,-70.740,-27.954
-0.806,-0.515,0.653,70.801,-65.857,-19.104
-0.851,-0.539,0.675,77.881,-53.467,-7.812
-0.881,-0.577,0.698,82.092,-41.138,-3.967
-0.933,-0.632,0.717,81.848,-32.837,-10.620
-1.001,-0.706,0.739,80.811,-25.696,-21.912
-1.040,-0.841,0.764,82.458,-16.418,-31.616
-1.034,-0.993,0.794,82.031,-7.812,-39.917
-1.061,-1.136,0.836,77.881,-3.113,-47.485
-1.086,-1.280,0.847,74.280,4.395,-49.500
-1.060,-1.381,0.851,69.214,18.921,-44.556
-1.010,-1.456,0.842,62.256,35.278,-38.879
-0.961,-1.515,0.810,52.734,49.500,-35.095
-0.885,-1.584,0.783,43.823,61.584,-33.203
-0.774,-1.676,0.769,36.072,71.289,-32.837
-0.737,-1.751,0.705,31.738,80.627,-32.837
-0.627,-1.781,0.646,23.437,90.149,-26.855
-0.537,-1.784,0.526,16.785,98.450,-20.996
-0.453,-1.768,0.398,6.714,105.042,-16.785
-0.342,-1.751,0.289,-1.892,109.619,-14.954
-0.222,-1.758,0.212,-7.690,112.122,-13.794
-0.092,-1.780,0.159,-11.353,112.366,-11.536
0.061,-1.804,0.122,-15.320,109.985,-7.935
0.174,-1.824,0.102,-21.301,104.614,-2.380
0.259,-1.813,0.079,-29.480,97.839,7.324
0.337,-1.758,0.061,-37.537,91.919,20.325
0.406,-1.677,0.044,-45.593,87.158,31.555
0.468,-1.587,0.023,-55.176,81.726,39.490
0.519,-1.489,0.006,-65.063,75.195,44.006
0.566,-1.385,-0.021,-74.280,68.848,46.143
0.608,-1.264,-0.052,-80.750,61.707,47.302
0.641,-1.147,-0.080,-84.290,53.467,48.889
0.662,-1.020,-0.114,-85.449,44.006,51.025
0.657,-0.905,-0.147,-84.534,33.752,52.429
0.659,-0.805,-0.150,-82.153,22.217,52.795
0.663,-0.723,-0.150,-80.139,10.254,51.941
0.653,-0.653,-0.140,-78.064,-0.916,48.950
0.622,-0.601,-0.138,-75.806,-11.780,45.776
0.586,-0.560,-0.138,-74.463,-21.851,43.579
0.544,-0.530,-0.133,-74.036,-31.006,42.114
0.481,-0.501,-0.135,-74.158,-39.978,41.016
0.420,-0.447,-0.143,-72.998,-48.889,40.283
0.337,-0.393,-0.152,-69.458,-58.105,39.551
0.242,-0.350,-0.155,-63.477,-67.932,39.612
0.149,-0.309,-0.135,-55.298,-76.721,39.978
0.045,-0.273,-0.102,-45.532,-83.801,40.283
-0.056,-0.233,-0.071,-34.180,-88.745,40.405
-0.145,-0.185,-0.029,-21.973,-92.590,40.100
-0.212,-0.156,0.023,-9.460,-95.520,38.879
-0.285,-0.135,0.074,1.953,-98.328,36.194
-0.360,-0.114,0.140,11.963,-100.037,32.593
-0.431,-0.099,0.187,20.813,-98.999,28.015
-0.519,-0.085,0.221,27.954,-96.069,22.217
-0.605,-0.073,0.254,36.682,-92.590,15.503
-0.650,-0.075,0.309,44.861,-89.111,8.240
-0.687,-0.107,0.368,52.429,-87.830,0.549
-0.713,-0.171,0.419,59.082,-86.365,-4.944
-0.727,-0.243,0.467,63.843,-84.351,-9.155
-0.753,-0.318,0.519,67.322,-82.947,-11.719
-0.801,-0.376,0.554,68.909,-80.139,-12.390
-0.874,-0.414,0.580,72.693,-76.782,-11.414
-0.950,-0.472,0.612,79.590,-71.899,-9.888
-1.024,-0.552,0.670,87.585,-66.956,-7.629
-1.111,-0.627,0.749,96.863,-61.340,-6.042
-1.182,-0.691,0.809,106.262,-51.208,-4.700
-1.208,-0.747,0.845,112.183,-37.659,-6.287
-1.192,-0.825,0.865,112.122,-24.475,-16.602
-1.177,-0.936,0.868,107.300,-13.794,-33.508
-1.144,-1.052,0.861,101.929,-2.502,-48.950
-1.100,-1.168,0.822,98.633,10.559,-58.350
-1.035,-1.292,0.759,98.328,23.010,-60.730
-0.954,-1.402,0.679,100.647,34.119,-56.824
-0.884,-1.503,0.601,103.455,43.030,-48.584
-0.824,-1.599,0.580,103.455,49.011,-36.926
-0.832,-1.716,0.533,104.309,57.251,-26.428

-0.748,-1.935,0.487,71.594,83.679,-19.592
-0.677,-2.030,0.436,41.748,97.595,-29.541
-0.553,-2.108,0.381,12.634,111.389,-39.429
-0.423,-2.131,0.288,-11.169,123.718,-42.664
-0.275,-2.123,0.177,-28.503,133.362,-36.560
-0.135,-2.056,0.063,-38.818,138.123,-24.048
-0.001,-1.968,-0.022,-43.640,137.268,-9.094
0.108,-1.879,-0.086,-44.922,131.348,4.944
0.182,-1.794,-0.121,-45.898,121.521,18.433
0.268,-1.696,-0.134,-47.791,109.253,30.945
0.325,-1.609,-0.126,-51.941,97.351,39.490
0.370,-1.543,-0.120,-59.387,86.243,44.495
0.423,-1.480,-0.115,-68.604,77.393,46.936
0.472,-1.423,-0.119,-77.759,69.092,47.363
0.504,-1.355,-0.142,-86.914,60.486,47.607
0.524,-1.278,-0.176,-94.971,50.659,48.828
0.563,-1.191,-0.200,-101.013,39.978,51.270
0.568,-1.097,-0.220,-104.614,29.541,53.406
0.559,-0.985,-0.233,-105.896,18.860,57.129
0.550,-0.879,-0.229,-105.469,8.850,61.890
0.510,-0.777,-0.213,-103.455,-0.366,65.308
0.490,-0.687,-0.196,-100.342,-8.484,67.749
0.457,-0.583,-0.186,-98.022,-17.273,68.054
0.416,-0.497,-0.164,-96.313,-28.015,66.589
0.381,-0.408,-0.124,-92.590,-38.513,65.063
0.330,-0.317,-0.100,-88.501,-47.241,64.392
0.268,-0.240,-0.074,-83.801,-56.030,63.477
0.180,-0.172,-0.050,-75.439,-64.270,61.646
0.102,-0.089,-0.023,-64.392,-70.251,58.289
0.023,-0.042,0.018,-53.101,-74.219,52.307
-0.065,-0.007,0.047,-41.321,-77.576,46.265
-0.137,0.014,0.082,-28.687,-81.116,41.260
-0.207,0.015,0.129,-15.137,-83.435,35.950
-0.279,-0.004,0.176,-2.808,-84.900,31.738
-0.351,-0.033,0.228,8.484,-85.876,29.358
-0.422,-0.062,0.279,18.127,-85.327,27.893
-0.472,-0.073,0.317,25.024,-82.397,26.123
-0.520,-0.093,0.351,29.724,-79.163,22.461
-0.562,-0.113,0.382,32.776,-76.294,18.494
-0.586,-0.130,0.407,34.668,-73.364,14.099
-0.568,-0.155,0.424,34.912,-70.190,7.629
-0.629,-0.197,0.465,36.743,-68.665,-0.305
-0.675,-0.229,0.489,43.701,-65.063,-8.057
-0.719,-0.259,0.470,51.880,-58.350,-8.484
-0.765,-0.297,0.484,62.988,-53.223,-7.507
-0.809,-0.372,0.512,73.547,-50.293,-8.179
-0.848,-0.467,0.562,83.069,-48.462,-11.353
-0.883,-0.584,0.630,89.905,-45.166,-16.418
-0.914,-0.701,0.692,94.177,-40.527,-22.522
-0.964,-0.835,0.715,96.558,-35.400,-28.015
-1.028,-0.964,0.758,97.900,-30.518,-33.691
-1.088,-1.096,0.792,100.220,-23.132,-39.429
-1.098,-1.224,0.815,100.708,-11.292,-43.579
-1.107,-1.362,0.839,96.191,0.000,-48.584
-1.126,-1.488,0.842,89.233,10.498,-53.345
-1.133,-1.599,0.832,82.153,22.400,-54.871
-1.112,-1.681,0.827,75.073,35.706,-53.406
-1.085,-1.763,0.801,68.542,49.622,-50.964
-1.000,-1.841,0.761,60.913,62.744,-46.997
-0.946,-1.894,0.704,52.002,75.073,-45.898
-0.863,-1.932,0.635,36.438,86.365,-41.687
-0.789,-1.958,0.532,21.362,96.985,-37.354
-0.668,-1.952,0.442,5.615,106.873,-34.180
-0.544,-1.929,0.359,-9.155,114.685,-31.982
-0.400,-1.895,0.296,-21.057,119.507,-28.931
-0.258,-1.863,0.244,-30.273,121.643,-24.292
-0.132,-1.831,0.204,-37.354,121.338,-16.479
-0.013,-1.786,0.173,-43.152,118.958,-6.470
0.094,-1.733,0.144,-49.255,115.356,3.357
0.183,-1.679,0.105,-56.946,110.229,12.878
0.257,-1.611,0.079,-66.345,103.638,21.667
0.323,-1.537,0.066,-74.524,96.985,29.053
0.386,-1.451,0.061,-83.069,91.797,34.424
0.454,-1.366,0.044,-92.590,86.304,37.292
0.495,-1.288,0.030,-102.722,78.979,38.452
0.503,-1.215,0.011,-110.352,69.641,40.527
0.514,-1.115,-0.016,-114.136,61.523,44.800
0.521,-1.005,-0.046,-113.708,53.833,49.988
0.528,-0.902,-0.069,-111.389,44.556,55.176
0.525,-0.814,-0.088,-108.948,32.715,59.937
0.501,-0.745,-0.100,-106.323,20.081,64.392
0.467,-0.656,-0.110,-101.074,7.935,68.787
0.460,-0.565,-0.111,-93.506,-1.343,71.411
0.430,-0.485,-0.092,-85.754,-9.338,70.313
0.417,-0.423,-0.075,-80.017,-17.883,67.688
0.380,-0.390,-0.059,-77.698,-25.757,63.599
0.338,-0.349,-0.063,-76.721,-33.142,59.753
0.292,-0.294,-0.072,-73.914,-40.344,56.824
0.214,-0.224,-0.077,-67.017,-47.974,54.993
0.156,-0.152,-0.067,-55.969,-54.382,53.467
0.098,-0.092,-0.052,-43.884,-61.096,51.208
0.045,-0.056,-0.029,-33.203,-68.176,48.584
-0.011,-0.044,-0.005,-23.315,-74.890,46.082
-0.066,-0.051,0.023,-13.611,-81.238,43.762
-0.120,-0.062,0.059,-3.418,-86.975,42.358
-0.178,-0.073,0.104,6.836,-91.797,42.114
-0.240,-0.086,0.166,15.320,-94.604,42.297
-0.288,-0.102,0.219,20.874,-94.727,41.321
-0.345,-0.108,0.255,23.682,-94.849,38.208
-0.405,-0.109,0.295,26.489,-95.825,32.471
-0.465,-0.121,0.334,29.907,-97.473,26.672
-0.543,-0.139,0.375,35.767,-100.464,22.461
-0.636,-0.149,0.421,46.448,-103.333,20.447
-0.710,-0.167,0.480,60.303,-101.135,19.592
-0.756,-0.213,0.531,72.876,-94.543,17.639
-0.797,-0.275,0.575,82.458,-88.562,12.939
-0.807,-0.360,0.636,89.355,-84.167,5.676
-0.882,-0.457,0.711,94.421,-80.994,-3.784
-0.999,-0.595,0.716,105.774,-79.468,-20.813
-1.028,-0.684,0.805,104.492,-72.632,-27.466
-1.120,-0.767,0.836,104.126,-62.134,-28.442
-1.164,-0.811,0.830,99.915,-46.326,-23.743
-1.206,-0.849,0.801,97.412,-31.189,-19.287
-1.213,-0.897,0.782,94.910,-18.188,-21.851
-1.235,-0.957,0.762,91.370,-7.690,-31.677
-1.245,-1.059,0.723,87.585,2.686,-43.152
-1.235,-1.187,0.686,84.290,14.465,-51.880
-1.206,-1.318,0.671,83.435,26.672,-55.359
-1.157,-1.432,0.656,83.923,39.673,-52.063

-1.015,-1.626,0.672,78.247,60.303,-36.316
-0.965,-1.669,0.674,70.618,68.787,-29.602
-0.904,-1.692,0.647,62.561,78.674,-23.437
-0.779,-1.691,0.633,52.917,87.585,-18.677
-0.714,-1.718,0.593,45.105,96.802,-20.691
-0.609,-1.762,0.550,31.372,105.347,-21.912
-0.520,-1.818,0.482,18.494,110.474,-23.193
-0.424,-1.865,0.442,6.226,114.685,-26.184
-0.296,-1.902,0.409,-6.836,119.995,-26.917
-0.175,-1.910,0.359,-21.729,124.878,-24.780
-0.043,-1.888,0.303,-34.912,127.808,-20.142
0.082,-1.869,0.250,-45.532,127.258,-14.099
0.187,-1.840,0.205,-55.481,123.535,-6.531
0.279,-1.804,0.170,-63.538,117.798,2.258
0.349,-1.753,0.148,-70.068,111.023,12.207
0.406,-1.675,0.129,-77.087,104.492,21.790
0.461,-1.589,0.115,-85.144,97.839,30.579
0.480,-1.498,0.099,-94.055,89.783,38.513
0.491,-1.389,0.065,-101.929,81.665,46.448
0.491,-1.261,0.034,-107.361,74.097,53.955
0.494,-1.127,0.018,-110.840,66.223,59.265
0.496,-1.008,0.013,-112.000,57.251,62.744
0.504,-0.896,0.016,-110.718,47.852,64.209
0.528,-0.802,0.016,-107.910,37.964,65.247
0.538,-0.723,0.019,-104.736,28.992,67.322
0.522,-0.641,0.016,-101.013,20.325,70.740
0.502,-0.547,0.011,-95.825,13.062,74.219
0.486,-0.451,0.005,-91.125,6.897,76.172
0.469,-0.377,-0.008,-87.402,0.122,75.439
0.439,-0.311,-0.029,-85.266,-7.446,72.510
0.392,-0.240,-0.046,-81.299,-15.625,68.420
0.351,-0.166,-0.061,-75.195,-22.095,64.331
0.334,-0.098,-0.075,-68.604,-28.748,59.937
0.292,-0.053,-0.090,-62.378,-38.025,54.443
0.230,-0.028,-0.097,-54.626,-49.500,50.232
0.152,0.005,-0.106,-44.067,-61.218,48.157
0.068,0.036,-0.094,-30.029,-71.106,46.753
-0.004,0.048,-0.061,-16.357,-78.918,45.166
-0.087,0.033,-0.019,-5.371,-86.426,42.603
-0.172,0.015,0.030,4.761,-93.933,38.818
-0.235,0.001,0.084,14.343,-99.609,36.011
-0.314,-0.017,0.140,22.461,-103.394,34.058
-0.384,-0.024,0.186,30.212,-105.408,31.921
-0.461,-0.018,0.234,36.865,-106.018,28.198
-0.535,-0.019,0.275,42.847,-105.774,23.682
-0.612,-0.036,0.314,48.828,-105.103,17.944
-0.689,-0.079,0.354,56.274,-104.980,12.634
-0.750,-0.149,0.406,65.369,-105.652,8.484
-0.805,-0.222,0.463,73.547,-105.408,5.005
-0.887,-0.276,0.504,81.299,-104.431,3.418
-0.953,-0.336,0.546,88.867,-100.830,3.723
-1.019,-0.375,0.585,94.604,-93.445,2.563
-1.131,-0.420,0.625,97.717,-84.412,-0.916
-1.105,-0.448,0.720,100.037,-75.439,-7.263
-1.224,-0.544,0.678,115.295,-69.092,-25.818
-1.247,-0.593,0.792,121.216,-56.152,-37.537
-1.321,-0.706,0.820,129.089,-43.457,-43.762
-1.302,-0.828,0.876,132.507,-26.306,-47.241
-1.293,-0.953,0.909,130.188,-10.193,-48.157
-1.279,-1.053,0.938,124.451,2.625,-51.147
-1.255,-1.153,0.951,118.408,15.869,-54.199
-1.260,-1.238,0.933,113.098,28.809,-57.556
-1.220,-1.325,0.913,110.413,40.344,-59.692
-1.184,-1.452,0.892,107.483,53.223,-62.744
-1.132,-1.571,0.868,101.501,67.200,-65.552
-1.055,-1.691,0.797,91.980,80.872,-67.383
-0.966,-1.784,0.763,78.125,94.055,-68.848
-0.918,-1.924,0.620,65.491,106.079,-69.519
-0.844,-2.002,0.514,50.232,116.760,-69.092
-0.677,-2.075,0.434,41.016,124.268,-64.697
-0.538,-2.149,0.354,35.767,130.249,-61.890
-0.392,-2.198,0.292,28.076,132.751,-55.176
-0.241,-2.226,0.255,18.250,132.080,-43.213
-0.132,-2.218,0.227,5.737,130.493,-26.001
-0.054,-2.166,0.199,-8.057,128.784,-5.188
-0.003,-2.075,0.182,-22.461,126.282,15.137
0.047,-1.961,0.158,-37.476,123.413,31.189
0.077,-1.832,0.134,-52.673,119.385,41.687
0.112,-1.713,0.115,-66.711,115.479,48.218
0.173,-1.603,0.122,-78.918,112.305,51.086
0.202,-1.548,0.083,-90.942,110.840,50.476
0.227,-1.479,0.043,-102.661,107.910,49.866
0.273,-1.397,0.001,-111.389,103.394,50.232
0.329,-1.306,-0.037,-117.981,98.206,51.575
0.379,-1.220,-0.077,-123.108,92.163,54.626
0.397,-1.148,-0.125,-125.183,82.886,59.509
0.435,-1.052,-0.155,-124.023,71.106,65.735
0.464,-0.959,-0.174,-120.728,58.533,71.533
0.474,-0.877,-0.193,-116.028,45.288,76.721
0.475,-0.813,-0.209,-110.901,31.799,82.031
0.472,-0.747,-0.216,-106.628,18.616,86.853
0.461,-0.689,-0.221,-102.905,5.981,90.393
0.456,-0.618,-0.199,-99.548,-5.310,92.957
0.446,-0.545,-0.192,-96.619,-14.282,93.750
0.445,-0.470,-0.180,-95.215,-21.729,93.262
0.433,-0.397,-0.175,-94.727,-28.931,91.675
0.411,-0.322,-0.176,-94.177,-35.217,88.806
0.374,-0.240,-0.187,-92.896,-41.016,85.205
0.337,-0.132,-0.203,-89.722,-48.279,81.360
0.290,-0.027,-0.238,-84.900,-58.777,76.416
0.233,0.062,-0.238,-77.942,-71.960,71.289
0.150,0.128,-0.217,-66.467,-85.815,66.162
0.031,0.172,-0.180,-49.622,-98.633,63.477
-0.074,0.213,-0.125,-29.663,-109.802,63.477
-0.170,0.217,-0.044,-9.460,-119.080,62.866
-0.287,0.204,0.028,9.888,-126.099,60.242
-0.385,0.185,0.105,27.283,-130.188,57.495
-0.467,0.149,0.178,42.786,-132.751,53.589
-0.543,0.101,0.247,55.542,-134.216,47.607
-0.630,0.058,0.323,64.575,-134.460,41.016
-0.707,0.013,0.394,71.838,-132.629,34.363
-0.775,-0.029,0.469,77.576,-128.418,27.527
-0.835,-0.083,0.534,82.520,-122.925,20.020
-0.898,-0.132,0.608,85.388,-117.126,11.292
-0.970,-0.188,0.679,88.013,-111.877,2.991
-1.030,-0.237,0.733,91.370,-104.492,-2.869
-1.059,-0.291,0.786,92.773,-96.558,-8.911
-1.120,-0.339,0.839,91.248,-90.088,-15.564
-1.186,-0.378,0.871,90.698,-81.665,-19.470

-1.352,-0.450,0.891,106.628,-56.824,-20.264
-1.476,-0.484,0.972,131.104,-41.382,-26.489
-1.498,-0.554,1.000,143.982,-23.560,-23.254
-1.542,-0.660,1.018,157.410,-6.042,-22.949
-1.503,-0.775,1.026,159.607,10.437,-24.292
-1.444,-0.904,1.053,156.555,24.597,-32.776
-1.363,-1.043,1.098,148.376,37.354,-45.593
-1.290,-1.192,1.062,137.573,51.025,-59.875
-1.214,-1.342,1.009,125.610,65.308,-71.533
-1.123,-1.502,0.919,114.868,82.153,-79.773
-1.055,-1.668,0.772,101.685,101.379,-85.144
-0.980,-1.833,0.557,87.585,119.690,-87.097
-0.782,-1.965,0.410,69.275,131.897,-84.839
-0.669,-2.125,0.240,60.669,140.442,-85.266
-0.491,-2.216,0.171,50.415,144.592,-81.299
-0.295,-2.277,0.130,46.265,143.799,-68.420
-0.148,-2.305,0.112,41.809,141.479,-52.795
-0.021,-2.311,0.100,34.180,135.986,-33.691
0.057,-2.303,0.101,23.132,128.479,-14.954
0.097,-2.271,0.077,8.423,121.826,1.648
0.134,-2.207,0.052,-9.705,115.662,15.137
0.166,-2.130,0.047,-28.687,109.680,24.231
0.202,-2.057,0.055,-46.692,104.309,29.236
0.241,-1.972,0.049,-63.416,99.243,31.799
0.276,-1.879,0.033,-78.674,94.116,34.485
0.308,-1.785,0.018,-91.492,88.074,39.612
0.335,-1.689,0.015,-102.173,82.458,45.898
0.340,-1.583,0.013,-111.084,76.538,52.856
0.325,-1.460,0.002,-117.188,70.068,60.486
0.337,-1.322,-0.023,-121.948,64.880,67.566
0.337,-1.203,-0.053,-126.282,58.044,72.205
0.346,-1.074,-0.031,-128.662,49.255,75.439
0.362,-0.972,-0.022,-130.859,41.809,78.979
0.355,-0.884,-0.012,-134.583,35.583,82.703
0.341,-0.787,-0.018,-137.878,30.640,86.243
0.339,-0.676,-0.028,-140.503,25.513,89.905
0.341,-0.572,-0.047,-140.686,18.372,92.957
0.328,-0.470,-0.060,-138.062,8.972,95.703
0.317,-0.366,-0.082,-133.057,0.061,97.778
0.300,-0.261,-0.104,-124.573,-7.629,97.290
0.281,-0.165,-0.120,-113.647,-14.832,94.666
0.285,-0.071,-0.147,-101.990,-22.400,89.966
0.275,-0.014,-0.168,-91.675,-31.433,82.336
0.251,0.022,-0.186,-82.642,-42.480,74.280
0.213,0.058,-0.192,-73.547,-54.504,67.566
0.174,0.091,-0.183,-63.660,-64.819,62.012
0.137,0.121,-0.171,-54.565,-73.486,56.946
0.090,0.151,-0.165,-46.631,-83.252,52.368
0.018,0.183,-0.161,-39.429,-95.093,48.401
-0.102,0.208,-0.149,-27.771,-107.422,44.556
-0.214,0.222,-0.104,-10.498,-116.516,41.870
-0.314,0.224,-0.070,7.935,-120.361,39.368
-0.406,0.232,-0.021,25.635,-124.207,34.851
-0.485,0.208,0.051,42.358,-128.357,27.527
-0.558,0.158,0.129,56.641,-130.981,18.311
-0.633,0.092,0.194,67.993,-132.507,9.094
-0.729,0.027,0.230,78.491,-133.606,1.465
-0.812,-0.038,0.274,89.905,-134.521,-5.127
-0.870,-0.133,0.335,102.417,-136.292,-11.597
-0.942,-0.240,0.405,113.525,-139.404,-17.334
-1.071,-0.369,0.479,122.192,-142.944,-19.775
-1.213,-0.504,0.618,130.920,-144.775,-18.616
-1.389,-0.631,0.747,141.602,-140.747,-16.907
-1.427,-0.704,0.824,150.146,-129.089,-13.855
-1.608,-0.789,0.985,160.278,-114.014,-16.602
-1.754,-0.884,1.077,174.316,-93.018,-30.151
-1.769,-0.956,1.137,167.969,-64.026,-36.438
-1.793,-1.016,1.155,159.424,-33.325,-46.570
-1.725,-1.072,1.136,141.541,-6.714,-53.650
-1.658,-1.123,1.115,128.235,12.939,-59.753
-1.594,-1.187,1.093,120.789,30.273,-63.538
-1.488,-1.208,1.091,118.652,45.654,-60.364
-1.391,-1.244,1.060,119.568,61.462,-53.650
-1.282,-1.289,1.019,120.605,77.332,-46.326
-1.159,-1.321,0.961,118.042,92.773,-40.039
-1.032,-1.376,0.900,110.046,105.774,-36.926
-0.928,-1.449,0.868,97.412,115.479,-39.368
-0.873,-1.539,0.765,82.764,126.526,-46.082
-0.706,-1.631,0.628,65.857,138.550,-51.147
-0.606,-1.724,0.482,52.246,151.917,-63.354
-0.424,-1.807,0.357,35.522,160.278,-72.205
-0.279,-1.897,0.229,26.611,161.804,-74.829
-0.139,-1.962,0.146,21.912,158.875,-67.749
0.001,-2.008,0.104,19.714,151.550,-49.683
0.100,-2.047,0.077,16.357,140.564,-27.710
0.131,-2.062,0.042,7.690,129.028,-6.104
0.158,-2.056,-0.002,-5.859,119.202,11.902
0.209,-2.021,-0.031,-21.973,111.938,22.827
0.278,-2.001,-0.060,-38.330,104.797,25.024
0.322,-1.988,-0.097,-55.054,95.886,22.583
0.354,-1.963,-0.117,-68.726,84.290,22.034
0.390,-1.913,-0.139,-79.895,73.669,26.794
0.417,-1.831,-0.154,-88.928,64.026,36.194
0.417,-1.722,-0.159,-97.839,54.504,48.157
0.397,-1.588,-0.167,-108.276,45.715,61.523
0.380,-1.423,-0.180,-117.676,37.659,74.402
0.359,-1.234,-0.217,-124.573,30.518,84.900
0.353,-1.063,-0.227,-129.578,23.865,91.003
0.341,-0.922,-0.239,-132.080,16.296,92.896
0.308,-0.804,-0.238,-132.751,6.836,93.567
0.272,-0.701,-0.222,-130.005,-1.892,94.849
0.256,-0.600,-0.213,-126.587,-9.277,96.558
0.239,-0.507,-0.194,-124.634,-16.785,98.572
0.220,-0.423,-0.184,-123.230,-24.780,100.891
0.193,-0.340,-0.179,-121.460,-32.043,103.394
0.150,-0.248,-0.186,-117.920,-39.246,105.408
0.093,-0.124,-0.209,-112.854,-45.837,106.506
0.057,0.022,-0.241,-104.736,-52.368,105.103
0.010,0.159,-0.278,-94.116,-60.059,98.145
-0.039,0.272,-0.289,-80.872,-69.763,85.999
-0.068,0.358,-0.258,-66.467,-79.773,70.801
-0.101,0.388,-0.214,-52.795,-88.989,55.054
-0.150,0.380,-0.146,-40.039,-97.961,42.297
-0.210,0.340,-0.074,-26.489,-105.164,34.241
-0.274,0.299,-0.010,-13.611,-109.131,30.884
-0.330,0.278,0.032,-2.625,-112.000,29.907
-0.412,0.266,0.075,6.836,-116.211,27.954
-0.497,0.256,0.114,16.357,-120.178,25.024
-0.580,0.248,0.141,26.062,-122.620,21.851

-1.342,-0.349,0.688,144.470,-112.488,-28.809
-1.439,-0.497,0.810,144.043,-105.835,-44.312
-1.523,-0.638,0.882,143.677,-93.201,-52.734
-1.465,-0.744,0.912,142.273,-74.158,-51.270
-1.583,-0.835,0.951,149.292,-54.688,-55.542
-1.682,-0.879,0.953,168.030,-31.494,-71.716
-1.638,-0.948,0.963,167.664,-8.362,-75.012
-1.659,-1.013,0.915,164.062,11.169,-77.271
-1.610,-1.077,0.859,149.048,27.222,-72.998
-1.583,-1.163,0.799,138.916,39.673,-67.444
-1.530,-1.248,0.776,133.240,51.270,-60.608
-1.468,-1.354,0.755,131.165,63.232,-54.260
-1.407,-1.459,0.736,127.075,74.768,-48.828
-1.340,-1.575,0.677,120.544,87.524,-43.884
-1.276,-1.690,0.601,106.567,101.135,-39.490
-1.187,-1.780,0.509,87.463,115.112,-36.377
-1.170,-1.889,0.373,68.604,126.953,-35.522
-1.009,-1.975,0.265,49.072,135.010,-32.043
-0.935,-2.039,0.143,36.133,145.386,-32.471
-0.774,-2.087,0.068,21.729,152.832,-26.489
-0.630,-2.098,-0.004,10.925,153.564,-17.029
-0.493,-2.088,-0.048,2.625,152.527,-8.789
-0.360,-2.052,-0.060,-6.042,150.513,1.953
-0.262,-2.002,-0.068,-16.907,146.912,16.174
-0.171,-1.942,-0.060,-28.503,142.456,31.006
-0.085,-1.882,-0.029,-41.382,137.634,43.213
-0.012,-1.838,-0.000,-55.176,132.507,52.124
0.054,-1.778,0.036,-68.726,126.648,59.204
0.121,-1.740,0.081,-82.825,122.925,65.735
0.172,-1.680,0.080,-98.022,120.361,72.754
0.244,-1.565,0.063,-113.281,115.723,80.261
0.305,-1.427,0.054,-125.977,110.901,86.060
0.316,-1.307,0.028,-135.071,106.323,89.722
0.337,-1.161,-0.028,-138.733,99.121,94.849
0.369,-1.010,-0.048,-135.681,88.440,99.182
0.420,-0.905,-0.038,-128.479,76.599,100.647
0.454,-0.831,0.008,-119.995,66.223,99.609
0.499,-0.791,0.055,-112.854,57.251,98.389
0.541,-0.757,0.083,-109.558,50.049,97.717
0.573,-0.724,0.094,-109.497,43.640,97.595
0.597,-0.677,0.093,-112.549,38.147,98.877
0.602,-0.617,0.062,-117.249,32.532,102.844
0.591,-0.532,0.006,-120.361,26.672,107.239
0.569,-0.446,-0.057,-121.643,19.836,110.657
0.527,-0.319,-0.130,-121.094,10.071,113.708
0.483,-0.159,-0.222,-113.953,-2.319,114.319
0.468,-0.011,-0.246,-102.417,-17.273,109.924
0.446,0.127,-0.279,-89.661,-31.738,101.013
0.418,0.207,-0.301,-78.979,-48.767,90.637
0.341,0.257,-0.328,-66.528,-67.505,80.139
0.266,0.268,-0.320,-52.673,-84.595,71.716
0.191,0.246,-0.269,-36.072,-98.999,65.735
0.074,0.211,-0.205,-17.700,-111.450,60.913
-0.032,0.178,-0.146,-1.038,-120.728,57.312
-0.160,0.158,-0.113,15.808,-128.418,54.260
-0.296,0.165,-0.070,34.058,-137.451,51.331
-0.436,0.194,-0.020,53.162,-145.630,47.180
-0.562,0.196,0.040,72.876,-151.062,39.917
-0.696,0.160,0.112,90.271,-153.564,29.785
-0.835,0.086,0.185,105.408,-153.320,18.188
-0.943,-0.001,0.264,117.615,-149.719,6.165
-1.038,-0.114,0.350,126.221,-143.372,-6.042
-1.109,-0.231,0.434,129.028,-136.047,-20.264
-1.211,-0.352,0.521,127.197,-130.493,-34.119
-1.297,-0.463,0.616,124.268,-124.329,-44.617
-1.389,-0.566,0.704,120.422,-115.173,-51.147
-1.446,-0.639,0.780,117.798,-102.417,-52.307
-1.489,-0.664,0.839,117.981,-86.914,-49.316
-1.528,-0.685,0.873,118.164,-68.909,-44.983
-1.425,-0.676,0.939,115.356,-49.194,-39.246
-1.460,-0.734,0.865,122.009,-33.997,-43.884
-1.433,-0.727,0.921,126.221,-13.306,-49.133
-1.397,-0.763,0.854,121.826,3.784,-43.945
-1.358,-0.785,0.823,118.042,18.677,-36.377
-1.287,-0.818,0.806,114.929,29.602,-25.513
-1.221,-0.854,0.804,115.906,37.170,-16.846
-1.181,-0.936,0.830,116.882,43.823,-11.230
-1.146,-1.019,0.828,117.920,52.002,-9.705
-1.112,-1.122,0.837,114.685,62.683,-12.634
-1.069,-1.231,0.797,107.300,77.087,-19.287
-1.022,-1.330,0.766,94.971,91.003,-27.588
-1.038,-1.446,0.684,82.031,105.225,-35.950
-0.928,-1.574,0.551,71.716,118.103,-39.490
-0.915,-1.720,0.437,70.923,130.920,-48.889
-0.777,-1.887,0.347,64.026,140.808,-52.673
-0.652,-2.064,0.286,54.565,146.179,-55.969
-0.522,-2.224,0.209,47.058,151.917,-60.547
-0.361,-2.361,0.134,36.072,153.931,-58.472
-0.198,-2.455,0.070,24.109,151.550,-49.622
-0.057,-2.508,0.030,13.550,147.644,-35.461
0.066,-2.524,0.006,2.808,143.066,-16.602
0.141,-2.493,0.000,-10.071,136.658,3.784
0.205,-2.412,-0.006,-25.757,129.761,22.705
0.264,-2.302,-0.004,-44.556,123.230,37.231
0.327,-2.187,0.011,-62.805,116.638,46.692
0.388,-2.069,0.039,-79.895,111.694,53.772
0.450,-1.953,0.052,-96.619,108.337,60.547
0.519,-1.834,0.066,-113.464,104.675,66.589
0.538,-1.723,0.058,-130.005,100.037,71.838
0.531,-1.598,0.015,-144.714,96.619,78.552
0.524,-1.454,-0.043,-156.372,94.543,86.731
0.500,-1.307,-0.119,-162.231,92.163,93.323
0.502,-1.120,-0.145,-162.231,86.914,98.633
0.547,-0.940,-0.154,-157.959,80.139,102.173
0.608,-0.779,-0.188,-154.785,72.510,102.844
0.630,-0.653,-0.217,-153.381,59.692,102.722
0.630,-0.532,-0.264,-149.841,43.518,103.943
0.616,-0.424,-0.316,-144.531,27.161,107.239
0.586,-0.300,-0.350,-134.766,10.132,110.229
0.544,-0.175,-0.372,-118.958,-7.202,111.450
0.501,-0.051,-0.383,-102.783,-25.208,110.840
0.443,0.055,-0.373,-88.745,-43.335,107.056
0.378,0.149,-0.346,-75.073,-59.753,98.755
0.308,0.235,-0.312,-62.927,-74.646,87.891
0.229,0.306,-0.285,-52.551,-88.135,76.477
0.145,0.351,-0.245,-42.664,-100.525,65.186
0.051,0.376,-0.203,-31.921,-111.450,54.199
-0.034,0.391,-0.162,-21.484,-120.361,43.701
-0.115,0.389,-0.114,-10.498,-128.296,33.142

-1.378,-0.422,0.535,112.671,-151.306,-12.573
-1.455,-0.506,0.605,115.906,-138.367,-9.216
-1.529,-0.585,0.644,117.126,-121.887,-7.080
-1.438,-0.641,0.632,116.760,-104.980,-6.104
-1.564,-0.717,0.685,122.986,-89.722,-14.221
-1.642,-0.811,0.705,138.428,-72.998,-31.311
-1.617,-0.897,0.693,137.146,-59.937,-33.508
-1.724,-1.022,0.699,144.958,-49.072,-34.973
-1.703,-1.145,0.735,149.292,-33.752,-28.870
-1.711,-1.275,0.776,149.780,-18.005,-21.240
-1.733,-1.389,0.804,147.461,-5.432,-14.893
-1.707,-1.487,0.854,145.020,5.920,-12.573
-1.692,-1.609,0.898,140.503,21.729,-16.235
-1.630,-1.706,0.916,131.531,43.457,-21.973
-1.540,-1.803,0.892,115.601,68.787,-29.907
-1.438,-1.894,0.801,93.384,93.933,-40.161
-1.316,-1.963,0.661,69.641,116.150,-49.011
-1.213,-2.024,0.497,49.683,132.141,-54.565
-1.000,-2.009,0.477,36.133,141.785,-49.927
-0.922,-2.088,0.213,46.570,152.039,-45.776
-0.877,-2.047,0.173,38.330,156.433,-36.316
-0.697,-2.014,0.139,23.621,151.794,-11.230
-0.638,-1.995,0.106,16.785,154.175,1.343
-0.552,-1.965,0.099,7.935,154.419,10.681
-0.451,-1.941,0.094,-2.808,154.053,19.104
-0.338,-1.935,0.081,-15.137,155.762,23.560
-0.205,-1.940,0.072,-25.635,155.884,24.170
-0.089,-1.956,0.067,-30.029,152.832,16.541
0.011,-1.953,0.079,-36.621,147.766,7.385
0.124,-1.936,0.075,-51.514,143.494,8.301
0.221,-1.895,0.043,-70.435,140.808,18.494
0.318,-1.806,0.005,-87.280,139.587,33.813
0.406,-1.684,-0.054,-100.769,139.038,49.683
0.499,-1.539,-0.117,-109.924,137.512,60.669
0.581,-1.384,-0.192,-116.699,131.958,66.528
0.676,-1.231,-0.205,-122.742,123.413,69.153
0.752,-1.101,-0.224,-125.610,114.624,71.289
0.823,-0.974,-0.257,-127.258,103.149,74.341
0.866,-0.860,-0.290,-128.662,89.722,77.209
0.876,-0.761,-0.323,-129.700,74.036,80.383
0.885,-0.643,-0.342,-128.601,56.885,85.205
0.866,-0.541,-0.340,-125.793,39.490,91.370
0.827,-0.445,-0.326,-122.131,21.606,98.999
0.777,-0.349,-0.307,-118.469,4.150,106.506
0.713,-0.252,-0.276,-114.380,-12.390,111.511
0.631,-0.168,-0.241,-110.535,-27.771,113.831
0.543,-0.081,-0.222,-106.934,-40.100,113.708
0.466,0.008,-0.209,-103.027,-49.622,110.779
0.393,0.090,-0.213,-97.473,-58.105,105.286
0.336,0.170,-0.203,-90.942,-68.054,97.717
0.258,0.228,-0.188,-82.153,-79.041,88.318
0.183,0.279,-0.178,-70.496,-89.966,79.407
0.109,0.323,-0.155,-55.603,-101.318,70.251
0.029,0.347,-0.119,-38.208,-112.305,60.486
-0.064,0.339,-0.075,-19.409,-120.605,51.025
-0.157,0.318,-0.026,0.000,-125.183,43.030
-0.236,0.283,0.028,18.372,-125.000,36.194
-0.321,0.230,0.081,34.485,-118.774,30.945
-0.398,0.204,0.110,50.171,-108.582,24.780
-0.460,0.194,0.127,66.895,-96.130,16.602
-0.537,0.207,0.137,79.346,-85.144,6.958
-0.621,0.196,0.137,91.187,-79.224,-4.272
-0.683,0.180,0.145,104.797,-76.355,-20.447
-0.715,0.099,0.171,116.882,-72.327,-39.734
-0.702,-0.094,0.172,118.835,-70.068,-59.143
-0.695,-0.301,0.229,108.521,-79.712,-78.857
-0.770,-0.507,0.312,100.220,-98.633,-90.759
-0.842,-0.674,0.409,97.961,-111.938,-81.055
-0.904,-0.769,0.499,99.976,-116.089,-54.688
-0.984,-0.796,0.556,100.891,-117.798,-25.818
-1.107,-0.784,0.595,98.694,-120.056,-2.991
-1.182,-0.772,0.616,95.703,-121.826,13.062
-1.420,-0.736,0.717,98.694,-120.117,23.071
-1.652,-0.772,0.695,122.131,-114.380,18.677
-1.678,-0.780,0.784,127.808,-103.333,16.968
-1.770,-0.903,0.829,133.728,-86.853,5.127
-1.755,-1.037,0.868,127.747,-68.115,-7.141
-1.714,-1.163,0.874,117.859,-48.645,-17.090
-1.670,-1.319,0.889,106.812,-30.640,-26.245
-1.651,-1.453,0.873,96.924,-14.526,-31.982
-1.624,-1.552,0.864,87.280,1.526,-32.166
-1.590,-1.631,0.829,77.698,18.433,-27.832
-1.547,-1.632,0.771,67.871,36.865,-20.752
-1.473,-1.595,0.719,58.533,54.688,-14.526
-1.409,-1.562,0.665,49.377,71.594,-11.230
-1.312,-1.522,0.613,41.016,85.388,-9.033
-1.173,-1.515,0.558,36.682,95.825,-10.132
-1.123,-1.521,0.522,36.743,104.248,-14.099
-0.922,-1.569,0.426,44.739,111.389,-20.508
-0.944,-1.609,0.382,48.096,123.413,-35.217
-0.770,-1.603,0.352,32.166,125.000,-32.654
-0.680,-1.657,0.286,29.602,127.136,-30.273
-0.606,-1.701,0.215,26.245,130.493,-32.715
-0.535,-1.776,0.196,22.949,128.723,-35.034
-0.421,-1.856,0.240,13.367,123.169,-34.424
-0.259,-2.002,0.325,9.216,113.708,-34.851
-0.208,-2.181,0.443,18.311,100.342,-48.157
-0.143,-2.320,0.579,24.963,94.055,-56.213
-0.040,-2.387,0.648,22.034,99.426,-44.861
0.028,-2.421,0.683,6.470,109.802,-21.179
0.079,-2.346,0.543,-15.320,121.887,6.470
0.134,-2.181,0.385,-48.035,133.728,33.081
0.186,-2.007,0.197,-80.933,145.447,49.988
0.255,-1.841,0.004,-107.178,153.442,57.312
0.382,-1.633,-0.173,-128.296,154.419,61.584
0.499,-1.442,-0.342,-143.311,148.193,63.660
0.595,-1.276,-0.436,-155.273,138.062,66.895
0.678,-1.119,-0.491,-159.302,123.413,74.219
0.699,-0.990,-0.511,-156.006,106.201,85.815
0.686,-0.860,-0.501,-146.790,86.426,100.708
0.670,-0.727,-0.449,-133.057,65.674,114.014
0.625,-0.624,-0.388,-119.385,49.072,121.033
0.542,-0.519,-0.369,-108.276,39.063,122.070
0.475,-0.414,-0.379,-99.121,33.508,116.882
0.459,-0.310,-0.382,-90.149,28.931,104.492
0.443,-0.238,-0.387,-84.045,22.888,87.341
0.433,-0.191,-0.386,-80.811,17.517,70.862
0.421,-0.170,-0.373,-76.843,14.893,58.899
0.438,-0.157,-0.353,-71.716,13.367,53.040

-1.418,-0.753,0.270,135.559,-82.153,-74.768
-1.587,-0.856,0.297,160.278,-75.012,-52.979
-1.747,-0.996,0.369,182.617,-65.857,-40.405
-1.813,-1.192,0.457,188.538,-57.678,-36.011
-1.898,-1.472,0.516,181.458,-51.392,-43.762
-1.913,-1.767,0.631,163.757,-45.349,-56.641
-1.908,-2.034,0.714,140.686,-35.339,-71.167
-1.874,-2.255,0.780,117.554,-21.179,-78.979
-1.835,-2.419,0.806,97.046,-5.066,-75.806
-1.808,-2.515,0.818,83.618,10.193,-60.608
-1.778,-2.557,0.840,76.904,25.269,-32.959
-1.753,-2.444,1.000,74.768,41.809,-1.831
-1.618,-2.422,0.830,88.196,64.209,16.235
-1.553,-2.256,0.855,64.575,88.501,28.687
-1.361,-2.069,0.816,26.672,106.201,44.556
-1.228,-1.925,0.710,3.235,128.967,45.410
-1.040,-1.792,0.632,-16.235,146.301,38.574
-0.849,-1.704,0.569,-31.555,154.053,28.748
-0.669,-1.685,0.543,-38.696,158.813,17.883
-0.490,-1.698,0.527,-39.490,162.292,10.498
-0.317,-1.719,0.521,-37.292,163.391,6.226
-0.202,-1.760,0.482,-37.537,164.307,3.235
-0.085,-1.824,0.456,-38.635,162.048,2.441
0.023,-1.879,0.414,-43.091,156.860,2.014
0.120,-1.941,0.352,-49.927,151.611,2.380
0.198,-1.975,0.283,-58.594,147.278,7.080
0.304,-1.965,0.201,-70.618,145.996,17.578
0.405,-1.920,0.106,-86.182,147.522,28.259
0.506,-1.844,-0.009,-105.103,148.987,37.231
0.594,-1.746,-0.131,-122.375,146.484,44.189
0.668,-1.640,-0.243,-135.376,140.381,52.673
0.755,-1.501,-0.320,-144.226,130.615,66.345
0.823,-1.374,-0.359,-149.597,117.981,83.252
0.850,-1.238,-0.376,-151.672,104.065,99.731
0.849,-1.073,-0.397,-152.771,88.257,116.211
0.819,-0.935,-0.380,-153.137,73.486,130.188
0.738,-0.790,-0.387,-149.780,59.631,142.578
0.687,-0.567,-0.401,-140.625,45.410,152.405
0.639,-0.309,-0.415,-125.427,31.738,154.175
0.616,-0.074,-0.393,-107.178,19.287,145.996
0.576,0.082,-0.369,-95.398,4.822,131.653
0.527,0.187,-0.362,-89.905,-11.230,114.624
0.495,0.238,-0.337,-85.938,-25.635,96.741
0.455,0.245,-0.304,-81.482,-37.659,79.346
0.425,0.247,-0.273,-75.684,-50.415,65.369
0.396,0.236,-0.244,-70.251,-63.721,54.810
0.350,0.228,-0.220,-64.209,-75.134,46.448
0.298,0.242,-0.199,-56.885,-85.571,41.504
0.248,0.267,-0.172,-47.607,-95.276,38.879
0.179,0.288,-0.131,-36.316,-103.577,37.476
0.105,0.298,-0.081,-24.597,-109.131,37.537
0.013,0.296,-0.057,-13.306,-111.877,39.246
-0.118,0.322,-0.037,-2.380,-114.502,41.077
-0.240,0.365,-0.015,9.888,-117.493,41.138
-0.341,0.394,0.007,24.536,-119.446,36.133
-0.417,0.397,0.042,39.185,-122.559,27.039
-0.463,0.353,0.099,53.040,-125.549,16.357
-0.509,0.286,0.161,66.406,-127.075,7.446
-0.552,0.226,0.206,78.857,-126.648,2.441
-0.613,0.173,0.218,88.745,-124.695,0.122
-0.708,0.120,0.208,97.656,-123.291,-1.282
-0.826,0.063,0.173,107.605,-122.986,-2.014
-0.911,-0.022,0.122,118.347,-122.192,-4.761
-0.951,-0.112,0.120,123.718,-122.620,-13.611
-1.051,-0.192,0.125,125.854,-125.183,-26.001
-1.106,-0.268,0.124,128.174,-121.277,-32.776
-1.162,-0.344,0.121,131.104,-112.061,-35.645
-1.233,-0.427,0.141,135.132,-105.225,-39.063
-1.308,-0.510,0.190,139.893,-100.281,-41.748
-1.427,-0.609,0.245,147.522,-94.421,-41.260
-1.405,-0.671,0.290,157.166,-87.219,-36.438
-1.592,-0.765,0.482,176.270,-80.200,-37.720
-1.770,-0.959,0.520,212.769,-71.655,-53.284
-1.765,-1.102,0.663,211.609,-64.026,-54.504
-1.870,-1.319,0.741,206.299,-58.472,-64.209
-1.928,-1.490,0.822,190.857,-47.546,-67.749
-1.948,-1.627,0.856,175.476,-30.457,-60.974
-1.943,-1.766,0.869,160.156,-8.789,-53.467
-1.936,-1.900,0.903,144.226,11.169,-50.415
-1.903,-2.020,0.938,129.761,30.579,-50.476
-1.816,-2.127,0.935,116.394,55.115,-50.293
-1.711,-2.226,0.875,97.900,82.581,-49.011
-1.548,-2.253,0.801,77.087,107.117,-45.776
-1.444,-2.269,0.734,58.960,127.380,-39.612
-1.221,-2.295,0.512,50.354,144.104,-28.015
-1.174,-2.239,0.401,39.856,159.668,-18.982
-0.938,-2.163,0.267,16.113,165.649,4.333
-0.814,-2.082,0.138,4.700,173.767,17.700
-0.651,-1.997,0.042,-6.470,176.514,23.804
-0.540,-1.961,-0.026,-17.639,174.805,25.818
-0.415,-1.955,-0.070,-28.748,173.279,25.391
-0.302,-1.974,-0.081,-39.429,171.143,25.208
-0.201,-1.995,-0.083,-49.683,167.969,27.222
-0.109,-1.988,-0.077,-59.265,164.856,33.508
0.004,-1.957,-0.055,-68.604,163.452,42.358
0.081,-1.910,-0.048,-79.590,161.133,51.270
0.161,-1.806,-0.062,-92.957,157.410,62.012
0.243,-1.665,-0.120,-105.347,154.968,70.679
0.321,-1.536,-0.180,-114.746,151.001,75.500
0.389,-1.395,-0.235,-121.033,142.761,77.698
0.461,-1.268,-0.279,-122.070,131.470,77.393
0.559,-1.154,-0.286,-120.972,117.065,76.294
0.621,-1.077,-0.287,-119.263,100.647,76.294
0.665,-1.016,-0.280,-117.371,83.618,79.468
0.679,-0.962,-0.243,-114.136,67.017,85.693
0.684,-0.890,-0.204,-110.046,52.734,94.055
0.696,-0.823,-0.162,-106.567,41.016,102.661
0.683,-0.769,-0.124,-105.225,30.762,108.398
0.661,-0.722,-0.094,-106.934,22.705,111.877
0.638,-0.634,-0.110,-108.643,16.968,113.647
0.635,-0.543,-0.128,-111.389,11.230,112.610
0.630,-0.441,-0.129,-114.380,4.150,109.131
0.638,-0.348,-0.134,-116.516,-1.526,103.699
0.644,-0.278,-0.142,-118.164,-7.080,98.206
0.647,-0.215,-0.154,-119.080,-14.160,93.750
0.641,-0.148,-0.170,-117.920,-22.156,90.210
0.626,-0.075,-0.187,-115.051,-31.372,88.440
0.591,0.002,-0.210,-109.497,-42.053,87.646
0.547,0.088,-0.226,-101.135,-53.101,87.463

-1.286,-0.475,0.542,116.821,-148.743,-59.387
-1.322,-0.534,0.574,107.361,-140.503,-61.401
-1.367,-0.592,0.550,99.060,-127.930,-58.838
-1.442,-0.641,0.505,95.703,-116.150,-50.232
-1.554,-0.709,0.452,101.990,-108.337,-38.269
-1.553,-0.765,0.418,117.615,-103.577,-23.865
-1.724,-0.859,0.583,146.667,-99.365,-15.564
-1.852,-0.990,0.662,192.627,-88.257,-18.677
-1.795,-1.068,0.771,196.899,-66.833,-8.667
-1.809,-1.175,0.785,189.331,-41.992,-9.949
-1.749,-1.253,0.806,164.856,-19.043,-16.846
-1.665,-1.294,0.802,137.573,1.831,-25.330
-1.599,-1.338,0.760,112.854,21.545,-32.166
-1.554,-1.381,0.706,92.712,38.391,-35.339
-1.498,-1.404,0.660,83.069,54.077,-34.668
-1.416,-1.422,0.612,79.285,69.702,-30.457
-1.337,-1.438,0.559,76.782,82.153,-25.208
-1.263,-1.467,0.517,73.608,90.088,-22.034
-1.240,-1.530,0.457,71.838,96.069,-20.691
-1.152,-1.560,0.472,71.106,99.792,-18.433
-1.158,-1.673,0.410,77.698,106.995,-20.081
-1.138,-1.766,0.369,71.777,114.929,-23.987
-1.082,-1.863,0.320,63.049,121.460,-26.062
-0.999,-1.961,0.271,52.246,129.211,-31.433
-0.880,-2.048,0.230,34.912,135.376,-34.058
-0.761,-2.138,0.176,17.639,139.893,-33.325
-0.647,-2.210,0.120,7.385,144.409,-31.250
-0.522,-2.269,0.057,0.977,148.499,-25.574
-0.433,-2.302,0.001,-4.944,150.330,-14.771
-0.331,-2.309,-0.041,-10.254,150.330,0.732
-0.261,-2.292,-0.047,-19.165,148.437,19.775
-0.225,-2.235,-0.021,-31.433,145.752,40.833
-0.161,-2.134,-0.005,-46.692,148.010,59.509
-0.068,-2.006,-0.018,-68.604,153.076,69.641
0.020,-1.880,-0.030,-92.468,155.518,70.557
0.143,-1.772,-0.068,-114.929,158.508,66.772
0.293,-1.665,-0.118,-135.376,161.133,63.782
0.442,-1.567,-0.188,-151.184,159.912,64.209
0.576,-1.462,-0.245,-160.217,153.809,69.885
0.654,-1.361,-0.272,-162.659,143.005,81.482
0.701,-1.229,-0.305,-161.194,130.249,98.206
0.719,-1.062,-0.314,-157.043,117.188,116.516
0.702,-0.909,-0.344,-148.682,104.065,130.127
0.702,-0.730,-0.370,-137.024,88.806,138.794
0.716,-0.574,-0.380,-123.840,71.960,140.503
0.712,-0.429,-0.364,-110.535,53.711,136.536
0.721,-0.322,-0.339,-99.487,36.499,129.700
0.722,-0.244,-0.303,-92.407,20.508,121.216
0.724,-0.185,-0.265,-88.623,4.883,112.854
0.707,-0.131,-0.211,-87.341,-10.071,105.408
0.688,-0.078,-0.166,-87.830,-23.193,98.877
0.666,-0.011,-0.139,-89.966,-34.546,93.506
0.604,0.067,-0.134,-91.736,-44.983,88.196
0.543,0.175,-0.147,-91.858,-54.504,83.374
0.490,0.281,-0.174,-88.501,-63.660,76.843
0.414,0.375,-0.220,-80.872,-75.195,67.444
0.339,0.465,-0.188,-66.650,-89.478,56.274
0.263,0.491,-0.157,-46.753,-101.624,45.105
0.178,0.455,-0.119,-27.466,-113.647,37.415
0.080,0.398,-0.067,-8.179,-127.075,33.569
-0.042,0.342,-0.007,10.803,-137.634,33.386
-0.148,0.293,0.068,30.029,-143.188,36.438
-0.248,0.252,0.138,44.373,-144.714,40.649
-0.328,0.223,0.191,53.711,-143.188,41.016
-0.387,0.200,0.200,56.091,-140.259,34.546
-0.414,0.168,0.172,49.561,-139.587,19.714
-0.422,0.094,0.105,34.363,-146.423,-3.113
-0.519,0.040,0.045,17.273,-165.100,-31.189
-0.670,-0.000,0.019,13.428,-185.730,-52.063
-0.795,-0.063,0.089,27.527,-197.632,-56.580
-0.940,-0.136,0.204,51.086,-198.120,-45.837
-1.033,-0.205,0.300,74.951,-188.171,-25.024
-1.124,-0.252,0.396,93.872,-175.903,-8.301
-1.206,-0.302,0.479,104.919,-163.818,-2.930
-1.308,-0.369,0.516,104.858,-151.917,-5.310
-1.412,-0.449,0.516,101.013,-141.174,-10.681
-1.452,-0.508,0.538,99.731,-128.784,-16.174
-1.477,-0.569,0.556,98.999,-114.990,-22.461
-1.504,-0.642,0.563,96.252,-102.661,-29.846
-1.556,-0.717,0.573,91.797,-91.125,-35.828
-1.492,-0.743,0.655,90.332,-79.102,-39.978
-1.596,-0.872,0.482,113.098,-68.115,-54.199
-1.566,-0.909,0.560,123.291,-50.476,-54.626
-1.568,-0.993,0.511,124.573,-36.133,-45.837
-1.554,-1.057,0.544,121.887,-22.522,-39.429
-1.515,-1.116,0.570,113.464,-11.719,-29.358
-1.499,-1.172,0.595,105.469,-3.296,-20.935
-1.481,-1.209,0.639,101.013,5.188,-14.343
-1.471,-1.248,0.673,99.731,14.709,-9.766
-1.460,-1.302,0.699,97.595,26.184,-7.202
-1.447,-1.354,0.712,93.689,38.025,-8.179
-1.405,-1.408,0.726,87.219,49.561,-11.353
-1.375,-1.450,0.738,76.965,60.303,-15.198
-1.303,-1.452,0.716,68.970,72.754,-17.822
-1.217,-1.458,0.689,62.500,86.121,-20.203
-1.175,-1.498,0.636,58.777,97.168,-22.949
-1.051,-1.518,0.614,54.810,106.384,-23.254
-1.023,-1.553,0.576,56.152,115.295,-25.818
-0.884,-1.587,0.572,48.218,121.826,-24.658
-0.846,-1.678,0.536,43.091,126.831,-26.428
-0.751,-1.761,0.483,31.555,129.761,-26.550
-0.668,-1.831,0.441,22.156,132.446,-26.306
-0.571,-1.899,0.382,9.521,136.963,-24.353
-0.509,-1.977,0.290,-4.272,142.029,-19.470
-0.475,-2.046,0.159,-17.151,146.179,-13.062
-0.365,-2.070,0.082,-27.405,148.682,-7.019
-0.253,-2.125,0.020,-39.856,150.635,-3.418
-0.119,-2.123,-0.017,-56.030,152.222,-2.136
0.018,-2.094,-0.037,-72.815,153.259,0.427
0.138,-2.043,-0.054,-91.919,153.442,7.935
0.243,-1.962,-0.053,-110.352,152.893,18.921
0.347,-1.858,-0.043,-125.366,149.536,30.823
0.422,-1.741,-0.031,-139.160,143.921,42.603
0.474,-1.603,-0.021,-152.405,137.695,54.260
0.516,-1.447,-0.003,-163.696,131.775,65.186
0.534,-1.301,0.016,-171.387,125.061,74.768
0.532,-1.146,0.019,-175.598,117.798,83.191
0.522,-0.985,-0.012,-175.964,109.131,90.515
0.530,-0.791,-0.040,-170.349,96.802,97.229

-1.184,-0.636,0.499,121.155,-129.272,-43.457
-1.249,-0.741,0.556,119.385,-125.671,-32.898
-1.324,-0.797,0.601,119.263,-115.906,-16.907
-1.385,-0.819,0.627,118.469,-101.135,-3.967
-1.500,-0.829,0.623,115.173,-85.144,1.831
-1.434,-0.816,0.691,109.009,-70.313,0.549
-1.531,-0.929,0.567,121.155,-62.256,-18.738
-1.521,-0.953,0.680,127.136,-49.194,-33.447
-1.520,-1.065,0.645,121.460,-38.208,-34.302
-1.487,-1.135,0.640,114.258,-25.696,-31.738
-1.470,-1.177,0.628,102.356,-14.587,-21.606
-1.415,-1.163,0.628,90.027,-4.944,-9.644
-1.366,-1.142,0.624,79.895,4.700,-1.343
-1.335,-1.127,0.609,73.486,14.954,1.648
-1.300,-1.130,0.586,70.923,23.743,1.160
-1.271,-1.152,0.584,71.289,31.494,-1.953
-1.221,-1.192,0.589,71.716,38.269,-7.019
-1.171,-1.245,0.619,71.350,42.969,-13.550
-1.136,-1.317,0.654,68.970,47.546,-19.226
-1.109,-1.388,0.679,67.322,53.406,-23.132
-1.038,-1.455,0.699,67.383,61.340,-24.963
-1.001,-1.492,0.745,66.467,70.496,-27.405
-0.988,-1.600,0.687,66.772,77.209,-30.579
-0.964,-1.711,0.686,61.096,83.252,-35.706
-0.934,-1.859,0.659,52.063,86.304,-37.354
-0.925,-1.998,0.655,40.344,88.745,-35.950
-0.925,-2.110,0.607,29.602,94.116,-26.855
-0.887,-2.183,0.565,15.442,104.187,-12.024
-0.782,-2.185,0.505,1.892,116.699,3.784
-0.666,-2.146,0.424,-15.686,128.723,17.456
-0.521,-2.068,0.327,-37.048,139.648,28.381
-0.369,-1.964,0.235,-58.899,147.766,36.865
-0.230,-1.844,0.153,-79.041,152.405,44.495
-0.094,-1.724,0.082,-96.008,154.724,52.856
0.010,-1.592,0.016,-110.779,154.236,62.622
0.094,-1.446,-0.026,-121.887,149.719,73.669
0.199,-1.296,-0.037,-127.747,143.311,82.764
0.298,-1.171,-0.043,-133.362,136.230,88.440
0.346,-1.058,-0.051,-137.329,126.770,91.492
0.393,-0.928,-0.055,-135.620,117.493,94.421
0.449,-0.786,-0.083,-128.540,109.436,96.191
0.533,-0.643,-0.062,-117.798,97.351,94.727
0.561,-0.558,-0.032,-105.896,82.642,88.379
0.573,-0.495,-0.019,-96.558,69.031,80.872
0.594,-0.445,0.013,-89.783,55.969,74.951
0.610,-0.405,0.041,-84.656,42.847,70.313
0.607,-0.359,0.059,-80.566,30.823,67.871
0.603,-0.305,0.073,-77.515,19.653,68.054
0.582,-0.247,0.073,-75.745,9.338,69.641
0.557,-0.174,0.072,-75.134,-1.160,71.106
0.523,-0.108,0.084,-74.707,-11.780,70.740
0.466,-0.051,0.079,-73.975,-21.362,68.604
0.416,0.013,0.069,-72.327,-29.114,64.636
0.365,0.082,0.052,-69.031,-35.889,57.556
0.307,0.146,0.036,-61.951,-43.152,49.194
0.269,0.185,0.030,-52.734,-50.964,40.344
0.221,0.195,0.037,-41.748,-60.608,30.884
0.171,0.178,0.064,-29.968,-71.350,22.949
0.110,0.159,0.097,-17.578,-80.750,18.127
0.049,0.138,0.128,-4.456,-88.318,16.724
-0.023,0.114,0.159,8.545,-94.299,16.968
-0.113,0.086,0.186,20.569,-99.426,17.883
-0.205,0.062,0.204,30.884,-102.600,18.921
-0.300,0.054,0.211,39.978,-104.675,19.470
-0.397,0.042,0.222,49.255,-106.140,18.311
-0.473,0.014,0.237,57.251,-106.689,14.343
-0.534,-0.044,0.262,62.500,-107.117,7.507
-0.590,-0.130,0.300,64.819,-108.215,-1.282
-0.654,-0.214,0.343,64.209,-109.009,-10.315
-0.734,-0.275,0.385,63.049,-108.276,-17.639
-0.786,-0.327,0.399,62.744,-102.295,-19.714
-0.865,-0.357,0.369,62.988,-94.543,-18.494
-0.913,-0.386,0.337,64.331,-87.830,-18.555
-0.932,-0.433,0.323,65.125,-83.557,-21.973
-0.967,-0.509,0.321,64.880,-82.947,-26.917
-0.980,-0.592,0.329,64.209,-83.191,-29.602
-1.002,-0.664,0.352,62.622,-83.618,-28.992
-1.081,-0.701,0.359,63.904,-83.557,-23.560
-1.154,-0.721,0.377,69.458,-78.979,-12.085
-1.123,-0.732,0.393,76.416,-72.144,0.000
-1.269,-0.746,0.536,86.670,-67.932,3.296
-1.425,-0.852,0.518,110.229,-64.453,-5.798
-1.439,-0.898,0.622,111.206,-54.443,-3.967
-1.454,-0.980,0.688,111.023,-40.039,-2.380
-1.425,-1.048,0.734,97.107,-25.085,-0.610
-1.421,-1.104,0.779,83.252,-15.198,1.648
-1.395,-1.133,0.827,73.364,-5.859,5.859
-1.363,-1.144,0.871,66.711,5.554,12.695
-1.347,-1.153,0.907,61.279,17.883,19.958
-1.327,-1.155,0.922,56.030,31.128,24.597
-1.307,-1.159,0.942,51.025,44.861,23.682
-1.272,-1.159,0.949,49.255,57.556,17.456
-1.218,-1.185,0.954,47.913,69.092,8.362
-1.131,-1.240,0.958,48.401,79.102,-2.197
-1.031,-1.289,0.976,48.340,88.928,-13.855
-0.940,-1.384,0.963,50.720,100.159,-24.597
-0.795,-1.450,0.961,50.781,111.267,-32.166
-0.722,-1.564,0.882,51.514,121.155,-40.833
-0.617,-1.662,0.828,42.480,129.028,-45.349
-0.547,-1.759,0.741,32.349,135.132,-44.800
-0.473,-1.819,0.624,20.874,140.808,-41.443
-0.398,-1.868,0.518,10.132,146.179,-35.095
-0.355,-1.909,0.390,-1.587,150.452,-27.405
-0.277,-1.944,0.283,-13.367,152.893,-18.860
-0.184,-1.936,0.198,-24.170,153.137,-12.695
-0.090,-1.914,0.135,-33.020,151.611,-6.958
0.008,-1.878,0.099,-41.931,145.630,1.831
0.094,-1.836,0.073,-50.598,138.794,13.062
0.177,-1.780,0.078,-59.265,131.287,25.391
0.256,-1.725,0.077,-67.261,123.352,36.865
0.336,-1.651,0.077,-76.782,116.394,47.241
0.410,-1.559,0.074,-86.609,109.985,57.373
0.475,-1.459,0.063,-95.337,103.760,67.139
0.525,-1.351,0.052,-102.600,96.863,75.928
0.564,-1.239,0.043,-106.689,88.867,83.374
0.588,-1.116,0.037,-107.605,79.895,89.417
0.622,-1.000,0.027,-106.079,71.411,93.567
0.654,-0.899,0.008,-104.675,62.866,95.215
0.673,-0.797,-0.025,-104.248,53.772,94.238

-0.996,-0.514,0.596,85.083,-102.112,-17.151
-1.047,-0.539,0.582,86.243,-94.482,-11.658
-1.094,-0.529,0.533,86.792,-84.473,-9.949
-1.160,-0.516,0.464,88.989,-74.219,-13.245
-1.216,-0.524,0.469,94.604,-65.796,-18.799
-1.266,-0.529,0.520,106.567,-57.617,-26.306
-1.365,-0.656,0.363,138.184,-51.636,-45.166
-1.301,-0.721,0.468,150.146,-41.077,-52.734
-1.312,-0.861,0.466,152.100,-35.400,-56.091
-1.284,-0.962,0.489,145.386,-28.137,-59.204
-1.274,-1.066,0.499,134.583,-21.179,-57.068
-1.287,-1.159,0.526,122.742,-16.174,-52.612
-1.287,-1.236,0.552,113.525,-10.864,-47.302
-1.313,-1.312,0.593,103.943,-5.432,-41.748
-1.347,-1.371,0.638,97.473,3.113,-34.485
-1.333,-1.413,0.666,90.820,17.761,-24.963
-1.305,-1.453,0.664,81.543,32.898,-17.334
-1.269,-1.482,0.653,70.068,45.288,-13.428
-1.199,-1.502,0.645,59.387,57.007,-10.315
-1.176,-1.551,0.577,54.810,69.153,-8.423
-1.065,-1.563,0.591,49.805,78.674,-4.517
-1.055,-1.641,0.537,54.688,87.769,-4.944
-0.978,-1.693,0.511,47.058,97.961,-3.662
-0.893,-1.734,0.474,38.147,105.957,-1.892
-0.794,-1.782,0.433,30.273,112.793,-5.066
-0.686,-1.836,0.408,20.935,118.164,-8.972
-0.565,-1.890,0.359,11.841,121.887,-10.010
-0.432,-1.945,0.312,3.723,125.977,-9.766
-0.312,-1.995,0.257,-6.836,129.883,-7.629
-0.194,-2.032,0.198,-18.311,132.385,-2.808
-0.079,-2.045,0.153,-29.297,133.301,4.456
0.031,-2.021,0.129,-38.208,132.324,14.221
0.134,-1.984,0.109,-46.326,129.822,23.804
0.230,-1.928,0.096,-55.054,125.000,32.410
0.338,-1.859,0.101,-64.575,118.774,39.246
0.448,-1.770,0.125,-74.707,112.549,43.335
0.547,-1.700,0.123,-84.656,106.567,45.898
0.628,-1.632,0.116,-94.360,98.755,48.218
0.684,-1.542,0.116,-102.905,89.478,51.208
0.712,-1.451,0.106,-108.582,80.566,55.054
0.723,-1.353,0.097,-110.962,71.106,61.035
0.708,-1.246,0.079,-111.694,61.157,68.542
0.684,-1.120,0.042,-111.572,51.392,75.317
0.660,-0.991,0.014,-110.657,40.466,81.238
0.618,-0.864,-0.031,-108.582,29.846,85.388
0.569,-0.740,-0.073,-105.957,20.630,87.891
0.517,-0.611,-0.116,-101.868,12.756,89.417
0.480,-0.495,-0.152,-97.717,5.554,88.989
0.435,-0.399,-0.187,-95.032,-1.587,85.144
0.380,-0.325,-0.226,-94.299,-8.728,78.918
0.337,-0.249,-0.250,-93.567,-14.954,71.411
0.291,-0.165,-0.261,-91.309,-20.874,63.232
0.270,-0.087,-0.270,-87.463,-26.794,55.115
0.248,-0.022,-0.264,-83.008,-34.119,46.448
0.216,0.024,-0.254,-77.698,-43.396,37.476
0.173,0.047,-0.249,-72.388,-53.711,29.541
0.121,0.063,-0.226,-64.819,-64.331,23.682
0.061,0.060,-0.172,-54.565,-74.707,20.996
0.003,0.044,-0.113,-43.030,-83.435,22.339
-0.078,0.026,-0.060,-31.738,-90.881,26.550
-0.167,0.017,-0.010,-20.508,-97.595,32.349
-0.251,0.016,0.041,-9.155,-103.027,39.001
-0.329,0.017,0.110,2.075,-106.628,44.678
-0.388,0.016,0.161,11.353,-107.544,48.767
-0.425,0.028,0.206,18.250,-107.910,49.377
-0.442,0.037,0.261,22.766,-108.521,45.715
-0.466,0.038,0.295,23.254,-108.765,39.612
-0.528,0.034,0.296,20.691,-107.605,32.776
-0.588,0.029,0.254,19.592,-105.225,26.672
-0.653,0.015,0.197,21.545,-102.966,20.813
-0.685,-0.007,0.150,27.039,-101.135,14.465
-0.695,-0.036,0.129,34.912,-102.173,7.080
-0.710,-0.109,0.132,45.166,-106.750,1.648
-0.710,-0.172,0.171,56.519,-111.694,-0.061
-0.753,-0.205,0.220,71.167,-116.028,2.014
-0.778,-0.262,0.260,90.088,-118.103,8.301
-0.861,-0.322,0.309,109.192,-120.911,15.686
-0.965,-0.412,0.390,126.099,-123.291,22.095
-1.060,-0.493,0.481,137.573,-121.033,26.306
-1.164,-0.572,0.566,144.104,-116.516,24.780
-1.200,-0.687,0.674,143.799,-109.558,18.738
-1.338,-0.765,0.811,140.015,-99.426,8.850
-1.545,-0.949,0.720,156.738,-85.632,-15.625
-1.487,-1.005,0.838,146.973,-64.514,-24.475
-1.535,-1.124,0.798,136.108,-42.419,-32.349
-1.501,-1.182,0.783,119.263,-23.071,-38.025
-1.486,-1.234,0.748,104.858,-7.080,-38.025
-1.462,-1.280,0.687,95.947,6.531,-36.377
-1.439,-1.328,0.683,93.628,16.357,-33.508
-1.417,-1.391,0.704,94.177,24.475,-30.945
-1.422,-1.475,0.714,93.933,35.706,-27.893
-1.392,-1.517,0.700,89.783,50.171,-23.743
-1.339,-1.560,0.656,80.994,65.002,-21.606
-1.276,-1.587,0.619,67.505,77.332,-21.423
-1.211,-1.604,0.579,55.420,88.135,-20.752
-1.192,-1.639,0.526,51.147,99.182,-19.226
-1.084,-1.646,0.501,49.255,108.643,-13.977
-1.065,-1.657,0.463,52.124,119.507,-13.367
-0.975,-1.670,0.430,44.739,125.916,-12.817
-0.920,-1.714,0.365,39.001,130.310,-15.686
-0.840,-1.751,0.297,31.067,137.512,-20.569
-0.735,-1.802,0.216,18.860,145.569,-23.132
-0.616,-1.859,0.124,5.493,151.245,-25.146
-0.482,-1.905,0.056,-6.470,153.870,-27.161
-0.348,-1.965,0.004,-16.663,154.968,-27.100
-0.230,-2.028,-0.043,-27.283,154.541,-22.339
-0.147,-2.081,-0.075,-36.804,152.771,-13.123
-0.048,-2.079,-0.080,-44.006,151.428,-1.648
0.049,-2.046,-0.086,-51.575,150.085,9.583
0.153,-1.994,-0.094,-63.538,146.667,19.348
0.243,-1.917,-0.101,-77.515,141.052,27.039
0.333,-1.830,-0.116,-90.393,135.437,35.156
0.387,-1.725,-0.129,-102.661,129.822,44.434
0.447,-1.592,-0.151,-112.854,123.962,53.528
0.512,-1.446,-0.153,-121.033,116.943,60.913
0.560,-1.306,-0.157,-127.930,107.788,65.552
0.617,-1.168,-0.140,-133.362,97.595,69.031
0.648,-1.052,-0.124,-136.230,87.280,70.984
0.661,-0.934,-0.114,-136.902,77.148,72.449

-1.113,-0.581,0.532,86.426,-105.774,-4.272
-1.148,-0.643,0.534,86.121,-92.712,-2.197
-1.242,-0.690,0.547,83.557,-80.688,-2.869
-1.172,-0.672,0.591,81.726,-67.444,-3.174
-1.257,-0.753,0.403,101.196,-54.504,-18.860
-1.256,-0.758,0.467,109.985,-33.386,-32.898
-1.283,-0.853,0.343,105.347,-21.606,-39.429
-1.297,-0.956,0.294,100.891,-12.451,-45.471
-1.274,-1.070,0.279,97.351,-7.568,-41.870
-1.271,-1.184,0.307,98.694,-4.578,-31.250
-1.271,-1.274,0.383,104.004,-2.502,-12.634
-1.326,-1.354,0.472,113.586,1.404,6.165
-1.355,-1.448,0.525,119.995,6.592,20.081
-1.374,-1.501,0.618,118.408,13.062,25.208
-1.380,-1.550,0.679,109.558,22.400,23.376
-1.382,-1.592,0.704,93.994,36.316,17.883
-1.341,-1.628,0.687,76.294,54.077,9.644
-1.256,-1.635,0.711,61.035,72.388,-2.075
-1.204,-1.705,0.604,51.941,88.806,-17.090
-1.098,-1.725,0.568,38.452,101.929,-29.419
-0.975,-1.754,0.505,29.541,111.145,-34.485
-0.867,-1.791,0.449,25.574,118.042,-36.499
-0.759,-1.817,0.422,21.362,120.605,-34.241
-0.650,-1.822,0.398,15.259,121.338,-27.100
-0.554,-1.821,0.381,9.705,121.948,-18.799
-0.463,-1.800,0.371,1.465,122.620,-11.353
-0.381,-1.773,0.349,-8.789,124.023,-5.676
-0.308,-1.744,0.326,-20.935,125.732,-2.258
-0.240,-1.718,0.292,-33.386,127.502,-0.366
-0.157,-1.706,0.253,-46.021,129.028,1.343
-0.086,-1.704,0.202,-57.983,128.113,2.625
-0.018,-1.684,0.163,-68.787,124.573,5.432
0.046,-1.643,0.135,-76.233,119.385,11.353
0.115,-1.578,0.116,-82.581,114.990,21.057
0.178,-1.490,0.095,-88.989,111.145,31.677
0.241,-1.398,0.070,-95.398,106.506,41.260
0.289,-1.302,0.035,-101.318,100.647,48.767
0.320,-1.196,0.001,-105.530,93.750,55.481
0.348,-1.079,-0.025,-105.591,86.426,62.134
0.367,-0.976,-0.031,-101.807,78.064,67.932
0.383,-0.886,-0.011,-93.811,67.932,71.777
0.423,-0.802,0.046,-85.083,56.458,73.486
0.437,-0.738,0.096,-77.087,46.936,72.510
0.473,-0.690,0.147,-70.801,39.124,70.740
0.504,-0.657,0.194,-66.589,32.776,67.749
0.525,-0.635,0.215,-64.148,27.893,64.514
0.538,-0.605,0.220,-64.453,23.132,63.171
0.536,-0.558,0.210,-66.528,18.127,63.660
0.537,-0.488,0.183,-69.458,13.306,65.063
0.535,-0.417,0.156,-71.838,7.812,65.918
0.512,-0.344,0.132,-72.998,-0.183,65.857
0.473,-0.273,0.108,-70.984,-9.583,65.369
0.446,-0.202,0.104,-66.223,-19.104,64.392
0.418,-0.139,0.097,-59.998,-29.114,62.012
0.385,-0.088,0.101,-52.673,-39.490,57.251
0.353,-0.051,0.114,-45.044,-49.377,50.842
0.322,-0.030,0.127,-38.391,-57.861,43.884
0.277,-0.024,0.131,-33.020,-65.674,36.926
0.227,-0.019,0.146,-27.466,-72.754,30.762
0.172,-0.021,0.165,-21.790,-77.698,25.269
0.116,-0.027,0.173,-16.296,-81.177,20.874
0.063,-0.034,0.174,-11.230,-84.351,16.846
0.008,-0.041,0.173,-6.348,-88.379,13.123
-0.045,-0.050,0.175,-1.099,-93.140,10.742
-0.099,-0.057,0.174,5.676,-97.656,9.583
-0.155,-0.064,0.168,13.611,-101.929,9.766
-0.222,-0.078,0.177,22.034,-105.835,10.803
-0.292,-0.090,0.180,32.349,-109.314,12.878
-0.353,-0.119,0.188,42.725,-112.610,14.832
-0.423,-0.158,0.206,52.246,-116.333,15.625
-0.493,-0.205,0.233,62.195,-119.324,15.747
-0.557,-0.271,0.268,71.716,-120.850,15.869
-0.634,-0.333,0.295,77.759,-121.948,15.076
-0.723,-0.402,0.332,81.970,-122.864,14.404
-0.802,-0.475,0.368,85.632,-121.948,15.259
-0.883,-0.526,0.402,88.684,-118.225,15.381
-0.944,-0.605,0.440,88.989,-113.647,13.184
-0.967,-0.660,0.477,84.167,-108.643,7.874
-1.011,-0.702,0.496,76.721,-103.577,-0.854
-1.119,-0.746,0.510,70.068,-95.032,-8.606
-1.061,-0.747,0.590,66.467,-82.642,-14.160
-1.179,-0.854,0.432,85.388,-71.838,-31.921
-1.186,-0.885,0.523,94.971,-55.969,-42.480
-1.212,-0.976,0.467,95.642,-47.668,-45.471
-1.235,-1.052,0.484,93.994,-37.231,-48.279
-1.215,-1.135,0.454,90.027,-27.039,-43.640
-1.196,-1.192,0.468,86.243,-17.761,-38.330
-1.155,-1.248,0.484,83.557,-10.437,-34.180
-1.146,-1.308,0.503,80.139,-5.005,-31.189
-1.161,-1.353,0.551,77.515,0.671,-26.978
-1.182,-1.385,0.569,74.768,10.437,-20.691
-1.190,-1.402,0.576,69.153,22.095,-13.184
-1.189,-1.399,0.568,62.317,33.020,-8.118
-1.179,-1.379,0.571,55.298,43.213,-6.226
-1.164,-1.359,0.552,50.110,53.711,-7.019
-1.132,-1.347,0.546,47.363,64.331,-11.841
-1.093,-1.337,0.584,46.448,72.998,-18.982
-1.046,-1.361,0.558,44.800,82.397,-25.269
-0.984,-1.387,0.560,41.748,91.797,-30.823
-0.908,-1.424,0.563,36.926,99.243,-33.508
-0.836,-1.465,0.556,30.457,105.774,-34.485
-0.791,-1.490,0.540,21.057,111.877,-31.738
-0.761,-1.532,0.508,13.184,117.493,-25.635
-0.726,-1.597,0.479,8.667,120.178,-17.639
-0.700,-1.677,0.477,5.920,119.568,-10.620
-0.661,-1.778,0.492,5.737,117.310,-3.967
-0.583,-1.895,0.514,5.249,115.540,4.028
-0.472,-2.011,0.526,3.418,113.525,11.902
-0.311,-2.084,0.567,-0.488,113.525,18.250
-0.129,-2.128,0.599,-9.216,118.103,29.541
0.036,-2.072,0.566,-28.381,126.282,46.814
0.190,-1.964,0.465,-54.810,138.428,65.857
0.297,-1.819,0.296,-85.999,150.391,81.604
0.404,-1.631,0.082,-115.417,158.142,91.797
0.491,-1.401,-0.129,-136.658,160.278,97.168
0.585,-1.168,-0.307,-148.315,157.227,101.257
0.668,-0.941,-0.448,-150.024,149.902,103.333
0.763,-0.731,-0.558,-143.188,137.634,104.370
0.818,-0.594,-0.630,-138.916,120.605,101.929

-1.314,-0.590,0.489,156.982,-69.885,-52.673
-1.271,-0.662,0.550,167.786,-54.810,-60.852
-1.276,-0.799,0.542,174.805,-40.771,-68.481
-1.238,-0.954,0.541,165.527,-26.855,-75.500
-1.194,-1.091,0.527,146.423,-18.677,-81.238
-1.214,-1.229,0.548,127.014,-14.709,-85.632
-1.193,-1.337,0.579,111.877,-8.484,-82.825
-1.197,-1.439,0.624,100.464,0.610,-73.914
-1.181,-1.503,0.661,93.079,11.475,-60.974
-1.189,-1.530,0.652,86.060,21.362,-48.157
-1.186,-1.556,0.644,79.590,32.166,-34.546
-1.189,-1.596,0.595,73.608,42.297,-21.362
-1.143,-1.592,0.628,67.200,52.551,-9.888
-1.159,-1.646,0.567,69.336,65.063,-4.028
-1.104,-1.664,0.542,60.425,79.102,-0.305
-1.039,-1.689,0.510,50.049,91.003,1.953
-0.976,-1.725,0.465,38.391,100.769,-1.099
-0.884,-1.754,0.422,24.231,110.413,-4.883
-0.781,-1.794,0.356,10.010,119.385,-8.545
-0.674,-1.845,0.283,-3.662,125.427,-12.146
-0.554,-1.904,0.238,-14.709,126.709,-14.587
-0.411,-1.945,0.215,-22.583,125.427,-14.099
-0.293,-1.966,0.198,-29.663,123.596,-9.583
-0.171,-1.937,0.180,-35.339,122.498,-0.732
-0.057,-1.892,0.166,-40.161,121.521,9.888
0.018,-1.849,0.145,-44.617,119.202,19.287
0.077,-1.796,0.151,-49.500,114.990,27.466
0.135,-1.733,0.156,-56.519,110.352,34.180
0.169,-1.675,0.153,-65.002,107.361,39.856
0.212,-1.610,0.141,-73.914,105.835,44.983
0.258,-1.544,0.123,-83.069,102.966,49.988
0.312,-1.469,0.108,-91.003,99.304,54.504
0.368,-1.386,0.097,-98.267,94.238,59.448
0.388,-1.311,0.088,-105.408,89.172,65.002
0.404,-1.223,0.080,-112.366,84.534,72.021
0.400,-1.130,0.073,-116.272,80.200,79.651
0.409,-1.004,0.061,-117.676,76.782,87.158
0.406,-0.866,0.014,-116.028,72.876,93.689
0.430,-0.721,-0.000,-112.854,63.965,98.694
0.446,-0.576,-0.019,-106.201,53.162,99.670
0.455,-0.455,-0.026,-98.755,42.236,97.229
0.445,-0.364,-0.017,-90.820,30.212,93.872
0.423,-0.285,0.000,-83.130,17.578,90.332
0.406,-0.204,0.030,-76.843,7.019,85.938
0.389,-0.147,0.051,-71.899,-0.183,80.322
0.364,-0.095,0.058,-69.885,-6.104,74.646
0.333,-0.036,0.045,-68.054,-11.719,69.397
0.313,0.016,0.030,-63.660,-18.738,63.599
0.286,0.054,0.033,-57.251,-27.954,56.152
0.234,0.076,0.034,-50.171,-37.476,49.194
0.178,0.104,0.036,-41.565,-45.532,44.678
0.130,0.133,0.053,-31.555,-51.880,42.847
0.056,0.140,0.076,-21.729,-55.054,42.480
-0.008,0.171,0.088,-14.221,-55.786,42.236
-0.065,0.175,0.094,-7.263,-58.777,37.720
-0.119,0.172,0.114,1.465,-63.049,28.748
-0.169,0.138,0.133,10.071,-68.054,16.907
-0.254,0.105,0.184,18.799,-72.937,5.432
-0.344,0.069,0.227,28.442,-75.012,-0.854
-0.358,0.018,0.254,36.865,-72.083,-3.540
-0.391,-0.049,0.261,45.105,-70.496,-8.545
-0.422,-0.149,0.277,52.551,-77.515,-16.174
-0.441,-0.247,0.346,58.350,-91.492,-24.536
-0.500,-0.359,0.421,62.500,-105.286,-28.320
-0.541,-0.427,0.484,66.833,-110.291,-22.522
-0.622,-0.466,0.522,70.435,-107.910,-11.841
-0.708,-0.489,0.529,73.730,-99.854,-0.183
-0.794,-0.520,0.564,75.745,-90.515,7.874
-0.878,-0.566,0.578,73.303,-80.872,10.376
-0.980,-0.627,0.597,70.862,-71.960,10.010
-1.096,-0.674,0.592,72.571,-61.890,10.071
-1.089,-0.679,0.606,75.500,-47.852,11.475
-1.221,-0.693,0.596,87.036,-33.447,0.061
-1.223,-0.688,0.668,101.440,-12.634,-20.813
-1.167,-0.771,0.646,95.825,4.272,-27.466
-1.117,-0.861,0.614,90.088,13.428,-40.161
-1.026,-0.966,0.617,78.125,20.325,-44.922
-0.967,-1.065,0.635,70.435,22.583,-44.861
-0.954,-1.156,0.684,65.613,24.597,-37.231
-0.893,-1.216,0.707,63.232,28.137,-24.292
-0.949,-1.269,0.776,64.087,35.278,-10.254
-0.974,-1.290,0.812,69.031,41.382,-0.061
-0.981,-1.296,0.839,67.810,46.021,3.723
-0.981,-1.326,0.828,65.552,51.575,1.770
-0.929,-1.343,0.860,62.317,55.786,-2.563
-0.916,-1.383,0.847,63.843,60.425,-11.292
-0.855,-1.444,0.869,59.021,65.979,-19.653
-0.784,-1.514,0.874,55.664,71.472,-24.170
-0.731,-1.589,0.861,51.331,76.721,-31.860
-0.683,-1.668,0.841,44.495,82.458,-38.330
-0.649,-1.739,0.816,35.217,89.417,-41.870
-0.592,-1.809,0.762,24.048,99.121,-40.588
-0.492,-1.848,0.705,10.254,107.544,-37.109
-0.406,-1.868,0.647,-5.005,111.389,-33.691
-0.375,-1.873,0.587,-19.287,112.366,-27.466
-0.332,-1.833,0.537,-29.846,113.770,-16.357
-0.265,-1.784,0.479,-36.682,118.591,-3.967
-0.219,-1.746,0.409,-42.603,124.512,3.662
-0.161,-1.708,0.370,-48.828,129.883,5.920
-0.078,-1.700,0.339,-56.091,135.620,4.578
0.028,-1.703,0.306,-66.467,140.747,1.892
0.143,-1.693,0.267,-77.209,140.869,-0.671
0.264,-1.670,0.224,-85.327,138.000,-1.526
0.386,-1.629,0.172,-92.224,134.094,1.160
0.488,-1.586,0.109,-96.924,128.235,9.766
0.575,-1.515,0.067,-99.792,120.972,23.926
0.626,-1.448,0.030,-101.135,112.915,40.649
0.651,-1.356,0.015,-103.638,102.905,59.570
0.667,-1.247,0.007,-107.178,91.858,77.759
0.614,-1.117,-0.031,-110.779,80.811,92.529
0.545,-0.975,-0.101,-111.938,68.176,105.408
0.498,-0.818,-0.099,-105.042,53.711,113.892
0.504,-0.649,-0.110,-93.384,43.396,114.197
0.508,-0.549,-0.095,-87.341,35.461,108.154
0.499,-0.496,-0.051,-82.031,24.719,98.694
0.497,-0.455,-0.009,-73.486,15.076,89.233
0.518,-0.421,0.016,-68.665,10.132,83.618
0.494,-0.391,0.000,-68.481,4.456,80.872
0.475,-0.336,-0.026,-68.359,-4.272,79.651

-0.875,-0.501,0.879,89.722,-69.702,-1.465
-0.939,-0.565,0.904,83.191,-60.303,-7.019
-0.979,-0.599,0.913,75.012,-51.147,-15.198
-0.880,-0.636,0.879,66.467,-41.138,-24.231
-0.968,-0.661,0.898,68.176,-36.621,-41.687
-1.053,-0.735,0.856,86.182,-29.358,-66.223
-0.932,-0.765,0.901,80.688,-14.893,-67.444
-0.935,-0.821,0.805,84.229,-9.155,-67.017
-0.901,-0.874,0.842,77.759,-4.883,-59.631
-0.909,-0.939,0.844,76.965,-6.470,-49.744
-0.914,-0.987,0.927,81.726,-5.981,-42.847
-0.917,-1.046,0.985,86.731,-2.747,-37.842
-0.940,-1.114,1.027,90.149,1.282,-35.950
-0.952,-1.179,1.092,88.867,8.057,-36.560
-0.951,-1.231,1.151,85.205,19.104,-40.283
-0.897,-1.291,1.130,78.430,31.067,-44.067
-0.865,-1.343,1.115,71.045,43.335,-52.612
-0.763,-1.385,1.108,58.777,52.795,-58.105
-0.704,-1.457,1.089,53.650,59.021,-63.049
-0.646,-1.524,1.051,53.101,65.796,-63.293
-0.584,-1.594,1.000,53.894,70.862,-57.922
-0.515,-1.658,0.963,52.856,74.829,-50.781
-0.450,-1.716,0.922,47.546,77.942,-42.908
-0.392,-1.754,0.862,38.330,80.750,-35.400
-0.343,-1.780,0.788,24.414,83.252,-28.809
-0.301,-1.800,0.720,9.460,86.365,-23.621
-0.255,-1.821,0.635,-5.127,91.248,-18.738
-0.198,-1.828,0.559,-18.616,96.130,-13.306
-0.128,-1.813,0.470,-31.494,99.792,-8.301
-0.053,-1.776,0.403,-43.823,101.685,-4.272
0.018,-1.724,0.338,-53.467,100.220,-0.732
0.092,-1.664,0.295,-60.730,96.191,3.235
0.156,-1.602,0.260,-65.613,91.919,7.080
0.224,-1.543,0.248,-70.740,87.708,11.719
0.280,-1.483,0.238,-75.195,82.825,17.029
0.336,-1.421,0.221,-80.872,79.102,22.095
0.380,-1.356,0.221,-86.182,74.768,27.649
0.398,-1.290,0.248,-86.060,70.435,34.302
0.436,-1.214,0.256,-83.557,68.665,42.725
0.476,-1.129,0.258,-83.130,65.674,51.392
0.491,-1.039,0.228,-85.022,60.364,57.739
0.502,-0.941,0.202,-88.440,53.711,62.195
0.503,-0.832,0.180,-90.088,48.340,65.369
0.517,-0.726,0.166,-90.332,45.288,66.589
0.542,-0.643,0.141,-90.088,42.236,66.284
0.551,-0.577,0.100,-89.783,36.438,64.819
0.554,-0.522,0.048,-87.158,27.710,63.965
0.569,-0.464,0.017,-81.726,17.639,64.270
0.553,-0.403,-0.008,-73.914,7.385,65.430
0.525,-0.358,-0.027,-65.796,-1.221,68.115
0.440,-0.308,-0.021,-58.044,-9.338,71.289
0.396,-0.260,-0.035,-48.889,-13.550,73.181
0.398,-0.214,-0.024,-44.739,-15.991,71.716
0.393,-0.194,-0.015,-42.603,-22.705,65.552
0.372,-0.181,-0.001,-41.443,-32.043,57.739
0.354,-0.160,0.009,-39.795,-40.833,52.063
0.338,-0.130,0.008,-37.476,-48.035,48.828
0.311,-0.101,0.012,-34.241,-55.420,45.959
0.257,-0.071,0.024,-30.090,-63.843,43.152
0.185,-0.041,0.049,-23.987,-70.557,40.833
0.130,-0.013,0.060,-17.273,-74.524,38.879
0.063,0.013,0.073,-10.986,-79.651,35.217
-0.035,0.015,0.096,-4.028,-86.426,30.640
-0.161,0.007,0.147,5.615,-91.431,27.527
-0.221,-0.010,0.208,17.578,-91.797,26.672
-0.258,-0.031,0.271,28.503,-91.248,24.780
-0.314,-0.060,0.328,37.781,-93.994,20.508
-0.400,-0.084,0.388,46.082,-96.985,17.029
-0.468,-0.099,0.448,54.688,-97.107,14.893
-0.513,-0.118,0.486,60.791,-95.215,11.475
-0.545,-0.181,0.518,62.744,-96.375,4.395
-0.605,-0.263,0.566,60.669,-102.722,-5.066
-0.666,-0.345,0.631,59.998,-108.948,-11.169
-0.717,-0.405,0.689,62.317,-108.521,-9.705
-0.761,-0.424,0.709,65.063,-102.112,-2.319
-0.817,-0.433,0.720,65.674,-94.543,3.601
-0.852,-0.438,0.740,62.927,-87.158,4.700
-0.851,-0.443,0.763,57.190,-79.041,0.244
-0.844,-0.454,0.778,49.072,-70.801,-5.920
-0.867,-0.475,0.778,42.053,-62.866,-11.475
-0.871,-0.485,0.783,39.795,-56.213,-13.062
-0.878,-0.473,0.914,45.959,-50.415,-13.550
-0.965,-0.535,0.835,73.792,-46.875,-24.963
-0.933,-0.560,0.903,85.876,-34.912,-29.236
-0.953,-0.633,0.948,87.463,-24.658,-27.588
-0.948,-0.705,0.945,82.947,-19.897,-28.259
-0.940,-0.755,0.981,70.923,-14.404,-26.917
-0.968,-0.807,0.963,63.904,-9.338,-26.672
-0.986,-0.840,0.988,59.265,-3.906,-26.367
-1.001,-0.866,1.006,60.730,1.587,-27.588
-1.012,-0.894,1.019,62.439,8.789,-29.907
-1.012,-0.933,1.031,65.186,17.578,-32.959
-1.021,-0.988,1.000,67.566,25.940,-36.072
-0.987,-1.000,1.052,67.688,32.593,-38.635
-0.999,-1.076,1.005,75.378,41.138,-44.128
-0.966,-1.140,1.020,75.928,51.086,-49.316
-0.927,-1.212,1.010,75.989,57.495,-50.720
-0.922,-1.292,0.996,75.806,63.660,-52.979
-0.888,-1.365,0.979,72.327,70.557,-52.063
-0.842,-1.450,0.954,67.017,77.087,-50.537
-0.808,-1.536,0.916,59.021,83.801,-50.598
-0.778,-1.618,0.852,48.584,90.942,-50.049
-0.744,-1.693,0.769,35.583,98.450,-48.523
-0.689,-1.764,0.669,20.264,106.689,-47.302
-0.632,-1.827,0.574,4.211,114.136,-49.011
-0.552,-1.888,0.492,-8.545,120.117,-50.476
-0.447,-1.938,0.417,-17.822,123.169,-49.194
-0.330,-1.969,0.371,-24.109,123.413,-44.250
-0.229,-1.970,0.344,-28.687,121.582,-34.485
-0.151,-1.953,0.313,-31.982,119.812,-19.592
-0.064,-1.890,0.300,-35.034,118.042,-2.441
0.019,-1.809,0.298,-40.222,114.929,13.855
0.065,-1.713,0.291,-48.035,111.328,28.442
0.114,-1.594,0.289,-56.702,108.887,41.077
0.166,-1.475,0.266,-65.491,107.971,50.537
0.234,-1.360,0.249,-74.402,106.689,55.725
0.289,-1.263,0.228,-83.252,103.210,57.068
0.350,-1.181,0.205,-89.294,98.999,57.129
0.405,-1.105,0.180,-94.116,95.520,56.519

-0.928,-0.387,0.887,75.867,-99.854,-23.010
-0.992,-0.415,0.943,81.177,-94.055,-18.250
-1.067,-0.450,0.992,84.595,-85.693,-14.282
-1.132,-0.478,1.038,85.571,-76.782,-14.648
-1.129,-0.523,1.110,84.778,-66.650,-19.409
-1.184,-0.514,1.234,82.825,-57.739,-27.222
-1.282,-0.661,1.044,108.276,-50.537,-49.805
-1.218,-0.685,1.144,109.619,-34.729,-59.265
-1.200,-0.793,1.089,108.948,-21.973,-61.646
-1.154,-0.875,1.057,96.313,-9.827,-59.143
-1.138,-0.943,1.032,83.679,-3.235,-52.856
-1.121,-0.993,1.022,75.073,1.465,-45.166
-1.100,-1.024,1.016,70.984,6.775,-36.865
-1.106,-1.081,1.023,68.115,11.292,-30.212
-1.110,-1.129,1.035,65.430,16.968,-26.001
-1.097,-1.143,1.039,61.340,25.635,-23.682
-1.059,-1.163,1.035,56.213,35.706,-23.254
-1.015,-1.177,1.011,50.537,46.143,-23.926
-0.969,-1.189,0.947,47.424,56.274,-25.818
-0.890,-1.151,0.951,43.823,65.002,-26.123
-0.859,-1.163,0.874,46.448,73.730,-26.794
-0.788,-1.157,0.849,43.823,81.909,-26.978
-0.733,-1.183,0.823,41.504,86.365,-25.818
-0.704,-1.227,0.796,40.771,90.332,-25.269
-0.655,-1.267,0.776,38.208,95.093,-23.560
-0.609,-1.327,0.729,33.997,100.464,-23.804
-0.584,-1.399,0.690,26.550,104.553,-25.024
-0.522,-1.505,0.646,17.273,106.812,-26.123
-0.475,-1.605,0.593,5.005,108.459,-26.855
-0.440,-1.672,0.539,-6.287,109.192,-24.536
-0.396,-1.719,0.483,-13.672,111.389,-17.578
-0.325,-1.744,0.430,-21.545,116.150,-7.385
-0.260,-1.721,0.384,-31.372,118.958,3.296
-0.206,-1.681,0.333,-40.283,120.361,13.794
-0.151,-1.632,0.272,-49.011,122.498,24.170
-0.079,-1.550,0.229,-58.289,123.962,32.959
0.000,-1.472,0.179,-65.430,124.390,38.025
0.097,-1.380,0.146,-69.946,122.131,41.138
0.202,-1.302,0.115,-72.083,118.469,42.664
0.301,-1.225,0.099,-71.411,113.647,43.823
0.381,-1.153,0.092,-69.641,106.689,46.265
0.441,-1.087,0.093,-67.200,97.656,50.659
0.482,-1.024,0.093,-64.148,87.952,55.664
0.511,-0.968,0.119,-60.181,78.430,59.082
0.530,-0.932,0.152,-54.871,69.702,61.401
0.548,-0.891,0.189,-50.842,62.805,63.477
0.571,-0.840,0.206,-49.927,56.641,63.904
0.593,-0.775,0.221,-52.124,49.927,61.951
0.612,-0.725,0.221,-55.603,42.603,58.960
0.620,-0.680,0.210,-59.937,35.583,57.495
0.614,-0.634,0.183,-62.927,28.992,58.289
0.605,-0.579,0.142,-64.148,22.461,60.730
0.595,-0.517,0.111,-64.026,14.893,63.599
0.577,-0.458,0.088,-63.232,6.592,65.063
0.551,-0.401,0.061,-61.951,-1.709,65.552
0.519,-0.352,0.044,-59.570,-9.399,65.979
0.480,-0.302,0.020,-56.396,-17.090,65.918
0.452,-0.255,0.001,-53.406,-24.902,64.514
0.417,-0.220,-0.009,-50.232,-34.546,61.218
0.379,-0.196,-0.004,-46.692,-44.189,57.251
0.334,-0.179,0.009,-43.091,-52.368,54.504
0.285,-0.163,0.018,-39.429,-58.899,53.711
0.211,-0.144,0.026,-35.278,-65.552,54.016
0.119,-0.121,0.033,-30.457,-71.899,55.054
0.037,-0.100,0.050,-24.963,-77.332,56.641
-0.054,-0.078,0.074,-18.372,-83.435,57.495
-0.138,-0.062,0.106,-10.925,-89.050,56.580
-0.201,-0.054,0.155,-3.296,-93.567,53.711
-0.238,-0.064,0.207,2.808,-97.656,48.889
-0.265,-0.084,0.265,6.409,-101.379,42.419
-0.281,-0.108,0.322,7.996,-103.699,35.339
-0.288,-0.124,0.370,6.897,-103.516,29.175
-0.318,-0.131,0.399,4.395,-102.112,24.292
-0.349,-0.135,0.406,2.625,-100.464,21.301
-0.380,-0.149,0.409,2.197,-101.074,19.653
-0.432,-0.172,0.415,4.211,-105.347,19.165
-0.491,-0.205,0.435,9.338,-110.901,21.362
-0.598,-0.221,0.469,17.273,-114.746,25.635
-0.680,-0.222,0.522,28.076,-114.319,31.128
-0.753,-0.213,0.577,36.011,-110.291,33.936
-0.801,-0.196,0.637,39.795,-104.980,30.518
-0.846,-0.190,0.707,38.879,-97.595,20.935
-0.912,-0.205,0.768,35.522,-88.074,8.728
-0.935,-0.224,0.804,32.959,-76.843,-1.831
-0.962,-0.245,0.824,32.104,-67.383,-11.841
-0.959,-0.270,0.854,35.706,-60.059,-20.630
-0.982,-0.308,0.873,43.701,-54.565,-27.771
-0.855,-0.310,1.013,52.063,-51.636,-32.104
-0.935,-0.402,0.870,77.820,-53.894,-46.753
-0.904,-0.417,0.990,94.543,-47.424,-53.345
-0.920,-0.499,0.943,102.417,-44.556,-50.903
-0.961,-0.557,0.960,106.567,-43.579,-46.021
-1.012,-0.612,0.975,109.131,-44.312,-37.720
-1.065,-0.651,1.020,112.488,-42.908,-30.640
-1.137,-0.718,1.074,116.516,-39.001,-27.283
-1.184,-0.807,1.137,121.765,-32.410,-29.724
-1.206,-0.908,1.198,124.329,-21.912,-37.048
-1.214,-1.028,1.252,122.009,-8.606,-47.546
-1.207,-1.174,1.278,114.380,6.104,-58.105
-1.148,-1.302,1.277,101.074,21.362,-65.552
-1.095,-1.411,1.203,86.182,36.194,-69.580
-1.039,-1.451,1.168,72.144,48.767,-67.627
-0.988,-1.502,1.030,67.261,59.753,-60.242
-0.936,-1.508,0.947,61.829,68.481,-51.575
-0.879,-1.520,0.883,55.420,72.937,-41.077
-0.856,-1.553,0.819,53.528,76.477,-33.752
-0.835,-1.580,0.769,49.438,82.764,-27.527
-0.803,-1.615,0.704,43.518,90.332,-24.475
-0.734,-1.643,0.648,33.081,97.168,-26.245
-0.653,-1.682,0.583,19.897,101.379,-31.738
-0.569,-1.730,0.532,6.042,103.760,-37.415
-0.473,-1.786,0.489,-5.249,106.384,-40.344
-0.347,-1.853,0.468,-12.817,109.131,-39.551
-0.229,-1.899,0.466,-18.311,108.154,-35.339
-0.142,-1.926,0.460,-22.827,103.882,-26.184
-0.068,-1.933,0.449,-28.198,100.891,-12.268
0.002,-1.911,0.455,-35.461,98.450,2.869
0.071,-1.857,0.465,-46.936,96.985,17.639
0.116,-1.772,0.462,-62.988,96.008,30.457

0.203,-1.559,0.420,-96.375,96.802,47.852
0.236,-1.433,0.371,-111.267,97.412,52.490
0.274,-1.310,0.309,-123.230,97.595,54.749
0.348,-1.188,0.252,-133.057,97.351,55.420
0.398,-1.094,0.179,-139.465,94.971,54.749
0.417,-1.003,0.090,-140.320,89.600,56.274
0.452,-0.885,0.025,-133.728,80.383,62.073
0.477,-0.758,-0.012,-121.826,69.092,69.519
0.483,-0.652,-0.022,-106.628,55.359,77.087
0.472,-0.564,-0.032,-90.515,41.199,84.534
0.468,-0.486,-0.032,-75.073,27.954,89.294
0.445,-0.437,-0.010,-62.256,15.381,89.478
0.403,-0.405,0.034,-53.040,3.723,88.196
0.366,-0.369,0.073,-49.072,-4.700,87.524
0.328,-0.316,0.088,-50.171,-10.803,85.754
0.299,-0.253,0.089,-54.321,-14.648,81.421
0.291,-0.195,0.073,-59.875,-17.334,74.646
0.286,-0.134,0.045,-66.101,-20.020,66.833
0.270,-0.078,0.014,-69.336,-23.560,59.021
0.269,-0.030,-0.021,-68.604,-26.978,53.650
0.273,0.031,-0.067,-64.270,-32.410,49.561
0.256,0.066,-0.077,-56.702,-41.809,45.654
0.221,0.082,-0.067,-45.654,-52.734,43.945
0.165,0.082,-0.039,-32.227,-63.049,45.044
0.102,0.087,-0.009,-18.372,-71.045,47.546
0.042,0.082,0.026,-5.981,-77.209,49.988
-0.035,0.078,0.058,4.028,-83.862,51.392
-0.115,0.079,0.090,11.963,-90.820,51.270
-0.179,0.066,0.126,19.226,-96.497,48.523
-0.247,0.056,0.173,25.513,-101.563,44.250
-0.320,0.049,0.222,31.189,-105.408,39.429
-0.397,0.042,0.270,35.522,-106.018,34.058
-0.471,0.030,0.299,38.269,-105.042,27.771
-0.523,0.007,0.326,39.307,-103.760,19.348
-0.579,-0.031,0.352,39.429,-104.492,7.996
-0.637,-0.084,0.393,39.917,-106.262,-2.502
-0.686,-0.159,0.436,41.931,-106.995,-8.789
-0.742,-0.240,0.495,45.959,-107.361,-10.254
-0.796,-0.319,0.554,51.941,-108.582,-7.812
-0.889,-0.367,0.624,58.533,-109.741,-2.258
-0.994,-0.388,0.690,66.040,-107.849,5.188
-1.062,-0.423,0.761,71.594,-101.624,11.841
-1.078,-0.459,0.816,71.350,-95.337,12.146
-1.109,-0.494,0.853,65.918,-91.919,6.287
-1.145,-0.525,0.873,59.937,-86.365,0.061
-1.069,-0.537,0.833,56.458,-75.806,-1.526
-1.138,-0.530,0.971,61.401,-66.284,-5.310
-1.236,-0.632,0.874,91.553,-56.702,-19.470
-1.207,-0.615,0.916,92.834,-44.861,-16.785
-1.247,-0.644,0.882,100.708,-34.546,-12.878
-1.212,-0.652,0.904,96.069,-24.902,-6.775
-1.191,-0.688,0.929,91.370,-19.043,-6.042
-1.201,-0.744,0.963,86.487,-13.550,-11.780
-1.171,-0.811,1.001,83.740,-5.493,-20.264
-1.107,-0.890,1.023,81.848,3.540,-29.297
-1.059,-0.961,1.031,78.003,12.146,-35.889
-1.051,-1.020,1.033,73.914,18.982,-37.964
-1.035,-1.057,1.004,69.885,26.428,-35.095
-1.001,-1.057,1.009,66.528,33.203,-29.297
-0.970,-1.055,0.988,65.674,40.344,-24.658
-0.930,-1.041,0.958,64.941,47.913,-23.010
-0.893,-1.052,0.893,64.026,55.237,-26.001
-0.800,-1.036,0.898,59.265,61.951,-31.555
-0.761,-1.088,0.839,57.373,67.505,-39.124
-0.706,-1.131,0.844,51.147,70.313,-45.532
-0.672,-1.209,0.834,48.035,71.899,-49.194
-0.655,-1.275,0.846,46.814,76.233,-50.903
-0.629,-1.356,0.843,45.288,80.872,-49.805
-0.642,-1.432,0.831,43.518,84.351,-48.462
-0.681,-1.540,0.859,39.124,88.257,-46.204
-0.685,-1.606,0.828,34.180,95.886,-41.992
-0.658,-1.678,0.775,24.353,105.164,-37.842
-0.601,-1.722,0.706,10.559,112.122,-37.842
-0.531,-1.756,0.642,-3.784,118.225,-40.771
-0.460,-1.779,0.560,-18.372,123.474,-41.504
-0.383,-1.791,0.478,-31.494,127.319,-37.964
-0.300,-1.788,0.422,-41.199,128.418,-31.189
-0.222,-1.779,0.382,-47.546,127.502,-21.179
-0.176,-1.752,0.355,-51.331,123.901,-7.996
-0.115,-1.694,0.359,-52.063,118.958,7.690
-0.053,-1.629,0.370,-53.650,114.685,23.560
-0.014,-1.548,0.362,-58.716,110.535,37.048
0.025,-1.454,0.355,-64.941,105.713,47.302
0.074,-1.349,0.346,-71.167,103.638,53.650
0.148,-1.246,0.321,-79.285,104.431,56.458
0.230,-1.154,0.284,-88.440,104.431,55.298
0.305,-1.069,0.258,-95.032,101.379,51.392
0.392,-0.984,0.219,-97.717,97.595,48.279
0.462,-0.899,0.171,-98.633,93.567,47.424
0.520,-0.811,0.114,-96.863,87.952,49.011
0.544,-0.727,0.069,-91.919,78.552,53.040
0.574,-0.643,0.032,-85.449,67.749,58.838
0.597,-0.566,0.009,-80.078,55.969,63.354
0.591,-0.503,-0.016,-75.195,43.823,64.575
0.583,-0.442,-0.031,-71.411,31.250,64.636
0.577,-0.399,-0.039,-69.275,19.165,63.843
0.561,-0.373,-0.040,-68.909,7.690,61.646
0.536,-0.353,-0.036,-68.115,-2.625,59.998
0.521,-0.325,-0.034,-67.261,-11.108,59.631
0.501,-0.294,-0.035,-67.322,-18.921,59.570
0.465,-0.262,-0.038,-67.139,-27.100,59.875
0.421,-0.223,-0.042,-65.979,-34.485,60.425
0.386,-0.187,-0.043,-64.209,-40.405,60.181
0.354,-0.160,-0.042,-62.927,-47.119,58.594
0.302,-0.127,-0.051,-61.401,-55.725,56.030
0.250,-0.094,-0.058,-58.960,-65.369,53.223
0.195,-0.060,-0.060,-54.321,-74.646,51.147
0.129,-0.031,-0.057,-48.218,-82.642,50.537
0.071,-0.008,-0.049,-41.199,-89.539,51.575
0.010,0.002,-0.040,-31.982,-97.229,52.368
-0.076,0.001,-0.019,-22.583,-105.286,53.345
-0.151,-0.009,0.015,-14.343,-111.084,54.626
-0.214,-0.027,0.068,-7.812,-114.014,55.237
-0.270,-0.049,0.115,-4.089,-113.892,53.894
-0.323,-0.047,0.159,-5.249,-111.328,49.744
-0.372,-0.006,0.191,-10.071,-107.056,42.297
-0.399,0.042,0.209,-18.738,-101.990,31.067
-0.457,0.097,0.187,-28.015,-98.938,16.357
-0.571,0.122,0.174,-28.992,-102.295,3.540

-1.320,-0.412,0.921,137.024,-136.658,4.456
-1.390,-0.520,1.052,125.000,-131.042,-5.981
-1.382,-0.601,1.156,110.229,-118.347,-12.085
-1.516,-0.566,1.361,99.670,-99.854,-13.977
-1.645,-0.668,1.154,121.460,-79.041,-27.283
-1.572,-0.604,1.223,112.793,-54.321,-25.208
-1.621,-0.617,1.106,111.877,-35.522,-24.658
-1.588,-0.604,1.063,102.356,-19.470,-24.414
-1.544,-0.645,1.037,94.299,-9.583,-24.414
-1.490,-0.718,1.046,89.417,-2.930,-27.832
-1.444,-0.802,1.068,90.820,3.296,-31.860
-1.399,-0.893,1.066,96.619,11.414,-33.752
-1.350,-0.974,1.065,100.769,20.874,-33.813
-1.301,-1.057,1.058,100.952,29.968,-33.203
-1.273,-1.141,1.031,96.191,37.964,-31.189
-1.243,-1.186,1.007,88.196,45.410,-26.062
-1.204,-1.180,0.968,80.383,55.054,-19.714
-1.177,-1.186,0.909,74.524,65.125,-16.357
-1.075,-1.184,0.870,71.533,73.608,-16.724
-1.044,-1.204,0.816,72.083,83.557,-23.010
-0.940,-1.228,0.794,64.026,91.980,-27.893
-0.862,-1.274,0.738,58.289,96.680,-32.715
-0.798,-1.323,0.704,53.040,100.342,-36.560
-0.735,-1.367,0.646,48.462,104.736,-36.133
-0.687,-1.414,0.589,43.152,107.300,-33.142
-0.631,-1.460,0.548,38.147,108.093,-29.907
-0.603,-1.512,0.513,32.593,108.643,-27.588
-0.579,-1.553,0.496,26.733,109.070,-24.353
-0.530,-1.597,0.488,21.851,112.366,-20.813
-0.490,-1.626,0.482,15.381,117.188,-17.944
-0.439,-1.639,0.482,9.277,119.873,-14.771
-0.385,-1.657,0.482,4.822,120.789,-10.925
-0.328,-1.674,0.493,0.061,121.765,-7.080
-0.271,-1.678,0.494,-6.592,123.596,-3.357
-0.207,-1.658,0.479,-15.991,125.366,1.343
-0.124,-1.639,0.449,-27.039,127.930,6.775
-0.043,-1.616,0.391,-40.771,131.531,12.329
0.045,-1.568,0.316,-56.091,133.606,18.372
0.150,-1.507,0.244,-70.313,133.423,24.963
0.246,-1.433,0.179,-81.970,130.920,32.349
0.330,-1.351,0.117,-91.003,126.953,41.321
0.393,-1.273,0.051,-97.595,122.253,52.490
0.423,-1.189,0.003,-100.647,114.746,65.857
0.468,-1.099,-0.010,-100.403,104.919,80.261
0.501,-1.014,-0.012,-99.976,95.886,92.834
0.527,-0.933,-0.017,-101.257,86.609,102.661
0.515,-0.877,-0.041,-103.760,77.271,110.352
0.495,-0.748,-0.086,-106.628,66.895,115.662
0.501,-0.592,-0.143,-107.727,56.702,115.540
0.504,-0.476,-0.167,-106.689,45.349,109.558
0.534,-0.377,-0.163,-104.736,30.640,100.220
0.570,-0.315,-0.152,-103.027,14.771,92.468
0.590,-0.290,-0.132,-100.891,-0.366,87.524
0.599,-0.278,-0.103,-96.924,-14.709,86.548
0.579,-0.270,-0.075,-92.529,-28.748,90.332
0.515,-0.239,-0.051,-87.463,-40.833,96.436
0.449,-0.186,-0.037,-82.947,-48.523,101.868
0.386,-0.119,-0.040,-79.956,-53.955,104.736
0.304,-0.066,-0.066,-77.576,-62.073,103.638
0.244,0.019,-0.054,-74.036,-73.425,99.426
0.173,0.087,-0.061,-65.674,-81.787,90.881
0.116,0.136,-0.042,-55.481,-88.440,81.909
0.062,0.173,-0.027,-46.509,-95.947,74.402
-0.017,0.187,-0.010,-37.292,-103.699,67.871
-0.072,0.192,0.024,-25.024,-109.497,61.401
-0.131,0.192,0.061,-12.024,-113.098,54.138
-0.179,0.180,0.099,0.854,-116.699,47.852
-0.231,0.154,0.151,12.634,-121.704,42.725
-0.304,0.119,0.208,24.475,-127.319,39.185
-0.396,0.090,0.272,36.194,-130.615,37.598
-0.474,0.084,0.320,46.631,-131.531,37.354
-0.563,0.071,0.368,55.847,-133.118,35.034
-0.647,0.045,0.412,64.331,-135.132,29.663
-0.727,-0.003,0.462,70.679,-136.597,22.705
-0.816,-0.095,0.511,75.745,-136.780,15.503
-0.867,-0.188,0.570,78.552,-136.292,9.644
-0.932,-0.268,0.668,80.627,-136.353,3.784
-1.006,-0.333,0.742,83.130,-134.338,0.916
-1.072,-0.381,0.791,84.656,-126.953,3.174
-1.121,-0.432,0.818,85.693,-116.760,5.005
-1.146,-0.462,0.847,85.083,-106.506,3.418
-1.172,-0.493,0.861,82.520,-95.642,-1.343
-1.118,-0.504,0.819,78.125,-83.435,-5.737
-1.235,-0.507,0.905,87.463,-74.646,-18.494
-1.286,-0.578,0.919,115.845,-57.617,-37.170
-1.234,-0.601,0.912,111.938,-40.405,-37.903
-1.258,-0.657,0.860,111.755,-27.832,-37.659
-1.229,-0.682,0.839,100.159,-20.386,-31.860
-1.218,-0.705,0.836,94.360,-17.639,-27.283
-1.220,-0.734,0.851,92.468,-14.343,-24.475
-1.248,-0.778,0.869,95.703,-9.766,-22.766
-1.262,-0.815,0.883,101.624,-3.357,-23.682
-1.270,-0.874,0.937,104.797,4.578,-28.320
-1.266,-0.951,0.998,104.370,12.878,-34.485
-1.245,-1.003,1.030,101.196,20.874,-39.001
-1.231,-1.064,1.037,95.642,30.334,-42.786
-1.188,-1.132,1.035,92.468,41.687,-46.448
-1.150,-1.159,1.052,91.492,53.040,-50.171
-1.125,-1.220,0.997,91.980,62.988,-52.979
-1.096,-1.253,0.992,88.379,70.984,-55.542
-1.036,-1.293,0.958,84.229,78.186,-55.176
-0.990,-1.334,0.928,80.200,84.595,-56.152
-0.918,-1.383,0.889,75.073,90.332,-57.495
-0.869,-1.445,0.849,69.946,96.558,-59.082
-0.818,-1.519,0.793,62.378,104.309,-60.181
-0.740,-1.588,0.720,49.561,112.488,-59.509
-0.681,-1.654,0.631,34.546,118.042,-59.143
-0.638,-1.706,0.534,21.240,120.728,-57.373
-0.560,-1.745,0.465,13.855,121.948,-51.331
-0.465,-1.791,0.402,9.888,121.765,-43.030
-0.391,-1.840,0.345,6.165,121.094,-35.095
-0.328,-1.867,0.295,1.343,119.690,-25.330
-0.222,-1.874,0.265,-5.249,118.652,-13.184
-0.142,-1.870,0.229,-14.282,117.004,-0.854
-0.078,-1.851,0.191,-22.949,114.807,13.062
0.002,-1.820,0.174,-29.297,113.159,30.273
0.073,-1.761,0.167,-36.133,111.755,48.401
0.128,-1.692,0.143,-44.434,109.436,65.247
0.171,-1.600,0.132,-54.626,105.347,80.078

-1.020,-0.448,0.684,77.637,-84.473,0.244
-0.971,-0.457,0.623,77.148,-77.576,-5.737
-1.107,-0.474,0.727,83.069,-72.998,-16.724
-1.214,-0.584,0.703,109.802,-63.599,-37.537
-1.197,-0.642,0.740,109.131,-53.955,-39.368
-1.259,-0.747,0.725,115.601,-47.058,-38.208
-1.249,-0.803,0.741,112.732,-41.321,-30.884
-1.256,-0.874,0.777,110.474,-38.513,-25.085
-1.270,-0.943,0.858,108.276,-35.400,-22.522
-1.286,-1.002,0.933,107.056,-28.259,-19.897
-1.306,-1.053,0.979,101.929,-15.930,-16.357
-1.319,-1.083,0.986,92.468,-0.854,-14.221
-1.291,-1.092,0.975,78.674,14.587,-15.503
-1.247,-1.097,0.953,63.965,29.541,-20.142
-1.193,-1.102,0.914,50.964,42.297,-23.682
-1.121,-1.111,0.874,41.870,53.711,-24.170
-1.033,-1.113,0.850,37.537,63.599,-23.010
-1.022,-1.114,0.819,36.926,69.885,-19.348
-0.961,-1.128,0.771,38.635,74.890,-12.695
-0.936,-1.116,0.762,40.588,82.031,-8.606
-0.870,-1.111,0.756,37.170,87.402,-4.517
-0.850,-1.140,0.752,35.522,91.064,-5.737
-0.843,-1.179,0.776,32.837,94.116,-11.902
-0.804,-1.256,0.811,30.396,100.342,-21.179
-0.762,-1.360,0.819,24.963,108.643,-32.593
-0.706,-1.467,0.810,17.517,112.976,-43.945
-0.664,-1.575,0.786,10.681,114.136,-54.138
-0.619,-1.685,0.732,5.859,117.432,-61.340
-0.555,-1.787,0.666,1.343,122.620,-64.880
-0.480,-1.869,0.584,-3.418,126.465,-66.467
-0.390,-1.946,0.521,-8.118,128.174,-67.993
-0.284,-2.007,0.487,-13.062,127.441,-67.322
-0.168,-2.042,0.472,-19.104,126.404,-61.218
-0.061,-2.046,0.454,-26.550,126.099,-48.584
0.035,-2.005,0.425,-35.156,126.282,-30.151
0.116,-1.928,0.390,-45.593,126.221,-8.972
0.170,-1.811,0.358,-58.350,124.634,12.207
0.211,-1.676,0.327,-68.665,120.667,30.457
0.246,-1.530,0.311,-77.759,115.356,44.128
0.269,-1.399,0.295,-85.327,109.802,53.162
0.279,-1.283,0.262,-90.881,103.210,58.472
0.321,-1.168,0.238,-93.750,95.703,61.584
0.353,-1.065,0.217,-94.482,88.867,61.279
0.380,-0.984,0.192,-94.910,82.214,59.570
0.404,-0.903,0.159,-95.581,75.806,58.044
0.420,-0.833,0.121,-95.642,70.068,56.030
0.423,-0.788,0.080,-94.666,64.331,54.077
0.418,-0.751,0.045,-93.201,58.167,53.345
0.422,-0.708,0.020,-90.332,52.734,53.772
0.430,-0.671,-0.004,-85.999,47.424,54.321
0.430,-0.644,-0.010,-80.627,40.100,55.237
0.417,-0.624,0.011,-74.463,31.006,56.641
0.409,-0.609,0.032,-69.336,22.827,59.631
0.412,-0.592,0.048,-67.505,15.137,63.965
0.404,-0.583,0.049,-68.542,7.629,67.932
0.381,-0.553,0.048,-71.411,-0.610,72.083
0.355,-0.495,0.035,-74.585,-9.338,77.209
0.343,-0.422,0.017,-77.820,-17.029,81.360
0.326,-0.370,0.003,-80.933,-25.330,83.313
0.298,-0.292,-0.002,-83.008,-35.767,84.534
0.274,-0.232,-0.000,-81.238,-45.837,85.388
0.238,-0.142,0.007,-76.050,-52.979,85.632
0.226,-0.085,0.018,-73.242,-57.678,84.717
0.196,-0.019,0.001,-68.176,-62.988,82.397
0.156,0.019,0.008,-65.186,-67.322,78.979
0.112,0.036,0.005,-59.204,-70.557,77.026
0.071,0.044,0.012,-50.842,-74.890,78.003
-0.004,0.067,-0.003,-40.955,-80.261,80.627
-0.073,0.117,-0.019,-28.015,-86.670,83.069
-0.153,0.165,-0.009,-12.634,-94.910,82.642
-0.251,0.202,0.021,4.944,-104.248,78.247
-0.322,0.213,0.085,23.193,-111.267,70.557
-0.370,0.192,0.164,38.147,-114.624,61.035
-0.403,0.141,0.214,48.218,-116.150,50.903
-0.437,0.071,0.260,52.979,-118.713,40.039
-0.490,-0.003,0.311,53.650,-122.803,29.602
-0.552,-0.051,0.362,52.429,-126.587,23.010
-0.639,-0.092,0.395,52.917,-128.235,20.447
-0.730,-0.134,0.427,56.274,-127.197,21.301
-0.842,-0.173,0.475,62.073,-126.587,23.682
-0.934,-0.208,0.527,69.946,-124.512,25.208
-1.002,-0.220,0.599,76.782,-120.911,24.902
-1.035,-0.234,0.657,80.994,-114.929,21.240
-1.053,-0.266,0.696,81.238,-106.445,13.733
-1.067,-0.318,0.726,78.918,-99.243,3.906
-1.097,-0.384,0.762,76.172,-93.323,-4.944
-1.132,-0.462,0.796,75.256,-86.365,-11.475
-1.085,-0.525,0.755,75.623,-78.857,-12.512
-1.225,-0.572,0.924,88.135,-73.792,-15.625
-1.318,-0.672,0.916,122.070,-61.768,-25.757
-1.297,-0.705,0.958,122.742,-47.546,-20.813
-1.327,-0.782,0.932,128.601,-35.217,-21.179
-1.308,-0.814,0.932,118.652,-23.560,-20.752
-1.282,-0.844,0.909,105.530,-15.259,-21.606
-1.272,-0.890,0.914,92.529,-8.545,-25.330
-1.251,-0.945,0.925,85.999,-1.892,-29.785
-1.247,-1.009,0.948,83.923,5.676,-33.752
-1.251,-1.061,0.977,85.693,15.259,-36.438
-1.228,-1.108,0.991,86.914,26.794,-37.170
-1.205,-1.157,0.984,85.510,37.231,-37.903
-1.127,-1.191,1.006,80.139,46.082,-38.635
-1.112,-1.210,1.014,76.416,54.688,-40.955
-1.066,-1.257,0.941,74.280,63.538,-43.579
-1.036,-1.247,0.914,68.481,73.914,-47.424
-0.959,-1.242,0.860,57.922,82.458,-47.058
-0.905,-1.244,0.799,48.584,88.806,-48.706
-0.844,-1.228,0.755,39.612,94.238,-50.110
-0.772,-1.225,0.704,33.447,99.304,-50.354
-0.713,-1.229,0.659,29.053,103.638,-50.720
-0.673,-1.257,0.602,25.391,106.567,-50.781
-0.645,-1.307,0.579,23.621,107.666,-50.964
-0.587,-1.373,0.565,23.926,108.459,-51.270
-0.545,-1.450,0.564,23.193,109.192,-50.659
-0.513,-1.529,0.552,22.156,109.192,-48.828
-0.451,-1.583,0.557,20.996,109.070,-46.631
-0.393,-1.631,0.568,17.822,109.558,-44.800
-0.338,-1.682,0.572,11.841,110.291,-40.466
-0.263,-1.720,0.591,4.822,108.765,-34.058
-0.186,-1.739,0.624,-2.686,107.178,-26.611

-0.039,-1.714,0.599,-25.208,112.854,-4.578
0.026,-1.665,0.549,-39.063,116.943,7.568
0.098,-1.592,0.486,-53.284,121.216,18.616
0.155,-1.514,0.396,-67.261,123.474,28.198
0.198,-1.435,0.283,-79.102,123.230,36.255
0.243,-1.343,0.177,-87.219,121.338,43.396
0.300,-1.244,0.083,-90.698,117.615,49.316
0.372,-1.149,0.013,-89.722,111.206,53.406
0.423,-1.073,-0.029,-85.754,100.586,57.129
0.467,-1.002,-0.040,-80.627,88.623,61.707
0.492,-0.939,-0.032,-75.806,77.576,67.078
0.512,-0.869,-0.032,-71.289,67.749,72.449
0.540,-0.789,-0.022,-68.176,57.129,76.416
0.544,-0.720,-0.001,-65.552,46.265,77.515
0.544,-0.662,0.018,-64.270,36.926,76.111
0.552,-0.615,0.035,-65.002,28.503,73.730
0.543,-0.570,0.043,-66.833,19.775,71.350
0.534,-0.520,0.035,-70.068,11.292,70.129
0.513,-0.446,0.013,-73.792,1.404,70.190
0.499,-0.356,0.007,-75.623,-10.437,70.557
0.482,-0.288,-0.014,-75.317,-21.423,70.313
0.444,-0.228,-0.032,-73.303,-32.104,69.702
0.398,-0.169,-0.036,-68.848,-43.640,68.481
0.341,-0.127,-0.032,-63.049,-53.589,66.345
0.297,-0.085,-0.027,-57.800,-61.829,63.171
0.240,-0.072,-0.023,-52.795,-70.007,57.617
0.179,-0.064,-0.015,-48.401,-77.515,51.697
0.110,-0.060,-0.006,-43.823,-84.351,47.302
0.037,-0.055,0.009,-38.696,-90.088,44.861
-0.037,-0.053,0.026,-32.410,-95.215,43.152
-0.117,-0.059,0.053,-25.085,-100.281,41.626
-0.196,-0.075,0.088,-16.113,-106.323,40.894
-0.282,-0.088,0.148,-5.920,-113.159,41.260
-0.369,-0.114,0.210,5.676,-117.065,43.030
-0.431,-0.155,0.274,15.991,-118.408,46.387
-0.511,-0.196,0.340,24.353,-121.460,48.767
-0.576,-0.230,0.418,30.273,-124.756,50.293
-0.682,-0.250,0.490,32.166,-125.366,51.270
-0.778,-0.248,0.553,32.349,-120.178,51.697
-0.831,-0.247,0.587,31.677,-109.436,50.964
-0.861,-0.247,0.607,28.503,-99.854,46.387
-0.902,-0.254,0.621,23.926,-95.032,38.025
-0.957,-0.257,0.633,19.714,-91.492,29.602
-0.995,-0.271,0.650,19.897,-86.426,23.804
-0.990,-0.282,0.667,24.048,-79.041,21.790
-0.990,-0.291,0.686,30.518,-73.059,21.667
-0.987,-0.301,0.699,38.513,-67.566,21.851
-0.970,-0.307,0.708,45.715,-61.890,21.118
-1.012,-0.318,0.715,50.781,-58.228,18.250
-0.915,-0.300,0.848,54.443,-55.481,14.038
-1.028,-0.374,0.685,76.294,-55.725,-4.517
-1.029,-0.366,0.841,87.708,-42.542,-15.503
-1.062,-0.441,0.798,92.468,-32.898,-18.127
-1.066,-0.510,0.836,93.567,-24.170,-18.738
-1.052,-0.573,0.863,89.783,-20.386,-14.587
-1.046,-0.615,0.907,87.646,-18.188,-11.597
-1.043,-0.661,0.936,86.853,-13.977,-9.644
-1.045,-0.712,0.962,87.952,-7.996,-8.606
-1.055,-0.761,0.984,89.661,-1.038,-9.399
-1.078,-0.819,0.999,90.637,6.958,-11.780
-1.085,-0.858,1.022,90.149,15.503,-14.343
-1.105,-0.927,1.023,91.675,24.536,-18.005
-1.109,-0.955,1.077,89.294,33.875,-19.836
-1.116,-1.030,1.032,94.238,44.006,-22.400
-1.111,-1.065,1.050,93.323,55.664,-24.841
-1.093,-1.137,1.032,92.163,64.697,-25.574
-1.106,-1.219,1.036,93.872,71.838,-28.992
-1.084,-1.324,1.071,96.252,77.087,-31.616
-1.071,-1.439,1.118,100.647,82.520,-34.302
-1.078,-1.584,1.144,104.370,90.393,-36.316
-1.028,-1.725,1.149,102.844,101.501,-35.522
-0.929,-1.841,1.110,92.590,114.258,-34.485
-0.820,-1.938,1.012,70.374,126.404,-36.804
-0.700,-1.986,0.847,39.917,138.062,-40.894
-0.546,-2.006,0.636,8.728,148.193,-44.617
-0.371,-2.000,0.398,-17.578,156.860,-46.692
-0.166,-1.989,0.147,-35.461,163.391,-44.067
0.060,-1.960,-0.072,-43.457,165.405,-34.790
0.260,-1.922,-0.220,-44.250,161.377,-18.799
0.396,-1.852,-0.308,-41.199,150.635,2.808
0.477,-1.762,-0.331,-40.771,135.071,26.733
0.513,-1.656,-0.275,-44.556,117.920,47.058
0.517,-1.547,-0.212,-51.208,102.478,60.242
0.504,-1.450,-0.146,-58.167,89.478,66.589
0.524,-1.361,-0.077,-65.430,80.078,67.383
0.560,-1.289,-0.032,-72.510,73.181,62.195
0.595,-1.242,0.003,-79.224,64.880,53.772
0.623,-1.199,0.015,-85.510,55.725,46.753
0.632,-1.144,0.001,-90.942,47.363,44.373
0.630,-1.073,-0.020,-94.177,38.696,47.180
0.615,-0.994,-0.042,-95.154,28.992,52.917
0.594,-0.897,-0.035,-94.360,18.127,61.035
0.557,-0.793,-0.033,-90.332,6.897,69.702
0.490,-0.695,-0.008,-86.548,-2.441,78.430
0.476,-0.598,0.021,-82.153,-9.033,84.839
0.444,-0.516,0.036,-77.087,-15.991,85.815
0.395,-0.462,0.064,-77.820,-23.743,84.167
0.344,-0.407,0.093,-79.956,-29.846,82.214
0.316,-0.352,0.119,-83.313,-33.142,79.773
0.299,-0.308,0.126,-87.891,-35.461,75.256
0.281,-0.254,0.107,-94.055,-39.063,69.763
0.260,-0.206,0.073,-98.755,-44.800,64.453
0.222,-0.141,0.055,-99.426,-51.941,60.608
0.189,-0.065,0.025,-95.093,-57.922,58.350
0.160,0.008,-0.003,-86.853,-63.538,55.908
0.129,0.065,-0.009,-74.280,-70.862,52.185
0.091,0.091,0.006,-60.059,-80.017,48.218
0.046,0.091,0.030,-45.349,-88.684,45.227
-0.013,0.079,0.073,-31.372,-96.252,45.349
-0.085,0.074,0.131,-17.822,-101.563,48.462
-0.140,0.080,0.172,-6.775,-102.722,52.612
-0.181,0.089,0.202,0.061,-102.905,55.115
-0.253,0.094,0.225,3.784,-105.408,54.504
-0.349,0.101,0.245,7.751,-108.215,52.246
-0.450,0.121,0.261,14.343,-108.337,50.232
-0.535,0.134,0.280,23.010,-106.506,47.119
-0.625,0.141,0.298,33.020,-104.492,41.077
-0.709,0.126,0.335,45.166,-103.638,31.860
-0.780,0.076,0.380,59.448,-103.882,21.973

-1.063,-0.503,0.789,84.900,-101.135,-11.169
-1.094,-0.563,0.846,77.087,-97.290,-11.658
-1.129,-0.612,0.864,65.796,-88.745,-10.925
-1.171,-0.623,0.867,53.711,-77.881,-11.414
-1.212,-0.622,0.877,45.227,-64.819,-13.184
-1.169,-0.537,0.925,41.748,-50.781,-16.357
-1.338,-0.615,0.659,67.444,-43.640,-36.377
-1.323,-0.585,0.734,81.787,-28.931,-45.410
-1.330,-0.692,0.662,100.159,-21.851,-49.072
-1.326,-0.804,0.694,112.671,-15.564,-49.438
-1.306,-0.957,0.742,119.324,-15.320,-39.429
-1.273,-1.088,0.840,128.174,-15.259,-25.818
-1.264,-1.210,0.958,134.460,-10.498,-11.841
-1.250,-1.319,1.060,130.493,-2.319,-1.404
-1.244,-1.357,1.154,114.502,9.033,2.563
-1.229,-1.351,1.183,90.698,26.306,0.305
-1.203,-1.321,1.125,61.523,47.668,-5.188
-1.140,-1.259,1.035,33.691,68.115,-12.939
-1.074,-1.175,0.927,14.771,85.632,-23.437
-0.968,-1.118,0.755,6.348,96.924,-32.410
-0.916,-1.057,0.649,8.545,104.919,-43.396
-0.799,-1.049,0.561,11.475,106.812,-48.645
-0.714,-1.073,0.531,20.264,104.675,-52.307
-0.661,-1.128,0.529,31.006,101.746,-53.162
-0.603,-1.193,0.550,39.185,101.685,-50.720
-0.557,-1.302,0.553,42.480,105.225,-48.889
-0.535,-1.425,0.560,36.072,106.384,-48.950
-0.559,-1.541,0.552,25.146,104.797,-49.683
-0.591,-1.625,0.551,14.587,103.394,-47.791
-0.595,-1.709,0.536,8.850,104.614,-41.565
-0.592,-1.757,0.528,5.310,106.201,-33.142
-0.567,-1.784,0.535,4.028,107.056,-23.132
-0.514,-1.802,0.560,3.296,109.436,-13.000
-0.414,-1.813,0.579,-2.258,114.624,-4.395
-0.273,-1.840,0.591,-13.672,119.751,0.854
-0.130,-1.841,0.577,-30.151,122.375,4.517
0.001,-1.793,0.540,-48.706,124.084,10.803
0.149,-1.724,0.482,-65.796,130.188,22.644
0.297,-1.630,0.404,-80.505,137.573,37.292
0.414,-1.518,0.311,-92.224,139.099,50.537
0.502,-1.366,0.226,-99.182,135.498,61.523
0.589,-1.217,0.154,-101.685,129.944,70.007
0.652,-1.070,0.100,-100.525,121.948,76.538
0.697,-0.932,0.063,-96.191,110.107,79.834
0.724,-0.810,0.066,-89.233,96.619,80.078
0.774,-0.660,0.049,-78.430,84.351,78.430
0.791,-0.589,0.064,-71.716,73.303,73.975
0.825,-0.540,0.077,-68.787,62.988,66.895
0.837,-0.502,0.060,-67.200,52.185,59.875
0.865,-0.463,0.051,-69.336,42.053,54.932
0.883,-0.436,0.042,-71.167,31.494,51.636
0.890,-0.413,0.038,-72.998,20.386,50.232
0.872,-0.392,0.026,-73.364,8.423,52.002
0.831,-0.366,0.018,-71.533,-3.418,56.641
0.767,-0.325,0.006,-69.153,-14.832,62.561
0.696,-0.282,-0.010,-65.674,-25.330,67.505
0.614,-0.235,-0.017,-60.852,-35.950,68.970
0.534,-0.196,-0.018,-54.871,-45.593,66.833
0.451,-0.169,-0.016,-50.293,-52.612,61.829
0.348,-0.129,-0.025,-46.692,-57.922,54.626
0.260,-0.084,-0.042,-40.588,-61.096,45.044
0.186,-0.047,-0.044,-33.813,-63.232,33.875
0.123,-0.044,-0.037,-26.489,-66.956,22.217
0.060,-0.066,-0.015,-18.494,-72.693,11.963
-0.013,-0.087,0.019,-9.888,-79.407,5.188
-0.078,-0.107,0.069,-1.038,-84.351,2.380
-0.144,-0.136,0.109,8.240,-87.402,2.808
-0.205,-0.176,0.146,16.357,-90.820,5.188
-0.271,-0.198,0.198,21.729,-96.008,7.935
-0.343,-0.211,0.244,24.902,-101.563,10.132
-0.427,-0.217,0.295,26.428,-106.323,12.756
-0.514,-0.210,0.336,27.832,-109.314,15.564
-0.598,-0.222,0.386,29.114,-111.572,18.311
-0.685,-0.241,0.441,29.907,-113.281,20.203
-0.766,-0.242,0.489,29.907,-113.464,20.081
-0.810,-0.231,0.528,29.236,-111.267,17.517
-0.835,-0.227,0.564,26.428,-107.788,12.573
-0.861,-0.216,0.583,22.461,-104.309,6.775
-0.849,-0.206,0.592,19.165,-98.694,1.282
-0.835,-0.202,0.594,15.503,-92.102,-3.540
-0.841,-0.219,0.580,12.390,-87.463,-7.446
-0.854,-0.239,0.574,12.756,-85.266,-8.667
-0.861,-0.257,0.582,17.700,-84.045,-7.568
-0.874,-0.275,0.599,25.085,-83.069,-5.066
-0.922,-0.304,0.612,33.386,-82.764,-1.892
-0.971,-0.340,0.653,43.457,-82.764,1.526
-0.992,-0.368,0.712,54.199,-78.796,4.883
-1.005,-0.395,0.763,62.866,-71.289,6.348
-0.959,-0.426,0.747,67.200,-62.622,5.981
-1.053,-0.422,0.869,70.190,-56.458,0.244
-1.108,-0.497,0.820,89.844,-49.072,-18.250
-1.081,-0.530,0.860,84.900,-35.889,-26.794
-1.099,-0.605,0.826,81.360,-26.123,-34.973
-1.080,-0.648,0.827,71.106,-18.127,-37.720
-1.074,-0.683,0.827,64.331,-14.404,-36.133
-1.079,-0.708,0.830,62.378,-10.986,-30.029
-1.115,-0.717,0.828,66.345,-6.836,-21.179
-1.169,-0.722,0.828,74.585,-1.587,-11.963
-1.213,-0.725,0.839,84.106,6.409,-6.531
-1.248,-0.743,0.875,89.111,15.930,-6.775
-1.281,-0.776,0.901,88.562,26.428,-13.306
-1.286,-0.827,0.923,84.106,38.879,-23.743
-1.234,-0.906,0.936,80.078,52.063,-35.095
-1.193,-0.955,0.967,79.407,64.087,-45.715
-1.153,-1.073,0.911,84.167,73.730,-54.443
-1.107,-1.158,0.936,86.426,81.482,-61.951
-1.049,-1.297,0.945,86.548,87.463,-63.660
-1.038,-1.407,0.909,88.074,93.628,-63.354
-1.005,-1.502,0.882,85.999,101.196,-60.852
-0.983,-1.606,0.831,79.956,110.596,-58.167
-0.958,-1.696,0.763,67.871,120.728,-58.350
-0.885,-1.747,0.680,50.415,130.310,-59.875
-0.794,-1.792,0.596,31.738,137.695,-64.697
-0.715,-1.834,0.506,14.404,142.700,-70.435
-0.638,-1.860,0.406,2.502,145.325,-72.083
-0.539,-1.878,0.334,-2.014,146.240,-68.298
-0.431,-1.886,0.285,-0.549,145.569,-60.608
-0.334,-1.892,0.247,0.916,142.639,-49.438
-0.236,-1.885,0.216,-0.916,137.268,-35.828

-0.032,-1.878,0.201,-14.160,125.366,-11.414
0.060,-1.871,0.196,-26.367,119.446,-0.244
0.142,-1.835,0.200,-39.307,113.647,11.963
0.197,-1.776,0.192,-51.575,111.572,26.184
0.242,-1.688,0.159,-62.744,111.450,42.236
0.282,-1.572,0.122,-72.205,109.802,56.458
0.306,-1.457,0.106,-79.224,106.140,66.772
0.348,-1.337,0.099,-83.435,100.830,73.181
0.400,-1.224,0.111,-85.693,95.459,75.989
0.447,-1.122,0.128,-86.670,89.783,77.087
0.503,-1.025,0.136,-88.684,83.618,79.224
0.543,-0.943,0.129,-91.431,77.637,82.031
0.574,-0.859,0.119,-93.323,71.289,85.083
0.607,-0.781,0.110,-95.947,64.209,89.478
0.614,-0.705,0.096,-99.426,56.824,94.543
0.629,-0.626,0.077,-103.455,48.767,99.182
0.634,-0.545,0.057,-107.056,40.161,101.990
0.642,-0.463,0.041,-109.253,30.151,102.295
0.642,-0.390,0.041,-109.497,18.433,101.379
0.614,-0.321,0.030,-107.544,6.348,100.220
0.588,-0.246,0.021,-102.783,-4.456,99.365
0.564,-0.175,0.021,-95.581,-15.625,97.290
0.528,-0.116,0.028,-86.365,-27.466,93.445
0.489,-0.081,0.043,-77.881,-38.330,88.623
0.449,-0.060,0.057,-70.251,-47.791,83.191
0.391,-0.034,0.069,-64.148,-55.847,77.087
0.322,-0.001,0.073,-57.312,-60.669,70.862
0.293,0.031,0.066,-51.941,-62.744,65.735
0.253,0.059,0.052,-48.279,-67.566,59.265
0.192,0.086,0.036,-44.434,-75.623,51.697
0.125,0.109,0.038,-38.513,-83.435,46.021
0.054,0.119,0.045,-28.992,-89.661,43.335
-0.011,0.120,0.057,-16.968,-94.299,43.152
-0.071,0.117,0.077,-3.967,-99.121,43.762
-0.141,0.107,0.109,9.338,-105.530,43.884
-0.228,0.097,0.146,22.888,-111.511,43.945
-0.291,0.076,0.191,36.377,-114.075,44.189
-0.349,0.047,0.238,47.546,-115.356,42.480
-0.391,0.001,0.286,53.589,-116.394,36.865
-0.428,-0.055,0.322,52.490,-118.286,27.893
-0.448,-0.125,0.346,44.556,-121.460,16.785
-0.503,-0.191,0.372,32.349,-126.038,4.639
-0.590,-0.248,0.385,22.583,-129.639,-2.319
-0.665,-0.297,0.384,18.860,-129.089,-2.136
-0.744,-0.321,0.398,20.752,-126.526,1.831
-0.815,-0.345,0.421,28.748,-125.244,8.667
-0.875,-0.349,0.453,38.513,-124.939,16.479
-0.969,-0.349,0.495,50.049,-123.901,21.484
-1.045,-0.345,0.539,60.303,-121.155,24.597
-1.121,-0.363,0.589,67.505,-117.249,25.391
-1.182,-0.408,0.633,74.524,-112.549,22.034
-1.230,-0.469,0.672,79.712,-106.567,15.991
-1.153,-0.493,0.707,81.116,-99.487,9.644
-1.269,-0.562,0.779,91.309,-94.910,-4.211
-1.331,-0.633,0.865,108.826,-82.886,-17.334
-1.329,-0.698,0.859,103.088,-69.763,-15.076
-1.367,-0.754,0.856,100.708,-56.641,-12.390
-1.378,-0.788,0.847,90.454,-46.265,-6.104
-1.402,-0.806,0.859,81.177,-38.635,-1.343
-1.435,-0.814,0.875,75.500,-30.884,1.892
-1.456,-0.824,0.898,75.317,-20.630,3.662
-1.461,-0.821,0.904,75.562,-8.240,3.357
-1.458,-0.822,0.913,75.378,2.563,0.488
-1.440,-0.831,0.927,75.745,12.390,-2.991
-1.421,-0.840,0.940,76.782,22.949,-5.859
-1.393,-0.857,0.952,78.064,34.119,-7.568
-1.352,-0.883,0.971,79.102,45.288,-9.827
-1.297,-0.920,0.992,80.750,57.007,-14.221
-1.237,-0.947,1.007,81.909,69.031,-20.813
-1.216,-1.027,0.998,82.764,80.322,-29.480
-1.137,-1.111,0.979,81.116,90.149,-37.170
-1.097,-1.198,0.974,79.773,100.037,-46.692
-1.028,-1.281,0.958,72.693,108.215,-51.636
-0.965,-1.352,0.921,68.298,115.295,-54.321
-0.888,-1.403,0.888,62.073,123.047,-55.786
-0.799,-1.460,0.847,54.138,129.639,-57.312
-0.726,-1.528,0.806,44.373,134.033,-60.974
-0.643,-1.610,0.767,34.302,137.512,-65.369
-0.558,-1.707,0.722,25.085,140.747,-68.909
-0.483,-1.806,0.667,16.418,144.043,-69.580
-0.376,-1.898,0.602,5.920,147.644,-66.345
-0.265,-1.978,0.523,-7.263,151.550,-59.814
-0.171,-2.047,0.442,-21.667,153.381,-50.049
-0.078,-2.063,0.361,-33.020,153.015,-34.912
0.014,-2.032,0.288,-41.809,151.428,-14.587
0.105,-1.950,0.245,-49.377,147.888,7.629
0.199,-1.836,0.219,-57.495,143.433,27.710
0.252,-1.719,0.197,-65.979,137.878,43.579
0.288,-1.593,0.179,-72.449,131.531,56.274
0.375,-1.450,0.186,-76.599,126.343,65.430
0.438,-1.334,0.193,-80.200,122.131,68.481
0.486,-1.213,0.176,-84.106,116.760,68.787
0.522,-1.092,0.145,-88.684,109.924,70.190
0.544,-0.974,0.110,-90.698,103.271,71.899
0.561,-0.876,0.092,-89.355,96.008,74.585
0.559,-0.785,0.079,-85.327,87.280,78.857
0.559,-0.703,0.070,-79.041,78.613,83.740
0.558,-0.631,0.063,-73.669,69.092,87.830
0.531,-0.558,0.030,-69.580,58.228,90.332
0.525,-0.455,0.004,-66.650,47.729,90.820
0.526,-0.376,-0.015,-65.308,37.598,88.013
0.524,-0.321,-0.030,-65.674,27.039,81.726
0.532,-0.278,-0.041,-66.040,15.503,72.754
0.539,-0.254,-0.052,-65.613,5.066,63.721
0.533,-0.247,-0.062,-64.453,-3.723,56.396
0.530,-0.243,-0.080,-62.744,-12.695,52.307
0.518,-0.224,-0.095,-60.974,-21.973,50.110
0.497,-0.197,-0.110,-59.753,-29.785,48.279
0.467,-0.180,-0.128,-58.167,-37.720,46.387
0.420,-0.157,-0.143,-54.749,-45.837,44.128
0.377,-0.127,-0.155,-49.683,-52.185,42.908
0.340,-0.095,-0.162,-44.495,-59.204,43.213
0.296,-0.065,-0.159,-38.879,-68.726,42.847
0.242,-0.039,-0.148,-33.569,-79.041,41.504
0.180,-0.020,-0.117,-27.832,-88.867,40.894
0.110,-0.008,-0.082,-20.691,-96.008,41.199
0.039,-0.002,-0.054,-13.184,-100.098,42.480
-0.030,-0.004,-0.028,-6.714,-104.126,43.518
-0.110,-0.010,-0.005,0.244,-108.948,42.358

-1.186,-0.454,0.625,82.092,-118.774,18.860
-1.253,-0.481,0.739,90.271,-119.141,22.034
-1.286,-0.519,0.842,90.881,-116.821,20.691
-1.346,-0.543,0.937,88.928,-112.671,16.235
-1.251,-0.504,0.979,84.778,-105.957,13.428
-1.331,-0.523,1.057,90.271,-98.816,2.380
-1.323,-0.540,1.097,101.807,-88.684,-11.047
-1.267,-0.587,1.045,86.914,-78.064,-12.451
-1.268,-0.598,1.003,79.163,-66.528,-15.259
-1.258,-0.612,0.972,68.787,-55.603,-9.216
-1.295,-0.611,0.970,65.308,-45.715,0.183
-1.336,-0.597,0.995,72.449,-36.072,9.155
-1.365,-0.611,1.018,86.182,-25.635,13.367
-1.381,-0.651,1.051,97.046,-16.602,9.888
-1.385,-0.735,1.110,103.088,-7.751,-1.221
-1.342,-0.803,1.133,104.614,4.211,-16.418
-1.294,-0.893,1.123,99.426,17.639,-31.860
-1.235,-1.020,1.090,92.407,29.175,-43.823
-1.234,-1.161,1.028,90.088,37.842,-50.964
-1.198,-1.203,1.060,87.524,45.898,-50.232
-1.202,-1.258,0.987,94.299,58.838,-45.288
-1.140,-1.270,0.959,90.332,71.594,-40.771
-1.117,-1.255,1.008,88.684,79.468,-41.870
-1.071,-1.396,0.786,99.426,88.013,-53.284
-1.059,-1.432,0.790,87.158,94.055,-65.796
-0.897,-1.535,0.719,66.528,94.971,-63.538
-0.820,-1.639,0.641,57.983,100.342,-64.514
-0.744,-1.707,0.560,45.471,103.149,-62.500
-0.661,-1.751,0.509,31.250,102.051,-52.979
-0.605,-1.759,0.494,21.423,101.379,-41.443
-0.510,-1.769,0.482,18.188,105.896,-29.968
-0.380,-1.777,0.482,15.808,111.206,-20.386
-0.294,-1.809,0.474,15.259,112.305,-16.541
-0.231,-1.831,0.467,12.756,112.793,-15.198
-0.177,-1.842,0.449,6.165,113.525,-11.841
-0.107,-1.827,0.436,-4.761,112.061,-6.287
-0.005,-1.792,0.436,-17.822,108.704,-0.488
0.088,-1.769,0.423,-30.090,105.225,4.211
0.179,-1.741,0.387,-41.016,101.868,9.766
0.253,-1.708,0.325,-50.903,98.511,17.212
0.287,-1.661,0.272,-59.082,93.445,26.245
0.292,-1.601,0.235,-65.369,87.341,37.537
0.300,-1.537,0.214,-70.679,82.764,50.537
0.309,-1.466,0.205,-77.026,80.383,61.157
0.329,-1.392,0.169,-86.243,79.529,66.833
0.355,-1.320,0.119,-97.778,78.186,68.237
0.391,-1.243,0.060,-109.802,77.393,68.420
0.420,-1.149,-0.013,-119.263,75.867,69.946
0.449,-1.034,-0.081,-124.573,72.571,73.059
0.463,-0.928,-0.149,-124.084,66.956,77.637
0.459,-0.808,-0.210,-117.371,57.434,84.595
0.456,-0.670,-0.223,-105.835,44.800,93.628
0.466,-0.532,-0.207,-91.431,31.982,101.624
0.455,-0.391,-0.187,-75.562,17.578,106.689
0.436,-0.273,-0.164,-62.561,1.648,110.352
0.408,-0.179,-0.144,-53.528,-13.428,112.427
0.377,-0.089,-0.137,-47.791,-27.283,110.901
0.324,-0.021,-0.128,-44.861,-38.696,105.896
0.300,0.041,-0.118,-42.786,-46.265,98.755
0.282,0.093,-0.113,-42.114,-51.270,90.088
0.266,0.131,-0.118,-42.419,-56.396,79.712
0.241,0.164,-0.126,-43.701,-62.561,69.031
0.216,0.191,-0.137,-44.495,-69.275,58.899
0.194,0.214,-0.149,-43.945,-75.867,50.537
0.162,0.235,-0.159,-42.358,-82.214,44.434
0.116,0.263,-0.165,-39.551,-87.219,40.161
0.080,0.274,-0.178,-35.828,-90.698,36.499
0.034,0.276,-0.189,-32.471,-96.069,31.860
-0.044,0.271,-0.201,-28.442,-103.638,27.588
-0.152,0.255,-0.211,-22.217,-110.291,25.940
-0.293,0.230,-0.196,-10.742,-115.784,27.649
-0.459,0.180,-0.150,8.972,-120.850,32.104
-0.638,0.123,-0.062,35.400,-123.779,38.635
-0.788,0.030,0.037,64.636,-123.047,44.556
-0.873,-0.075,0.160,87.158,-120.911,45.776
-0.975,-0.169,0.292,99.060,-122.131,39.001
-1.045,-0.259,0.414,100.830,-122.375,26.917
-1.104,-0.346,0.503,91.614,-119.385,11.230
-1.162,-0.453,0.552,78.064,-115.540,-4.517
-1.237,-0.572,0.576,67.627,-111.267,-15.564
-1.304,-0.686,0.598,67.200,-108.032,-17.944
-1.356,-0.762,0.631,76.843,-103.882,-12.329
-1.374,-0.812,0.695,91.919,-99.915,-4.028
-1.286,-0.820,0.847,107.422,-96.191,2.686
-1.393,-0.964,0.740,143.066,-94.910,-6.592
-1.313,-0.970,0.864,154.541,-87.097,-6.226
-1.284,-1.032,0.852,140.625,-76.111,6.592
-1.308,-1.059,0.793,130.920,-62.195,11.292
-1.296,-1.047,0.853,112.915,-50.903,19.409
-1.359,-1.085,0.882,103.210,-39.612,20.020
-1.371,-1.114,0.947,95.886,-25.879,16.052
-1.374,-1.185,1.002,91.431,-12.329,8.728
-1.365,-1.249,1.010,86.914,2.014,-1.099
-1.312,-1.276,0.993,79.224,16.052,-9.094
-1.237,-1.292,0.959,68.359,29.663,-15.686
-1.182,-1.320,0.904,56.458,40.466,-20.569
-1.121,-1.356,0.838,46.997,47.852,-22.644
-1.105,-1.340,0.864,44.678,52.979,-22.339
-1.117,-1.391,0.802,54.199,61.523,-20.081
-1.158,-1.398,0.772,59.692,72.510,-18.860
-1.015,-1.432,0.731,71.289,80.017,-19.775
-1.038,-1.482,0.757,75.256,87.708,-30.823
-0.888,-1.522,0.769,55.481,91.309,-31.555
-0.811,-1.603,0.726,49.622,99.426,-33.691
-0.730,-1.672,0.681,40.100,107.361,-36.499
-0.628,-1.730,0.667,26.428,112.000,-35.339
-0.547,-1.811,0.619,13.306,117.493,-33.630
-0.469,-1.875,0.555,-0.427,122.742,-30.701
-0.405,-1.912,0.479,-15.320,126.892,-25.146
-0.342,-1.919,0.381,-29.236,131.775,-17.456
-0.257,-1.901,0.286,-40.649,135.986,-7.935
-0.165,-1.857,0.205,-49.561,136.536,0.793
-0.077,-1.811,0.137,-56.274,134.094,8.301
0.014,-1.752,0.093,-61.401,130.310,15.198
0.115,-1.686,0.065,-65.063,124.695,21.729
0.199,-1.620,0.046,-67.993,117.554,27.710
0.269,-1.537,0.042,-70.862,110.474,33.569
0.357,-1.445,0.058,-74.524,105.164,39.246
0.430,-1.362,0.060,-80.383,100.830,45.288

-0.943,-0.589,0.551,66.467,-91.675,-15.991
-1.025,-0.596,0.686,75.623,-83.862,-20.020
-1.136,-0.703,0.573,104.248,-78.796,-37.781
-1.111,-0.736,0.660,100.708,-73.547,-37.476
-1.206,-0.832,0.635,104.187,-65.491,-36.743
-1.235,-0.901,0.656,100.464,-58.105,-30.701
-1.281,-0.953,0.679,98.877,-53.833,-21.790
-1.313,-0.987,0.725,98.633,-47.607,-15.076
-1.325,-1.016,0.780,99.670,-39.063,-11.292
-1.331,-1.042,0.820,99.060,-29.236,-11.353
-1.335,-1.083,0.836,95.154,-17.578,-15.991
-1.329,-1.127,0.836,89.050,-4.822,-23.193
-1.310,-1.188,0.833,84.045,7.019,-30.640
-1.306,-1.262,0.820,80.994,19.348,-35.706
-1.294,-1.326,0.814,81.360,31.250,-37.842
-1.281,-1.393,0.806,84.778,43.823,-37.170
-1.216,-1.484,0.789,86.487,57.617,-32.898
-1.187,-1.554,0.757,87.891,70.801,-30.273
-1.125,-1.592,0.736,81.604,78.430,-27.954
-1.065,-1.629,0.704,76.965,84.656,-28.687
-1.010,-1.638,0.714,69.031,92.651,-29.968
-0.966,-1.724,0.562,65.369,101.074,-31.555
-0.904,-1.695,0.560,43.823,105.835,-28.992
-0.796,-1.680,0.503,23.926,110.046,-19.714
-0.739,-1.660,0.438,14.587,116.272,-13.733
-0.644,-1.647,0.385,7.385,120.178,-8.667
-0.566,-1.654,0.336,-0.854,121.399,-4.089
-0.508,-1.665,0.294,-9.033,121.765,-1.648
-0.424,-1.684,0.249,-17.395,123.169,0.610
-0.347,-1.698,0.199,-27.344,124.146,2.563
-0.278,-1.711,0.156,-37.903,124.268,4.517
-0.208,-1.732,0.143,-49.194,124.939,8.179
-0.118,-1.726,0.107,-60.303,126.648,12.634
-0.014,-1.697,0.069,-71.411,129.089,16.785
0.072,-1.666,0.030,-80.261,127.747,20.386
0.160,-1.623,0.000,-86.060,124.756,25.269
0.244,-1.540,-0.025,-90.332,119.629,33.875
0.313,-1.447,-0.042,-92.468,114.197,44.495
0.374,-1.352,-0.062,-93.201,110.168,55.603
0.435,-1.257,-0.067,-92.834,103.455,66.040
0.471,-1.165,-0.056,-90.393,94.360,74.402
0.513,-1.065,-0.031,-87.158,85.815,80.872
0.555,-0.979,0.001,-85.388,79.468,84.717
0.577,-0.894,0.024,-87.280,73.669,87.036
0.587,-0.828,0.036,-91.553,66.833,88.013
0.610,-0.747,0.051,-93.384,59.326,87.891
0.638,-0.653,0.072,-92.468,53.162,87.769
0.657,-0.567,0.077,-90.027,48.889,87.952
0.680,-0.483,0.065,-88.501,44.678,88.562
0.694,-0.404,0.043,-87.219,37.415,88.135
0.695,-0.323,0.028,-84.351,28.259,86.182
0.689,-0.249,0.015,-79.895,18.311,83.862
0.676,-0.175,0.007,-74.341,8.484,80.994
0.662,-0.108,0.018,-68.542,-0.854,77.026
0.656,-0.062,0.021,-61.951,-9.155,71.960
0.633,-0.035,0.037,-56.213,-18.738,65.369
0.596,-0.026,0.056,-49.377,-29.175,58.228
0.562,-0.020,0.070,-42.725,-39.063,53.162
0.506,-0.013,0.073,-36.133,-48.157,49.438
0.423,0.012,0.066,-28.015,-56.519,46.326
0.347,0.033,0.062,-18.066,-63.843,42.969
0.286,0.048,0.062,-9.094,-71.594,38.025
0.206,0.041,0.070,-1.648,-80.200,30.640
0.133,0.016,0.075,4.578,-88.501,23.071
0.059,-0.027,0.085,11.047,-96.558,16.235
-0.016,-0.067,0.093,17.212,-103.455,11.597
-0.099,-0.119,0.110,23.865,-108.887,9.460
-0.189,-0.179,0.135,31.250,-114.014,10.132
-0.281,-0.236,0.169,39.673,-118.591,12.451
-0.366,-0.289,0.202,48.218,-120.789,15.564
-0.430,-0.336,0.235,55.542,-120.728,17.639
-0.484,-0.370,0.271,60.059,-119.934,17.639
-0.541,-0.382,0.284,60.730,-119.080,15.625
-0.585,-0.397,0.291,58.044,-117.737,10.620
-0.650,-0.433,0.286,53.467,-116.394,4.211
-0.721,-0.480,0.303,50.293,-116.089,-1.282
-0.813,-0.534,0.322,51.758,-113.281,-4.700
-0.883,-0.575,0.349,57.373,-107.422,-5.310
-0.906,-0.607,0.391,64.148,-100.586,-5.859
-0.918,-0.652,0.424,68.420,-97.839,-7.935
-0.941,-0.683,0.462,69.458,-98.206,-11.719
-0.925,-0.682,0.497,68.604,-97.900,-14.526
-0.961,-0.630,0.616,71.899,-95.032,-17.822
-1.125,-0.685,0.530,95.032,-89.111,-33.508
-1.102,-0.679,0.531,96.375,-79.529,-38.269
-1.129,-0.706,0.540,88.867,-67.200,-40.527
-1.187,-0.771,0.493,79.773,-55.725,-44.922
-1.165,-0.797,0.509,70.068,-46.021,-44.434
-1.178,-0.841,0.524,67.566,-38.330,-44.861
-1.196,-0.898,0.542,66.284,-31.433,-45.105
-1.223,-0.940,0.560,66.467,-25.879,-44.312
-1.231,-0.980,0.581,66.772,-19.104,-43.518
-1.223,-1.002,0.597,65.002,-12.756,-41.931
-1.212,-1.020,0.612,62.866,-7.324,-41.687
-1.212,-1.050,0.623,61.279,-3.052,-41.809
-1.234,-1.094,0.652,63.354,1.770,-41.504
-1.245,-1.150,0.686,71.655,8.118,-39.001
-1.255,-1.216,0.733,81.055,15.991,-35.461
-1.227,-1.260,0.811,86.304,25.513,-33.020
-1.235,-1.339,0.851,90.515,36.682,-35.217
-1.182,-1.383,0.886,83.923,47.791,-38.818
-1.138,-1.453,0.913,74.341,58.838,-44.495
-1.105,-1.518,0.885,64.514,71.472,-50.354
-1.019,-1.583,0.849,53.345,84.229,-52.673
-0.959,-1.642,0.802,42.053,94.666,-52.612
-0.900,-1.687,0.758,31.555,103.516,-49.072
-0.825,-1.726,0.716,23.193,112.183,-42.542
-0.759,-1.742,0.670,16.968,120.300,-34.790
-0.671,-1.785,0.637,10.010,127.014,-24.963
-0.621,-1.795,0.547,0.000,132.446,-16.296
-0.561,-1.803,0.472,-10.498,139.038,-9.766
-0.473,-1.799,0.392,-22.644,144.043,-4.822
-0.357,-1.779,0.326,-35.645,146.545,-2.869
-0.253,-1.768,0.256,-46.814,146.912,-2.808
-0.150,-1.741,0.192,-57.068,145.569,-1.160
-0.028,-1.691,0.138,-65.552,143.860,2.319
0.076,-1.646,0.096,-70.923,140.320,6.836
0.162,-1.604,0.077,-74.097,134.399,13.123
0.231,-1.556,0.094,-74.829,128.113,20.691

-1.008,-0.576,0.639,60.303,-84.900,-6.531
-1.047,-0.645,0.679,65.186,-81.726,-8.606
-1.108,-0.697,0.682,70.679,-76.965,-7.935
-0.993,-0.651,0.761,72.998,-70.190,-4.211
-1.137,-0.734,0.671,91.187,-65.491,-15.320
-1.132,-0.745,0.789,104.187,-56.152,-26.794
-1.170,-0.811,0.738,95.642,-49.255,-27.405
-1.238,-0.861,0.734,90.576,-38.269,-30.884
-1.243,-0.911,0.739,83.069,-30.029,-29.053
-1.250,-0.957,0.771,78.979,-25.085,-29.114
-1.261,-1.009,0.813,79.590,-21.606,-30.884
-1.257,-1.075,0.850,86.121,-17.517,-33.630
-1.259,-1.166,0.908,92.468,-10.986,-35.645
-1.253,-1.224,0.942,95.459,-1.892,-36.499
-1.218,-1.281,0.973,93.689,8.362,-37.964
-1.180,-1.324,1.002,85.266,18.372,-40.710
-1.155,-1.373,1.003,75.867,29.419,-44.861
-1.107,-1.389,1.015,64.148,43.579,-47.180
-1.081,-1.409,0.974,53.345,59.387,-48.401
-1.025,-1.427,0.919,42.664,73.120,-49.683
-0.939,-1.418,0.917,33.997,82.825,-51.147
-0.891,-1.465,0.858,30.884,90.637,-52.368
-0.823,-1.474,0.830,24.902,98.450,-49.561
-0.756,-1.480,0.789,20.081,104.553,-43.274
-0.723,-1.488,0.741,16.174,108.459,-37.903
-0.689,-1.486,0.706,11.353,111.938,-32.410
-0.645,-1.484,0.667,5.615,117.004,-27.100
-0.614,-1.493,0.620,-2.808,122.375,-23.010
-0.564,-1.500,0.572,-11.780,125.916,-21.301
-0.492,-1.511,0.545,-20.447,127.930,-23.560
-0.439,-1.539,0.533,-26.855,128.235,-28.381
-0.392,-1.568,0.519,-31.433,128.357,-31.982
-0.311,-1.594,0.511,-35.034,128.418,-32.593
-0.236,-1.620,0.496,-39.124,127.808,-30.701
-0.151,-1.640,0.481,-43.518,127.258,-24.780
-0.038,-1.628,0.468,-49.011,126.770,-14.648
0.068,-1.582,0.441,-55.420,126.892,-3.052
0.171,-1.517,0.386,-64.026,128.845,8.362
0.266,-1.435,0.319,-74.768,131.104,18.738
0.356,-1.358,0.231,-85.022,132.141,25.208
0.442,-1.254,0.137,-93.445,129.822,28.137
0.529,-1.155,0.045,-96.619,123.718,29.297
0.599,-1.075,-0.025,-96.252,115.112,30.090
0.659,-1.013,-0.078,-91.919,103.821,33.447
0.714,-0.941,-0.113,-84.839,90.698,39.551
0.750,-0.862,-0.136,-78.064,77.332,46.326
0.752,-0.800,-0.162,-73.792,62.805,53.223
0.732,-0.738,-0.184,-70.923,46.814,60.974
0.714,-0.676,-0.179,-69.153,31.616,67.749
0.690,-0.608,-0.164,-68.970,18.555,72.510
0.663,-0.556,-0.151,-70.374,7.080,75.928
0.641,-0.510,-0.123,-72.510,-3.601,78.491
0.611,-0.460,-0.083,-74.890,-14.038,80.200
0.582,-0.411,-0.049,-77.576,-22.217,81.665
0.547,-0.351,-0.036,-81.116,-29.297,83.435
0.497,-0.286,-0.043,-84.106,-35.217,85.022
0.441,-0.202,-0.060,-85.327,-40.527,86.243
0.385,-0.125,-0.077,-82.764,-45.837,86.670
0.338,-0.046,-0.092,-76.660,-51.880,85.938
0.284,0.017,-0.099,-68.298,-60.791,83.191
0.208,0.056,-0.091,-57.983,-71.106,79.346
0.140,0.074,-0.063,-46.448,-80.261,75.806
0.068,0.077,-0.024,-34.546,-87.524,71.716
-0.004,0.064,0.020,-23.193,-93.567,67.322
-0.064,0.049,0.068,-13.611,-97.656,63.538
-0.115,0.028,0.114,-5.005,-100.525,60.242
-0.182,0.010,0.156,2.258,-102.783,58.167
-0.254,-0.003,0.192,8.728,-103.821,57.556
-0.346,-0.016,0.221,16.785,-103.943,57.190
-0.433,-0.021,0.259,25.391,-103.149,56.274
-0.506,-0.017,0.276,34.058,-101.318,53.955
-0.573,-0.007,0.280,41.809,-99.731,48.706
-0.610,-0.008,0.294,48.523,-100.220,39.307
-0.652,-0.036,0.317,53.223,-102.661,27.222
-0.703,-0.074,0.330,56.702,-104.736,15.869
-0.760,-0.120,0.344,61.340,-106.201,8.240
-0.829,-0.174,0.365,69.031,-106.628,4.333
-0.873,-0.244,0.400,78.552,-107.178,3.235
-0.908,-0.308,0.452,85.449,-108.704,2.014
-0.966,-0.369,0.501,90.027,-110.535,-0.122
-1.000,-0.436,0.551,90.332,-110.168,-0.916
-1.059,-0.492,0.605,87.036,-107.117,-2.319
-1.083,-0.542,0.658,81.360,-100.891,-4.272
-1.119,-0.580,0.726,73.547,-93.567,-5.493
-1.223,-0.546,0.856,70.496,-84.900,-6.958
-1.410,-0.670,0.642,103.210,-75.500,-24.292
-1.352,-0.621,0.784,110.840,-57.556,-27.161
-1.377,-0.693,0.722,118.530,-45.349,-31.311
-1.347,-0.729,0.740,112.793,-34.790,-36.194
-1.315,-0.771,0.722,103.516,-27.039,-38.330
-1.294,-0.806,0.717,94.421,-20.630,-41.077
-1.300,-0.861,0.739,92.041,-15.808,-43.274
-1.307,-0.950,0.774,97.351,-11.597,-44.128
-1.321,-1.054,0.827,105.530,-7.324,-43.518
-1.326,-1.134,0.901,116.272,-2.991,-42.542
-1.323,-1.228,0.945,124.756,5.005,-39.917
-1.300,-1.317,0.989,127.258,15.198,-36.804
-1.232,-1.403,1.042,122.681,26.001,-35.034
-1.272,-1.492,1.050,115.662,38.452,-36.560
-1.211,-1.568,0.999,102.966,53.467,-36.072
-1.181,-1.595,0.950,84.106,70.374,-39.673
-1.105,-1.596,0.882,58.960,83.923,-41.809
-1.049,-1.586,0.789,41.443,95.154,-44.434
-0.975,-1.550,0.700,27.405,105.591,-45.044
-0.889,-1.525,0.615,18.433,113.098,-42.725
-0.831,-1.504,0.536,13.428,116.577,-40.344
-0.778,-1.480,0.471,10.498,117.615,-37.231
-0.715,-1.478,0.428,9.521,117.859,-33.813
-0.671,-1.483,0.405,8.362,117.920,-31.372
-0.630,-1.483,0.396,5.676,118.835,-29.053
-0.593,-1.500,0.396,1.526,121.155,-28.687
-0.567,-1.527,0.421,-3.357,123.352,-32.349
-0.547,-1.557,0.471,-10.376,127.014,-39.795
-0.500,-1.590,0.501,-21.179,133.911,-47.974
-0.407,-1.642,0.508,-35.278,139.282,-56.396
-0.302,-1.686,0.486,-50.598,140.137,-64.209
-0.210,-1.719,0.440,-63.965,137.695,-68.237
-0.094,-1.731,0.393,-72.571,134.094,-64.636
0.026,-1.738,0.341,-76.294,130.432,-53.894

0.208,-1.691,0.252,-78.430,121.826,-16.541
0.284,-1.630,0.210,-78.735,116.333,6.042
0.338,-1.554,0.155,-77.881,109.009,27.466
0.366,-1.456,0.112,-75.745,98.633,46.204
0.401,-1.344,0.083,-72.937,87.036,61.401
0.423,-1.241,0.079,-72.876,76.416,71.411
0.451,-1.160,0.088,-75.256,67.261,76.233
0.493,-1.073,0.085,-77.576,59.265,76.965
0.505,-1.034,0.043,-79.468,52.307,74.768
0.509,-0.975,0.010,-84.045,46.204,72.327
0.517,-0.928,-0.031,-89.966,42.297,69.763
0.529,-0.875,-0.064,-96.130,39.551,69.214
0.526,-0.826,-0.089,-100.830,34.790,71.594
0.511,-0.778,-0.104,-103.027,28.442,78.064
0.501,-0.719,-0.115,-102.966,21.057,88.867
0.490,-0.640,-0.109,-101.440,12.390,101.135
0.466,-0.559,-0.096,-98.450,2.930,112.671
0.422,-0.464,-0.096,-95.032,-6.653,123.596
0.375,-0.359,-0.080,-90.942,-16.357,133.423
0.305,-0.248,-0.054,-85.449,-24.292,140.198
0.253,-0.132,-0.039,-79.224,-29.053,143.311
0.224,-0.010,-0.034,-74.951,-33.264,142.883
0.190,0.099,-0.068,-73.486,-39.795,135.925
0.140,0.180,-0.092,-73.730,-49.316,123.718
0.107,0.269,-0.124,-70.557,-59.204,109.070
0.079,0.320,-0.133,-64.697,-69.031,93.628
0.053,0.347,-0.120,-54.504,-79.041,79.590
-0.004,0.356,-0.084,-41.138,-87.646,68.481
-0.062,0.355,-0.033,-24.658,-90.637,62.317
-0.100,0.333,-0.000,-7.141,-92.041,60.425
-0.177,0.297,0.024,8.850,-97.473,59.387
-0.281,0.243,0.066,25.208,-106.018,57.190
-0.388,0.189,0.122,42.236,-114.197,56.030
-0.474,0.126,0.178,57.983,-119.568,55.969
-0.571,0.065,0.233,69.824,-123.535,54.749
-0.682,0.022,0.285,77.942,-126.831,50.842
-0.755,-0.024,0.334,82.520,-128.052,44.739
-0.833,-0.105,0.397,82.581,-128.967,36.743
-0.951,-0.182,0.482,82.153,-132.385,29.358
-1.044,-0.237,0.560,84.656,-135.132,24.902
-1.109,-0.276,0.631,86.670,-132.690,21.973
-1.188,-0.303,0.677,86.914,-126.343,20.081
-1.238,-0.328,0.710,87.219,-117.493,17.761
-1.261,-0.357,0.723,86.243,-106.018,12.512
-1.271,-0.371,0.723,82.764,-95.459,4.150
-1.270,-0.397,0.719,78.247,-85.938,-5.981
-1.165,-0.423,0.712,73.242,-76.904,-15.869
-1.289,-0.425,0.829,73.853,-69.275,-26.672
-1.450,-0.604,0.614,110.535,-62.500,-48.767
-1.380,-0.629,0.726,116.821,-52.612,-45.837
-1.471,-0.739,0.664,132.080,-43.823,-40.710
-1.477,-0.811,0.697,137.878,-33.325,-31.738
-1.466,-0.890,0.749,139.648,-26.733,-22.461
-1.500,-0.982,0.841,138.062,-19.836,-18.616
-1.507,-1.063,0.924,134.888,-10.559,-18.799
-1.516,-1.136,0.993,126.892,0.854,-21.667
-1.530,-1.189,1.030,117.615,16.052,-26.123
-1.494,-1.210,1.059,106.628,34.058,-31.311
-1.451,-1.246,1.046,93.079,51.575,-37.415
-1.390,-1.263,1.046,81.055,66.650,-44.128
-1.333,-1.310,0.989,75.806,80.383,-50.842
-1.249,-1.307,1.018,73.242,92.041,-53.833
-1.190,-1.373,0.948,77.759,104.309,-54.504
-1.123,-1.412,0.913,75.317,114.746,-53.894
-1.034,-1.465,0.888,71.838,121.704,-51.331
-0.990,-1.538,0.835,66.589,128.174,-51.331
-0.955,-1.589,0.790,57.373,136.597,-50.049
-0.877,-1.657,0.733,46.875,145.691,-48.462
-0.800,-1.718,0.663,34.180,154.114,-51.697
-0.717,-1.790,0.575,21.423,160.461,-57.556
-0.588,-1.863,0.501,10.925,163.086,-64.148
-0.455,-1.935,0.447,2.258,162.659,-68.970
-0.336,-1.990,0.396,-4.211,161.255,-68.176
-0.220,-2.017,0.335,-8.057,160.706,-60.852
-0.108,-2.023,0.281,-10.986,158.020,-49.011
-0.044,-2.020,0.245,-15.442,151.733,-34.546
0.006,-2.009,0.211,-20.813,145.996,-18.860
0.080,-1.984,0.179,-28.992,143.860,-3.601
0.153,-1.932,0.146,-41.626,142.212,10.559
0.217,-1.854,0.091,-55.298,138.428,24.475
0.264,-1.759,0.019,-68.054,134.216,37.109
0.314,-1.649,-0.068,-80.444,130.249,48.706
0.359,-1.537,-0.152,-91.003,125.488,58.411
0.415,-1.412,-0.228,-98.572,118.896,66.040
0.460,-1.289,-0.298,-103.516,110.901,71.655
0.495,-1.178,-0.354,-106.079,101.929,76.416
0.522,-1.070,-0.398,-106.140,92.407,81.116
0.546,-0.947,-0.431,-104.187,83.496,85.388
0.582,-0.804,-0.450,-99.609,75.195,89.966
0.598,-0.676,-0.471,-94.604,65.674,93.323
0.613,-0.565,-0.479,-91.370,54.260,96.252
0.619,-0.477,-0.482,-90.088,41.016,97.656
0.609,-0.372,-0.504,-89.478,26.184,98.938
0.595,-0.282,-0.505,-90.027,10.925,99.976
0.572,-0.202,-0.492,-88.196,-3.540,100.098
0.545,-0.104,-0.484,-84.534,-17.944,99.854
0.506,-0.018,-0.458,-81.543,-32.166,100.098
0.468,0.070,-0.424,-77.148,-44.983,98.572
0.424,0.139,-0.395,-72.205,-57.373,94.055
0.357,0.187,-0.368,-67.322,-70.801,88.013
0.281,0.241,-0.345,-62.317,-84.351,81.848
0.223,0.282,-0.326,-54.871,-96.436,74.951
0.121,0.313,-0.312,-46.509,-109.314,68.237
-0.008,0.330,-0.306,-37.903,-122.559,64.453
-0.132,0.355,-0.291,-28.931,-135.010,63.293
-0.314,0.363,-0.260,-17.151,-150.513,61.890
-0.525,0.364,-0.191,-2.380,-165.955,62.378
-0.739,0.375,-0.121,14.771,-177.673,64.697
-1.009,0.394,-0.017,34.241,-187.378,65.857
-1.323,0.418,0.115,58.533,-193.726,66.040
-1.646,0.422,0.285,85.815,-195.618,64.575
-1.923,0.392,0.521,114.136,-192.749,55.054
-2.137,0.304,0.817,137.573,-185.974,35.828
-2.281,0.153,1.104,150.452,-173.401,8.179
-2.362,-0.044,1.323,149.658,-153.931,-22.766
-2.360,-0.239,1.481,140.503,-130.310,-50.171
-2.311,-0.468,1.609,129.211,-105.408,-70.435
-2.302,-0.630,1.693,117.554,-81.177,-81.055
-2.269,-0.765,1.754,108.826,-55.664,-80.261

-2.110,-0.898,1.970,101.807,-0.793,-72.083
-2.119,-1.038,1.860,131.836,26.001,-84.778
-2.044,-1.213,1.754,163.879,64.819,-101.501
-1.861,-1.381,1.656,146.423,96.436,-104.980
-1.731,-1.581,1.510,121.521,117.188,-112.244
-1.528,-1.724,1.427,95.337,133.545,-118.103
-1.301,-1.860,1.326,75.195,145.752,-122.437
-1.061,-1.999,1.167,62.500,156.555,-128.235
-0.825,-2.220,0.972,47.302,165.833,-130.493
-0.510,-2.421,0.823,24.048,167.297,-124.451
-0.251,-2.565,0.584,14.526,168.335,-115.662
0.040,-2.645,0.388,-0.793,165.588,-93.079
0.282,-2.657,0.234,-8.850,158.081,-60.486
0.453,-2.595,0.125,-12.512,151.550,-24.231
0.595,-2.483,0.035,-16.541,149.719,10.864
0.712,-2.345,-0.041,-23.621,148.376,37.109
0.790,-2.202,-0.108,-34.546,142.761,51.453
0.846,-2.043,-0.161,-48.340,133.972,59.814
0.883,-1.889,-0.223,-62.744,124.512,67.871
0.896,-1.726,-0.275,-75.134,113.831,76.965
0.900,-1.562,-0.341,-84.839,102.173,87.097
0.870,-1.404,-0.404,-92.834,89.417,98.083
0.814,-1.214,-0.458,-98.145,75.134,110.413
0.767,-1.008,-0.489,-99.792,60.425,121.521
0.697,-0.834,-0.518,-99.304,46.204,130.432
0.599,-0.686,-0.516,-100.708,32.471,137.695
0.492,-0.552,-0.487,-101.868,17.944,142.334
0.403,-0.410,-0.460,-102.600,4.272,143.677
0.325,-0.266,-0.434,-104.187,-7.202,140.564
0.254,-0.135,-0.421,-104.980,-18.860,134.155
0.186,-0.004,-0.401,-102.478,-31.982,126.099
0.130,0.128,-0.382,-95.398,-44.006,117.065
0.090,0.228,-0.370,-85.876,-53.894,107.544
0.040,0.316,-0.352,-74.585,-65.552,99.731
-0.053,0.403,-0.307,-59.753,-77.271,94.971
-0.149,0.489,-0.249,-41.260,-83.252,95.215
-0.247,0.574,-0.193,-22.766,-87.585,97.229
-0.371,0.644,-0.137,-4.517,-96.619,95.154
-0.476,0.689,-0.049,11.047,-109.192,86.487
-0.618,0.656,0.053,24.902,-121.338,70.862
-0.769,0.574,0.175,39.001,-129.822,54.871
-0.874,0.479,0.305,53.040,-132.324,43.579
-0.945,0.381,0.420,64.453,-130.859,33.936
-0.990,0.293,0.527,70.374,-130.310,23.193
-1.072,0.243,0.646,69.885,-132.385,11.414
-1.197,0.198,0.754,69.031,-131.653,0.916
-1.344,0.151,0.841,70.068,-125.671,-7.324
-1.502,0.086,0.899,74.097,-117.249,-16.724
-1.651,-0.029,0.979,81.909,-109.131,-27.832
-1.792,-0.184,1.068,94.604,-100.708,-39.429
-1.912,-0.365,1.178,110.718,-90.149,-48.645
-2.020,-0.610,1.286,127.136,-77.759,-57.251
-2.116,-0.913,1.469,141.785,-67.688,-66.772
-2.247,-1.246,1.610,154.236,-56.091,-77.209
-2.219,-1.526,1.830,159.912,-37.170,-83.069
-2.256,-1.777,2.058,185.059,-16.113,-99.365
-2.234,-2.287,1.963,235.657,22.827,-125.977
-2.036,-2.515,2.032,188.660,60.730,-126.892
-1.802,-2.742,1.921,128.845,94.543,-118.591
-1.495,-2.803,1.744,57.922,127.808,-102.966
-1.174,-2.754,1.444,-2.808,152.771,-90.088
-0.922,-2.659,1.078,-47.546,173.279,-82.275
-0.619,-2.535,0.726,-86.426,190.552,-67.871
-0.263,-2.400,0.305,-106.934,202.881,-49.500
0.074,-2.212,-0.018,-119.202,205.566,-26.550
0.489,-2.092,-0.251,-112.732,193.787,-2.197
0.769,-1.908,-0.279,-93.933,174.866,18.250
0.961,-1.764,-0.286,-77.698,153.198,41.992
1.075,-1.557,-0.238,-67.017,131.592,64.575
1.159,-1.311,-0.234,-61.401,112.305,81.970
1.198,-1.083,-0.229,-61.401,95.703,91.797
1.217,-0.855,-0.230,-64.453,83.435,93.872
1.224,-0.638,-0.264,-69.275,74.829,90.332
1.225,-0.455,-0.312,-77.026,64.575,85.510
1.198,-0.291,-0.357,-86.243,48.157,82.703
1.115,-0.113,-0.406,-92.163,28.809,81.726
0.997,0.045,-0.449,-92.041,9.766,83.618
0.890,0.189,-0.474,-86.060,-8.850,87.952
0.764,0.286,-0.479,-76.965,-30.151,90.332
0.582,0.352,-0.440,-65.674,-51.697,89.539
0.391,0.408,-0.380,-53.101,-67.932,87.769
0.255,0.477,-0.323,-42.847,-78.125,83.130
0.105,0.521,-0.283,-36.255,-88.562,72.449
-0.063,0.547,-0.265,-31.311,-99.854,57.373
-0.235,0.567,-0.220,-23.560,-109.558,40.527
-0.408,0.560,-0.161,-13.306,-117.126,24.048
-0.604,0.514,-0.071,0.732,-124.878,9.827
-0.827,0.448,0.040,19.714,-130.859,0.122
-1.032,0.374,0.140,41.504,-132.812,-5.432
-1.239,0.275,0.236,64.819,-134.094,-10.620
-1.424,0.101,0.359,86.609,-134.521,-17.029
-1.642,-0.117,0.528,103.516,-134.338,-24.109
-1.880,-0.334,0.727,116.821,-128.479,-29.114
-2.099,-0.529,0.921,125.916,-112.854,-33.020
-2.227,-0.710,1.092,131.104,-92.346,-41.443
-2.265,-0.971,1.300,128.967,-73.853,-57.861
-2.255,-1.273,1.497,120.972,-60.669,-75.195
-2.242,-1.544,1.685,109.314,-48.035,-80.627
-2.184,-1.755,1.798,97.473,-26.917,-69.458
-2.053,-1.871,1.838,85.205,0.854,-47.119
-1.911,-1.927,1.838,71.289,29.236,-25.940
-1.704,-1.834,1.896,54.993,56.641,-10.376
-1.570,-1.866,1.640,62.500,80.566,-10.986
-1.345,-1.765,1.557,56.885,107.544,-12.756
-1.127,-1.703,1.368,21.606,125.427,-10.986
-0.882,-1.609,1.189,-8.301,138.733,-18.250
-0.616,-1.508,1.008,-35.095,146.240,-25.696
-0.360,-1.453,0.822,-46.509,150.085,-36.194
-0.109,-1.439,0.636,-55.542,150.085,-42.969
0.155,-1.427,0.476,-63.232,146.057,-43.152
0.406,-1.407,0.360,-65.430,139.648,-38.269
0.611,-1.378,0.285,-61.646,131.653,-30.457
0.765,-1.339,0.227,-57.068,123.352,-20.508
0.883,-1.275,0.183,-54.932,116.089,-10.315
0.973,-1.203,0.147,-54.382,109.558,-1.831
1.027,-1.115,0.075,-55.786,103.638,6.470
1.051,-1.006,-0.037,-59.875,96.191,16.418
1.072,-0.879,-0.136,-63.599,85.999,26.367
1.068,-0.759,-0.214,-65.552,73.425,35.217

-1.680,-0.248,0.805,81.604,-137.329,1.892
-1.815,-0.308,0.958,83.435,-131.592,-4.456
-1.965,-0.372,1.080,86.487,-124.268,-8.850
-2.122,-0.465,1.176,93.994,-113.281,-8.362
-2.177,-0.562,1.296,104.675,-98.450,-5.432
-2.175,-0.663,1.432,112.671,-80.872,-5.188
-2.123,-0.794,1.564,112.610,-60.425,-8.057
-2.103,-0.931,1.624,103.882,-37.537,-11.841
-1.935,-0.969,1.759,89.294,-13.367,-16.479
-1.873,-1.120,1.657,103.699,10.254,-36.072
-1.790,-1.212,1.680,124.084,41.382,-53.345
-1.697,-1.352,1.559,109.131,62.622,-50.720
-1.569,-1.425,1.475,92.346,79.773,-43.945
-1.348,-1.457,1.414,63.232,90.332,-35.278
-1.221,-1.511,1.368,41.016,95.093,-33.447
-1.157,-1.533,1.282,29.968,103.394,-34.851
-1.001,-1.523,1.162,21.484,124.207,-31.616
-0.842,-1.504,0.993,6.409,146.851,-28.503
-0.666,-1.479,0.799,-12.451,161.194,-32.410
-0.446,-1.487,0.601,-32.166,168.640,-42.236
-0.210,-1.502,0.430,-45.959,169.189,-52.612
0.021,-1.515,0.265,-49.133,165.894,-56.641
0.254,-1.484,0.121,-42.908,160.156,-51.819
0.506,-1.500,0.044,-31.555,148.987,-39.856
0.707,-1.450,-0.018,-22.522,133.179,-26.672
0.906,-1.403,-0.100,-17.212,117.676,-11.902
1.086,-1.354,-0.197,-18.616,99.060,6.653
1.169,-1.306,-0.292,-20.996,79.651,26.611
1.217,-1.257,-0.359,-23.987,69.153,49.438
1.262,-1.167,-0.427,-30.640,62.683,74.890
1.299,-1.029,-0.496,-39.124,48.889,96.497
1.294,-0.920,-0.493,-49.744,28.748,109.802
1.257,-0.828,-0.453,-61.279,9.888,117.737
1.196,-0.707,-0.393,-70.496,-4.272,125.977
1.125,-0.583,-0.326,-74.829,-12.268,135.620
1.037,-0.461,-0.245,-79.285,-18.738,144.409
0.942,-0.360,-0.185,-87.036,-24.780,148.132
0.796,-0.281,-0.134,-97.229,-31.616,148.315
0.592,-0.160,-0.162,-106.323,-36.926,148.193
0.401,0.012,-0.281,-106.262,-42.603,145.569
0.260,0.267,-0.386,-94.971,-57.190,137.390
0.049,0.420,-0.450,-75.195,-82.520,120.117
-0.142,0.512,-0.425,-46.875,-108.582,97.900
-0.309,0.437,-0.297,-14.221,-132.935,76.599
-0.529,0.297,-0.111,19.836,-154.846,61.035
-0.755,0.159,0.064,52.002,-166.626,56.091
-0.969,0.049,0.211,78.186,-166.321,56.702
-1.153,-0.046,0.317,96.069,-159.119,56.213
-1.352,-0.130,0.437,103.149,-151.611,49.377
-1.520,-0.179,0.548,102.600,-142.883,35.095
-1.649,-0.271,0.614,93.506,-129.883,15.198
-1.694,-0.395,0.665,76.904,-117.615,-7.996
-1.716,-0.529,0.704,59.265,-108.887,-31.921
-1.775,-0.654,0.757,46.265,-100.342,-47.058
-1.812,-0.714,0.785,45.471,-84.045,-46.021
-1.723,-0.731,0.896,51.941,-59.875,-32.593
-1.830,-0.780,0.947,63.965,-38.208,-20.447
-1.830,-0.812,0.850,86.609,-26.978,-16.724
-1.906,-0.762,0.975,103.271,-8.972,-10.742
-1.857,-0.825,0.972,110.291,5.920,-4.395
-1.809,-0.866,1.053,112.122,24.719,-6.165
-1.714,-0.914,1.122,102.844,41.199,-6.775
-1.619,-0.968,1.194,92.102,58.594,-9.949
-1.514,-1.022,1.256,79.590,75.623,-16.418
-1.455,-1.085,1.310,67.078,87.280,-25.208
-1.386,-1.161,1.342,56.641,98.206,-32.593
-1.330,-1.180,1.378,48.645,112.976,-39.612
-1.260,-1.216,1.384,41.260,128.601,-47.180
-1.067,-1.314,1.353,37.354,137.756,-53.406
-0.960,-1.452,1.306,45.166,153.809,-69.824
-0.760,-1.617,1.249,32.837,172.791,-80.566
-0.522,-1.793,1.158,11.658,185.974,-91.187
-0.285,-1.969,1.030,-11.658,194.702,-102.600
-0.094,-2.115,0.884,-31.311,201.355,-106.506
0.077,-2.215,0.706,-39.917,206.726,-97.107
0.298,-2.227,0.543,-39.185,210.449,-77.148
0.516,-2.143,0.460,-35.339,208.008,-52.551
0.664,-2.016,0.388,-36.133,200.439,-25.269
0.770,-1.842,0.276,-47.546,195.801,1.587
0.854,-1.631,0.113,-62.927,193.726,22.461
0.952,-1.363,-0.105,-78.186,184.387,33.997
1.066,-1.051,-0.366,-86.731,164.062,33.691
1.118,-0.863,-0.607,-89.294,135.864,23.376
1.164,-0.776,-0.715,-86.731,106.384,11.475
1.231,-0.800,-0.708,-76.721,79.224,3.418
1.320,-0.856,-0.674,-63.599,53.406,1.465
1.309,-0.888,-0.629,-52.917,25.818,10.193
1.257,-0.863,-0.590,-46.570,1.343,31.494
1.154,-0.789,-0.556,-44.006,-17.700,58.167
1.020,-0.710,-0.536,-45.715,-35.217,81.787
0.858,-0.627,-0.519,-51.392,-51.880,98.999
0.633,-0.474,-0.530,-61.218,-65.613,109.985
0.405,-0.260,-0.606,-70.374,-75.317,113.220
0.245,-0.049,-0.673,-72.876,-85.144,104.797
0.138,0.174,-0.707,-66.101,-101.501,84.290
0.031,0.228,-0.647,-54.565,-124.939,58.228
-0.129,0.137,-0.466,-38.818,-148.010,35.583
-0.298,0.066,-0.295,-16.479,-161.560,27.893
-0.468,0.004,-0.143,6.470,-165.344,33.813
-0.674,-0.054,0.007,28.564,-164.612,44.556
-0.881,-0.105,0.211,49.622,-163.147,52.979
-1.102,-0.137,0.413,66.772,-159.058,58.472
-1.322,-0.163,0.611,78.613,-149.597,63.049
-1.507,-0.156,0.751,89.966,-133.240,64.697
-1.683,-0.167,0.869,100.525,-113.831,58.960
-1.814,-0.182,0.981,111.450,-93.384,46.936
-1.891,-0.237,1.091,122.864,-73.181,31.067
-1.948,-0.361,1.229,130.615,-55.054,12.756
-1.981,-0.527,1.364,132.080,-37.354,-3.784
-1.974,-0.647,1.482,131.104,-16.968,-14.648
-1.918,-0.740,1.575,129.822,7.324,-21.545
-1.867,-0.830,1.619,125.427,34.546,-26.611
-1.773,-0.879,1.568,118.530,60.913,-31.555
-1.675,-0.914,1.500,111.694,83.801,-41.199
-1.560,-0.962,1.400,104.553,103.699,-55.420
-1.454,-1.001,1.270,97.717,120.544,-73.547
-1.296,-1.073,1.124,88.989,135.193,-92.407
-1.127,-1.203,0.985,75.867,145.874,-109.924
-0.975,-1.392,0.884,61.340,154.419,-124.084

-0.557,-1.886,0.730,38.635,163.757,-129.761
-0.314,-2.182,0.688,25.024,166.260,-121.887
-0.072,-2.455,0.666,11.047,165.039,-109.924
0.136,-2.656,0.646,-1.770,162.292,-92.346
0.321,-2.746,0.602,-15.320,161.377,-64.636
0.558,-2.712,0.529,-33.264,162.842,-29.663
0.736,-2.567,0.424,-56.946,160.645,2.258
0.789,-2.370,0.260,-77.454,154.968,27.161
0.824,-2.093,0.031,-87.952,146.545,53.589
0.865,-1.757,-0.170,-87.219,137.024,78.491
0.880,-1.420,-0.339,-80.933,123.169,97.412
0.876,-1.136,-0.416,-77.332,105.164,110.474
0.883,-0.909,-0.448,-74.036,83.862,116.211
0.875,-0.742,-0.443,-71.106,59.387,113.525
0.838,-0.614,-0.447,-68.726,33.813,104.431
0.856,-0.489,-0.435,-64.453,7.568,92.712
0.858,-0.421,-0.372,-58.594,-17.761,78.247
0.819,-0.393,-0.328,-54.382,-38.269,67.261
0.761,-0.379,-0.319,-53.345,-52.734,64.148
0.716,-0.358,-0.309,-52.856,-64.575,65.979
0.655,-0.306,-0.328,-51.453,-76.904,70.007
0.592,-0.237,-0.373,-46.204,-90.698,75.012
0.540,-0.175,-0.416,-37.842,-106.323,79.651
0.442,-0.122,-0.412,-27.161,-124.207,84.290
0.245,-0.064,-0.353,-15.808,-138.855,89.905
0.110,-0.002,-0.320,-8.911,-144.958,91.370
-0.004,0.049,-0.283,-7.935,-150.635,80.505
-0.233,0.078,-0.198,-11.719,-160.034,60.791
-0.495,0.099,-0.103,-12.390,-161.438,42.542
-0.690,0.114,-0.004,-7.324,-151.672,29.053
-0.843,0.080,0.105,1.770,-140.076,20.142
-1.013,0.024,0.223,15.747,-134.460,13.855
-1.211,-0.014,0.359,35.095,-128.906,11.658
-1.311,-0.057,0.505,56.580,-113.708,12.390
-1.405,-0.123,0.632,73.486,-93.018,13.000
-1.538,-0.213,0.763,86.548,-74.524,12.756
-1.586,-0.312,0.887,95.337,-53.955,10.620
-1.632,-0.412,0.999,95.520,-35.156,3.601
-1.695,-0.515,1.119,90.576,-20.020,-6.042
-1.722,-0.585,1.178,84.351,-2.686,-12.878
-1.699,-0.632,1.218,77.393,17.517,-17.944
-1.653,-0.661,1.234,72.510,36.987,-24.231
-1.587,-0.676,1.252,71.899,54.138,-29.358
-1.522,-0.718,1.285,77.026,69.031,-35.095
-1.414,-0.786,1.336,85.632,84.290,-43.762
-1.251,-0.920,1.364,92.285,100.220,-57.678
-1.114,-1.095,1.385,91.980,110.901,-77.026
-0.989,-1.303,1.432,78.125,118.286,-92.468
-0.823,-1.555,1.394,55.603,130.859,-103.516
-0.630,-1.836,1.283,28.931,145.874,-114.075
-0.385,-2.118,1.160,-0.061,157.471,-125.366
-0.119,-2.387,1.023,-19.226,160.522,-135.681
0.185,-2.653,0.879,-30.212,159.973,-138.062
0.495,-2.862,0.741,-39.001,156.067,-124.329
0.732,-2.915,0.616,-46.387,146.790,-90.576
0.867,-2.801,0.454,-55.054,139.099,-39.612
0.907,-2.635,0.187,-65.735,133.423,15.015
0.945,-2.375,-0.124,-77.942,124.695,61.157
0.982,-2.029,-0.391,-85.205,106.323,92.285
0.958,-1.710,-0.527,-88.867,82.886,109.253
0.923,-1.433,-0.574,-91.125,60.364,116.760
0.894,-1.238,-0.559,-89.172,37.231,114.014
0.870,-1.074,-0.529,-86.914,12.512,102.417
0.865,-0.945,-0.458,-85.266,-12.512,89.111
0.841,-0.845,-0.353,-83.740,-35.034,80.139
0.771,-0.743,-0.252,-82.825,-52.551,79.041
0.685,-0.626,-0.212,-83.008,-63.293,84.290
0.599,-0.492,-0.233,-82.214,-69.580,90.210
0.486,-0.362,-0.260,-80.017,-78.003,93.689
0.383,-0.238,-0.286,-75.439,-88.745,94.055
0.300,-0.133,-0.306,-69.153,-99.915,89.722
0.209,-0.054,-0.298,-61.462,-112.671,81.787
0.093,-0.002,-0.261,-54.993,-124.878,72.754
-0.011,0.048,-0.210,-49.316,-132.202,64.819
-0.096,0.095,-0.171,-41.870,-134.705,56.824
-0.175,0.128,-0.131,-33.508,-135.742,49.011
-0.293,0.128,-0.059,-24.780,-138.611,42.297
-0.445,0.134,0.024,-15.930,-139.465,38.696
-0.581,0.128,0.091,-6.165,-136.963,40.405
-0.694,0.099,0.141,7.385,-134.705,46.082
-0.824,0.081,0.197,22.217,-135.193,51.697
-0.994,0.077,0.282,39.673,-137.512,57.373
-1.112,0.076,0.375,60.242,-132.507,64.636
-1.179,0.060,0.486,79.163,-120.789,67.932
-1.269,0.054,0.613,92.957,-110.474,62.500
-1.330,0.026,0.703,100.708,-98.755,50.720
-1.394,-0.045,0.777,99.854,-87.219,35.278
-1.475,-0.133,0.877,96.802,-81.726,19.592
-1.593,-0.244,0.945,102.905,-75.439,7.812
-1.668,-0.344,1.071,113.770,-61.523,4.028
-1.794,-0.433,1.202,131.470,-44.922,3.540
-1.866,-0.570,1.325,155.457,-22.766,3.845
-1.908,-0.733,1.464,173.035,2.258,0.366
-1.909,-0.915,1.616,179.321,29.114,-12.085
-1.898,-1.101,1.667,176.636,58.899,-36.987
-1.726,-1.259,1.666,147.522,89.478,-60.913
-1.558,-1.410,1.596,112.366,107.788,-86.853
-1.385,-1.566,1.468,83.801,120.361,-111.084
-1.184,-1.776,1.328,60.974,135.010,-126.953
-0.965,-2.012,1.224,41.199,146.362,-135.437
-0.734,-2.256,1.149,25.208,152.039,-137.146
-0.543,-2.457,1.071,9.766,158.020,-129.578
-0.398,-2.604,0.916,-6.958,164.001,-112.976
-0.224,-2.657,0.694,-32.959,173.828,-88.501
-0.072,-2.616,0.482,-63.354,182.678,-65.796
0.064,-2.498,0.268,-87.952,183.044,-45.166
0.201,-2.354,0.069,-104.065,176.392,-23.987
0.287,-2.167,-0.093,-113.770,167.053,-2.380
0.315,-1.997,-0.218,-114.563,156.799,20.935
0.366,-1.804,-0.271,-110.535,146.484,46.265
0.446,-1.619,-0.289,-103.516,133.972,66.589
0.523,-1.467,-0.285,-94.177,117.798,75.806
0.604,-1.353,-0.270,-87.708,99.976,75.745
0.674,-1.253,-0.230,-87.646,83.313,72.510
0.736,-1.142,-0.177,-92.712,68.787,71.106
0.785,-1.024,-0.154,-97.961,56.335,73.853
0.803,-0.899,-0.153,-100.586,44.739,79.834
0.796,-0.771,-0.165,-101.501,33.875,87.891
0.757,-0.642,-0.182,-101.257,23.743,97.473

-1.394,0.094,0.707,114.014,-121.033,42.236
-1.548,0.056,0.687,107.178,-113.770,18.188
-1.692,0.017,0.706,109.741,-115.906,-5.737
-1.797,-0.035,0.706,121.338,-111.206,-22.705
-1.812,-0.103,0.716,138.245,-100.708,-32.715
-1.804,-0.230,0.811,153.442,-93.872,-42.664
-1.845,-0.443,0.904,164.490,-87.341,-48.340
-1.963,-0.681,1.056,172.607,-72.937,-38.940
-2.065,-0.871,1.203,183.044,-41.565,-18.372
-2.029,-1.042,1.281,188.232,3.418,3.601
-1.950,-1.215,1.370,179.321,47.363,12.390
-1.837,-1.408,1.364,165.833,76.050,0.610
-1.695,-1.636,1.281,150.757,91.614,-27.466
-1.367,-1.930,1.136,129.089,99.670,-61.218
-1.160,-2.167,1.043,103.333,107.483,-102.539
-0.894,-2.395,0.894,67.871,117.249,-120.422
-0.493,-2.556,0.758,30.701,130.249,-106.384
-0.154,-2.657,0.643,4.639,134.460,-83.740
0.080,-2.680,0.608,-10.254,127.441,-55.298
0.247,-2.669,0.573,-20.020,122.009,-17.700
0.378,-2.594,0.567,-33.142,120.789,23.071
0.451,-2.444,0.502,-45.959,116.028,58.899
0.460,-2.246,0.383,-60.608,106.567,84.717
0.516,-1.978,0.233,-75.134,97.351,100.708
0.557,-1.722,0.114,-85.327,87.585,103.210
0.627,-1.544,0.038,-93.872,76.965,96.497
0.737,-1.443,-0.030,-102.417,66.833,82.642
0.874,-1.368,-0.070,-112.366,58.289,64.148
1.006,-1.299,-0.062,-121.155,49.744,46.692
1.098,-1.231,-0.042,-129.089,39.001,39.185
1.144,-1.165,-0.020,-138.062,27.161,44.922
1.160,-1.070,-0.014,-147.705,15.930,59.326
1.138,-0.955,-0.024,-155.518,4.517,76.416
1.070,-0.832,-0.066,-161.255,-7.751,93.140
0.975,-0.635,-0.159,-162.659,-22.583,108.032
0.813,-0.416,-0.230,-154.907,-34.424,118.347
0.644,-0.223,-0.274,-141.724,-36.621,127.014
0.537,-0.007,-0.313,-126.038,-35.583,130.066
0.478,0.169,-0.325,-107.849,-43.396,119.202
0.388,0.268,-0.285,-90.942,-59.875,93.262
0.267,0.277,-0.198,-78.125,-76.782,62.134
0.142,0.241,-0.113,-70.496,-88.684,35.889
0.055,0.185,-0.078,-65.918,-94.177,14.832
-0.024,0.150,-0.083,-62.256,-98.022,-2.502
-0.113,0.141,-0.093,-56.274,-107.178,-12.878
-0.254,0.129,-0.088,-46.082,-120.300,-12.512
-0.427,0.127,-0.053,-30.701,-129.578,-2.686
-0.560,0.130,0.010,-11.719,-130.981,11.841
-0.678,0.137,0.079,5.615,-127.563,26.611
-0.852,0.153,0.166,20.752,-123.535,36.194
-1.007,0.124,0.237,32.288,-114.136,40.649
-1.127,0.093,0.310,36.804,-101.746,39.124
-1.229,0.036,0.380,39.734,-92.285,32.410
-1.293,-0.042,0.457,43.518,-82.397,25.330
-1.357,-0.130,0.554,47.791,-70.190,19.226
-1.348,-0.189,0.662,51.086,-53.894,15.625
-1.381,-0.206,0.611,57.800,-37.415,10.925
-1.354,-0.201,0.583,66.223,-26.306,8.179
-1.360,-0.232,0.574,74.097,-22.522,8.301
-1.475,-0.292,0.598,86.853,-20.508,6.470
-1.555,-0.393,0.659,101.685,-14.526,12.329
-1.599,-0.519,0.726,115.051,-6.104,20.508
-1.666,-0.645,0.877,124.146,1.221,22.949
-1.707,-0.765,1.044,127.869,13.672,22.827
-1.707,-0.880,1.164,125.671,33.203,24.414
-1.623,-1.027,1.182,124.573,51.758,23.926
-1.436,-1.199,1.214,123.718,58.716,13.306
-1.232,-1.406,1.325,117.981,53.467,-9.521
-1.064,-1.621,1.373,103.149,51.453,-31.433
-0.901,-1.804,1.359,81.665,54.626,-40.283
-0.683,-1.941,1.378,49.133,63.599,-32.532
-0.431,-2.056,1.356,14.954,74.524,-14.404
-0.159,-2.146,1.271,-10.864,74.585,5.493
0.125,-2.219,1.273,-32.227,58.167,23.865
0.264,-2.269,1.299,-54.688,39.795,39.917
0.347,-2.219,1.244,-76.599,35.645,60.303
0.443,-2.099,1.085,-96.252,48.706,83.557
0.582,-1.928,0.852,-115.173,63.721,99.976
0.640,-1.790,0.634,-126.831,65.125,98.755
0.747,-1.618,0.510,-136.963,65.247,77.332
0.948,-1.525,0.375,-140.015,70.251,39.368
1.120,-1.428,0.249,-139.038,65.002,0.610
1.274,-1.347,0.158,-123.962,46.021,-25.635
1.333,-1.254,0.165,-105.652,28.564,-30.823
1.319,-1.187,0.214,-94.421,20.874,-14.893
1.312,-1.095,0.232,-90.637,19.836,11.292
1.312,-0.961,0.238,-93.201,14.954,33.386
1.232,-0.801,0.215,-96.863,1.282,45.044
1.113,-0.629,0.176,-98.877,-13.733,52.307
0.989,-0.469,0.107,-101.135,-24.475,61.279
0.891,-0.275,-0.092,-99.670,-35.400,72.083
0.846,-0.111,-0.241,-85.449,-56.091,80.933
0.788,0.027,-0.244,-65.613,-82.031,86.914
0.656,0.066,-0.150,-51.636,-105.652,92.041
0.508,0.106,-0.096,-48.157,-121.887,94.116
0.383,0.188,-0.068,-51.453,-130.005,89.966
0.260,0.224,-0.101,-50.110,-135.010,77.393
0.111,0.214,-0.130,-43.884,-141.663,62.927
0.011,0.164,-0.159,-34.912,-149.475,53.162
-0.125,0.100,-0.139,-26.306,-158.813,48.767
-0.293,0.034,-0.112,-18.005,-163.696,49.683
-0.456,-0.012,-0.118,-9.094,-162.415,57.800
-0.592,-0.055,-0.140,1.526,-159.180,68.787
-0.769,-0.078,-0.127,13.855,-157.166,77.637
-0.910,-0.072,-0.157,28.809,-156.006,82.153
-0.998,-0.089,-0.135,46.082,-157.837,79.468
-1.101,-0.124,-0.023,59.937,-161.804,73.730
-1.276,-0.196,0.113,69.763,-158.142,73.547
-1.451,-0.326,0.241,73.425,-142.822,80.017
-1.554,-0.416,0.296,73.669,-119.141,83.862
-1.581,-0.479,0.306,72.449,-92.957,81.543
-1.551,-0.536,0.217,71.594,-74.280,73.669
-1.441,-0.519,0.260,70.496,-67.749,65.857
-1.539,-0.498,0.278,79.956,-67.932,58.228
-1.531,-0.499,0.288,91.614,-50.659,69.519
-1.437,-0.585,0.242,104.248,-28.503,84.900
-1.437,-0.680,0.406,115.417,-18.555,88.806
-1.446,-0.788,0.648,122.864,-10.864,83.130
-1.424,-0.842,0.726,119.812,11.963,70.618

-1.315,-0.867,0.637,118.958,72.144,31.982
-1.265,-0.924,0.653,129.150,89.722,13.794
-1.156,-1.164,0.692,144.958,102.722,2.319
-0.978,-1.488,0.815,151.123,108.826,-11.536
-0.826,-1.809,1.046,140.015,112.671,-32.166
-0.671,-2.051,1.210,107.178,111.206,-33.630
-0.498,-2.196,1.268,73.425,113.220,-22.949
-0.352,-2.262,1.227,40.710,115.723,-10.864
-0.191,-2.293,1.131,9.460,114.868,0.000
0.014,-2.302,1.118,-16.541,107.788,6.409
0.163,-2.281,1.049,-39.612,101.318,-2.686
0.277,-2.157,0.940,-60.852,98.938,-16.357
0.496,-2.066,0.797,-73.669,96.130,-13.794
0.660,-2.026,0.730,-77.393,89.355,-22.705
0.790,-1.981,0.758,-81.421,80.627,-28.381
0.865,-1.894,0.789,-89.661,76.050,-30.334
0.930,-1.787,0.748,-102.356,71.960,-28.931
0.956,-1.652,0.703,-117.676,62.683,-26.184
0.971,-1.516,0.668,-131.042,51.697,-22.766
0.987,-1.378,0.676,-140.259,40.466,-18.799
0.923,-1.211,0.667,-147.583,27.527,-13.855
0.863,-1.002,0.562,-150.818,16.113,-9.399
0.845,-0.791,0.461,-145.874,4.822,-7.141
0.789,-0.632,0.409,-137.817,-7.385,-8.057
0.799,-0.511,0.407,-129.639,-24.475,-9.216
0.779,-0.446,0.388,-123.291,-36.682,-9.460
0.772,-0.370,0.364,-117.004,-42.603,-5.554
0.751,-0.290,0.319,-110.657,-46.875,1.282
0.705,-0.211,0.252,-105.774,-49.866,8.545
0.659,-0.121,0.167,-100.525,-52.185,14.526
0.646,-0.027,0.004,-94.543,-59.265,18.982
0.650,0.060,-0.082,-85.205,-76.050,21.545
0.578,0.123,-0.085,-74.158,-93.323,21.240
0.555,0.144,-0.045,-65.491,-104.004,23.437
0.359,0.151,-0.147,-58.655,-109.436,30.090
0.333,0.272,-0.168,-45.837,-120.911,38.391
0.195,0.321,-0.185,-34.363,-127.441,37.231
0.104,0.326,-0.221,-22.888,-136.475,32.654
0.015,0.280,-0.243,-9.766,-145.508,30.701
-0.088,0.198,-0.263,2.991,-152.771,33.875
-0.217,0.124,-0.263,11.780,-161.316,41.321
-0.358,0.065,-0.239,18.677,-169.678,48.523
-0.528,0.009,-0.232,22.339,-171.997,55.847
-0.656,-0.051,-0.253,26.245,-165.405,65.857
-0.811,-0.128,-0.233,32.288,-157.349,76.599
-0.956,-0.203,-0.187,35.828,-149.658,83.679
-1.147,-0.312,-0.125,39.001,-140.198,87.463
-1.331,-0.407,-0.089,42.480,-122.437,85.754
-1.502,-0.525,-0.053,43.213,-105.530,78.918
-1.688,-0.651,0.028,48.401,-90.454,71.777
-1.837,-0.782,0.118,56.580,-69.397,68.298
-1.897,-0.928,0.127,63.599,-43.579,66.162
-1.889,-1.012,0.215,72.754,-24.170,62.256
-1.949,-1.085,0.292,88.867,-7.080,52.673
-1.860,-1.022,0.353,91.553,17.334,59.021
-1.826,-0.986,0.316,88.623,42.480,61.829
-1.801,-0.947,0.278,85.510,64.941,61.584
-1.726,-0.909,0.306,86.304,80.872,59.875
-1.695,-0.914,0.372,93.872,93.323,41.443
-1.617,-0.962,0.437,101.563,107.483,15.259
-1.477,-1.010,0.481,106.750,126.038,-7.935
-1.302,-1.090,0.512,110.107,142.029,-21.667
-1.130,-1.222,0.572,108.459,151.611,-23.499
-0.937,-1.389,0.655,98.572,158.997,-17.700
-0.784,-1.489,0.766,78.613,163.452,-16.907
-0.598,-1.554,0.851,51.575,163.208,-10.193
-0.455,-1.656,0.913,25.757,160.217,-5.676
-0.358,-1.731,0.908,9.216,157.959,-5.493
-0.228,-1.724,0.869,2.380,155.151,-4.639
-0.078,-1.799,0.930,-2.991,153.076,-9.033
0.100,-1.898,0.979,-12.085,153.687,-22.034
0.291,-1.966,0.995,-25.635,154.663,-40.527
0.462,-1.961,0.966,-43.701,152.527,-50.415
0.660,-1.942,0.929,-63.293,146.179,-46.448
0.872,-1.898,0.853,-83.862,138.062,-41.382
1.098,-1.847,0.793,-103.088,125.671,-38.696
1.267,-1.746,0.749,-118.774,109.192,-34.851
1.368,-1.588,0.744,-132.141,91.309,-24.841
1.377,-1.417,0.708,-144.714,77.515,-11.047
1.326,-1.219,0.608,-150.208,67.200,-0.305
1.279,-0.974,0.494,-148.193,53.162,5.493
1.198,-0.770,0.441,-140.137,33.752,5.005
1.055,-0.550,0.476,-135.071,16.602,5.005
1.017,-0.400,0.460,-129.028,5.676,4.333
0.935,-0.289,0.460,-122.742,-4.272,3.479
0.833,-0.181,0.439,-116.882,-10.620,4.089
0.733,-0.069,0.402,-112.732,-13.062,5.371
0.612,0.036,0.370,-111.084,-13.733,3.479
0.495,0.130,0.313,-111.938,-12.512,-3.357
0.452,0.179,0.143,-110.779,-11.780,-15.564
0.520,0.211,-0.099,-97.839,-21.790,-26.489
0.461,0.250,-0.140,-73.669,-48.645,-30.518
0.296,0.251,-0.059,-46.936,-70.190,-23.682
0.147,0.246,-0.028,-22.949,-76.294,-11.353
0.028,0.176,-0.048,-1.892,-77.759,-3.601
-0.145,0.081,0.022,15.076,-80.261,-6.287
-0.271,0.049,0.073,26.001,-76.172,-19.653
-0.325,0.030,0.062,29.968,-64.575,-36.865
-0.373,-0.013,0.022,31.067,-57.312,-52.124
-0.423,-0.042,-0.086,33.630,-59.265,-60.974
-0.471,-0.076,-0.110,47.302,-71.228,-57.007
-0.578,-0.098,-0.013,65.491,-85.266,-37.170
-0.747,-0.131,0.083,79.407,-89.966,-9.521
-0.895,-0.115,0.101,88.196,-85.815,18.066
-1.031,-0.094,0.099,93.567,-80.322,40.222
-1.199,-0.053,0.146,96.008,-79.163,52.002
-1.347,-0.057,0.196,94.971,-76.477,50.293
-1.451,-0.099,0.196,90.576,-70.557,38.208
-1.497,-0.181,0.187,90.881,-64.575,21.851
-1.490,-0.268,0.249,92.163,-59.937,8.728
-1.614,-0.421,0.288,94.666,-57.678,1.648
-1.656,-0.528,0.325,99.243,-53.467,4.822
-1.670,-0.650,0.389,102.722,-43.945,16.418
-1.777,-0.760,0.472,103.271,-30.701,21.301
-1.785,-0.833,0.505,101.440,-11.414,21.729
-1.742,-0.898,0.509,103.577,9.583,16.785
-1.729,-0.940,0.550,107.300,23.193,9.155
-1.730,-0.998,0.586,113.647,35.095,5.188
-1.678,-1.092,0.633,120.544,53.406,8.240

-1.424,-1.437,0.779,110.291,92.285,4.883
-1.284,-1.523,0.880,86.243,107.178,-9.094
-1.125,-1.597,1.028,62.134,118.225,-16.357
-0.927,-1.659,1.135,44.617,129.150,-19.531
-0.754,-1.693,1.248,28.015,136.658,-22.461
-0.630,-1.692,1.339,12.512,140.991,-23.926
-0.526,-1.681,1.292,1.099,148.743,-24.292
-0.376,-1.709,1.154,-9.766,160.461,-31.067
-0.187,-1.746,0.939,-21.057,168.091,-60.547
0.156,-1.893,0.772,-28.503,165.771,-92.468
0.441,-2.112,0.661,-29.724,150.940,-108.521
0.695,-2.329,0.606,-33.020,142.761,-118.042
1.019,-2.556,0.500,-38.269,146.790,-111.511
1.348,-2.758,0.436,-51.514,140.869,-95.398
1.479,-2.739,0.496,-69.397,115.723,-72.754
1.431,-2.518,0.508,-84.778,93.506,-34.973
1.306,-2.174,0.423,-107.300,87.646,13.306
1.158,-1.770,0.280,-129.822,80.261,55.298
0.933,-1.314,0.246,-144.531,64.026,78.491
0.780,-0.889,0.234,-151.733,55.969,83.618
0.690,-0.576,0.188,-155.090,54.871,75.989
0.631,-0.349,0.104,-157.654,43.396,57.251
0.628,-0.224,0.043,-155.090,21.729,31.494
0.610,-0.157,0.077,-147.339,-2.075,11.230
0.567,-0.121,0.135,-140.015,-18.066,4.944
0.532,-0.087,0.124,-132.874,-22.095,10.864
0.532,-0.036,0.029,-123.291,-26.550,22.827
0.459,0.061,0.016,-110.352,-42.603,35.767
0.339,0.158,0.017,-96.802,-57.739,50.171
0.236,0.233,0.011,-82.397,-65.552,65.979
0.140,0.288,-0.013,-69.031,-71.106,77.332
0.050,0.333,-0.065,-57.373,-79.407,80.444
-0.013,0.387,-0.114,-47.791,-93.140,73.547
-0.100,0.402,-0.127,-38.269,-111.694,58.411
-0.217,0.362,-0.109,-27.588,-129.211,44.189
-0.351,0.283,-0.088,-15.625,-140.747,37.598
-0.496,0.181,-0.061,-4.089,-147.583,40.710
-0.671,0.096,-0.019,6.714,-152.161,51.270
-0.826,0.017,0.013,20.935,-154.724,65.125
-0.969,-0.034,0.071,36.438,-154.114,77.271
-1.102,-0.068,0.132,52.979,-147.522,86.182
-1.206,-0.111,0.182,66.467,-134.888,92.957
-1.307,-0.156,0.218,75.012,-120.117,96.130
-1.403,-0.188,0.242,81.116,-105.286,94.604
-1.478,-0.248,0.245,86.365,-89.905,86.670
-1.587,-0.319,0.284,89.111,-75.012,73.792
-1.585,-0.353,0.370,89.844,-55.359,64.270
-1.661,-0.405,0.390,99.365,-32.898,53.589
-1.632,-0.482,0.473,104.065,-4.761,49.377
-1.640,-0.516,0.589,103.760,23.193,42.603
-1.591,-0.525,0.635,100.220,53.467,32.043
-1.506,-0.554,0.649,90.149,79.529,23.560
-1.434,-0.571,0.704,82.764,93.506,12.390
-1.403,-0.611,0.755,83.923,96.313,-0.854
-1.382,-0.679,0.854,90.088,95.825,-11.475
-1.379,-0.768,0.970,99.121,97.717,-18.921
-1.415,-0.878,1.120,114.197,101.257,-28.625
-1.405,-0.958,1.271,123.474,112.427,-41.260
-1.322,-1.014,1.320,119.751,129.517,-52.917
-1.206,-1.104,1.320,104.736,142.212,-61.218
-1.010,-1.318,1.246,85.449,149.841,-72.449
-0.755,-1.609,1.171,69.336,156.616,-93.872
-0.456,-1.952,1.121,51.392,155.701,-116.760
-0.176,-2.254,1.089,30.762,148.682,-130.188
0.109,-2.465,1.040,11.108,145.325,-124.939
0.333,-2.540,0.964,-7.507,145.935,-102.051
0.526,-2.536,0.830,-26.550,145.081,-70.313
0.655,-2.440,0.727,-42.480,135.925,-36.926
0.716,-2.298,0.647,-57.373,121.582,-9.277
0.746,-2.156,0.580,-70.618,109.802,6.592
0.797,-2.022,0.518,-82.214,99.915,10.071
0.854,-1.944,0.436,-89.966,89.600,0.000
0.910,-1.858,0.401,-98.511,75.562,-15.686
0.948,-1.755,0.389,-109.558,59.509,-24.536
0.965,-1.622,0.400,-121.887,47.302,-20.142
0.938,-1.453,0.396,-131.714,39.307,-4.028
0.873,-1.266,0.374,-138.672,34.241,19.897
0.811,-1.087,0.307,-142.883,29.236,44.373
0.743,-0.900,0.236,-143.433,20.447,61.951
0.659,-0.701,0.167,-140.930,9.705,71.716
0.589,-0.514,0.121,-137.451,-0.732,78.918
0.537,-0.368,0.092,-134.521,-10.925,85.388
0.493,-0.254,0.075,-132.935,-21.912,90.149
0.439,-0.171,0.044,-131.348,-32.593,92.285
0.381,-0.108,0.003,-129.211,-42.114,92.407
0.339,-0.042,-0.057,-124.268,-50.903,91.736
0.303,0.020,-0.150,-112.305,-58.411,90.027
0.268,0.105,-0.220,-94.299,-69.397,86.975
0.219,0.130,-0.239,-78.186,-85.022,82.581
0.149,0.149,-0.255,-62.683,-101.746,77.271
0.063,0.150,-0.281,-46.997,-117.554,71.594
-0.024,0.173,-0.286,-31.616,-130.493,67.078
-0.129,0.185,-0.278,-17.761,-139.587,63.110
-0.260,0.176,-0.264,-7.507,-145.752,59.509
-0.408,0.143,-0.238,1.282,-150.269,58.655
-0.571,0.094,-0.191,10.498,-154.053,60.303
-0.737,0.033,-0.130,20.020,-154.907,63.782
-0.889,-0.014,-0.074,30.334,-151.611,69.214
-1.036,-0.055,-0.009,42.114,-145.081,77.087
-1.177,-0.083,0.067,54.932,-135.559,85.388
-1.314,-0.093,0.139,66.895,-122.925,92.285
-1.472,-0.105,0.219,77.332,-108.765,95.520
-1.622,-0.092,0.335,87.463,-92.285,92.407
-1.731,-0.093,0.404,96.008,-69.397,83.801
-1.845,-0.141,0.443,98.083,-44.250,72.205
-1.945,-0.188,0.476,99.304,-23.071,58.899
-1.963,-0.257,0.575,103.088,-4.272,45.471
-2.002,-0.349,0.657,108.765,16.541,29.297
-1.955,-0.417,0.750,100.525,38.574,22.034
-1.940,-0.467,0.774,95.032,53.711,15.625
-1.903,-0.480,0.819,87.585,68.970,13.000
-1.806,-0.459,0.896,81.848,86.792,18.433
-1.674,-0.430,0.941,80.872,105.713,21.973
-1.552,-0.411,0.973,83.801,121.277,16.479
-1.441,-0.450,1.037,97.717,124.573,-0.244
-1.369,-0.575,1.123,124.939,128.479,-31.189
-1.186,-0.728,1.260,135.803,138.306,-59.875
-1.018,-0.977,1.366,135.803,143.860,-86.304
-0.843,-1.262,1.377,123.169,143.311,-104.553

-0.368,-1.871,1.300,71.777,146.545,-105.713
-0.208,-2.167,1.212,47.729,144.531,-104.370
0.018,-2.429,1.109,22.400,146.973,-96.252
0.280,-2.599,0.954,0.732,151.917,-86.792
0.497,-2.666,0.827,-14.832,152.954,-82.214
0.694,-2.669,0.725,-25.818,147.644,-78.796
0.855,-2.641,0.646,-37.415,138.367,-71.655
0.942,-2.595,0.587,-48.645,127.014,-62.500
0.974,-2.511,0.527,-58.350,117.798,-53.650
1.016,-2.401,0.476,-69.336,113.220,-46.265
1.059,-2.256,0.437,-80.139,108.643,-44.006
1.052,-2.063,0.426,-91.614,99.548,-42.725
1.018,-1.846,0.412,-104.492,88.196,-35.217
0.943,-1.612,0.366,-116.760,80.017,-19.714
0.901,-1.355,0.345,-127.930,73.547,4.578
0.819,-1.125,0.298,-130.981,63.660,27.405
0.721,-0.896,0.278,-131.165,51.208,44.067
0.640,-0.698,0.244,-130.737,36.743,55.481
0.546,-0.508,0.208,-128.784,21.301,60.730
0.468,-0.344,0.169,-125.122,7.324,61.768
0.404,-0.201,0.159,-118.652,-2.319,58.838
0.352,-0.085,0.149,-112.854,-9.521,55.786
0.309,0.005,0.131,-108.887,-16.541,54.688
0.279,0.083,0.109,-104.797,-23.315,54.016
0.252,0.151,0.097,-99.243,-30.029,52.368
0.220,0.213,0.090,-91.553,-36.377,49.622
0.190,0.271,0.072,-81.665,-42.603,46.448
0.156,0.318,0.040,-69.702,-49.744,43.396
0.115,0.349,0.017,-56.885,-59.875,40.894
0.057,0.376,0.008,-44.312,-72.754,37.659
-0.029,0.404,0.008,-30.884,-83.374,32.715
-0.109,0.432,-0.010,-17.883,-88.440,28.442
-0.187,0.441,-0.057,-5.066,-92.163,25.879
-0.249,0.423,-0.070,6.104,-99.060,23.499
-0.348,0.371,-0.071,16.357,-107.910,19.714
-0.472,0.307,-0.045,28.381,-114.685,17.395
-0.586,0.242,0.003,42.664,-117.126,20.325
-0.688,0.176,0.037,58.105,-114.258,27.222
-0.761,0.095,0.085,73.059,-108.704,35.278
-0.843,0.052,0.142,83.252,-103.577,39.246
-0.954,0.029,0.211,90.210,-96.680,38.330
-1.032,0.024,0.231,94.360,-83.374,35.645
-1.126,-0.010,0.184,97.656,-67.627,32.166
-1.206,-0.057,0.171,105.774,-57.678,27.649
-1.312,-0.130,0.258,115.173,-55.359,22.827
-1.448,-0.230,0.372,123.901,-53.833,20.691
-1.591,-0.304,0.480,133.606,-42.969,25.024
-1.667,-0.369,0.558,145.325,-17.944,34.546
-1.701,-0.428,0.596,152.405,10.925,44.312
-1.712,-0.507,0.598,154.663,35.156,47.607
-1.705,-0.632,0.593,152.649,51.453,42.236
-1.680,-0.781,0.680,146.667,59.875,28.748
-1.679,-0.930,0.806,140.564,65.125,9.277
-1.651,-1.011,0.972,143.799,72.876,-7.568
-1.596,-1.152,1.043,168.274,94.971,-30.090
-1.558,-1.293,1.043,174.622,117.249,-50.720
-1.398,-1.446,0.998,156.921,132.507,-61.279
-1.232,-1.609,0.974,132.629,145.508,-75.806
-0.983,-1.874,0.950,113.831,153.748,-92.468
-0.651,-2.207,0.973,96.558,156.067,-109.863
-0.380,-2.523,1.016,79.529,154.114,-125.122
-0.111,-2.765,1.090,64.636,153.564,-118.713
0.120,-2.909,1.120,50.903,156.982,-87.830
0.257,-2.922,1.115,32.349,161.255,-46.021
0.330,-2.800,1.074,8.362,163.269,-7.141
0.333,-2.617,0.979,-18.311,165.283,19.287
0.329,-2.400,0.825,-45.715,168.518,31.128
0.423,-2.176,0.652,-68.481,170.044,26.672
0.507,-1.984,0.449,-83.252,164.978,4.944
0.617,-1.827,0.286,-99.365,153.198,-16.174
0.732,-1.677,0.177,-113.159,139.954,-28.198
0.839,-1.531,0.122,-117.859,128.296,-29.053
0.904,-1.390,0.090,-116.089,118.347,-19.714
0.927,-1.246,0.102,-113.342,110.413,-2.136
0.895,-1.095,0.132,-109.802,104.065,18.188
0.876,-0.953,0.154,-106.323,98.145,35.034
0.861,-0.824,0.178,-107.849,89.172,44.678
0.828,-0.691,0.167,-114.197,74.524,47.302
0.755,-0.597,0.149,-121.033,58.044,45.959
0.686,-0.489,0.107,-125.000,46.265,43.396
0.685,-0.383,0.047,-126.343,38.025,41.504
0.681,-0.289,-0.005,-128.540,26.855,40.161
0.651,-0.211,-0.047,-128.906,11.536,39.917
0.623,-0.149,-0.062,-126.648,-4.089,44.861
0.575,-0.091,-0.092,-121.582,-17.883,54.199
0.517,-0.006,-0.143,-109.985,-29.236,63.660
0.464,0.091,-0.188,-92.896,-38.757,69.214
0.414,0.173,-0.203,-73.669,-51.086,69.092
0.356,0.214,-0.184,-57.068,-68.665,63.660
0.285,0.219,-0.157,-45.227,-86.792,55.542
0.218,0.212,-0.136,-36.072,-101.746,47.058
0.138,0.208,-0.139,-28.076,-113.586,39.612
0.045,0.237,-0.142,-20.752,-121.887,33.447
-0.034,0.254,-0.160,-14.465,-125.916,27.649
-0.111,0.243,-0.196,-9.033,-130.066,21.729
-0.196,0.228,-0.214,-2.686,-138.306,16.724
-0.329,0.192,-0.252,7.812,-149.475,14.465
-0.492,0.164,-0.245,24.963,-159.302,15.869
-0.653,0.109,-0.178,46.021,-164.856,21.301
-0.786,0.044,-0.082,65.979,-165.405,30.457
-0.925,-0.022,0.012,82.764,-162.842,41.260
-1.055,-0.092,0.096,96.802,-157.104,52.979
-1.200,-0.180,0.164,108.826,-148.499,64.880
-1.390,-0.277,0.230,122.498,-140.564,77.393
-1.668,-0.338,0.374,145.325,-131.714,88.867
-1.894,-0.417,0.646,171.387,-113.220,95.215
-2.071,-0.539,0.842,185.730,-81.665,96.313
-2.211,-0.628,1.064,181.885,-44.067,91.980
-2.255,-0.745,1.123,178.345,-11.108,85.144
-2.184,-0.921,1.234,162.903,19.409,70.618
-2.064,-1.044,1.361,132.996,39.917,42.725
-2.030,-1.055,1.411,96.558,42.114,4.944
-1.961,-1.029,1.320,64.331,46.753,-25.208
-1.815,-0.850,1.350,44.861,72.449,-41.687
-1.620,-0.849,1.072,71.777,107.971,-63.477
-1.433,-0.815,0.912,91.675,139.160,-82.825
-1.170,-0.837,0.792,89.844,147.156,-90.576
-1.059,-0.955,0.695,87.646,137.207,-101.318
-0.798,-1.130,0.757,82.153,136.536,-99.487

-0.271,-1.833,0.759,101.624,153.198,-97.046
-0.009,-2.221,0.812,86.914,144.592,-94.482
0.174,-2.621,0.895,71.228,125.427,-96.680
0.301,-2.929,1.019,53.833,104.309,-91.431
0.406,-3.101,1.136,36.499,96.863,-67.017
0.468,-3.125,1.216,15.625,104.431,-29.724
0.486,-3.033,1.058,-0.916,120.789,3.906
0.480,-2.841,0.816,-25.574,135.071,24.963
0.515,-2.591,0.558,-55.969,138.977,32.227
0.552,-2.315,0.314,-83.923,137.512,29.602
0.596,-2.069,0.069,-105.652,133.423,26.917
0.701,-1.826,-0.138,-120.972,127.625,27.588
0.783,-1.613,-0.246,-131.470,121.277,32.104
0.872,-1.455,-0.272,-140.442,110.901,42.419
0.924,-1.289,-0.204,-147.156,92.590,54.626
0.906,-1.135,-0.120,-150.940,69.519,65.674
0.856,-0.969,-0.040,-150.818,50.903,72.754
0.819,-0.793,0.008,-151.917,41.504,78.979
0.784,-0.614,-0.004,-156.982,36.438,85.144
0.751,-0.444,-0.058,-162.781,29.907,88.684
0.711,-0.288,-0.119,-166.565,18.555,89.233
0.657,-0.133,-0.188,-166.077,3.540,87.463
0.613,0.027,-0.248,-158.325,-12.512,83.496
0.575,0.135,-0.253,-143.677,-28.198,76.721
0.540,0.203,-0.228,-126.953,-42.297,69.519
0.490,0.222,-0.172,-110.718,-57.068,63.049
0.426,0.234,-0.102,-94.971,-69.275,56.763
0.380,0.250,-0.045,-80.750,-76.721,51.514
0.329,0.267,-0.026,-69.153,-83.008,46.326
0.266,0.286,-0.023,-59.143,-90.027,40.527
0.196,0.308,-0.032,-50.293,-95.825,34.607
0.114,0.320,-0.056,-42.847,-100.586,30.273
0.007,0.338,-0.112,-34.546,-105.469,27.771
-0.099,0.365,-0.172,-22.278,-110.779,26.123
-0.189,0.353,-0.193,-6.836,-116.760,24.719
-0.302,0.306,-0.179,9.705,-125.305,24.292
-0.440,0.236,-0.132,27.893,-135.559,25.208
-0.574,0.167,-0.035,47.974,-141.357,27.405
-0.719,0.121,0.074,68.420,-139.038,29.663
-0.852,0.069,0.157,85.815,-129.272,33.630
-0.984,0.005,0.232,97.961,-119.812,40.527
-1.106,-0.081,0.342,107.910,-114.014,45.105
-1.294,-0.176,0.484,115.234,-111.938,45.410
-1.481,-0.247,0.623,122.864,-107.056,48.706
-1.591,-0.321,0.748,130.249,-94.360,54.932
-1.669,-0.355,0.856,132.507,-77.271,57.068
-1.759,-0.369,0.934,129.700,-60.974,52.795
-1.817,-0.354,0.940,124.878,-41.931,44.312
-1.837,-0.337,0.912,120.422,-18.494,31.921
-1.819,-0.338,0.855,116.821,3.906,15.869
-1.779,-0.391,0.839,115.723,20.813,-0.977
-1.727,-0.484,0.838,119.812,33.752,-14.832
-1.706,-0.626,0.888,140.930,46.692,-28.259
-1.615,-0.805,0.919,174.927,65.369,-39.551
-1.589,-1.072,0.974,188.904,83.313,-46.875
-1.499,-1.303,1.064,177.185,92.773,-51.208
-1.378,-1.535,1.114,149.597,99.487,-51.147
-1.205,-1.798,1.083,119.263,108.154,-53.345
-0.969,-2.068,1.026,93.750,117.188,-62.012
-0.639,-2.326,0.979,68.665,125.366,-72.388
-0.293,-2.564,0.964,48.035,129.822,-80.505
0.021,-2.770,0.987,34.546,130.798,-82.947
0.300,-2.889,1.023,19.287,129.395,-75.073
0.501,-2.947,1.006,-0.122,127.991,-55.725
0.607,-2.925,0.950,-24.109,126.282,-28.259
0.644,-2.823,0.856,-43.762,125.549,-0.061
0.687,-2.608,0.786,-63.965,128.052,24.048
0.672,-2.348,0.675,-82.031,128.906,37.598
0.641,-2.089,0.529,-98.450,124.817,43.762
0.615,-1.846,0.390,-114.868,115.112,45.349
0.583,-1.599,0.291,-126.587,102.966,41.565
0.578,-1.379,0.232,-133.850,91.553,36.011
0.575,-1.190,0.190,-137.512,82.825,33.081
0.561,-1.015,0.145,-136.353,75.745,35.156
0.565,-0.847,0.134,-132.507,68.726,41.016
0.585,-0.705,0.129,-129.883,61.829,47.302
0.604,-0.597,0.116,-130.371,54.016,51.453
0.624,-0.511,0.101,-130.676,44.128,52.490
0.638,-0.419,0.081,-129.211,34.302,51.453
0.656,-0.329,0.048,-125.793,25.513,51.514
0.670,-0.258,0.011,-121.277,16.663,53.406
0.668,-0.173,-0.023,-116.028,5.249,55.908
0.661,-0.093,-0.055,-109.131,-7.629,57.129
0.652,-0.033,-0.103,-101.440,-22.217,57.983
0.629,0.033,-0.148,-93.018,-39.368,58.838
0.567,0.083,-0.178,-83.740,-56.274,59.448
0.508,0.151,-0.198,-72.266,-68.665,61.340
0.438,0.215,-0.209,-59.814,-77.576,63.843
0.365,0.272,-0.214,-47.729,-85.205,64.087
0.291,0.319,-0.212,-37.292,-92.651,61.646
0.214,0.371,-0.221,-28.015,-102.356,56.702
0.121,0.413,-0.228,-17.883,-110.474,49.194
0.030,0.442,-0.243,-7.935,-115.540,40.710
-0.081,0.450,-0.240,0.854,-120.911,32.349
-0.229,0.436,-0.245,10.742,-127.136,23.743
-0.396,0.381,-0.237,24.963,-132.874,18.250
-0.582,0.317,-0.187,44.800,-137.939,19.287
-0.780,0.235,-0.109,70.496,-140.137,27.161
-0.949,0.146,0.027,97.717,-136.597,38.208
-1.118,0.057,0.187,121.460,-127.869,47.974
-1.265,-0.031,0.336,137.756,-116.821,54.749
-1.432,-0.133,0.476,145.142,-105.957,56.274
-1.610,-0.275,0.614,147.949,-97.168,52.612
-1.751,-0.443,0.777,145.386,-89.050,48.096
-1.926,-0.571,0.950,139.771,-78.369,41.260
-2.021,-0.662,1.082,134.460,-58.105,35.278
-2.033,-0.737,1.105,128.052,-27.710,29.480
-2.002,-0.708,1.149,115.540,0.061,18.433
-1.917,-0.727,1.114,100.098,22.888,5.676
-1.864,-0.750,1.048,85.449,40.283,-12.024
-1.771,-0.801,0.989,75.317,55.969,-23.193
-1.659,-0.873,0.942,72.815,71.228,-26.733
-1.570,-0.928,1.019,88.135,85.327,-28.015
-1.561,-1.084,0.839,127.502,104.736,-33.997
-1.376,-1.247,0.854,136.292,127.747,-31.738
-1.245,-1.428,0.766,127.869,136.780,-35.889
-1.012,-1.583,0.850,97.595,141.357,-40.649
-0.728,-1.824,0.881,74.524,146.667,-55.176
-0.436,-2.072,0.905,56.763,148.254,-81.726

0.225,-2.472,1.000,20.142,143.066,-108.704
0.501,-2.660,1.003,8.179,143.066,-97.290
0.762,-2.739,1.059,-8.301,145.935,-66.101
0.918,-2.736,0.948,-20.691,147.644,-31.128
1.012,-2.602,0.839,-33.997,142.761,-0.732
0.995,-2.403,0.685,-41.504,134.583,19.348
0.948,-2.207,0.473,-44.983,126.221,26.917
0.887,-1.958,0.235,-55.054,116.333,28.992
0.888,-1.700,0.091,-72.998,104.919,28.625
0.915,-1.472,-0.058,-90.088,93.445,26.672
0.929,-1.301,-0.154,-101.868,80.566,23.499
0.939,-1.151,-0.183,-106.445,67.322,21.057
0.934,-1.025,-0.141,-108.704,53.406,24.658
0.914,-0.906,-0.095,-111.816,39.001,35.339
0.868,-0.788,-0.076,-115.173,24.658,49.866
0.808,-0.645,-0.068,-116.821,10.803,63.660
0.718,-0.496,-0.082,-114.441,-3.479,72.632
0.642,-0.345,-0.073,-108.948,-17.761,76.294
0.579,-0.225,-0.060,-101.379,-29.846,74.280
0.505,-0.135,-0.050,-93.689,-39.551,67.688
0.451,-0.075,-0.032,-87.769,-49.011,59.875
0.404,-0.019,-0.028,-82.642,-57.373,51.880
0.355,0.041,-0.044,-76.050,-65.369,44.067
0.309,0.091,-0.060,-66.956,-72.632,37.842
0.267,0.144,-0.069,-56.213,-79.895,33.569
0.209,0.171,-0.065,-44.800,-88.074,29.724
0.165,0.182,-0.059,-34.058,-95.215,26.306
0.106,0.204,-0.069,-26.733,-102.478,23.926
0.041,0.225,-0.095,-21.301,-110.107,21.362
-0.059,0.237,-0.115,-15.076,-117.920,18.250
-0.180,0.224,-0.120,-6.409,-125.061,17.273
-0.320,0.204,-0.092,5.981,-129.944,19.592
-0.486,0.191,-0.041,23.804,-132.874,25.452
-0.637,0.181,0.033,45.471,-131.287,34.607
-0.764,0.161,0.119,66.223,-125.977,45.410
-0.901,0.126,0.202,84.473,-118.958,52.856
-1.051,0.055,0.285,100.525,-109.863,55.481
-1.219,-0.040,0.388,113.403,-99.609,54.199
-1.355,-0.158,0.495,122.864,-87.036,50.964
-1.462,-0.289,0.597,129.028,-71.716,44.067
-1.560,-0.411,0.711,131.470,-58.533,33.203
-1.628,-0.521,0.821,129.639,-47.058,22.827
-1.699,-0.619,0.895,126.465,-33.142,15.808
-1.744,-0.725,0.930,124.390,-14.771,14.160
-1.770,-0.824,0.970,123.047,4.150,16.357
-1.792,-0.902,1.021,123.169,23.010,18.860
-1.769,-0.962,1.097,123.901,45.654,19.958
-1.705,-1.011,1.133,127.319,71.655,14.954
-1.589,-1.113,1.140,134.216,97.229,-1.709
-1.379,-1.274,1.168,138.611,120.483,-29.846
-1.228,-1.454,1.083,134.521,133.789,-69.092
-1.000,-1.661,1.043,111.938,134.827,-103.333
-0.697,-1.915,1.045,77.759,131.897,-125.488
-0.414,-2.187,1.058,49.438,128.784,-138.367
-0.132,-2.473,1.077,33.752,128.052,-135.071
0.161,-2.677,1.101,24.109,131.470,-114.075
0.348,-2.837,1.080,17.151,133.179,-85.022
0.444,-2.914,1.010,5.432,130.066,-50.049
0.495,-2.798,0.905,-14.954,126.953,-12.451
0.476,-2.593,0.746,-43.091,128.357,20.874
0.465,-2.378,0.505,-72.327,130.615,44.250
0.504,-2.114,0.250,-95.032,128.540,51.819
0.541,-1.869,-0.009,-108.704,120.544,44.373
0.628,-1.628,-0.248,-113.647,106.445,29.602
0.692,-1.460,-0.348,-114.014,86.121,12.268
0.756,-1.347,-0.302,-112.671,67.078,1.404
0.815,-1.268,-0.220,-109.192,50.903,2.380
0.854,-1.192,-0.139,-106.567,37.842,15.076
0.857,-1.086,-0.077,-107.544,28.687,33.569
0.838,-0.942,-0.041,-110.840,19.897,54.199
0.789,-0.778,-0.044,-114.258,9.949,71.838
0.733,-0.621,-0.065,-116.028,-0.793,81.970
0.669,-0.471,-0.098,-115.295,-12.634,83.679
0.621,-0.340,-0.122,-113.525,-26.123,79.895
0.566,-0.233,-0.140,-110.046,-40.405,72.693
0.508,-0.151,-0.157,-104.431,-53.467,66.162
0.464,-0.074,-0.162,-96.985,-65.430,61.096
0.432,-0.021,-0.145,-88.806,-75.928,56.335
0.389,0.005,-0.128,-80.627,-85.815,51.819
0.331,0.024,-0.115,-72.693,-95.581,49.011
0.272,0.051,-0.111,-64.514,-104.919,47.241
0.203,0.068,-0.120,-56.335,-114.014,45.471
0.089,0.099,-0.123,-49.683,-124.268,44.922
-0.056,0.143,-0.133,-41.687,-132.812,44.128
-0.201,0.175,-0.136,-30.701,-137.024,43.701
-0.342,0.205,-0.143,-16.785,-138.977,43.823
-0.503,0.220,-0.124,-0.916,-139.893,43.335
-0.683,0.226,-0.053,19.226,-139.587,42.297
-0.836,0.199,0.037,40.894,-133.850,42.725
-0.958,0.145,0.127,60.486,-123.657,45.105
-1.065,0.068,0.212,78.552,-114.197,47.180
-1.155,-0.026,0.344,94.055,-108.459,47.241
-1.281,-0.111,0.492,104.492,-104.919,45.776
-1.412,-0.203,0.642,109.070,-100.525,45.959
-1.611,-0.297,0.754,112.610,-92.407,47.241
-1.790,-0.361,0.876,113.647,-75.562,49.744
-1.949,-0.403,0.958,113.464,-51.880,52.673
-2.083,-0.422,1.009,114.868,-25.146,50.476
-2.143,-0.471,1.051,116.943,0.549,40.771
-2.147,-0.549,1.066,118.652,23.010,20.020
-2.102,-0.603,1.110,115.601,43.518,-7.202
-1.966,-0.661,1.160,109.924,63.293,-32.959
-1.752,-0.750,1.178,104.492,82.703,-57.068
-1.502,-0.920,1.188,96.191,96.924,-78.552
-1.255,-1.093,1.205,88.135,102.600,-95.276
-1.052,-1.284,1.216,85.266,108.704,-107.300
-0.846,-1.559,1.149,85.144,122.742,-111.450
-0.614,-1.917,1.030,74.768,136.902,-110.840
-0.329,-2.358,0.946,53.162,137.695,-112.976
-0.038,-2.774,0.937,26.306,126.404,-119.629
0.204,-3.083,0.976,4.211,113.159,-118.103
0.398,-3.251,0.982,-10.254,105.286,-95.642
0.503,-3.239,0.941,-28.442,106.323,-50.842
0.529,-3.090,0.818,-54.321,112.732,4.395
0.480,-2.856,0.598,-83.740,118.713,51.880
0.472,-2.521,0.349,-107.483,119.202,81.787
0.492,-2.147,0.141,-121.887,115.479,90.698
0.526,-1.819,-0.027,-127.441,107.849,84.412
0.549,-1.569,-0.148,-127.869,93.933,71.350

-0.796,-0.514,1.077,19.653,42.969,84.595
-0.604,-0.397,1.143,29.297,59.937,72.876
-0.393,-0.336,1.223,48.828,66.711,44.373
-0.188,-0.376,1.317,69.092,67.444,3.967
-0.060,-0.516,1.336,85.205,60.425,-40.100
0.026,-0.720,1.372,96.130,47.974,-76.721
0.148,-0.937,1.367,103.149,34.790,-100.952
0.137,-1.259,1.345,105.164,12.878,-114.319
0.103,-1.541,1.369,95.886,-17.395,-106.323
-0.043,-1.714,1.407,78.064,-50.537,-71.838
-0.278,-1.757,1.368,60.120,-74.829,-15.869
-0.484,-1.667,1.162,38.208,-71.777,46.570
-0.602,-1.525,0.892,12.512,-47.424,90.698
-0.670,-1.348,0.637,-10.254,-22.034,98.755
-0.671,-1.145,0.447,-26.672,-4.456,79.529
-0.621,-0.968,0.304,-39.246,3.052,46.448
-0.550,-0.867,0.160,-47.119,5.066,12.451
-0.457,-0.804,0.098,-49.500,6.653,-18.982
-0.342,-0.787,0.095,-45.898,10.437,-41.199
-0.233,-0.809,0.138,-37.415,15.137,-50.110
-0.153,-0.834,0.185,-27.466,19.287,-45.288
-0.094,-0.842,0.239,-18.005,22.583,-28.992
-0.054,-0.826,0.300,-10.376,25.940,-7.202
-0.035,-0.797,0.358,-5.127,28.625,12.207
-0.026,-0.766,0.411,-1.099,28.503,25.391
-0.035,-0.737,0.472,1.160,26.306,30.212
-0.047,-0.723,0.525,1.221,23.376,29.724
-0.057,-0.710,0.561,1.221,18.982,25.757
-0.074,-0.708,0.607,3.113,13.306,19.043
-0.082,-0.718,0.649,6.042,8.728,12.695
-0.090,-0.731,0.691,7.507,5.371,8.118
-0.103,-0.746,0.733,8.179,3.296,6.226
-0.118,-0.767,0.771,7.385,2.930,5.737
-0.122,-0.794,0.792,4.822,4.700,5.249
-0.110,-0.805,0.801,-0.488,6.897,3.296
-0.110,-0.785,0.783,-7.812,7.263,0.793
-0.119,-0.756,0.730,-15.625,6.653,0.610
-0.137,-0.720,0.655,-21.606,6.897,2.808
-0.145,-0.665,0.582,-22.888,8.240,5.859
-0.143,-0.619,0.523,-19.287,9.827,8.362
-0.139,-0.592,0.485,-13.733,11.047,9.521
-0.155,-0.595,0.465,-7.568,10.254,9.399
-0.173,-0.615,0.447,-0.732,6.775,7.996
-0.167,-0.631,0.460,8.484,2.930,4.272
-0.156,-0.659,0.515,15.686,0.427,-0.549
-0.147,-0.708,0.559,19.897,-0.793,-3.113
-0.144,-0.766,0.594,21.851,-1.587,-4.211
-0.143,-0.814,0.628,21.912,-2.258,-3.967
-0.150,-0.849,0.655,20.691,-2.319,-2.197
-0.149,-0.873,0.676,17.578,-0.488,-0.122
-0.138,-0.886,0.680,12.512,2.502,2.197
-0.132,-0.895,0.674,6.226,4.822,3.540
-0.151,-0.905,0.645,-0.793,5.432,4.639
-0.164,-0.901,0.600,-7.141,5.188,6.592
-0.164,-0.884,0.555,-9.277,5.249,7.141
-0.149,-0.849,0.551,-10.010,6.104,5.249
-0.140,-0.834,0.545,-10.498,6.836,4.028
-0.131,-0.830,0.545,-10.742,6.165,5.005
-0.133,-0.819,0.546,-10.437,5.676,6.836
-0.123,-0.790,0.542,-9.033,4.639,9.399
-0.106,-0.764,0.549,-7.080,3.662,11.902
-0.100,-0.748,0.560,-4.883,2.502,13.428
-0.099,-0.743,0.572,-3.357,1.343,14.832
-0.100,-0.742,0.583,-2.136,0.366,15.686
-0.103,-0.745,0.595,-1.343,-0.366,15.808
-0.111,-0.745,0.615,-1.648,-1.038,15.442
-0.125,-0.744,0.630,-2.563,-1.038,14.343
-0.124,-0.742,0.638,-4.700,-0.061,12.817
-0.126,-0.742,0.627,-7.385,0.854,10.681
-0.127,-0.734,0.591,-8.606,1.282,8.240
-0.112,-0.719,0.579,-7.874,0.854,5.493
-0.108,-0.710,0.582,-6.470,0.427,3.113
-0.107,-0.715,0.581,-4.883,0.244,2.075
-0.108,-0.720,0.584,-3.357,0.183,1.892
-0.113,-0.727,0.590,-2.075,-0.366,2.747
-0.121,-0.732,0.588,-0.671,-0.732,4.211
-0.122,-0.738,0.594,0.183,-0.488,5.676
-0.129,-0.745,0.601,0.427,-0.549,6.592
-0.137,-0.748,0.606,0.488,-0.977,7.202
-0.137,-0.750,0.614,-0.122,-0.732,7.080
-0.137,-0.755,0.612,-1.465,-0.366,6.287
-0.138,-0.763,0.604,-2.869,-0.061,5.066
-0.141,-0.765,0.594,-3.174,0.305,3.967
-0.135,-0.766,0.592,-2.686,0.732,3.296
-0.137,-0.779,0.585,-2.197,0.977,3.479
-0.158,-0.788,0.562,-1.221,0.488,4.517
-0.156,-0.784,0.569,0.610,0.122,4.822
-0.146,-0.783,0.586,1.770,0.305,4.028
-0.141,-0.794,0.601,1.526,0.122,3.113
-0.133,-0.801,0.615,0.122,0.183,2.686
-0.125,-0.802,0.616,-1.343,0.610,3.113
-0.122,-0.799,0.599,-2.258,0.854,4.028
-0.110,-0.798,0.602,-2.686,1.343,4.700
-0.107,-0.793,0.606,-3.845,1.038,5.066
-0.103,-0.791,0.608,-5.127,0.854,5.737
-0.098,-0.784,0.609,-6.714,1.099,6.714
-0.092,-0.773,0.604,-8.179,1.038,7.690
-0.091,-0.759,0.589,-9.094,0.916,8.545
-0.090,-0.729,0.553,-7.935,0.549,9.155
-0.105,-0.715,0.534,-5.127,0.122,9.644
-0.122,-0.719,0.535,-1.892,-0.427,9.705
-0.123,-0.726,0.554,1.282,-0.793,8.789
-0.117,-0.737,0.576,2.686,-0.488,7.019
-0.113,-0.749,0.589,3.235,-0.549,5.432
-0.103,-0.756,0.597,3.174,-0.366,4.456
-0.095,-0.764,0.599,2.625,-0.427,4.700
-0.111,-0.775,0.607,1.953,-1.099,5.859
-0.134,-0.793,0.610,0.977,-1.709,7.324
-0.147,-0.797,0.612,0.122,-1.343,8.423
-0.159,-0.786,0.607,-0.305,-0.244,7.690
-0.150,-0.782,0.603,-1.404,1.099,5.920
-0.144,-0.785,0.596,-2.930,1.770,3.845
-0.134,-0.787,0.594,-4.028,1.526,1.892
-0.121,-0.787,0.591,-4.639,1.526,1.404
-0.114,-0.780,0.583,-4.272,1.526,2.319
-0.108,-0.772,0.582,-3.418,1.709,3.662
-0.105,-0.763,0.577,-2.502,1.770,5.188
-0.106,-0.761,0.576,-1.526,1.282,5.859
-0.109,-0.763,0.568,-1.221,0.488,6.226

0.407,-1.188,0.929,-7.812,-32.166,-30.273
0.421,-1.324,1.026,-13.367,-40.039,-34.668
0.400,-1.441,1.112,-17.578,-38.879,-33.325
0.343,-1.545,1.108,-22.217,-32.654,-26.794
0.181,-1.592,1.102,-30.029,-30.457,-14.343
-0.061,-1.588,1.076,-39.063,-31.616,2.075
-0.293,-1.538,1.084,-47.058,-30.457,22.766
-0.462,-1.485,1.092,-54.382,-23.987,40.588
-0.569,-1.441,1.088,-65.613,-14.709,49.561
-0.653,-1.365,1.052,-80.078,-8.362,47.119
-0.702,-1.278,1.007,-97.534,-3.967,35.645
-0.706,-1.151,0.911,-113.953,0.122,19.409
-0.698,-1.014,0.797,-125.244,3.052,0.854
-0.708,-0.894,0.707,-131.042,3.418,-13.489
-0.757,-0.802,0.678,-131.226,1.038,-20.691
-0.845,-0.707,0.667,-124.695,-0.244,-19.409
-0.963,-0.633,0.665,-113.708,1.831,-12.390
-1.046,-0.551,0.695,-100.342,9.399,-6.531
-1.125,-0.475,0.694,-87.402,19.775,-3.601
-1.184,-0.402,0.665,-77.026,31.128,-5.188
-1.227,-0.343,0.595,-69.702,45.166,-13.672
-1.240,-0.302,0.534,-64.331,59.387,-27.832
-1.229,-0.284,0.465,-60.730,72.205,-45.044
-1.198,-0.318,0.374,-59.692,82.397,-63.721
-1.162,-0.387,0.276,-60.242,88.440,-81.970
-1.023,-0.336,0.262,-66.528,88.928,-95.825
-0.972,-0.285,0.143,-64.392,81.726,-110.901
-0.854,-0.210,0.089,-65.308,77.026,-119.568
-0.766,-0.142,0.001,-61.096,75.562,-122.070
-0.667,-0.058,-0.085,-53.467,76.050,-120.728
-0.567,0.023,-0.182,-42.297,75.989,-119.812
-0.495,0.113,-0.251,-30.884,72.571,-120.056
-0.417,0.210,-0.342,-19.165,67.627,-122.864
-0.303,0.283,-0.434,-5.371,60.486,-130.127
-0.191,0.347,-0.449,11.963,49.744,-142.822
-0.102,0.338,-0.405,30.090,40.955,-156.433
0.046,0.272,-0.368,45.532,41.687,-163.391
0.225,0.238,-0.347,57.495,46.326,-164.917
0.363,0.210,-0.320,70.618,46.814,-162.170
0.512,0.177,-0.299,84.045,45.776,-153.870
0.643,0.140,-0.297,97.595,45.715,-143.494
0.769,0.115,-0.314,112.183,43.762,-135.315
0.919,0.053,-0.350,129.517,37.659,-131.042
1.062,-0.148,-0.281,149.109,27.710,-128.784
1.199,-0.371,-0.166,168.213,16.479,-125.793
1.308,-0.646,-0.030,187.073,2.258,-119.080
1.427,-0.953,0.116,203.918,-12.390,-105.225
1.479,-1.260,0.294,216.858,-26.550,-85.938
1.450,-1.531,0.441,222.900,-40.710,-63.599
1.411,-1.774,0.534,221.069,-52.368,-42.114
1.364,-1.979,0.604,210.327,-64.514,-29.053
1.279,-2.161,0.639,194.336,-80.200,-26.855
1.174,-2.321,0.657,175.964,-99.304,-30.518
1.005,-2.502,0.685,155.029,-119.568,-31.677
0.712,-2.673,0.740,132.446,-139.832,-26.428
0.371,-2.805,0.779,110.474,-157.043,-14.526
-0.022,-2.904,0.799,87.280,-169.678,1.526
-0.478,-2.976,0.796,61.646,-181.396,22.034
-0.963,-2.991,0.816,35.339,-189.209,48.279
-1.439,-2.945,0.860,10.803,-185.242,79.590
-1.740,-2.839,0.920,-16.724,-166.809,110.474
-1.933,-2.708,1.026,-46.692,-143.250,130.127
-2.073,-2.589,1.139,-77.393,-119.202,133.850
-2.035,-2.373,1.248,-108.948,-89.905,125.549
-1.980,-2.184,1.228,-128.784,-61.279,100.708
-1.845,-2.007,1.118,-144.104,-36.316,64.880
-1.677,-1.803,0.992,-167.603,-14.099,33.569
-1.490,-1.622,0.864,-195.618,3.540,15.137
-1.336,-1.404,0.725,-222.351,13.367,13.672
-1.225,-1.113,0.530,-236.816,17.334,22.644
-1.155,-0.773,0.353,-235.046,17.822,34.424
-1.105,-0.495,0.239,-225.708,16.479,46.021
-1.106,-0.263,0.121,-217.651,13.428,54.443
-1.108,-0.082,0.058,-205.200,11.841,52.673
-1.123,0.037,0.035,-186.218,12.756,37.354
-1.160,0.092,0.053,-166.260,13.855,17.883
-1.214,0.105,0.093,-147.583,17.212,4.578
-1.270,0.136,0.107,-127.625,27.283,-1.160
-1.254,0.188,0.087,-107.910,42.664,-4.211
-1.234,0.247,0.066,-91.980,56.885,-10.559
-1.209,0.314,0.024,-78.552,67.627,-19.897
-1.154,0.380,-0.034,-66.467,76.233,-29.175
-1.073,0.427,-0.064,-56.274,82.520,-36.560
-1.014,0.446,-0.092,-46.082,85.999,-40.955
-0.956,0.456,-0.104,-35.217,89.844,-41.077
-0.884,0.465,-0.113,-24.536,96.313,-38.330
-0.781,0.464,-0.137,-15.320,101.563,-35.828
-0.669,0.469,-0.163,-9.277,102.295,-37.415
-0.547,0.474,-0.177,-4.089,98.389,-43.213
-0.429,0.491,-0.191,2.380,92.773,-50.476
-0.278,0.480,-0.190,10.986,87.219,-57.678
-0.155,0.472,-0.170,21.057,82.642,-64.941
-0.031,0.450,-0.164,32.898,80.078,-69.885
0.096,0.437,-0.175,45.654,78.796,-73.242
0.254,0.393,-0.202,60.303,77.881,-79.285
0.424,0.334,-0.229,74.829,73.120,-90.393
0.561,0.258,-0.280,90.271,64.880,-103.638
0.740,0.159,-0.280,107.605,55.786,-110.596
0.894,0.036,-0.252,126.160,47.363,-110.291
1.009,-0.119,-0.221,145.081,36.865,-103.333
1.085,-0.290,-0.161,161.682,22.766,-91.736
1.149,-0.496,-0.072,176.392,5.493,-77.881
1.189,-0.671,0.041,183.594,-12.756,-61.890
1.142,-0.860,0.118,188.843,-31.311,-47.424
1.073,-1.028,0.208,189.148,-46.631,-34.729
0.993,-1.225,0.278,187.927,-59.326,-26.062
0.926,-1.418,0.346,186.401,-71.960,-23.682
0.859,-1.632,0.421,184.753,-85.083,-25.330
0.767,-1.870,0.490,181.519,-96.985,-25.818
0.662,-2.131,0.550,174.255,-107.605,-22.095
0.553,-2.370,0.627,163.025,-119.568,-13.611
0.398,-2.571,0.708,147.888,-130.432,-3.174
0.222,-2.745,0.764,128.052,-139.099,8.606
0.064,-2.843,0.832,102.112,-146.362,19.836
-0.106,-2.887,0.863,70.923,-151.733,26.672
-0.335,-2.899,0.864,32.837,-157.043,33.020
-0.676,-2.887,0.827,-8.057,-160.583,45.959
-1.040,-2.844,0.788,-43.884,-158.752,71.899
-1.293,-2.715,0.832,-71.960,-149.170,105.652

-1.835,-2.436,0.834,-54.993,-108.093,123.962
-1.911,-2.262,0.843,-49.805,-81.421,113.220
-1.900,-2.095,0.868,-65.430,-60.364,91.797
-1.838,-1.928,0.890,-90.515,-40.466,61.646
-1.672,-1.747,0.870,-122.986,-21.973,33.997
-1.521,-1.583,0.806,-155.762,-9.094,11.230
-1.394,-1.403,0.711,-180.908,-0.122,-1.770
-1.295,-1.201,0.597,-194.092,10.742,-1.099
-1.236,-0.991,0.467,-199.036,20.691,12.024
-1.216,-0.757,0.356,-197.632,25.391,32.349
-1.228,-0.509,0.246,-189.148,28.076,50.903
-1.229,-0.240,0.151,-173.096,30.762,62.500
-1.226,-0.059,0.125,-152.832,33.264,59.692
-1.263,0.020,0.145,-132.019,36.133,44.678
-1.278,0.030,0.190,-112.732,42.053,24.841
-1.324,-0.004,0.213,-97.290,52.979,1.282
-1.287,-0.038,0.210,-89.355,67.688,-15.442
-1.213,-0.056,0.149,-82.092,82.520,-28.381
-1.127,-0.048,0.089,-75.684,93.872,-40.222
-1.039,-0.025,0.011,-67.810,102.905,-48.706
-0.908,-0.000,-0.043,-58.105,110.291,-53.528
-0.768,0.010,-0.081,-49.011,114.136,-57.129
-0.666,0.026,-0.105,-42.542,112.732,-60.303
-0.575,0.051,-0.138,-35.095,109.558,-60.974
-0.467,0.091,-0.174,-26.550,109.131,-57.312
-0.373,0.125,-0.187,-18.311,107.971,-51.025
-0.284,0.149,-0.173,-11.230,105.469,-43.945
-0.184,0.187,-0.162,-7.019,103.027,-37.659
-0.103,0.250,-0.145,-4.028,99.121,-34.363
-0.024,0.334,-0.157,-1.526,94.910,-33.936
0.074,0.409,-0.178,2.747,89.844,-36.255
0.177,0.484,-0.189,9.583,81.543,-41.626
0.275,0.537,-0.199,20.142,71.838,-49.316
0.384,0.576,-0.179,34.058,63.843,-57.373
0.488,0.557,-0.139,51.147,56.702,-64.758
0.611,0.524,-0.078,70.374,51.208,-70.984
0.718,0.446,-0.042,88.440,46.875,-76.538
0.828,0.365,-0.041,104.370,43.457,-82.397
0.943,0.268,-0.060,119.019,37.781,-88.318
1.081,0.079,-0.066,133.789,28.381,-94.971
1.163,-0.162,-0.055,146.423,13.916,-100.464
1.195,-0.444,-0.028,160.400,-2.747,-99.060
1.222,-0.737,0.046,176.758,-16.785,-87.036
1.226,-1.029,0.110,189.819,-32.654,-67.627
1.160,-1.326,0.164,197.388,-53.833,-48.645
1.034,-1.646,0.230,199.280,-75.623,-34.363
0.899,-1.929,0.303,195.312,-91.248,-25.085
0.805,-2.237,0.370,185.791,-101.501,-22.095
0.728,-2.526,0.445,168.823,-112.610,-25.940
0.584,-2.808,0.489,147.827,-126.892,-32.837
0.418,-3.036,0.545,125.488,-140.625,-32.837
0.189,-3.190,0.572,105.286,-150.085,-21.667
-0.073,-3.264,0.579,83.008,-156.616,-1.587
-0.365,-3.253,0.552,57.434,-163.147,20.691
-0.721,-3.181,0.519,28.687,-171.204,42.786
-1.153,-3.072,0.543,-1.831,-175.476,68.848
-1.509,-2.927,0.622,-31.677,-166.992,99.426
-1.749,-2.752,0.705,-59.021,-147.339,125.549
-1.857,-2.513,0.860,-82.642,-125.916,137.207
-1.993,-2.332,0.862,-80.200,-105.225,120.850
-1.966,-2.093,0.868,-78.003,-74.280,92.896
-1.840,-1.881,0.810,-99.670,-46.021,67.993
-1.729,-1.670,0.726,-123.169,-25.085,38.940
-1.561,-1.440,0.617,-151.794,-15.564,18.799
-1.398,-1.198,0.508,-174.866,-11.902,7.324
-1.266,-0.990,0.418,-189.514,-6.409,4.395
-1.163,-0.809,0.330,-192.871,1.221,10.376
-1.092,-0.639,0.256,-186.951,9.460,20.569
-1.054,-0.508,0.202,-178.284,15.564,29.175
-1.052,-0.419,0.165,-170.593,19.165,33.936
-1.047,-0.342,0.156,-161.682,22.827,34.729
-1.055,-0.280,0.189,-149.292,28.198,32.288
-1.010,-0.203,0.196,-132.507,39.124,28.320
-1.016,-0.140,0.169,-116.150,51.453,18.982
-0.974,-0.075,0.171,-108.093,56.335,12.817
-0.956,-0.041,0.160,-99.976,57.983,8.484
-0.951,0.005,0.150,-89.050,63.721,4.028
-0.900,0.063,0.150,-76.660,71.045,1.770
-0.837,0.113,0.150,-64.270,79.102,-1.404
-0.768,0.159,0.139,-53.650,85.388,-6.287
-0.691,0.193,0.133,-44.922,88.806,-12.634
-0.621,0.234,0.113,-36.987,91.980,-19.592
-0.543,0.272,0.099,-28.687,94.910,-26.367
-0.466,0.307,0.068,-21.240,97.290,-32.715
-0.387,0.363,0.019,-14.587,97.107,-37.903
-0.302,0.402,0.010,-8.728,93.567,-42.480
-0.218,0.414,0.012,-2.197,90.454,-45.044
-0.133,0.421,0.025,6.165,89.783,-44.373
-0.081,0.418,0.019,16.296,89.355,-41.626
-0.018,0.456,-0.001,24.658,90.576,-37.537
0.022,0.490,-0.054,32.532,90.515,-36.865
0.086,0.518,-0.074,40.527,89.661,-41.870
0.166,0.527,-0.093,50.293,87.952,-51.575
0.261,0.484,-0.100,62.134,85.083,-63.721
0.375,0.439,-0.100,74.768,79.285,-75.134
0.457,0.386,-0.133,88.440,70.862,-85.144
0.532,0.308,-0.193,104.919,62.744,-91.919
0.603,0.196,-0.251,122.620,55.481,-96.802
0.739,0.006,-0.266,139.038,48.096,-102.417
0.872,-0.206,-0.247,152.344,35.339,-110.901
0.981,-0.455,-0.222,166.443,15.686,-118.225
1.061,-0.748,-0.215,180.664,-2.625,-116.760
1.101,-1.081,-0.204,191.711,-19.165,-105.286
1.085,-1.442,-0.186,199.219,-37.048,-89.966
1.032,-1.806,-0.151,201.050,-53.772,-74.890
0.963,-2.184,-0.112,195.129,-67.566,-61.096
0.943,-2.528,-0.027,185.608,-80.139,-51.819
0.927,-2.869,0.118,173.950,-95.276,-49.011
0.872,-3.208,0.265,157.776,-113.037,-46.692
0.745,-3.500,0.399,137.878,-130.615,-38.208
0.559,-3.688,0.522,114.807,-143.433,-22.156
0.281,-3.774,0.549,84.656,-151.611,-2.930
-0.041,-3.750,0.528,48.340,-159.546,15.381
-0.421,-3.613,0.474,9.094,-167.358,31.128
-0.815,-3.410,0.409,-27.100,-169.983,49.011
-1.162,-3.147,0.402,-58.533,-164.917,74.402
-1.405,-2.863,0.466,-85.876,-155.029,103.821
-1.483,-2.507,0.628,-109.863,-143.250,126.770
-1.659,-2.287,0.619,-102.234,-134.094,122.253

-1.636,-1.824,0.583,-111.328,-91.003,93.140
-1.602,-1.649,0.536,-129.883,-81.055,71.594
-1.492,-1.471,0.514,-159.973,-75.073,50.842
-1.390,-1.309,0.474,-190.308,-69.153,35.339
-1.248,-1.148,0.411,-216.980,-59.570,28.076
-1.129,-0.994,0.330,-232.971,-47.485,27.710
-1.046,-0.839,0.236,-236.816,-34.668,31.677
-0.980,-0.671,0.148,-229.736,-25.330,38.757
-1.023,-0.530,0.069,-212.708,-24.231,44.678
-1.111,-0.386,0.041,-189.758,-22.278,51.697
-1.188,-0.265,0.068,-165.833,-12.268,59.875
-1.220,-0.169,0.105,-141.907,0.977,62.927
-1.232,-0.109,0.142,-122.620,12.573,55.420
-1.207,-0.072,0.174,-109.619,23.010,40.955
-1.143,-0.030,0.177,-101.929,35.828,24.292
-1.101,0.005,0.182,-100.403,50.049,6.714
-1.028,0.056,0.162,-99.731,63.354,-6.165
-0.963,0.113,0.103,-95.032,73.730,-15.869
-0.892,0.168,0.065,-85.999,81.299,-23.193
-0.837,0.220,0.051,-72.632,84.351,-26.672
-0.797,0.236,0.089,-55.847,87.158,-25.513
-0.747,0.245,0.120,-39.429,94.238,-19.409
-0.683,0.259,0.143,-26.428,100.525,-11.780
-0.630,0.280,0.195,-18.311,101.440,-7.202
-0.605,0.338,0.234,-14.282,99.365,-6.104
-0.589,0.415,0.236,-11.169,96.375,-6.531
-0.575,0.497,0.236,-7.263,96.924,-7.874
-0.548,0.577,0.225,-2.258,100.769,-12.451
-0.503,0.631,0.211,3.357,103.882,-22.217
-0.429,0.652,0.196,9.583,104.309,-36.194
-0.340,0.671,0.172,15.747,100.952,-51.941
-0.262,0.673,0.120,24.109,96.191,-68.115
-0.158,0.674,0.052,35.706,93.445,-81.848
-0.045,0.665,-0.012,50.537,91.370,-93.872
0.095,0.608,-0.078,69.336,89.478,-105.103
0.269,0.489,-0.154,86.975,84.717,-115.601
0.395,0.349,-0.231,99.854,77.087,-125.183
0.571,0.152,-0.345,111.084,71.594,-129.456
0.742,-0.065,-0.457,122.131,66.467,-130.249
0.927,-0.250,-0.592,131.775,58.167,-127.625
1.088,-0.484,-0.688,142.639,45.837,-123.596
1.215,-0.777,-0.732,153.748,30.273,-116.333
1.300,-1.063,-0.692,166.199,12.207,-106.689
1.355,-1.360,-0.614,179.687,-5.310,-93.933
1.384,-1.657,-0.489,187.744,-24.475,-78.613
1.349,-1.929,-0.358,186.890,-48.096,-64.209
1.255,-2.138,-0.233,182.007,-72.449,-52.795
1.101,-2.324,-0.089,175.476,-92.590,-43.518
0.940,-2.523,0.081,164.185,-107.483,-33.691
0.747,-2.686,0.237,148.926,-119.568,-25.818
0.564,-2.838,0.413,134.705,-127.991,-20.996
0.427,-2.974,0.575,118.774,-134.399,-17.883
0.254,-3.118,0.717,97.229,-143.127,-17.639
0.002,-3.273,0.799,70.801,-153.992,-16.296
-0.257,-3.396,0.800,38.452,-163.940,-6.653
-0.534,-3.371,0.851,0.183,-172.058,11.230
-0.861,-3.247,0.789,-32.715,-176.453,36.316
-1.209,-3.075,0.684,-67.139,-174.927,69.824
-1.461,-2.761,0.930,-95.825,-168.518,104.553
-1.818,-2.612,0.689,-63.110,-150.391,108.459
-1.903,-2.304,0.766,-69.092,-116.272,114.197
-1.910,-2.107,0.717,-86.792,-95.337,107.605
-1.894,-1.905,0.713,-115.540,-80.444,85.693
-1.741,-1.698,0.692,-157.227,-69.031,63.782
-1.576,-1.492,0.613,-194.214,-58.899,43.518
-1.417,-1.274,0.518,-218.140,-49.194,29.846
-1.297,-1.071,0.417,-226.013,-35.583,25.452
-1.217,-0.853,0.290,-224.243,-17.334,29.602
-1.164,-0.628,0.180,-213.623,-2.686,39.551
-1.147,-0.415,0.107,-196.350,3.113,49.561
-1.164,-0.244,0.089,-174.805,4.883,55.054
-1.190,-0.134,0.106,-151.001,7.568,55.298
-1.199,-0.075,0.167,-130.615,15.503,50.781
-1.221,-0.050,0.211,-113.831,26.001,40.527
-1.192,-0.033,0.230,-101.135,39.063,27.405
-1.194,-0.045,0.211,-90.149,52.246,8.362
-1.125,-0.028,0.207,-84.534,62.317,-8.789
-1.055,-0.016,0.183,-76.538,71.838,-22.095
-0.974,0.013,0.161,-67.322,83.618,-31.555
-0.891,0.047,0.127,-58.472,93.323,-35.339
-0.798,0.093,0.084,-49.500,97.595,-36.499
-0.705,0.136,0.080,-41.260,96.375,-38.452
-0.644,0.169,0.073,-35.034,93.140,-40.161
-0.587,0.205,0.047,-28.809,92.102,-39.978
-0.521,0.249,0.033,-21.240,93.506,-39.673
-0.464,0.290,0.025,-13.916,95.703,-41.077
-0.405,0.333,0.002,-8.118,97.229,-43.152
-0.352,0.387,-0.021,-2.014,97.656,-45.288
-0.283,0.444,-0.046,6.348,98.755,-47.791
-0.207,0.489,-0.062,16.541,98.938,-51.025
-0.136,0.499,-0.073,28.259,98.389,-56.152
-0.028,0.487,-0.099,39.368,96.802,-62.012
0.096,0.475,-0.106,47.058,93.994,-72.449
0.221,0.457,-0.132,54.260,88.867,-86.792
0.337,0.437,-0.193,62.988,81.116,-101.135
0.494,0.356,-0.258,73.853,73.853,-112.549
0.639,0.237,-0.272,85.022,63.049,-120.667
0.741,0.099,-0.289,100.281,49.377,-124.573
0.817,-0.044,-0.344,117.981,37.842,-122.009
0.894,-0.221,-0.435,134.583,29.053,-116.760
1.010,-0.442,-0.473,147.583,16.113,-116.516
1.091,-0.721,-0.439,156.921,-5.981,-122.253
1.133,-1.046,-0.364,163.818,-31.921,-125.305
1.161,-1.363,-0.255,167.664,-54.260,-118.835
1.157,-1.646,-0.148,169.983,-73.669,-102.478
1.081,-1.917,-0.047,172.485,-92.590,-80.017
0.964,-2.190,0.067,173.279,-111.389,-55.176
0.778,-2.479,0.198,169.434,-127.319,-34.119
0.591,-2.767,0.349,160.156,-136.658,-19.653
0.461,-3.036,0.485,141.846,-141.541,-12.146
0.342,-3.286,0.586,114.990,-145.935,-13.428
0.187,-3.489,0.635,84.290,-153.809,-18.738
-0.020,-3.623,0.659,52.429,-164.368,-15.686
-0.355,-3.627,0.649,20.081,-174.683,2.319
-0.736,-3.500,0.603,-9.949,-179.199,35.461
-1.119,-3.321,0.583,-39.490,-176.086,75.745
-1.455,-3.115,0.571,-69.153,-168.152,113.159
-1.690,-2.877,0.574,-101.257,-158.203,143.250
-1.734,-2.548,0.684,-135.376,-147.095,163.452

-1.865,-2.067,0.587,-117.004,-106.934,133.728
-1.725,-1.765,0.540,-131.226,-83.740,117.065
-1.697,-1.542,0.484,-139.893,-71.350,86.792
-1.636,-1.318,0.421,-162.598,-60.852,57.617
-1.515,-1.051,0.346,-189.148,-50.354,40.039
-1.429,-0.835,0.265,-209.839,-40.771,29.541
-1.381,-0.623,0.216,-216.553,-29.968,29.602
-1.342,-0.419,0.198,-205.994,-17.578,38.330
-1.344,-0.265,0.230,-185.425,-7.019,48.157
-1.398,-0.163,0.267,-163.818,0.244,53.528
-1.464,-0.083,0.290,-144.226,7.324,52.429
-1.517,-0.001,0.308,-126.709,18.860,42.480
-1.500,0.052,0.295,-112.122,35.767,25.818
-1.442,0.072,0.284,-99.426,52.490,3.967
-1.365,0.066,0.258,-84.534,68.298,-19.226
-1.255,0.075,0.208,-71.106,84.412,-35.461
-1.109,0.074,0.136,-60.486,98.145,-44.312
-1.020,0.041,0.086,-54.504,101.440,-51.331
-0.929,0.029,0.079,-50.842,97.717,-51.941
-0.860,0.023,0.050,-44.006,97.534,-47.241
-0.783,0.058,-0.014,-37.170,101.685,-39.490
-0.712,0.106,-0.078,-31.494,100.891,-33.813
-0.657,0.135,-0.114,-24.963,97.168,-33.752
-0.580,0.159,-0.117,-18.005,95.398,-36.499
-0.493,0.203,-0.119,-10.559,94.666,-40.527
-0.385,0.245,-0.127,-2.014,95.032,-44.983
-0.269,0.303,-0.146,7.935,93.872,-47.485
-0.175,0.334,-0.130,18.066,91.064,-46.997
-0.098,0.355,-0.101,27.527,87.463,-43.640
-0.031,0.360,-0.109,33.081,86.548,-39.551
0.048,0.374,-0.156,35.583,88.684,-39.490
0.151,0.389,-0.223,37.109,87.524,-46.204
0.256,0.392,-0.269,38.025,80.994,-59.814
0.349,0.382,-0.351,42.419,73.364,-75.806
0.476,0.357,-0.413,52.856,63.904,-88.135
0.584,0.268,-0.411,68.176,52.734,-96.375
0.663,0.158,-0.401,87.280,39.734,-98.877
0.759,0.007,-0.387,109.314,28.809,-94.849
0.852,-0.172,-0.352,128.052,20.142,-88.867
0.935,-0.380,-0.311,141.479,8.850,-85.938
0.999,-0.593,-0.286,147.705,-7.507,-85.876
1.049,-0.831,-0.255,151.855,-27.893,-86.548
1.088,-1.081,-0.205,154.846,-46.509,-84.717
1.112,-1.312,-0.141,157.898,-63.599,-78.125
1.106,-1.561,-0.057,162.903,-80.566,-67.200
1.038,-1.851,0.033,168.091,-96.741,-52.795
0.931,-2.195,0.156,171.997,-111.877,-37.781
0.833,-2.560,0.288,169.861,-122.986,-24.414
0.721,-2.933,0.425,158.813,-132.874,-14.954
0.549,-3.280,0.591,137.146,-143.188,-8.057
0.375,-3.528,0.718,108.704,-150.269,-2.136
0.162,-3.689,0.787,77.454,-155.579,2.930
-0.160,-3.758,0.810,42.664,-164.429,11.536
-0.532,-3.723,0.792,6.775,-173.340,30.273
-0.877,-3.611,0.761,-27.771,-173.035,57.556
-1.212,-3.431,0.729,-62.500,-165.955,87.219
-1.504,-3.222,0.689,-95.459,-155.090,115.967
-1.617,-2.919,0.736,-137.146,-139.709,146.240
-1.753,-2.647,0.813,-160.706,-129.639,161.316
-1.859,-2.402,0.550,-141.479,-101.135,147.095
-1.723,-2.017,0.483,-147.278,-67.871,135.376
-1.619,-1.688,0.319,-143.921,-61.401,110.840
-1.569,-1.412,0.243,-153.992,-65.674,79.895
-1.478,-1.160,0.220,-169.128,-64.758,54.749
-1.357,-0.965,0.185,-186.218,-54.810,39.124
-1.276,-0.802,0.171,-198.669,-42.053,35.461
-1.248,-0.689,0.150,-202.698,-30.212,43.823
-1.240,-0.565,0.118,-195.496,-17.944,59.082
-1.283,-0.425,0.110,-179.382,-7.812,73.242
-1.353,-0.259,0.104,-157.837,-0.366,79.163
-1.410,-0.110,0.120,-134.521,7.874,73.730
-1.420,0.007,0.146,-112.976,17.151,55.115
-1.395,0.046,0.197,-94.116,28.381,26.733
-1.371,0.026,0.249,-80.872,42.786,-4.456
-1.304,0.000,0.269,-70.068,58.960,-30.579
-1.214,-0.045,0.239,-60.547,76.477,-48.889
-1.045,-0.141,0.218,-52.490,89.417,-59.814
-0.895,-0.192,0.240,-51.331,90.576,-66.956
-0.825,-0.209,0.208,-52.429,84.961,-69.397
-0.723,-0.153,0.137,-54.016,83.740,-59.326
-0.678,-0.070,0.038,-53.711,83.191,-45.715
-0.609,0.018,-0.034,-53.650,82.397,-31.616
-0.570,0.113,-0.102,-50.293,80.017,-23.865
-0.534,0.215,-0.137,-42.908,77.820,-23.621
-0.493,0.288,-0.153,-31.006,78.491,-27.283
-0.411,0.330,-0.140,-17.883,82.336,-33.081
-0.348,0.333,-0.106,-5.981,84.595,-40.588
-0.286,0.320,-0.103,4.761,85.632,-47.363
-0.201,0.304,-0.099,14.343,87.891,-51.941
-0.087,0.293,-0.110,22.522,89.355,-56.580
0.019,0.292,-0.114,27.466,85.449,-63.782
0.113,0.302,-0.131,31.067,77.820,-72.021
0.197,0.312,-0.182,35.278,69.580,-79.773
0.271,0.304,-0.250,41.870,59.998,-87.036
0.358,0.265,-0.309,53.284,50.232,-93.994
0.446,0.181,-0.343,68.176,41.443,-99.609
0.519,0.073,-0.359,84.045,33.875,-103.027
0.573,-0.053,-0.361,99.365,26.794,-103.638
0.658,-0.197,-0.380,112.305,20.447,-103.821
0.734,-0.363,-0.364,122.681,11.780,-105.103
0.799,-0.559,-0.310,130.859,-2.502,-106.079
0.849,-0.749,-0.244,137.756,-21.057,-103.821
0.872,-0.937,-0.197,146.118,-40.283,-97.534
0.903,-1.157,-0.143,155.029,-57.312,-85.999
0.901,-1.417,-0.068,163.147,-74.158,-71.655
0.862,-1.719,0.066,170.837,-86.853,-56.946
0.816,-2.057,0.234,175.293,-93.872,-40.100
0.709,-2.401,0.409,172.119,-102.783,-22.034
0.629,-2.703,0.565,161.743,-110.718,-7.080
0.537,-2.965,0.674,143.677,-116.211,1.770
0.401,-3.205,0.750,115.723,-123.779,4.456
0.239,-3.367,0.777,84.045,-133.911,4.395
0.028,-3.462,0.817,52.856,-142.761,6.714
-0.277,-3.490,0.856,23.865,-146.729,17.822
-0.603,-3.450,0.850,-3.479,-145.203,41.382
-0.917,-3.334,0.837,-32.104,-141.479,71.167
-1.204,-3.156,0.811,-64.209,-135.498,97.717
-1.432,-2.941,0.780,-100.647,-126.709,119.385
-1.475,-2.597,0.796,-137.390,-116.028,136.780

-1.700,-2.072,0.651,-126.953,-91.003,119.568
-1.653,-1.817,0.601,-131.348,-71.167,114.807
-1.640,-1.607,0.530,-131.592,-60.730,101.074
-1.613,-1.378,0.469,-146.973,-57.556,86.975
-1.569,-1.125,0.440,-166.748,-54.443,74.951
-1.543,-0.900,0.393,-184.570,-46.692,63.782
-1.497,-0.690,0.338,-194.946,-35.095,54.993
-1.510,-0.511,0.287,-193.115,-23.071,47.424
-1.511,-0.349,0.271,-178.833,-12.451,43.091
-1.532,-0.242,0.306,-158.813,-1.526,40.405
-1.538,-0.181,0.349,-139.771,13.306,36.987
-1.500,-0.132,0.358,-124.390,32.715,27.954
-1.433,-0.109,0.352,-113.953,51.819,11.902
-1.367,-0.110,0.330,-107.483,65.979,-6.897
-1.287,-0.143,0.305,-101.685,75.745,-24.048
-1.146,-0.164,0.274,-96.680,85.083,-36.438
-1.071,-0.168,0.207,-93.445,93.140,-45.288
-0.965,-0.112,0.131,-91.614,94.421,-49.255
-0.864,-0.035,0.052,-87.646,93.628,-47.058
-0.797,0.022,-0.019,-77.087,94.666,-45.349
-0.710,0.071,-0.044,-63.354,95.642,-41.565
-0.637,0.130,-0.086,-49.011,96.313,-36.987
-0.577,0.178,-0.107,-36.011,95.947,-33.936
-0.506,0.214,-0.105,-23.926,93.994,-32.959
-0.451,0.247,-0.123,-15.137,91.614,-33.691
-0.391,0.246,-0.141,-9.399,90.393,-34.912
-0.323,0.259,-0.157,-4.517,90.698,-36.926
-0.260,0.271,-0.182,0.854,89.417,-39.917
-0.187,0.265,-0.202,6.653,85.083,-43.152
-0.128,0.255,-0.191,12.573,78.308,-47.546
-0.087,0.244,-0.179,19.714,72.632,-51.697
-0.052,0.253,-0.208,28.625,70.679,-53.345
0.029,0.251,-0.241,37.231,68.970,-54.321
0.093,0.242,-0.232,47.302,59.631,-60.303
0.133,0.203,-0.198,56.885,46.631,-68.604
0.181,0.152,-0.158,66.711,37.415,-74.219
0.227,0.091,-0.141,75.989,31.860,-76.233
0.286,-0.009,-0.148,86.182,26.672,-76.050
0.363,-0.137,-0.140,96.985,19.104,-74.463
0.418,-0.285,-0.108,106.689,10.498,-71.838
0.479,-0.422,-0.066,115.417,4.761,-67.017
0.566,-0.549,-0.026,121.216,2.136,-60.242
0.649,-0.647,0.006,122.803,-3.357,-55.847
0.721,-0.756,0.030,123.108,-11.536,-54.688
0.837,-0.891,0.059,125.854,-16.418,-52.979
0.946,-1.087,0.130,130.188,-22.095,-48.706
1.056,-1.345,0.197,135.071,-31.555,-42.297
1.128,-1.603,0.263,136.414,-43.152,-33.386
1.198,-1.874,0.317,136.536,-53.955,-24.353
1.234,-2.127,0.397,131.775,-65.002,-17.517
1.231,-2.385,0.454,121.521,-80.811,-16.846
1.176,-2.659,0.491,106.506,-100.159,-20.874
1.044,-2.926,0.521,88.501,-122.192,-22.949
0.809,-3.180,0.585,71.472,-145.691,-16.785
0.439,-3.355,0.683,54.443,-165.222,2.441
0.021,-3.457,0.776,38.635,-175.293,33.386
-0.364,-3.426,0.842,20.447,-174.927,67.810
-0.717,-3.302,0.863,-5.249,-170.837,94.116
-1.078,-3.121,0.855,-40.222,-166.138,110.413
-1.393,-2.886,0.848,-80.139,-156.677,118.896
-1.500,-2.540,0.915,-117.798,-142.456,120.911
-1.699,-2.349,0.790,-122.803,-134.705,99.121
-1.773,-2.065,0.713,-118.774,-113.342,73.364
-1.724,-1.816,0.608,-126.892,-95.276,64.148
-1.720,-1.582,0.531,-129.700,-82.825,55.359
-1.689,-1.350,0.478,-143.188,-72.815,56.702
-1.651,-1.114,0.457,-157.227,-64.148,64.758
-1.651,-0.888,0.431,-165.405,-55.115,71.960
-1.660,-0.686,0.409,-166.870,-43.396,75.928
-1.670,-0.496,0.351,-161.011,-30.273,72.266
-1.682,-0.337,0.304,-152.405,-18.433,60.059
-1.668,-0.244,0.275,-144.165,-7.629,39.734
-1.630,-0.186,0.252,-135.986,4.822,15.137
-1.535,-0.174,0.222,-124.939,20.020,-7.568
-1.431,-0.185,0.190,-113.464,36.987,-24.780
-1.324,-0.192,0.158,-100.769,51.697,-34.363
-1.210,-0.221,0.118,-88.074,64.758,-37.659
-1.128,-0.229,0.089,-77.332,73.425,-37.781
-1.009,-0.220,0.063,-68.665,79.834,-35.278
-0.954,-0.204,0.001,-62.683,81.116,-33.875
-0.861,-0.158,-0.026,-63.171,79.651,-27.405
-0.791,-0.121,-0.079,-59.570,81.604,-22.583
-0.706,-0.058,-0.125,-53.406,86.731,-20.996
-0.630,0.004,-0.166,-45.410,89.966,-22.644
-0.575,0.059,-0.177,-35.645,91.248,-27.466
-0.514,0.091,-0.178,-24.170,93.689,-32.471
-0.454,0.105,-0.174,-14.465,96.252,-35.645
-0.397,0.095,-0.146,-7.202,95.703,-38.086
-0.332,0.070,-0.099,-2.258,93.079,-39.612
-0.287,0.065,-0.042,0.916,89.722,-38.574
-0.246,0.095,-0.011,3.845,88.318,-35.034
-0.204,0.153,0.003,7.996,88.806,-29.846
-0.161,0.225,-0.009,13.428,89.355,-26.672
-0.112,0.310,-0.032,21.362,89.966,-28.442
-0.043,0.376,-0.044,32.104,87.524,-35.217
0.042,0.397,-0.006,44.861,81.787,-46.265
0.127,0.361,0.036,57.800,75.745,-57.861
0.211,0.314,0.077,67.993,71.411,-67.017
0.318,0.238,0.093,76.599,66.467,-74.097
0.391,0.146,0.083,84.900,58.899,-80.872
0.505,0.062,0.041,92.285,50.110,-83.862
0.608,-0.015,-0.021,99.731,38.574,-84.717
0.723,-0.113,-0.070,109.863,23.743,-83.252
0.820,-0.241,-0.070,120.728,8.240,-78.857
0.875,-0.394,-0.068,133.179,-3.784,-70.801
0.962,-0.538,-0.075,145.874,-11.963,-58.167
1.040,-0.713,-0.065,156.677,-21.973,-46.509
1.073,-0.926,-0.012,164.795,-34.424,-39.001
1.115,-1.173,0.044,168.762,-46.204,-34.302
1.152,-1.438,0.111,166.077,-59.692,-32.837
1.156,-1.724,0.185,157.227,-77.148,-35.095
1.123,-2.006,0.268,143.616,-92.957,-38.269
1.088,-2.293,0.325,128.479,-104.919,-39.429
0.994,-2.599,0.401,111.511,-119.202,-37.109
0.842,-2.887,0.506,94.604,-134.644,-29.846
0.667,-3.116,0.642,78.003,-145.264,-17.029
0.420,-3.262,0.740,57.800,-150.513,0.183
0.093,-3.345,0.774,32.227,-153.381,20.508
-0.254,-3.353,0.777,2.380,-154.175,42.664

-0.938,-3.160,0.775,-57.190,-145.508,79.529
-1.176,-3.016,0.728,-85.938,-135.742,92.285
-1.226,-2.705,0.914,-113.098,-127.686,102.417
-1.529,-2.562,0.575,-92.163,-127.075,84.412
-1.572,-2.234,0.630,-96.924,-97.046,80.017
-1.564,-1.969,0.487,-94.238,-84.595,75.806
-1.553,-1.671,0.386,-101.379,-77.271,67.017
-1.555,-1.421,0.330,-120.911,-77.271,58.411
-1.563,-1.192,0.295,-140.198,-74.646,52.795
-1.551,-0.977,0.253,-153.320,-63.843,51.636
-1.552,-0.773,0.199,-156.677,-50.049,51.636
-1.582,-0.576,0.136,-150.574,-36.743,47.913
-1.601,-0.433,0.110,-138.306,-25.330,38.452
-1.619,-0.371,0.137,-125.244,-14.526,24.536
-1.628,-0.346,0.188,-111.267,-3.601,10.071
-1.594,-0.327,0.222,-98.755,10.010,-0.549
-1.530,-0.308,0.237,-90.149,25.269,-8.667
-1.441,-0.296,0.233,-85.999,38.208,-16.296
-1.363,-0.256,0.227,-83.679,47.058,-23.437
-1.290,-0.216,0.189,-80.872,54.138,-28.503
-1.199,-0.180,0.155,-75.989,61.829,-30.640
-1.130,-0.130,0.129,-70.068,68.420,-32.166
-1.033,-0.072,0.097,-63.660,75.378,-32.349
-0.992,-0.015,0.062,-55.908,77.576,-34.790
-0.900,0.034,0.049,-51.147,78.369,-34.424
-0.812,0.056,0.021,-44.250,83.618,-34.119
-0.711,0.077,-0.003,-36.438,90.698,-35.400
-0.610,0.100,-0.031,-29.968,96.497,-36.560
-0.527,0.128,-0.069,-24.048,101.135,-38.574
-0.429,0.138,-0.102,-17.456,106.201,-41.199
-0.311,0.137,-0.120,-11.475,108.704,-44.495
-0.198,0.132,-0.138,-6.836,106.201,-49.255
-0.106,0.153,-0.158,-1.953,98.633,-52.795
-0.035,0.210,-0.185,5.920,91.370,-53.040
0.039,0.259,-0.208,16.968,88.257,-50.049
0.108,0.305,-0.216,30.457,84.290,-47.119
0.162,0.316,-0.218,44.617,79.102,-47.485
0.224,0.297,-0.204,57.861,72.876,-50.598
0.289,0.253,-0.188,68.420,64.697,-55.115
0.353,0.186,-0.168,76.111,53.589,-60.974
0.401,0.112,-0.148,81.360,41.504,-66.956
0.422,0.038,-0.141,86.853,31.006,-71.289
0.453,-0.034,-0.156,93.994,25.513,-73.120
0.501,-0.110,-0.192,102.722,22.217,-74.097
0.561,-0.202,-0.227,112.732,17.822,-76.416
0.643,-0.321,-0.236,123.413,7.141,-78.552
0.702,-0.459,-0.220,134.583,-10.620,-79.712
0.751,-0.633,-0.177,146.912,-28.992,-77.148
0.755,-0.869,-0.084,158.447,-44.800,-67.261
0.732,-1.138,0.034,169.006,-59.143,-51.758
0.693,-1.424,0.159,175.476,-69.580,-35.645
0.626,-1.689,0.254,177.429,-76.660,-21.057
0.587,-1.983,0.332,174.805,-80.750,-9.766
0.538,-2.260,0.385,165.283,-84.534,-1.465
0.405,-2.567,0.453,151.428,-93.140,5.737
0.160,-2.892,0.580,135.498,-99.915,14.893
-0.060,-3.176,0.735,119.080,-99.609,24.109
-0.281,-3.386,0.856,98.572,-98.694,28.259
-0.446,-3.511,0.950,75.989,-100.281,29.480
-0.623,-3.534,1.016,48.157,-102.112,33.813
-0.755,-3.479,1.032,14.221,-99.609,43.030
-0.869,-3.307,0.990,-23.071,-95.154,54.626
-0.963,-3.073,0.890,-63.354,-89.600,64.697
-1.057,-2.811,0.727,-105.713,-82.764,74.524
-1.000,-2.480,0.722,-143.799,-80.261,85.449
-1.168,-2.251,0.392,-136.719,-81.665,73.364
-1.089,-1.928,0.349,-140.015,-56.519,68.359
-1.084,-1.682,0.189,-135.315,-46.814,58.411
-1.070,-1.448,0.134,-140.320,-46.448,46.570
-1.089,-1.268,0.101,-149.475,-50.049,39.124
-1.110,-1.119,0.081,-159.058,-48.950,38.086
-1.146,-1.018,0.071,-163.879,-40.833,42.725
-1.207,-0.925,0.062,-163.635,-29.175,50.049
-1.275,-0.823,0.059,-159.058,-17.395,55.176
-1.342,-0.730,0.055,-151.672,-6.470,56.396
-1.375,-0.662,0.078,-143.738,4.211,54.688
-1.356,-0.590,0.091,-136.108,16.846,50.659
-1.312,-0.498,0.096,-130.066,28.564,44.189
-1.270,-0.384,0.111,-125.427,38.208,35.400
-1.230,-0.250,0.115,-121.399,47.852,25.513
-1.172,-0.115,0.093,-116.821,58.228,14.038
-1.128,-0.023,0.080,-111.328,68.298,0.793
-1.077,0.050,0.064,-102.295,77.393,-11.475
-0.996,0.099,0.072,-88.867,84.839,-21.118
-0.901,0.133,0.082,-75.317,91.919,-27.222
-0.778,0.147,0.073,-64.453,98.328,-29.785
-0.682,0.173,0.059,-58.594,99.304,-31.677
-0.603,0.212,0.040,-54.932,94.360,-32.288
-0.534,0.268,-0.001,-50.842,90.027,-30.762
-0.468,0.318,-0.030,-42.908,87.708,-30.029
-0.375,0.350,-0.049,-33.020,86.060,-31.616
-0.305,0.368,-0.048,-23.926,82.397,-35.950
-0.249,0.391,-0.049,-12.451,77.698,-39.856
-0.203,0.414,-0.043,0.183,75.500,-41.138
-0.157,0.433,-0.045,13.916,75.073,-40.771
-0.106,0.452,-0.035,28.137,73.914,-40.771
-0.064,0.453,-0.012,42.725,70.496,-43.579
-0.027,0.445,0.003,55.969,67.749,-48.706
0.025,0.417,0.015,67.444,66.162,-54.749
0.086,0.384,0.015,77.026,63.721,-62.439
0.143,0.342,0.005,85.266,59.937,-71.167
0.204,0.284,-0.026,93.384,54.565,-78.186
0.274,0.192,-0.057,101.746,47.668,-84.595
0.354,0.080,-0.060,110.352,38.574,-90.332
0.420,-0.054,-0.060,118.835,26.550,-94.177
0.470,-0.192,-0.085,126.404,15.991,-93.323
0.525,-0.356,-0.131,136.414,7.141,-86.975
0.625,-0.573,-0.148,149.475,-2.380,-78.430
0.723,-0.842,-0.112,161.438,-14.893,-71.777
0.830,-1.147,-0.062,169.006,-27.344,-66.650
0.964,-1.453,-0.004,170.105,-36.621,-61.218
1.068,-1.738,0.046,163.025,-46.021,-57.373
1.095,-2.030,0.090,151.855,-59.875,-55.176
1.035,-2.304,0.141,140.808,-76.477,-51.208
0.923,-2.553,0.241,131.042,-92.346,-42.542
0.708,-2.774,0.349,119.019,-104.309,-28.992
0.469,-2.957,0.444,105.530,-112.305,-11.475
0.200,-3.074,0.542,89.722,-119.995,4.639
-0.050,-3.147,0.630,72.266,-126.526,15.259

-0.605,-3.221,0.734,18.250,-132.446,31.067
-0.883,-3.225,0.755,-14.587,-131.897,42.480
-1.121,-3.196,0.785,-47.974,-125.000,57.617
-1.327,-3.099,0.789,-80.933,-112.000,75.806
-1.296,-2.816,0.939,-114.685,-97.534,97.900
-1.459,-2.648,0.655,-109.009,-93.140,96.191
-1.451,-2.345,0.627,-113.831,-56.152,91.187
-1.408,-2.062,0.442,-124.390,-36.072,91.064
-1.389,-1.760,0.283,-126.526,-29.663,78.064
-1.400,-1.473,0.180,-134.949,-32.715,62.805
-1.382,-1.221,0.138,-149.048,-36.682,56.580
-1.406,-1.044,0.112,-161.926,-36.255,55.176
-1.389,-0.888,0.126,-166.626,-26.489,57.800
-1.357,-0.774,0.153,-166.382,-8.728,59.204
-1.357,-0.689,0.169,-165.771,8.057,56.213
-1.375,-0.616,0.172,-162.842,18.127,50.659
-1.380,-0.498,0.156,-157.043,25.818,45.166
-1.341,-0.362,0.157,-150.085,33.630,36.987
-1.296,-0.255,0.154,-142.944,41.504,23.499
-1.232,-0.180,0.159,-133.423,50.110,8.667
-1.154,-0.112,0.171,-122.742,60.364,-4.883
-1.091,-0.043,0.163,-111.328,70.251,-16.357
-1.002,0.033,0.141,-98.938,79.468,-25.635
-0.882,0.094,0.114,-87.097,87.891,-32.959
-0.797,0.115,0.090,-76.660,90.393,-41.809
-0.670,0.120,0.094,-69.824,86.670,-46.326
-0.598,0.133,0.084,-64.697,81.421,-46.997
-0.535,0.154,0.058,-58.411,79.346,-44.922
-0.475,0.204,0.020,-50.232,78.003,-39.673
-0.425,0.258,-0.017,-39.490,75.378,-36.194
-0.396,0.322,-0.048,-27.222,71.411,-36.194
-0.362,0.362,-0.056,-13.489,69.092,-38.879
-0.321,0.383,-0.031,0.793,70.496,-43.823
-0.253,0.377,0.003,13.733,73.975,-49.683
-0.181,0.369,0.044,22.949,77.637,-56.091
-0.098,0.346,0.070,29.480,79.834,-62.317
-0.020,0.326,0.078,34.058,80.688,-67.078
0.066,0.318,0.075,37.537,80.078,-72.021
0.152,0.296,0.041,39.673,77.393,-76.721
0.263,0.259,0.016,39.612,69.824,-79.407
0.324,0.214,-0.003,42.297,54.749,-82.825
0.358,0.170,-0.021,48.035,41.199,-83.130
0.404,0.137,-0.028,59.570,31.799,-78.735
0.449,0.075,-0.008,75.134,26.978,-72.510
0.495,-0.016,-0.025,89.844,24.048,-66.833
0.559,-0.140,-0.042,102.600,20.386,-63.965
0.619,-0.288,-0.022,113.647,14.893,-66.406
0.712,-0.484,0.005,122.986,9.399,-72.021
0.821,-0.744,0.044,126.953,1.953,-77.393
0.906,-1.021,0.097,126.221,-10.071,-80.872
0.948,-1.299,0.171,124.023,-22.522,-79.956
0.971,-1.542,0.197,121.765,-30.579,-70.801
1.000,-1.763,0.205,118.591,-36.926,-55.786
0.931,-1.962,0.233,114.197,-50.232,-41.382
0.803,-2.151,0.273,111.816,-69.458,-28.137
0.661,-2.308,0.350,109.802,-87.891,-15.564
0.480,-2.465,0.442,104.675,-103.455,-5.188
0.261,-2.622,0.539,95.642,-115.967,3.784
0.005,-2.763,0.634,81.177,-125.977,15.259
-0.239,-2.866,0.705,62.378,-131.348,29.114
-0.491,-2.929,0.778,38.513,-131.042,42.053
-0.741,-2.957,0.817,11.841,-129.456,54.077
-0.931,-2.914,0.835,-16.113,-126.160,65.674
-1.100,-2.841,0.832,-44.434,-119.324,74.646
-1.191,-2.720,0.788,-73.730,-109.863,83.740
-1.218,-2.488,0.885,-96.191,-103.699,91.980
-1.402,-2.374,0.638,-75.867,-97.290,81.177
-1.402,-2.120,0.636,-74.097,-67.932,78.369
-1.409,-1.904,0.547,-73.914,-54.016,79.163
-1.448,-1.693,0.536,-80.383,-50.720,74.097
-1.484,-1.489,0.531,-96.008,-52.307,73.975
-1.518,-1.293,0.536,-112.000,-51.025,78.979
-1.530,-1.098,0.514,-124.634,-42.297,84.656
-1.517,-0.923,0.474,-134.949,-28.992,88.318
-1.497,-0.775,0.415,-141.846,-15.869,85.754
-1.495,-0.643,0.355,-145.935,-4.761,76.843
-1.470,-0.512,0.307,-145.325,4.089,64.331
-1.430,-0.404,0.262,-142.517,13.550,48.462
-1.386,-0.345,0.245,-137.695,23.132,30.823
-1.313,-0.324,0.251,-127.869,34.668,14.832
-1.214,-0.311,0.251,-116.333,49.500,3.113
-1.106,-0.287,0.223,-106.506,64.270,-4.333
-1.009,-0.247,0.184,-98.206,74.646,-8.789
-0.915,-0.213,0.153,-91.248,81.543,-10.071
-0.834,-0.171,0.124,-84.473,86.731,-9.949
-0.729,-0.120,0.103,-77.820,92.407,-9.827
-0.691,-0.040,0.067,-71.289,93.262,-12.939
-0.618,0.047,0.074,-67.444,89.966,-14.526
-0.570,0.139,0.051,-61.707,89.844,-17.334
-0.510,0.229,0.044,-53.162,91.980,-22.217
-0.445,0.320,0.036,-40.527,93.079,-28.259
-0.384,0.387,0.041,-26.062,92.285,-36.072
-0.310,0.444,0.053,-11.047,90.576,-45.349
-0.225,0.480,0.069,2.563,88.867,-55.420
-0.133,0.494,0.093,13.306,88.501,-63.721
-0.054,0.524,0.080,19.592,87.402,-68.909
0.009,0.547,0.053,26.001,82.947,-72.632
0.055,0.599,0.015,35.461,75.745,-76.538
0.116,0.649,-0.014,47.119,69.641,-81.970
0.179,0.651,-0.010,58.472,63.660,-89.233
0.243,0.637,-0.021,69.031,58.044,-96.436
0.324,0.597,-0.038,78.552,51.941,-103.149
0.389,0.591,-0.086,88.257,43.274,-112.122
0.450,0.517,-0.115,96.985,31.616,-122.253
0.480,0.434,-0.148,105.164,18.738,-132.202
0.516,0.304,-0.199,117.188,7.446,-141.418
0.611,0.099,-0.266,130.371,-3.540,-148.193
0.672,-0.192,-0.297,142.761,-20.020,-153.015
0.677,-0.542,-0.325,155.518,-37.598,-152.344
0.709,-0.925,-0.327,166.565,-50.049,-140.198
0.746,-1.337,-0.285,174.072,-59.875,-120.789
0.742,-1.782,-0.238,179.199,-70.862,-99.548
0.715,-2.249,-0.139,179.565,-82.520,-77.881
0.636,-2.691,-0.033,171.631,-92.651,-56.152
0.528,-3.088,0.088,153.503,-101.257,-37.231
0.397,-3.388,0.230,126.282,-109.375,-23.315
0.235,-3.576,0.368,94.727,-117.126,-13.489
0.042,-3.666,0.493,61.951,-123.962,-3.235
-0.178,-3.637,0.602,29.663,-127.869,11.963

-0.690,-3.327,0.678,-26.611,-126.282,54.871
-0.956,-3.131,0.675,-52.979,-123.108,73.975
-1.212,-2.947,0.654,-78.918,-118.958,87.036
-1.394,-2.750,0.651,-104.248,-113.953,97.717
-1.510,-2.557,0.633,-127.136,-107.239,106.567
-1.476,-2.255,0.781,-148.926,-97.778,115.479
-1.574,-2.103,0.633,-132.935,-95.032,108.521
-1.551,-1.838,0.637,-114.929,-67.871,98.755
-1.506,-1.613,0.541,-120.483,-53.955,93.689
-1.515,-1.383,0.464,-130.249,-48.645,80.627
-1.516,-1.182,0.402,-149.780,-48.462,69.031
-1.508,-1.009,0.384,-169.495,-48.645,63.843
-1.525,-0.838,0.354,-178.589,-43.701,63.232
-1.540,-0.674,0.327,-177.673,-30.640,68.115
-1.561,-0.515,0.296,-169.189,-14.282,72.998
-1.592,-0.392,0.299,-155.457,-0.916,71.716
-1.628,-0.297,0.326,-141.235,10.681,62.805
-1.640,-0.212,0.357,-128.906,24.597,48.645
-1.604,-0.130,0.364,-118.591,39.917,31.189
-1.505,-0.076,0.362,-109.375,53.467,12.024
-1.385,-0.044,0.349,-101.685,64.697,-4.822
-1.260,-0.002,0.321,-94.421,74.341,-16.602
-1.153,0.070,0.250,-87.708,83.252,-22.400
-1.019,0.150,0.162,-78.979,89.722,-24.536
-0.910,0.203,0.110,-69.885,93.872,-27.405
-0.813,0.258,0.082,-63.660,90.759,-32.654
-0.697,0.300,0.044,-58.044,85.449,-36.682
-0.599,0.346,-0.000,-50.171,81.970,-41.443
-0.493,0.382,-0.018,-40.833,78.308,-44.800
-0.405,0.411,-0.027,-29.480,73.425,-46.326
-0.317,0.433,-0.051,-17.395,71.899,-46.570
-0.214,0.446,-0.079,-5.493,70.984,-45.715
-0.117,0.463,-0.115,3.906,66.895,-45.349
-0.059,0.480,-0.118,11.414,58.350,-45.898
-0.010,0.502,-0.131,19.226,51.392,-45.776
0.071,0.516,-0.157,26.489,49.866,-46.204
0.132,0.536,-0.226,32.043,48.889,-52.185
0.214,0.567,-0.309,39.001,43.762,-65.308
0.297,0.557,-0.361,48.523,31.128,-81.604
0.379,0.472,-0.389,59.631,17.395,-97.412
0.458,0.360,-0.399,72.632,6.653,-109.192
0.568,0.191,-0.415,89.111,-2.502,-116.089
0.722,-0.000,-0.391,105.347,-14.709,-116.516
0.812,-0.223,-0.348,120.850,-31.921,-114.868
0.869,-0.437,-0.302,133.179,-49.072,-109.497
0.902,-0.627,-0.267,144.104,-60.120,-98.206
0.944,-0.783,-0.240,155.396,-61.951,-84.045
0.976,-0.951,-0.204,165.588,-64.148,-68.359
0.976,-1.134,-0.170,172.363,-77.148,-53.894
0.885,-1.378,-0.083,174.011,-98.877,-43.762
0.751,-1.644,0.047,170.837,-120.239,-35.461
0.619,-1.904,0.151,162.048,-135.559,-27.527
0.465,-2.158,0.227,149.841,-146.729,-20.874
0.242,-2.425,0.357,135.925,-157.288,-15.015
-0.024,-2.676,0.492,120.728,-164.246,-6.042
-0.331,-2.913,0.649,103.394,-166.077,9.460
-0.663,-3.120,0.797,84.351,-163.147,29.663
-0.924,-3.263,0.916,63.293,-153.015,51.758
-1.146,-3.341,1.022,37.170,-140.076,72.449
-1.308,-3.361,1.078,9.521,-128.967,90.515
-1.416,-3.308,1.040,-22.644,-119.324,106.995
-1.504,-3.123,1.042,-62.134,-109.375,121.094
-1.594,-2.943,0.893,-95.642,-97.961,133.667
-1.582,-2.608,0.945,-127.563,-89.844,149.231
-1.721,-2.427,0.558,-109.558,-87.280,142.944
-1.621,-2.106,0.541,-105.713,-57.312,135.376
-1.572,-1.880,0.375,-104.431,-42.358,126.099
-1.535,-1.647,0.305,-111.023,-39.429,106.934
-1.501,-1.431,0.229,-125.427,-42.725,87.952
-1.433,-1.218,0.191,-145.813,-47.974,74.158
-1.382,-1.055,0.135,-164.673,-46.936,64.148
-1.358,-0.943,0.112,-176.575,-40.039,58.777
-1.387,-0.866,0.146,-178.223,-28.564,56.641
-1.422,-0.806,0.179,-174.133,-10.620,54.993
-1.435,-0.709,0.180,-169.678,7.446,52.368
-1.456,-0.593,0.163,-165.710,20.264,45.227
-1.464,-0.450,0.155,-158.142,31.067,34.302
-1.441,-0.323,0.134,-142.883,44.861,22.644
-1.369,-0.183,0.082,-125.854,60.608,11.963
-1.281,-0.059,0.045,-108.948,70.984,0.854
-1.203,0.040,0.047,-92.224,78.247,-13.550
-1.109,0.107,0.031,-76.782,87.769,-28.320
-0.971,0.154,0.003,-61.401,96.436,-40.100
-0.818,0.160,0.006,-45.898,100.342,-50.842
-0.695,0.158,0.004,-33.325,98.755,-59.631
-0.556,0.151,0.047,-25.513,95.459,-63.599
-0.523,0.187,0.036,-20.203,86.975,-66.589
-0.460,0.235,0.030,-18.250,81.116,-60.669
-0.398,0.270,-0.013,-15.259,82.947,-52.002
-0.341,0.324,-0.080,-10.010,84.045,-46.814
-0.290,0.359,-0.125,-1.465,80.139,-45.166
-0.250,0.413,-0.171,9.338,76.233,-47.485
-0.193,0.433,-0.230,22.095,74.463,-51.697
-0.101,0.447,-0.253,36.743,72.998,-56.213
-0.009,0.428,-0.251,50.842,70.618,-62.317
0.070,0.393,-0.232,62.561,65.063,-67.688
0.129,0.343,-0.219,71.472,59.265,-70.557
0.189,0.296,-0.201,78.857,55.176,-69.946
0.242,0.246,-0.191,84.473,51.636,-66.284
0.272,0.189,-0.203,89.294,47.668,-61.279
0.297,0.137,-0.194,93.994,45.654,-58.044
0.353,0.079,-0.203,98.267,45.166,-56.458
0.407,0.008,-0.247,103.394,39.673,-55.237
0.462,-0.092,-0.285,112.732,27.283,-55.115
0.533,-0.230,-0.279,126.099,12.878,-55.969
0.609,-0.418,-0.234,139.526,0.610,-55.664
0.671,-0.652,-0.174,150.879,-9.644,-52.734
0.715,-0.883,-0.151,159.058,-19.470,-47.485
0.761,-1.104,-0.149,164.978,-30.457,-41.260
0.781,-1.345,-0.117,167.603,-40.771,-35.706
0.758,-1.617,-0.062,166.870,-53.223,-31.921
0.719,-1.880,0.023,163.025,-68.787,-29.419
0.632,-2.157,0.105,154.541,-86.487,-24.841
0.475,-2.430,0.190,142.273,-103.760,-15.930
0.318,-2.682,0.268,130.920,-115.601,-2.136
0.125,-2.890,0.352,122.437,-123.291,12.329
-0.074,-3.056,0.428,115.967,-127.808,25.696
-0.296,-3.197,0.525,103.699,-127.930,37.537
-0.539,-3.308,0.634,83.069,-124.084,48.035

-0.930,-3.333,0.743,21.545,-111.877,58.167
-1.043,-3.228,0.767,-15.259,-105.896,57.251
-1.155,-3.090,0.750,-54.382,-99.060,55.786
-1.150,-2.805,0.816,-99.121,-91.187,64.331
-1.269,-2.651,0.556,-111.267,-93.567,62.988
-1.307,-2.409,0.523,-125.488,-64.270,57.983
-1.264,-2.124,0.477,-142.090,-41.199,63.477
-1.281,-1.909,0.416,-155.640,-32.593,61.035
-1.312,-1.691,0.363,-174.866,-34.668,57.068
-1.305,-1.454,0.259,-197.021,-39.856,60.852
-1.318,-1.208,0.133,-205.994,-41.870,62.805
-1.311,-0.973,0.023,-201.721,-34.241,59.814
-1.289,-0.757,-0.049,-183.716,-21.973,52.612
-1.273,-0.600,-0.047,-162.048,-11.353,42.786
-1.275,-0.512,-0.030,-143.066,-5.066,33.203
-1.287,-0.496,0.019,-129.028,-0.122,25.574
-1.312,-0.503,0.052,-118.652,8.789,20.508
-1.289,-0.494,0.056,-108.704,23.010,18.005
-1.223,-0.455,0.041,-100.342,39.490,16.907
-1.162,-0.410,0.036,-92.163,52.734,14.343
-1.114,-0.359,0.027,-81.787,63.354,11.047
-1.044,-0.287,-0.014,-69.763,73.608,5.554
-0.958,-0.209,-0.043,-57.007,81.299,-1.831
-0.875,-0.158,-0.048,-45.410,86.121,-10.620
-0.782,-0.124,-0.034,-37.109,89.233,-18.799
-0.688,-0.089,-0.025,-32.410,90.332,-25.879
-0.602,-0.052,-0.032,-29.480,88.501,-30.457
-0.520,-0.005,-0.045,-27.161,86.731,-31.921
-0.428,0.055,0.006,-29.053,89.844,-30.029
-0.401,0.111,-0.032,-31.555,84.900,-29.297
-0.322,0.169,-0.071,-34.851,78.308,-21.484
-0.265,0.223,-0.087,-32.959,74.646,-14.832
-0.204,0.313,-0.136,-23.804,72.327,-12.207
-0.162,0.384,-0.149,-10.193,69.641,-10.864
-0.115,0.445,-0.171,6.348,69.397,-9.827
-0.074,0.498,-0.149,25.818,70.129,-10.010
-0.053,0.531,-0.117,43.945,72.266,-11.475
-0.030,0.536,-0.095,60.547,74.036,-14.709
0.019,0.522,-0.094,76.904,72.144,-20.020
0.098,0.490,-0.071,92.224,68.787,-28.992
0.161,0.442,-0.067,104.797,64.758,-39.856
0.236,0.370,-0.080,116.150,58.716,-48.767
0.340,0.289,-0.096,127.563,50.232,-53.894
0.478,0.198,-0.087,136.047,38.696,-57.678
0.532,0.110,-0.065,142.029,20.264,-60.913
0.560,-0.013,-0.049,148.254,2.136,-60.547
0.577,-0.145,-0.065,154.785,-7.080,-53.894
0.682,-0.280,-0.122,163.269,-10.620,-45.715
0.799,-0.429,-0.232,170.410,-15.320,-44.983
0.874,-0.678,-0.276,180.054,-26.245,-49.316
0.943,-1.021,-0.209,188.416,-39.001,-50.659
0.944,-1.402,-0.118,190.613,-48.584,-49.927
0.981,-1.790,-0.063,188.293,-52.551,-43.884
0.986,-2.130,0.003,178.406,-54.626,-33.630
0.947,-2.421,0.070,163.452,-60.425,-26.001
0.894,-2.677,0.126,145.020,-67.566,-21.973
0.831,-2.895,0.118,120.361,-74.951,-20.874
0.686,-3.046,0.066,95.825,-88.501,-21.484
0.463,-3.174,0.001,75.989,-106.689,-22.644
0.221,-3.296,0.011,59.937,-122.498,-22.217
-0.035,-3.386,0.073,43.762,-130.981,-18.921
-0.294,-3.419,0.118,23.682,-132.324,-13.855
-0.537,-3.364,0.159,1.709,-130.554,-7.996
-0.735,-3.275,0.167,-23.437,-126.526,-2.502
-0.933,-3.180,0.149,-53.345,-122.681,3.540
-1.060,-3.025,0.209,-86.914,-120.361,14.709
-1.217,-2.863,0.142,-95.825,-123.169,17.639
-1.378,-2.683,0.048,-93.262,-101.379,12.512
-1.367,-2.399,0.077,-106.079,-78.430,22.705
-1.429,-2.174,0.065,-109.253,-73.364,25.635
-1.477,-1.914,0.071,-122.986,-70.862,29.663
-1.532,-1.648,0.034,-143.677,-63.721,42.358
-1.511,-1.365,-0.028,-158.386,-47.607,48.828
-1.439,-1.091,-0.116,-166.565,-26.917,46.936
-1.393,-0.844,-0.183,-167.114,-16.602,38.025
-1.344,-0.624,-0.190,-158.386,-12.695,27.588
-1.276,-0.502,-0.153,-145.325,-6.104,19.653
-1.234,-0.438,-0.120,-135.925,1.221,15.076
-1.210,-0.379,-0.104,-128.296,6.653,11.902
-1.176,-0.331,-0.073,-119.812,13.977,10.803
-1.163,-0.283,-0.039,-112.122,23.987,13.367
-1.151,-0.231,-0.015,-104.370,33.630,17.761
-1.129,-0.149,0.009,-97.473,42.847,19.470
-1.087,-0.060,-0.002,-93.140,52.856,14.648
-1.024,0.044,-0.037,-89.844,61.340,5.615
-0.942,0.149,-0.091,-83.740,67.200,-5.127
-0.833,0.253,-0.134,-74.524,71.045,-16.113
-0.732,0.316,-0.144,-62.683,72.998,-26.367
-0.643,0.367,-0.146,-49.011,74.707,-32.898
-0.568,0.405,-0.127,-34.363,75.195,-34.607
-0.521,0.412,-0.109,-20.569,75.378,-31.433
-0.477,0.411,-0.073,-7.751,76.294,-23.071
-0.457,0.389,-0.044,3.052,75.134,-12.390
-0.406,0.377,-0.020,9.033,73.914,-1.526
-0.367,0.398,-0.026,12.695,72.571,6.287
-0.343,0.440,-0.036,17.456,70.618,9.705
-0.308,0.486,-0.077,22.339,69.824,11.963
-0.268,0.558,-0.109,31.189,67.017,11.108
-0.220,0.585,-0.114,46.021,63.599,6.165
-0.177,0.582,-0.107,62.683,62.439,1.038
-0.125,0.535,-0.089,79.590,62.866,-2.502
-0.064,0.492,-0.092,91.919,62.744,-7.141
-0.006,0.450,-0.097,101.807,60.608,-11.536
0.060,0.423,-0.134,111.633,56.763,-14.465
0.149,0.389,-0.172,123.108,52.002,-15.564
0.212,0.321,-0.208,134.766,45.349,-16.602
0.275,0.212,-0.239,146.973,37.231,-17.578
0.353,0.058,-0.251,156.982,30.762,-17.761
0.428,-0.123,-0.267,162.903,24.414,-18.311
0.518,-0.343,-0.315,164.734,16.174,-20.386
0.607,-0.576,-0.373,162.292,6.165,-22.888
0.671,-0.836,-0.391,158.691,-2.563,-24.536
0.755,-1.115,-0.440,154.907,-7.568,-22.034
0.840,-1.449,-0.438,149.597,-14.465,-16.174
0.834,-1.787,-0.375,141.357,-26.062,-10.437
0.818,-2.139,-0.329,135.254,-34.851,-4.822
0.795,-2.424,-0.264,131.592,-39.063,1.160
0.762,-2.638,-0.198,135.193,-42.480,10.498
0.729,-2.831,-0.097,135.864,-43.030,19.409

0.573,-3.132,0.083,109.070,-47.546,16.235
0.486,-3.191,0.081,82.642,-56.763,1.953
0.384,-3.192,0.026,53.162,-69.153,-15.381
0.259,-3.156,-0.064,27.283,-83.313,-31.189
0.103,-3.116,-0.135,7.751,-95.825,-40.649
-0.089,-3.091,-0.194,-8.057,-105.774,-41.565
-0.289,-3.070,-0.193,-23.804,-114.075,-35.461
-0.446,-2.999,-0.169,-45.715,-115.967,-21.423
-0.511,-2.899,-0.051,-57.983,-118.591,-9.033
-0.797,-2.842,-0.134,-46.204,-108.337,-19.165
-0.736,-2.605,-0.090,-79.468,-81.360,-2.930
-0.778,-2.468,-0.148,-100.769,-76.416,1.282
-0.829,-2.278,-0.113,-124.939,-79.163,-2.136
-0.870,-2.098,-0.097,-147.400,-78.735,3.357
-0.858,-1.927,-0.113,-161.194,-67.139,9.888
-0.848,-1.736,-0.127,-171.814,-53.589,16.602
-0.880,-1.535,-0.126,-184.082,-43.945,20.325
-0.870,-1.322,-0.162,-197.144,-34.851,18.738
-0.855,-1.121,-0.238,-206.665,-28.137,11.780
-0.869,-0.937,-0.279,-208.923,-25.269,3.906
-0.907,-0.788,-0.263,-202.576,-21.667,0.610
-0.955,-0.662,-0.219,-191.223,-14.038,4.578
-0.993,-0.521,-0.168,-177.307,-5.737,14.099
-1.040,-0.375,-0.110,-162.048,1.221,26.062
-1.122,-0.220,-0.073,-144.775,7.202,37.048
-1.174,-0.082,-0.026,-125.916,16.541,46.448
-1.225,0.038,0.033,-105.225,27.832,49.683
-1.229,0.123,0.082,-87.219,40.710,42.786
-1.198,0.195,0.089,-77.148,52.979,24.719
-1.151,0.263,0.064,-71.838,60.608,-1.953
-1.067,0.296,0.037,-66.223,67.078,-29.907
-0.985,0.316,0.002,-60.486,73.181,-52.429
-0.903,0.314,-0.024,-51.453,77.881,-65.857
-0.804,0.298,-0.052,-40.466,81.726,-69.214
-0.710,0.282,-0.059,-30.151,83.252,-65.186
-0.667,0.283,-0.074,-21.729,81.116,-57.617
-0.626,0.289,-0.081,-12.451,79.468,-47.302
-0.570,0.286,-0.083,-5.859,82.092,-35.767
-0.547,0.285,-0.082,1.099,81.299,-29.724
-0.495,0.299,-0.096,4.822,82.031,-25.696
-0.446,0.308,-0.106,10.193,84.167,-25.757
-0.373,0.292,-0.116,17.395,85.205,-27.954
-0.290,0.266,-0.097,24.475,83.801,-31.433
-0.239,0.233,-0.065,32.532,81.421,-35.706
-0.176,0.219,-0.077,41.077,82.520,-36.133
-0.096,0.224,-0.103,49.805,86.121,-34.607
-0.014,0.228,-0.123,58.044,87.585,-36.499
0.055,0.198,-0.136,64.697,85.815,-43.945
0.125,0.148,-0.162,70.435,82.275,-53.711
0.229,0.116,-0.217,77.576,76.172,-63.477
0.352,0.038,-0.217,87.646,66.162,-72.815
0.456,-0.065,-0.191,98.694,54.382,-80.444
0.539,-0.183,-0.201,109.436,42.725,-84.717
0.635,-0.349,-0.238,119.934,32.288,-85.754
0.714,-0.555,-0.261,128.601,19.958,-84.534
0.754,-0.790,-0.272,135.803,5.188,-82.947
0.756,-1.052,-0.260,143.372,-7.446,-78.125
0.808,-1.337,-0.216,147.705,-15.015,-68.848
0.785,-1.598,-0.136,145.264,-25.818,-58.228
0.712,-1.835,-0.049,140.381,-37.659,-46.265
0.690,-2.026,-0.014,131.714,-40.161,-28.320
0.643,-2.170,0.039,119.080,-42.236,-9.644
0.516,-2.303,0.082,105.042,-51.025,2.686
0.372,-2.404,0.121,89.600,-61.951,9.521
0.260,-2.485,0.131,72.632,-70.618,10.925
0.156,-2.550,0.110,55.420,-79.468,6.714
0.048,-2.588,0.108,41.077,-91.980,-1.160
-0.080,-2.621,0.131,29.053,-104.187,-9.155
-0.232,-2.663,0.144,14.587,-113.403,-13.062
-0.435,-2.714,0.151,-2.808,-120.972,-10.925
-0.641,-2.733,0.157,-22.705,-127.380,-1.953
-0.875,-2.742,0.133,-45.288,-130.554,14.465
-0.955,-2.630,0.248,-71.960,-131.042,41.504
-1.236,-2.624,0.125,-64.209,-137.268,51.270
-1.300,-2.471,0.188,-71.350,-106.995,67.688
-1.351,-2.353,0.147,-69.763,-86.121,75.378
-1.377,-2.201,0.132,-71.899,-82.092,66.711
-1.399,-2.038,0.124,-85.510,-84.717,58.228
-1.469,-1.862,0.153,-105.896,-81.665,54.260
-1.480,-1.665,0.120,-128.113,-66.406,57.434
-1.447,-1.449,0.070,-149.536,-46.570,61.401
-1.417,-1.258,0.030,-166.931,-29.846,61.646
-1.383,-1.089,-0.020,-177.734,-17.883,56.458
-1.345,-0.928,-0.036,-181.152,-10.071,48.218
-1.334,-0.797,-0.025,-178.345,-4.211,40.283
-1.359,-0.689,-0.016,-171.021,2.808,37.659
-1.369,-0.560,-0.011,-162.231,15.930,40.222
-1.358,-0.446,-0.024,-151.794,30.151,42.175
-1.349,-0.363,-0.025,-139.771,42.908,39.551
-1.302,-0.317,0.019,-125.427,55.115,32.593
-1.248,-0.289,0.054,-112.976,67.139,22.827
-1.175,-0.251,0.061,-101.624,77.576,12.512
-1.098,-0.195,0.066,-90.759,86.487,2.014
-1.040,-0.123,0.047,-80.627,95.764,-7.385
-0.950,-0.035,0.006,-69.153,104.431,-14.893
-0.858,0.028,-0.019,-56.946,109.619,-21.667
-0.738,0.062,-0.029,-45.105,113.159,-28.992
-0.615,0.095,-0.016,-35.828,115.295,-36.743
-0.502,0.125,-0.014,-28.381,115.479,-42.847
-0.405,0.169,-0.015,-22.461,112.976,-45.532
-0.322,0.200,-0.031,-16.296,110.291,-44.556
-0.231,0.242,-0.054,-10.254,110.596,-39.856
-0.144,0.265,-0.055,-1.892,104.736,-37.231
-0.073,0.301,-0.044,5.188,98.694,-35.278
-0.019,0.321,-0.036,13.672,95.215,-34.424
0.054,0.355,-0.055,21.851,94.482,-33.936
0.119,0.381,-0.078,30.640,92.468,-35.645
0.173,0.400,-0.133,41.687,87.891,-41.931
0.259,0.403,-0.146,56.641,82.397,-52.124
0.343,0.342,-0.120,74.097,76.538,-64.514
0.425,0.229,-0.101,89.172,70.496,-75.134
0.523,0.109,-0.100,99.548,63.782,-83.313
0.631,-0.012,-0.117,105.530,55.054,-90.088
0.737,-0.150,-0.169,107.849,43.213,-95.337
0.824,-0.270,-0.190,107.544,27.039,-99.426
0.872,-0.391,-0.184,109.680,7.812,-100.952
0.905,-0.519,-0.173,114.929,-7.996,-95.337
0.931,-0.637,-0.163,121.765,-20.935,-82.458
0.963,-0.766,-0.148,131.470,-32.654,-67.078

0.941,-1.158,-0.081,149.231,-63.843,-39.185
0.883,-1.427,-0.005,152.283,-78.125,-26.672
0.810,-1.689,0.063,148.437,-88.257,-15.869
0.731,-1.933,0.120,137.085,-96.680,-8.606
0.646,-2.154,0.188,121.094,-105.469,-6.409
0.550,-2.291,0.196,101.929,-113.342,-6.714
0.401,-2.404,0.164,82.703,-121.765,-4.639
0.220,-2.506,0.100,63.904,-128.784,1.404
-0.011,-2.630,0.030,46.448,-133.728,10.254
-0.282,-2.763,-0.012,33.508,-139.893,20.935
-0.522,-2.898,0.009,27.100,-143.738,34.912
-0.777,-3.014,0.066,19.897,-142.395,52.063
-0.998,-3.121,0.129,7.080,-137.207,69.824
-1.173,-3.209,0.167,-14.771,-127.869,86.548
-1.225,-3.091,0.332,-47.913,-118.164,103.699
-1.397,-2.979,0.137,-51.758,-112.610,94.421
-1.369,-2.749,0.176,-76.111,-81.116,82.642
-1.318,-2.469,0.097,-90.332,-68.115,62.866
-1.392,-2.217,-0.012,-100.891,-60.730,31.494
-1.359,-1.921,-0.024,-128.113,-54.993,13.794
-1.299,-1.662,-0.053,-153.259,-43.762,7.935
-1.272,-1.433,-0.125,-168.823,-30.640,7.385
-1.245,-1.251,-0.154,-171.265,-20.264,13.367
-1.260,-1.084,-0.156,-163.696,-10.132,20.630
-1.264,-0.922,-0.155,-154.114,-2.380,28.076
-1.252,-0.780,-0.138,-144.531,2.869,30.823
-1.232,-0.673,-0.104,-134.277,7.996,27.039
-1.217,-0.611,-0.062,-126.221,13.000,22.034
-1.207,-0.574,-0.016,-119.934,20.569,18.311
-1.160,-0.541,0.020,-114.380,31.799,16.479
-1.117,-0.498,0.039,-110.657,42.358,15.747
-1.100,-0.450,0.062,-106.750,50.842,13.916
-1.072,-0.369,0.078,-101.318,61.890,10.986
-1.013,-0.280,0.087,-94.543,73.608,6.409
-0.956,-0.192,0.062,-86.914,82.275,-0.122
-0.879,-0.094,0.055,-77.515,86.548,-7.629
-0.807,-0.032,0.055,-66.772,90.149,-15.625
-0.701,0.002,0.078,-57.251,94.727,-21.057
-0.617,0.063,0.070,-50.415,96.985,-25.513
-0.540,0.123,0.058,-44.617,97.778,-29.541
-0.467,0.193,0.046,-38.452,98.022,-31.616
-0.384,0.247,0.015,-31.860,97.900,-31.982
-0.297,0.300,0.008,-25.513,98.022,-30.945
-0.230,0.347,0.023,-17.578,93.262,-30.884
-0.157,0.382,0.036,-10.071,91.248,-27.161
-0.086,0.421,0.023,-0.061,92.285,-23.071
-0.009,0.466,0.007,11.963,93.384,-21.301
0.078,0.495,-0.001,24.109,92.224,-23.071
0.166,0.485,0.007,34.119,88.806,-28.870
0.228,0.465,0.017,42.542,84.839,-36.621
0.295,0.445,-0.010,52.429,79.773,-44.312
0.365,0.419,-0.042,64.148,73.242,-51.453
0.408,0.373,-0.075,77.209,64.026,-58.960
0.436,0.291,-0.112,91.187,55.298,-66.528
0.480,0.199,-0.151,103.455,48.279,-73.059
0.506,0.082,-0.208,112.976,40.161,-81.238
0.555,-0.064,-0.261,118.774,31.555,-90.942
0.614,-0.222,-0.276,121.948,21.301,-104.004
0.701,-0.413,-0.240,124.207,9.399,-119.385
0.786,-0.647,-0.168,125.305,-5.737,-133.423
0.828,-0.926,-0.101,126.587,-24.780,-142.151
0.837,-1.247,-0.052,127.502,-41.443,-140.381
0.797,-1.590,-0.021,125.977,-55.420,-127.563
0.736,-1.908,0.012,124.451,-66.833,-108.215
0.648,-2.205,0.060,122.681,-73.975,-86.914
0.551,-2.490,0.120,120.056,-82.031,-64.514
0.413,-2.753,0.212,114.929,-92.712,-41.870
0.218,-2.960,0.280,104.553,-101.379,-20.020
0.026,-3.097,0.314,87.585,-106.812,0.488
-0.222,-3.203,0.335,62.012,-112.793,14.771
-0.480,-3.249,0.343,32.532,-117.981,22.156
-0.651,-3.192,0.338,3.906,-118.652,25.085
-0.780,-3.095,0.324,-24.475,-116.089,25.208
-0.904,-2.961,0.283,-53.101,-114.563,27.039
-1.025,-2.811,0.232,-80.688,-112.610,33.691
-1.057,-2.630,0.176,-108.826,-106.995,49.744
-1.169,-2.480,0.238,-120.667,-109.009,66.956
-1.220,-2.350,0.117,-102.966,-95.459,77.698
-1.245,-2.114,0.104,-108.521,-72.754,94.971
-1.222,-1.925,0.037,-111.328,-68.726,104.126
-1.250,-1.732,-0.010,-114.807,-69.092,99.304
-1.286,-1.543,0.007,-120.300,-69.275,94.482
-1.338,-1.393,0.044,-128.479,-62.561,97.839
-1.355,-1.235,0.042,-136.658,-49.255,104.492
-1.341,-1.092,0.028,-143.555,-36.438,107.422
-1.353,-0.955,0.029,-147.278,-28.320,103.577
-1.359,-0.828,0.053,-145.508,-20.508,96.497
-1.373,-0.737,0.078,-140.320,-10.986,91.614
-1.423,-0.646,0.122,-132.996,-0.977,90.576
-1.403,-0.551,0.123,-125.244,12.512,88.440
-1.338,-0.432,0.130,-117.859,25.635,82.520
-1.276,-0.318,0.144,-108.948,35.828,73.181
-1.220,-0.204,0.150,-99.243,46.631,63.110
-1.144,-0.099,0.145,-90.271,56.702,50.049
-1.067,-0.016,0.121,-82.520,65.491,30.212
-0.987,0.046,0.097,-76.904,71.899,4.883
-0.886,0.094,0.060,-72.510,77.026,-22.034
-0.778,0.124,0.007,-67.017,81.421,-46.814
-0.653,0.130,-0.036,-58.472,84.778,-65.796
-0.527,0.113,-0.062,-47.852,85.999,-77.271
-0.422,0.080,-0.064,-36.682,84.717,-81.055
-0.367,0.071,-0.063,-26.001,82.397,-78.003
-0.313,0.080,-0.060,-15.137,80.994,-69.336
-0.257,0.106,-0.048,-5.493,79.773,-58.289
-0.216,0.141,-0.049,1.770,77.393,-50.232
-0.203,0.168,-0.018,6.897,72.205,-46.753
-0.204,0.195,0.021,10.498,67.444,-44.983
-0.192,0.227,0.027,13.611,67.017,-43.579
-0.197,0.285,-0.016,18.860,67.078,-47.241
-0.153,0.338,-0.032,29.175,64.758,-55.725
-0.082,0.318,-0.015,42.053,62.012,-67.200
-0.005,0.270,0.018,54.321,58.350,-76.538
0.096,0.196,0.046,66.406,56.274,-80.750
0.220,0.127,0.065,76.904,55.603,-80.872
0.344,0.068,0.071,85.144,52.002,-79.102
0.439,0.029,0.056,92.224,43.945,-77.209
0.517,-0.013,0.026,100.891,33.997,-73.730
0.586,-0.059,-0.000,109.558,24.414,-68.970
0.646,-0.145,-0.048,117.920,14.954,-66.101

1.096,-1.218,-0.294,131.714,-58.044,-99.121
1.076,-1.556,-0.294,131.409,-81.299,-91.858
1.009,-1.906,-0.291,135.315,-99.426,-66.528
0.803,-2.221,-0.272,139.587,-112.488,-25.818
0.530,-2.460,-0.180,143.372,-120.178,17.395
0.253,-2.655,-0.068,140.381,-122.498,48.645
-0.088,-2.851,0.056,126.892,-124.634,58.655
-0.414,-3.020,0.203,106.140,-128.357,53.223
-0.669,-3.151,0.346,76.355,-126.587,40.649
-0.860,-3.235,0.436,40.100,-119.202,25.757
-1.007,-3.249,0.490,3.418,-113.220,15.503
-1.129,-3.171,0.485,-30.701,-108.704,15.137
-1.263,-3.064,0.432,-63.416,-102.112,24.597
-1.258,-2.867,0.443,-93.140,-93.750,42.480
-1.454,-2.671,0.325,-100.830,-81.848,50.903
-1.405,-2.408,0.309,-117.065,-64.880,70.984
-1.426,-2.268,0.184,-107.117,-49.744,67.444
-1.383,-2.070,0.135,-105.591,-40.100,53.040
-1.288,-1.888,0.109,-117.310,-37.170,46.448
-1.212,-1.726,0.087,-132.629,-32.410,42.847
-1.097,-1.567,0.061,-147.217,-23.132,46.997
-1.035,-1.437,0.060,-161.133,-16.602,53.894
-1.047,-1.339,0.054,-175.171,-13.489,63.477
-1.087,-1.265,0.079,-187.439,-8.667,78.186
-1.195,-1.161,0.053,-194.092,-0.122,96.191
-1.311,-1.018,0.021,-192.017,9.033,113.098
-1.355,-0.771,-0.023,-183.044,19.836,122.375
-1.384,-0.562,-0.034,-171.753,31.982,118.469
-1.329,-0.372,-0.046,-160.278,43.518,100.037
-1.295,-0.200,-0.012,-147.339,51.758,72.266
-1.228,-0.046,0.012,-133.301,57.678,42.297
-1.166,0.080,0.041,-117.493,63.171,16.052
-1.088,0.147,0.072,-99.121,70.801,-6.348
-0.995,0.180,0.086,-80.750,80.505,-23.621
-0.912,0.204,0.085,-63.354,88.867,-35.828
-0.842,0.235,0.059,-48.828,94.910,-44.189
-0.785,0.287,0.022,-36.377,98.572,-49.927
-0.719,0.323,-0.017,-23.376,101.685,-55.908
-0.615,0.315,-0.039,-11.230,104.797,-63.416
-0.492,0.308,-0.049,-2.563,104.126,-71.838
-0.393,0.283,-0.052,3.967,99.548,-80.505
-0.285,0.275,-0.046,8.484,97.229,-84.839
-0.195,0.265,-0.065,15.198,93.262,-85.510
-0.074,0.264,-0.083,21.729,90.149,-81.116
0.021,0.250,-0.092,29.602,86.731,-77.148
0.100,0.254,-0.108,38.696,84.045,-74.768
0.203,0.271,-0.135,48.218,83.679,-72.632
0.310,0.275,-0.173,58.594,82.092,-72.998
0.425,0.239,-0.200,70.496,76.172,-76.599
0.544,0.168,-0.175,82.275,66.101,-81.360
0.621,0.061,-0.149,93.018,52.063,-84.412
0.702,-0.063,-0.131,102.539,38.513,-82.642
0.763,-0.170,-0.120,109.436,26.367,-76.538
0.804,-0.247,-0.148,115.662,15.381,-69.092
0.852,-0.308,-0.185,121.765,5.798,-62.805
0.914,-0.388,-0.193,128.662,-3.418,-59.631
0.988,-0.505,-0.162,135.925,-14.954,-60.852
1.043,-0.684,-0.128,142.639,-29.053,-65.063
1.098,-0.903,-0.097,145.935,-43.945,-68.787
1.119,-1.126,-0.090,144.592,-59.265,-71.716
1.116,-1.368,-0.106,139.099,-74.951,-72.815
1.052,-1.583,-0.151,131.470,-91.309,-72.144
0.964,-1.796,-0.181,124.207,-106.384,-68.665
0.829,-2.001,-0.205,116.028,-121.033,-61.218
0.649,-2.195,-0.210,107.361,-134.277,-50.476
0.438,-2.380,-0.221,96.619,-144.531,-38.269
0.189,-2.558,-0.219,82.581,-154.663,-28.320
-0.124,-2.747,-0.194,66.223,-164.856,-21.790
-0.511,-2.967,-0.100,49.194,-173.035,-14.648
-0.935,-3.202,0.043,33.203,-176.575,-1.892
-1.282,-3.395,0.207,14.465,-170.715,17.029
-1.541,-3.476,0.373,-11.597,-157.104,38.269
-1.712,-3.369,0.491,-39.673,-142.883,56.274
-1.766,-3.234,0.493,-59.998,-127.808,65.063
-1.919,-2.998,0.474,-83.557,-105.774,67.200
-1.864,-2.684,0.379,-117.371,-83.679,83.374
-1.930,-2.393,0.234,-125.854,-66.528,80.994
-1.939,-2.090,0.113,-130.798,-55.359,65.918
-1.930,-1.786,0.053,-148.865,-49.072,56.030
-1.834,-1.544,-0.010,-167.664,-39.978,52.673
-1.722,-1.368,-0.031,-180.176,-29.297,52.246
-1.619,-1.221,-0.028,-185.791,-19.653,56.213
-1.522,-1.089,-0.035,-181.396,-8.850,62.134
-1.418,-0.980,-0.038,-173.523,1.343,67.688
-1.351,-0.911,-0.023,-168.518,9.399,71.533
-1.323,-0.848,0.012,-167.908,16.785,75.623
-1.296,-0.758,0.040,-169.800,27.100,80.139
-1.273,-0.653,0.040,-174.377,40.161,80.994
-1.248,-0.506,0.021,-176.941,52.307,75.500
-1.213,-0.346,-0.005,-173.584,64.636,61.646
-1.137,-0.172,-0.054,-164.673,77.515,43.213
-1.044,-0.014,-0.109,-150.330,88.013,21.790
-0.944,0.093,-0.111,-129.822,94.238,1.038
-0.849,0.174,-0.068,-106.567,98.633,-14.709
-0.775,0.228,-0.025,-85.083,104.675,-23.804
-0.729,0.296,0.002,-65.857,113.403,-27.100
-0.684,0.384,0.012,-47.852,122.009,-28.320
-0.641,0.448,0.006,-31.860,128.967,-32.288
-0.569,0.480,0.000,-18.677,133.606,-39.917
-0.461,0.464,0.009,-9.583,134.705,-50.659
-0.357,0.434,0.015,-6.714,130.859,-62.561
-0.293,0.443,-0.010,-5.066,123.535,-71.350
-0.210,0.474,-0.033,-0.488,118.652,-72.876
-0.142,0.498,-0.064,7.935,115.173,-69.824
-0.072,0.500,-0.096,18.799,111.816,-65.002
0.019,0.486,-0.122,32.104,106.934,-61.584
0.098,0.482,-0.124,43.823,100.952,-61.340
0.155,0.481,-0.155,55.115,95.947,-63.477
0.227,0.506,-0.203,65.491,93.018,-66.528
0.308,0.509,-0.272,74.829,91.003,-74.097
0.404,0.487,-0.330,84.045,85.571,-88.623
0.480,0.411,-0.401,94.299,75.806,-108.582
0.592,0.257,-0.412,105.225,61.951,-127.014
0.667,0.096,-0.406,113.464,44.617,-139.221
0.713,-0.066,-0.434,121.094,27.527,-141.968
0.769,-0.235,-0.466,130.798,12.512,-134.521
0.834,-0.442,-0.474,143.066,-1.709,-122.437
0.902,-0.679,-0.435,155.823,-18.250,-110.413
0.945,-0.960,-0.363,165.833,-37.415,-98.450

0.927,-1.536,-0.234,171.997,-67.993,-69.092
0.883,-1.806,-0.203,167.664,-80.322,-56.763
0.803,-2.108,-0.159,157.898,-94.482,-49.561
0.687,-2.419,-0.087,144.165,-108.337,-46.448
0.534,-2.730,0.039,128.784,-120.911,-44.922
0.380,-2.996,0.184,112.244,-130.981,-40.955
0.190,-3.197,0.304,91.797,-137.085,-32.471
-0.044,-3.337,0.353,65.430,-139.038,-21.545
-0.270,-3.364,0.328,35.706,-139.771,-10.925
-0.510,-3.354,0.298,5.005,-141.296,-2.747
-0.744,-3.332,0.277,-25.146,-141.602,6.226
-0.954,-3.262,0.262,-52.856,-140.625,20.020
-1.106,-3.141,0.271,-78.186,-138.123,39.246
-1.171,-2.952,0.276,-105.103,-133.240,64.819
-1.267,-2.814,0.368,-116.394,-132.935,85.144
-1.383,-2.664,0.274,-102.417,-113.159,93.079
-1.418,-2.466,0.239,-111.816,-88.745,107.910
-1.377,-2.292,0.236,-128.906,-77.759,115.540
-1.436,-2.126,0.203,-148.193,-75.378,111.267
-1.455,-1.914,0.228,-179.016,-75.439,114.014
-1.540,-1.651,0.156,-205.994,-70.496,122.253
-1.551,-1.421,0.075,-220.215,-56.458,124.756
-1.557,-1.176,-0.040,-219.482,-40.955,120.667
-1.521,-0.940,-0.040,-204.407,-31.128,111.450
-1.441,-0.779,0.002,-184.387,-22.766,98.328
-1.411,-0.667,0.036,-170.715,-14.954,84.961
-1.390,-0.589,0.074,-162.659,-8.301,71.045
-1.389,-0.526,0.132,-156.006,-0.183,56.030
-1.365,-0.454,0.156,-149.841,10.925,44.067
-1.334,-0.397,0.149,-143.066,26.245,35.217
-1.304,-0.303,0.122,-133.118,42.114,27.100
-1.261,-0.205,0.078,-119.873,57.800,16.724
-1.186,-0.105,0.039,-106.628,69.336,2.563
-1.131,-0.022,0.025,-93.018,77.026,-15.747
-1.074,0.059,0.012,-77.698,86.243,-32.654
-0.985,0.122,0.007,-60.303,97.412,-44.006
-0.881,0.157,-0.010,-44.434,107.178,-50.903
-0.713,0.178,-0.015,-31.616,111.572,-56.824
-0.595,0.179,0.031,-23.682,108.093,-64.026
-0.503,0.193,0.054,-20.935,104.126,-68.115
-0.419,0.244,0.044,-19.958,103.394,-64.209
-0.326,0.297,0.014,-17.639,104.919,-55.969
-0.263,0.355,-0.019,-13.916,104.858,-49.622
-0.206,0.411,-0.031,-7.935,102.112,-46.143
-0.147,0.469,-0.040,-0.366,100.464,-45.288
-0.058,0.516,-0.076,7.141,102.173,-47.424
0.026,0.554,-0.134,14.099,101.929,-52.856
0.124,0.577,-0.174,24.597,97.900,-61.829
0.221,0.583,-0.189,38.208,92.651,-73.059
0.304,0.543,-0.190,51.819,87.341,-83.191
0.427,0.448,-0.191,64.941,81.421,-91.187
0.546,0.347,-0.179,75.195,70.618,-98.572
0.583,0.250,-0.191,83.252,53.528,-104.004
0.605,0.182,-0.233,93.811,40.405,-102.783
0.634,0.133,-0.265,108.032,30.029,-96.863
0.649,0.027,-0.257,125.549,16.907,-92.224
0.655,-0.113,-0.218,142.639,3.845,-88.867
0.668,-0.267,-0.173,156.677,-6.714,-85.999
0.723,-0.435,-0.145,165.833,-15.137,-83.557
0.787,-0.648,-0.153,167.542,-26.245,-83.069
0.812,-0.874,-0.194,161.011,-40.405,-85.571
0.809,-1.095,-0.240,153.320,-57.739,-89.355
0.776,-1.340,-0.268,149.048,-73.914,-90.332
0.757,-1.628,-0.300,147.034,-85.449,-87.463
0.717,-1.945,-0.284,145.142,-98.816,-82.336
0.653,-2.286,-0.239,141.418,-113.831,-74.890
0.537,-2.637,-0.146,131.287,-128.967,-62.805
0.329,-2.930,-0.037,115.967,-141.418,-45.715
0.074,-3.179,0.045,99.365,-149.414,-23.865
-0.236,-3.380,0.139,78.186,-152.161,0.122
-0.549,-3.511,0.233,55.176,-150.146,21.729
-0.761,-3.535,0.328,29.175,-143.005,39.063
-0.911,-3.488,0.342,1.343,-135.559,50.903
-1.039,-3.393,0.341,-31.189,-129.333,58.167
-1.164,-3.261,0.338,-64.636,-122.742,63.843
-1.127,-2.976,0.434,-100.159,-114.197,75.073
-1.265,-2.894,0.313,-102.966,-110.718,75.012
-1.269,-2.661,0.338,-106.506,-87.097,80.139
-1.265,-2.472,0.303,-116.150,-72.937,93.323
-1.304,-2.295,0.303,-129.639,-65.918,96.802
-1.349,-2.079,0.276,-148.499,-64.209,98.267
-1.393,-1.860,0.264,-171.509,-62.073,103.210
-1.499,-1.600,0.223,-184.753,-54.749,110.168
-1.527,-1.351,0.244,-181.580,-44.373,113.281
-1.527,-1.145,0.255,-171.631,-32.349,106.201
-1.520,-1.004,0.271,-163.940,-24.780,89.172
-1.508,-0.915,0.332,-158.325,-18.982,67.017
-1.516,-0.849,0.410,-153.320,-9.644,46.753
-1.548,-0.778,0.465,-150.269,3.601,35.278
-1.550,-0.707,0.472,-149.048,21.851,30.884
-1.536,-0.611,0.428,-148.499,40.588,27.649
-1.472,-0.499,0.373,-145.630,56.091,20.264
-1.381,-0.385,0.324,-139.221,68.970,7.568
-1.303,-0.291,0.283,-131.592,78.796,-6.042
-1.211,-0.199,0.241,-121.277,87.524,-18.494
-1.123,-0.110,0.207,-109.619,96.680,-29.175
-1.058,-0.035,0.178,-98.083,104.492,-36.072
-0.968,0.027,0.122,-86.548,110.107,-39.001
-0.872,0.089,0.078,-76.355,112.061,-41.321
-0.794,0.135,0.050,-68.481,109.192,-46.082
-0.726,0.178,-0.001,-61.462,105.774,-49.927
-0.651,0.224,-0.053,-54.688,103.394,-51.208
-0.596,0.296,-0.103,-46.509,101.685,-50.049
-0.538,0.356,-0.151,-36.133,101.196,-48.035
-0.463,0.385,-0.175,-25.818,104.187,-46.631
-0.414,0.400,-0.187,-15.381,107.056,-47.485
-0.340,0.397,-0.189,-5.188,109.924,-50.293
-0.261,0.382,-0.198,3.235,112.488,-53.528
-0.206,0.385,-0.206,11.353,111.816,-57.007
-0.150,0.402,-0.206,20.020,110.657,-60.791
-0.094,0.425,-0.212,30.762,110.596,-64.697
-0.028,0.432,-0.226,41.199,108.582,-70.068
0.019,0.445,-0.236,50.354,101.501,-79.102
0.066,0.443,-0.235,59.448,90.515,-91.064
0.105,0.416,-0.213,67.688,77.576,-104.248
0.110,0.389,-0.212,73.669,64.453,-115.234
0.112,0.375,-0.239,81.238,53.772,-122.925
0.117,0.360,-0.291,90.942,46.143,-127.808
0.130,0.303,-0.349,101.624,39.124,-132.019

0.888,-1.184,-0.478,183.044,-44.189,-73.914
0.920,-1.419,-0.472,185.852,-57.861,-62.073
0.905,-1.733,-0.449,179.932,-73.181,-60.608
0.865,-2.045,-0.377,168.762,-88.745,-67.017
0.861,-2.361,-0.225,160.583,-103.455,-77.026
0.867,-2.668,-0.050,153.015,-116.577,-82.947
0.764,-2.983,0.096,141.418,-130.798,-79.102
0.612,-3.232,0.202,126.526,-142.090,-65.125
0.424,-3.438,0.230,105.347,-148.499,-48.096
0.140,-3.586,0.199,74.646,-154.053,-35.828
-0.104,-3.625,0.199,42.358,-161.499,-30.762
-0.376,-3.571,0.212,14.038,-167.175,-32.532
-0.703,-3.534,0.085,-14.526,-164.856,-37.720
-0.983,-3.374,0.084,-74.890,-167.786,-25.574
-1.193,-3.218,0.054,-127.747,-172.791,2.869
-1.413,-3.073,0.060,-160.522,-169.434,33.508
-1.598,-2.928,0.112,-171.631,-159.668,67.261
-1.732,-2.776,0.174,-164.185,-143.799,97.107
-1.847,-2.615,0.204,-150.513,-120.667,119.446
-1.913,-2.400,0.276,-152.527,-98.328,141.052
-1.937,-2.189,0.342,-165.405,-79.529,153.748
-1.939,-1.993,0.338,-182.251,-61.401,153.259
-1.938,-1.823,0.300,-204.529,-46.814,146.729
-1.972,-1.622,0.232,-229.980,-35.522,142.273
-1.998,-1.378,0.130,-249.146,-26.001,139.771
-1.957,-1.129,0.081,-255.310,-17.700,134.094
-1.895,-0.884,0.082,-249.634,-11.963,124.878
-1.858,-0.686,0.087,-235.352,-3.845,115.540
-1.830,-0.594,0.125,-218.384,9.827,108.643
-1.767,-0.528,0.158,-200.806,27.100,103.271
-1.689,-0.465,0.176,-185.486,42.786,95.825
-1.638,-0.386,0.190,-173.645,55.908,84.045
-1.588,-0.310,0.194,-162.659,68.726,68.176
-1.514,-0.240,0.159,-153.625,82.214,48.462
-1.427,-0.178,0.124,-143.005,91.248,25.818
-1.350,-0.126,0.118,-129.822,96.924,2.197
-1.268,-0.070,0.104,-113.342,105.164,-16.968
-1.167,-0.007,0.071,-96.375,116.882,-29.114
-1.064,0.055,0.032,-81.177,127.563,-35.339
-0.975,0.128,-0.006,-66.833,134.399,-38.513
-0.883,0.184,-0.024,-53.589,138.489,-40.161
-0.808,0.239,-0.041,-41.504,140.869,-40.100
-0.723,0.267,-0.073,-31.555,143.066,-38.574
-0.581,0.271,-0.089,-24.780,143.494,-37.537
-0.497,0.290,-0.084,-21.118,139.099,-37.781
-0.404,0.279,-0.066,-17.944,132.019,-36.011
-0.337,0.285,-0.054,-15.442,125.244,-29.419
-0.300,0.317,-0.077,-11.230,119.690,-19.897
-0.264,0.364,-0.109,-5.066,114.258,-11.963
-0.234,0.418,-0.154,0.122,108.215,-9.460
-0.188,0.455,-0.175,6.775,101.135,-14.709
-0.144,0.468,-0.202,14.343,96.313,-25.330
-0.103,0.492,-0.200,23.437,91.919,-38.452
-0.058,0.503,-0.200,34.790,89.722,-54.199
-0.013,0.497,-0.184,45.410,89.905,-71.899
0.035,0.465,-0.191,55.481,89.722,-90.881
0.096,0.432,-0.208,64.148,87.402,-109.314
0.153,0.402,-0.238,71.350,81.177,-125.610
0.225,0.343,-0.257,77.087,72.693,-138.428
0.318,0.280,-0.292,81.421,63.904,-146.362
0.438,0.195,-0.334,85.754,52.734,-150.208
0.582,0.092,-0.356,88.074,37.781,-151.917
0.663,-0.017,-0.384,88.745,20.142,-152.405
0.745,-0.129,-0.410,92.163,4.028,-147.949
0.794,-0.229,-0.435,100.769,-8.118,-136.902
0.852,-0.341,-0.460,114.014,-18.127,-121.704
0.914,-0.471,-0.481,127.991,-28.931,-106.873
0.978,-0.654,-0.475,140.930,-42.358,-95.886
1.069,-0.827,-0.438,150.269,-56.458,-88.562
1.128,-1.043,-0.397,156.067,-73.242,-83.618
1.167,-1.270,-0.338,155.579,-90.210,-78.125
1.148,-1.491,-0.295,152.405,-104.736,-74.402
1.117,-1.724,-0.249,151.123,-116.516,-74.097
1.094,-1.964,-0.177,150.696,-129.089,-76.416
1.005,-2.237,-0.113,148.254,-145.935,-81.543
0.845,-2.543,-0.057,140.137,-164.062,-86.731
0.621,-2.874,-0.002,124.023,-178.650,-89.233
0.369,-3.146,0.036,102.112,-189.270,-90.942
0.098,-3.351,0.060,77.393,-197.266,-93.872
-0.213,-3.504,0.019,49.011,-205.078,-94.849
-0.504,-3.571,-0.016,22.461,-214.111,-88.684
-0.854,-3.578,0.004,-0.732,-219.055,-74.768
-1.254,-3.598,0.020,-19.714,-217.529,-52.673
-1.568,-3.572,0.052,-44.312,-204.895,-20.508
-1.771,-3.424,0.166,-90.698,-193.359,20.996
-1.956,-3.265,0.265,-133.301,-188.721,62.134
-2.093,-3.056,0.339,-151.611,-171.753,90.393
-2.129,-2.827,0.344,-162.354,-144.592,108.337
-2.124,-2.579,0.328,-180.603,-120.972,119.751
-2.104,-2.329,0.305,-204.041,-102.417,129.272
-2.113,-2.088,0.272,-224.426,-84.106,138.794
-2.109,-1.873,0.205,-244.019,-64.087,151.550
-2.127,-1.633,0.079,-256.042,-48.096,161.987
-2.137,-1.381,-0.013,-256.470,-35.767,164.062
-2.113,-1.104,-0.069,-243.896,-25.940,157.043
-2.044,-0.877,-0.033,-226.074,-16.113,141.541
-1.984,-0.730,0.020,-212.891,-2.930,125.427
-1.905,-0.605,0.080,-204.285,11.963,112.976
-1.822,-0.508,0.152,-193.909,26.306,100.586
-1.736,-0.426,0.196,-184.326,42.480,88.623
-1.646,-0.351,0.219,-175.354,61.096,78.674
-1.535,-0.285,0.221,-164.795,79.956,70.435
-1.446,-0.214,0.215,-154.114,94.299,60.791
-1.363,-0.152,0.189,-145.264,102.722,45.837
-1.289,-0.076,0.154,-137.573,106.384,25.635
-1.217,0.016,0.108,-129.578,106.628,3.845
-1.126,0.106,0.060,-118.958,106.934,-17.822
-1.021,0.165,0.047,-104.675,108.459,-37.170
-0.913,0.199,0.050,-89.478,112.732,-50.781
-0.817,0.200,0.048,-75.745,119.324,-57.007
-0.725,0.216,0.036,-61.523,125.732,-55.908
-0.634,0.223,0.017,-48.950,131.714,-48.767
-0.569,0.252,-0.018,-38.025,134.338,-38.452
-0.502,0.297,-0.056,-27.771,133.362,-29.358
-0.450,0.333,-0.101,-19.470,129.517,-23.193
-0.374,0.350,-0.130,-12.207,124.329,-20.264
-0.320,0.367,-0.156,-5.554,118.286,-19.714
-0.264,0.374,-0.165,1.282,111.877,-19.348
-0.227,0.365,-0.163,9.277,105.286,-18.311

1.035,-1.216,-0.257,147.034,-45.105,-89.294
1.019,-1.564,-0.203,150.879,-61.096,-92.957
1.043,-1.953,-0.137,157.532,-69.885,-97.778
1.095,-2.326,-0.066,162.781,-75.500,-103.455
1.131,-2.661,-0.032,161.743,-85.815,-107.727
1.182,-2.934,-0.019,153.259,-100.037,-109.253
1.259,-3.143,-0.080,139.954,-115.112,-105.591
1.262,-3.300,-0.153,124.695,-137.634,-97.717
1.122,-3.359,-0.219,103.210,-166.992,-84.290
0.823,-3.319,-0.311,74.341,-195.618,-62.012
0.318,-3.257,-0.405,43.640,-213.989,-34.241
-0.227,-3.237,-0.439,18.250,-219.543,-7.996
-0.636,-3.202,-0.383,0.488,-219.788,9.521
-1.022,-3.209,-0.270,-16.541,-221.802,14.282
-1.375,-3.235,-0.115,-42.542,-222.839,13.184
-1.623,-3.240,0.049,-63.721,-220.886,8.667
-1.802,-3.221,0.135,-74.646,-204.529,1.221
-1.885,-3.087,0.213,-110.840,-179.687,8.057
-1.914,-2.929,0.271,-163.025,-168.945,33.020
-1.954,-2.656,0.306,-212.524,-161.133,69.397
-2.036,-2.465,0.229,-232.605,-143.738,99.609
-2.149,-2.204,0.128,-238.220,-121.765,121.399
-2.243,-1.933,-0.026,-243.225,-96.191,144.897
-2.340,-1.642,-0.138,-241.882,-74.341,160.034
-2.321,-1.333,-0.200,-236.206,-58.105,164.246
-2.244,-1.111,-0.164,-224.854,-48.950,153.442
-2.182,-0.918,-0.101,-218.384,-37.048,136.169
-2.095,-0.771,-0.026,-215.881,-21.973,118.469
-1.985,-0.648,0.034,-217.346,-6.165,100.342
-1.873,-0.549,0.088,-217.407,8.118,82.458
-1.779,-0.459,0.116,-215.942,23.621,69.519
-1.694,-0.381,0.119,-212.891,41.016,62.927
-1.597,-0.306,0.119,-207.092,59.875,57.678
-1.495,-0.199,0.080,-197.510,75.378,48.889
-1.386,-0.073,0.055,-184.387,82.825,33.936
-1.301,0.029,0.050,-171.448,85.083,13.062
-1.248,0.116,0.036,-160.645,86.853,-8.911
-1.142,0.186,0.061,-148.315,90.149,-29.175
-1.048,0.246,0.089,-134.094,96.680,-44.983
-0.948,0.288,0.099,-119.202,105.530,-52.490
-0.852,0.330,0.084,-104.614,113.159,-51.941
-0.778,0.375,0.056,-87.646,118.835,-46.997
-0.697,0.412,0.036,-69.397,123.779,-39.856
-0.619,0.423,0.019,-51.941,127.441,-31.189
-0.555,0.425,0.004,-36.865,130.127,-23.132
-0.511,0.418,0.018,-24.719,132.935,-16.296
-0.496,0.434,0.037,-15.747,136.719,-10.132
-0.471,0.460,0.051,-7.629,141.235,-6.531
-0.431,0.490,0.030,0.061,145.447,-7.080
-0.398,0.505,0.021,6.287,146.118,-11.047
-0.361,0.501,-0.008,10.498,144.531,-17.578
-0.336,0.489,-0.025,14.954,143.188,-27.283
-0.298,0.489,-0.047,20.813,141.785,-40.405
-0.251,0.485,-0.070,28.442,135.925,-57.007
-0.209,0.464,-0.098,35.950,127.930,-74.585
-0.158,0.425,-0.119,44.434,118.286,-91.492
-0.105,0.377,-0.134,52.979,108.521,-107.544
-0.057,0.324,-0.154,61.035,101.501,-121.765
0.013,0.287,-0.145,70.129,94.971,-131.775
0.076,0.252,-0.121,78.735,89.172,-137.939
0.141,0.209,-0.111,85.632,84.045,-138.489
0.224,0.145,-0.120,91.492,78.918,-133.423
0.344,0.071,-0.137,94.421,71.289,-126.587
0.416,0.002,-0.188,94.238,59.204,-120.728
0.520,-0.077,-0.264,95.032,44.922,-115.967
0.623,-0.127,-0.352,98.450,30.396,-112.061
0.715,-0.193,-0.433,108.582,16.235,-108.154
0.777,-0.242,-0.496,120.911,7.080,-101.685
0.816,-0.342,-0.559,137.207,1.099,-95.276
0.867,-0.529,-0.550,156.128,-5.127,-91.309
0.867,-0.767,-0.444,172.546,-15.381,-93.201
0.867,-1.022,-0.301,183.777,-29.968,-99.670
0.880,-1.280,-0.156,188.049,-46.692,-105.591
0.912,-1.504,-0.021,188.538,-61.768,-109.680
0.979,-1.681,0.126,187.195,-73.303,-111.938
1.062,-1.801,0.191,181.519,-81.665,-110.352
1.099,-1.880,0.141,171.692,-95.337,-103.088
1.076,-1.958,0.016,154.846,-110.413,-92.224
0.986,-2.036,-0.157,135.620,-123.596,-82.214
0.877,-2.129,-0.302,119.202,-137.512,-76.599
0.637,-2.314,-0.417,104.248,-156.494,-78.430
0.281,-2.580,-0.457,87.585,-181.396,-83.008
-0.040,-2.864,-0.356,72.327,-206.543,-85.327
-0.284,-3.067,-0.190,57.556,-222.168,-83.313
-0.476,-3.200,-0.066,40.894,-224.060,-75.745
-0.621,-3.277,0.016,21.851,-217.957,-57.617
-0.717,-3.259,0.044,1.099,-207.825,-30.701
-0.890,-3.192,0.010,-22.949,-199.341,0.549
-1.065,-3.083,-0.014,-53.955,-191.956,34.363
-1.269,-2.958,-0.065,-79.773,-184.265,60.120
-1.447,-2.834,-0.151,-92.041,-169.495,72.632
-1.558,-2.663,-0.185,-109.924,-153.259,78.979
-1.624,-2.456,-0.170,-136.536,-149.109,86.609
-1.750,-2.292,-0.148,-157.043,-156.860,93.323
-1.725,-2.171,-0.045,-168.335,-156.128,103.027
-1.822,-2.070,0.017,-159.546,-149.048,100.830
-1.789,-1.982,0.145,-154.663,-133.179,107.422
-1.843,-1.897,0.191,-149.048,-113.892,118.042
-1.805,-1.802,0.197,-161.560,-88.196,137.451
-1.809,-1.694,0.160,-180.786,-70.679,156.677
-1.784,-1.553,0.120,-201.355,-60.608,170.593
-1.788,-1.412,0.059,-219.177,-50.537,172.241
-1.814,-1.256,-0.044,-228.882,-38.879,165.466
-1.794,-1.068,-0.094,-224.854,-28.931,153.442
-1.697,-0.833,-0.112,-212.158,-18.433,135.498
-1.646,-0.698,-0.023,-204.224,-6.775,113.831
-1.571,-0.618,0.051,-203.247,3.662,95.520
-1.476,-0.537,0.104,-202.148,13.916,78.918
-1.371,-0.433,0.130,-200.195,26.123,63.232
-1.281,-0.318,0.120,-198.303,39.307,50.598
-1.201,-0.195,0.090,-190.918,51.636,40.405
-1.126,-0.068,0.070,-175.842,62.927,30.212
-1.080,0.052,0.027,-157.593,74.890,17.090
-1.018,0.148,0.038,-137.207,82.825,2.808
-1.024,0.235,0.104,-116.272,88.013,-11.108
-0.965,0.286,0.141,-99.731,96.497,-24.536
-0.896,0.323,0.179,-86.060,104.370,-36.804
-0.813,0.331,0.198,-76.355,113.708,-48.340
-0.724,0.325,0.196,-70.435,124.390,-56.152

0.881,-1.028,-0.389,130.371,-28.320,-209.717
0.859,-1.217,-0.392,125.122,-63.965,-225.281
0.851,-1.401,-0.406,122.192,-90.820,-227.539
0.826,-1.605,-0.411,118.103,-109.680,-216.003
0.742,-1.810,-0.415,114.197,-125.854,-195.862
0.673,-2.001,-0.426,111.877,-139.404,-169.373
0.609,-2.190,-0.406,108.704,-148.254,-137.451
0.475,-2.326,-0.364,103.699,-156.006,-100.098
0.290,-2.403,-0.371,97.473,-161.499,-56.519
0.117,-2.439,-0.388,87.646,-159.912,-11.719
-0.112,-2.461,-0.395,73.792,-154.358,26.978
-0.323,-2.501,-0.371,59.265,-153.381,52.673
-0.494,-2.578,-0.324,42.053,-159.058,61.707
-0.656,-2.685,-0.253,21.057,-170.593,57.434
-0.792,-2.772,-0.186,0.244,-184.814,48.767
-0.923,-2.850,-0.035,-18.494,-191.101,43.335
-0.989,-2.884,0.060,-34.302,-184.998,46.509
-1.068,-2.859,0.108,-45.837,-174.194,58.899
-1.139,-2.788,0.105,-53.040,-162.292,80.933
-1.231,-2.691,0.112,-60.059,-150.940,109.802
-1.368,-2.566,0.122,-64.087,-140.320,139.709
-1.483,-2.439,0.134,-70.129,-124.878,170.471
-1.502,-2.286,0.195,-82.458,-112.671,201.294
-1.548,-2.167,0.208,-83.496,-106.506,216.492
-1.593,-2.034,0.231,-87.952,-101.624,212.952
-1.668,-1.924,0.237,-95.459,-101.379,198.792
-1.566,-1.734,0.313,-112.915,-98.877,191.101
-1.651,-1.700,0.324,-110.535,-95.276,161.560
-1.642,-1.601,0.358,-109.619,-86.975,133.850
-1.587,-1.480,0.387,-107.910,-67.993,119.812
-1.560,-1.386,0.406,-107.727,-49.561,110.229
-1.549,-1.297,0.447,-109.131,-36.682,106.934
-1.600,-1.185,0.502,-104.431,-27.771,107.788
-1.631,-1.033,0.613,-95.947,-15.259,111.450
-1.635,-0.888,0.687,-95.032,3.479,116.089
-1.629,-0.743,0.673,-103.943,24.109,118.469
-1.538,-0.605,0.614,-114.380,43.396,113.647
-1.415,-0.499,0.557,-124.878,60.547,97.778
-1.270,-0.428,0.488,-136.414,73.303,74.280
-1.138,-0.330,0.427,-143.799,79.407,47.546
-1.034,-0.232,0.348,-147.522,83.984,21.179
-0.902,-0.171,0.247,-150.879,91.370,-2.502
-0.772,-0.133,0.148,-151.245,96.313,-23.743
-0.645,-0.085,0.072,-146.973,97.351,-43.640
-0.538,-0.042,0.026,-137.878,94.360,-61.462
-0.477,-0.022,0.040,-124.146,87.952,-74.646
-0.464,0.016,0.104,-106.873,83.069,-81.604
-0.466,0.047,0.146,-86.975,84.106,-82.642
-0.432,0.068,0.179,-66.223,86.792,-76.782
-0.428,0.095,0.251,-46.143,88.440,-68.054
-0.448,0.095,0.288,-32.166,91.919,-59.326
-0.433,0.121,0.265,-25.940,94.727,-51.758
-0.409,0.177,0.222,-21.423,91.919,-49.744
-0.381,0.247,0.173,-15.747,86.975,-53.833
-0.338,0.307,0.167,-7.446,79.468,-59.753
-0.306,0.335,0.199,3.235,71.655,-62.988
-0.288,0.317,0.224,14.771,68.542,-59.509
-0.265,0.298,0.235,26.550,71.045,-50.049
-0.232,0.280,0.241,37.537,77.759,-40.771
-0.210,0.276,0.226,45.410,86.853,-35.645
-0.196,0.269,0.230,50.293,92.102,-35.767
-0.220,0.257,0.229,51.575,97.229,-44.922
-0.204,0.243,0.197,49.561,105.103,-64.209
-0.111,0.205,0.095,46.875,110.352,-92.224
0.009,0.153,0.021,47.058,104.980,-127.441
0.106,0.101,-0.029,51.636,90.820,-164.917
0.170,0.028,-0.057,59.204,73.914,-197.021
0.220,-0.042,-0.098,70.251,58.289,-217.041
0.309,-0.145,-0.156,83.740,46.753,-225.342
0.476,-0.277,-0.167,97.290,34.363,-225.647
0.547,-0.374,-0.162,107.056,15.747,-221.436
0.516,-0.510,-0.221,117.798,-6.470,-207.886
0.522,-0.667,-0.323,127.563,-19.958,-175.049
0.640,-0.810,-0.462,136.230,-23.987,-134.155
0.755,-0.950,-0.559,143.982,-31.738,-101.929
0.764,-1.093,-0.640,150.024,-55.542,-79.651
0.687,-1.274,-0.691,151.672,-82.092,-59.570
0.607,-1.475,-0.709,152.100,-94.788,-39.917
0.510,-1.729,-0.691,152.222,-96.436,-23.865
0.435,-2.058,-0.597,148.865,-95.825,-15.137
0.326,-2.362,-0.419,139.893,-96.375,-15.137
0.266,-2.619,-0.228,127.502,-97.351,-20.935
0.255,-2.777,-0.043,111.145,-95.215,-23.437
0.278,-2.806,0.071,93.506,-93.567,-19.287
0.274,-2.758,0.080,77.881,-96.436,-6.470
0.178,-2.646,0.063,61.279,-100.037,15.137
0.052,-2.499,0.012,44.495,-97.351,41.138
-0.102,-2.366,-0.091,29.968,-91.370,63.660
-0.270,-2.282,-0.196,20.874,-89.600,74.890
-0.377,-2.250,-0.219,18.188,-92.407,71.289
-0.485,-2.294,-0.125,15.991,-95.825,54.688
-0.557,-2.388,-0.012,9.521,-100.098,34.790
-0.560,-2.472,0.043,-1.465,-102.722,18.616
-0.591,-2.529,0.073,-15.991,-102.844,8.606
-0.654,-2.549,0.088,-31.128,-101.868,6.348
-0.712,-2.514,0.064,-45.837,-96.863,11.169
-0.734,-2.439,0.033,-59.265,-87.036,22.705
-0.759,-2.321,0.014,-70.984,-77.148,38.452
-0.815,-2.193,-0.040,-78.552,-70.251,54.199
-0.928,-2.079,-0.098,-84.900,-65.002,68.909
-1.071,-1.899,-0.155,-89.172,-63.354,84.839
-1.182,-1.720,-0.169,-87.708,-65.002,96.863
-1.306,-1.542,-0.137,-80.383,-64.758,100.220
-1.392,-1.363,-0.037,-71.411,-63.660,95.215
-1.421,-1.198,0.079,-66.467,-62.195,83.130
-1.505,-1.020,0.189,-67.261,-61.279,66.345
-1.589,-0.830,0.324,-69.397,-62.012,49.622
-1.610,-0.656,0.406,-75.439,-58.899,34.790
-1.658,-0.534,0.439,-82.764,-55.115,22.278
-1.692,-0.466,0.464,-86.060,-50.659,15.869
-1.683,-0.412,0.484,-83.374,-41.992,16.235
-1.656,-0.363,0.530,-76.599,-29.541,20.264
-1.619,-0.324,0.528,-69.275,-13.306,24.109
-1.542,-0.267,0.489,-63.293,4.761,23.804
-1.423,-0.202,0.413,-59.082,20.996,18.005
-1.282,-0.153,0.312,-56.641,32.959,8.301
-1.144,-0.118,0.239,-53.467,40.588,-3.174
-1.016,-0.096,0.209,-48.828,46.753,-15.564
-0.920,-0.064,0.228,-42.175,52.490,-25.208

0.621,-1.476,-0.072,162.781,-68.115,-75.867
0.516,-1.698,-0.085,161.926,-80.139,-67.688
0.398,-1.959,-0.017,157.593,-91.370,-63.049
0.318,-2.185,0.019,150.085,-100.098,-61.401
0.267,-2.380,0.057,142.212,-109.436,-58.594
0.195,-2.525,0.104,131.042,-115.967,-47.913
0.116,-2.632,0.164,116.516,-117.065,-31.433
0.026,-2.735,0.187,97.107,-111.267,-14.709
-0.037,-2.819,0.163,72.510,-105.774,1.099
-0.106,-2.837,0.114,48.950,-107.971,16.174
-0.186,-2.768,0.081,29.663,-115.906,31.006
-0.289,-2.672,0.041,13.123,-120.789,47.668
-0.372,-2.563,-0.010,-2.319,-120.667,66.895
-0.467,-2.474,-0.016,-13.306,-118.958,82.703
-0.554,-2.400,0.008,-16.296,-117.676,92.590
-0.647,-2.348,0.025,-14.709,-111.694,90.820
-0.733,-2.272,0.031,-24.292,-104.736,83.313
-0.786,-2.167,0.047,-44.006,-101.440,79.651
-0.839,-2.083,0.072,-64.575,-101.563,80.444
-0.914,-2.011,0.095,-80.627,-100.708,81.299
-0.992,-1.932,0.136,-88.684,-98.450,81.848
-1.047,-1.872,0.189,-93.262,-92.346,84.900
-1.128,-1.770,0.214,-98.145,-82.886,91.248
-1.200,-1.655,0.233,-102.295,-71.594,99.304
-1.235,-1.526,0.241,-107.239,-59.692,106.873
-1.236,-1.397,0.255,-110.901,-50.415,109.619
-1.272,-1.312,0.258,-112.671,-44.495,102.539
-1.287,-1.239,0.305,-116.394,-38.391,88.257
-1.289,-1.156,0.363,-120.422,-31.372,71.899
-1.292,-1.062,0.428,-126.648,-23.071,61.279
-1.271,-0.965,0.459,-136.047,-12.634,58.899
-1.233,-0.852,0.422,-144.348,-0.549,58.960
-1.175,-0.730,0.369,-148.071,9.460,57.434
-1.108,-0.615,0.315,-150.208,18.066,51.453
-1.049,-0.504,0.248,-150.513,25.818,40.649
-0.952,-0.382,0.176,-145.508,30.518,26.062
-0.855,-0.270,0.147,-136.169,32.532,8.606
-0.790,-0.196,0.159,-127.075,35.828,-7.874
-0.734,-0.145,0.163,-119.263,44.006,-20.264
-0.677,-0.105,0.177,-110.657,53.528,-27.649
-0.634,-0.076,0.185,-101.013,63.171,-31.616
-0.593,-0.071,0.190,-90.820,70.618,-32.532
-0.548,-0.045,0.252,-78.796,73.181,-30.457
-0.563,-0.014,0.289,-68.481,74.036,-26.245
-0.542,-0.012,0.276,-63.843,77.087,-19.592
-0.511,0.009,0.272,-59.204,77.087,-14.343
-0.482,0.021,0.277,-54.443,77.759,-12.390
-0.449,0.015,0.285,-50.903,80.994,-11.780
-0.406,-0.000,0.289,-47.729,85.327,-10.437
-0.361,-0.002,0.296,-44.250,90.881,-7.446
-0.307,0.005,0.311,-40.344,97.351,-2.808
-0.269,0.023,0.332,-36.316,105.347,1.770
-0.229,0.049,0.341,-31.616,113.770,6.226
-0.196,0.086,0.316,-26.672,120.911,10.437
-0.151,0.139,0.262,-18.982,123.535,13.245
-0.109,0.206,0.244,-8.911,121.277,12.085
-0.081,0.251,0.235,-0.244,117.249,4.700
-0.044,0.277,0.229,7.019,114.990,-8.301
-0.003,0.290,0.219,15.503,113.647,-25.513
0.048,0.300,0.201,25.330,113.098,-44.800
0.112,0.305,0.181,36.194,112.549,-64.331
0.194,0.287,0.157,46.509,111.023,-82.031
0.267,0.256,0.139,54.749,104.919,-97.351
0.318,0.214,0.114,60.547,94.727,-111.023
0.358,0.143,0.075,64.514,83.801,-122.559
0.426,0.049,0.039,67.810,72.327,-130.493
0.556,-0.093,-0.001,68.726,57.739,-136.841
0.638,-0.184,-0.055,65.857,35.278,-141.907
0.631,-0.277,-0.102,66.772,7.019,-145.081
0.686,-0.349,-0.201,72.510,-8.362,-139.771
0.745,-0.471,-0.304,82.947,-9.766,-127.441
0.864,-0.621,-0.392,102.783,-6.287,-110.291
0.969,-0.753,-0.502,124.512,-2.197,-92.590
1.092,-0.951,-0.552,142.456,-2.808,-75.867
1.165,-1.106,-0.549,151.978,-13.000,-61.157
1.112,-1.267,-0.510,156.067,-33.386,-53.528
1.051,-1.453,-0.456,156.860,-52.246,-50.049
0.966,-1.686,-0.400,151.855,-65.735,-49.927
0.866,-1.940,-0.326,144.958,-78.674,-56.885
0.791,-2.164,-0.237,138.000,-92.163,-70.618
0.706,-2.338,-0.118,130.005,-106.934,-84.595
0.622,-2.467,-0.021,121.399,-119.690,-90.759
0.580,-2.565,0.041,112.244,-124.512,-83.130
0.533,-2.612,0.080,101.318,-125.061,-62.500
0.410,-2.613,0.065,86.548,-127.747,-35.278
0.247,-2.593,0.037,69.092,-132.202,-9.338
0.119,-2.565,0.026,51.270,-136.414,8.484
0.009,-2.542,0.025,34.546,-140.442,17.212
-0.076,-2.522,0.025,19.470,-145.447,20.020
-0.197,-2.487,0.053,12.207,-150.574,16.113
-0.292,-2.515,0.032,16.296,-150.879,8.179
-0.428,-2.564,0.037,11.597,-147.156,-1.831
-0.491,-2.571,0.067,-7.446,-147.522,-4.578
-0.518,-2.556,0.106,-34.058,-150.208,0.793
-0.563,-2.515,0.108,-58.838,-149.658,12.024
-0.602,-2.416,0.070,-80.933,-143.738,29.114
-0.660,-2.296,0.002,-99.426,-134.521,49.683
-0.715,-2.172,-0.078,-115.234,-124.268,71.838
-0.769,-2.033,-0.141,-129.028,-116.333,91.125
-0.805,-1.895,-0.190,-140.503,-111.755,105.347
-0.832,-1.765,-0.219,-151.733,-108.826,115.417
-0.897,-1.654,-0.244,-158.752,-107.605,120.178
-0.943,-1.538,-0.236,-160.156,-105.591,121.216
-0.970,-1.448,-0.198,-157.898,-100.830,119.812
-0.985,-1.358,-0.130,-156.006,-95.764,118.774
-1.059,-1.293,-0.090,-147.461,-91.003,114.502
-1.133,-1.223,-0.010,-139.893,-80.688,113.342
-1.222,-1.145,0.075,-135.925,-69.763,116.943
-1.299,-1.053,0.151,-139.893,-57.922,123.962
-1.398,-0.949,0.242,-142.883,-48.401,128.845
-1.500,-0.835,0.339,-142.395,-38.086,127.625
-1.541,-0.735,0.392,-141.968,-25.940,117.859
-1.536,-0.647,0.399,-142.395,-14.832,96.619
-1.526,-0.558,0.398,-142.700,-7.080,67.444
-1.481,-0.455,0.420,-142.212,-2.319,36.316
-1.405,-0.350,0.422,-143.311,4.333,7.629
-1.327,-0.268,0.411,-145.874,13.916,-16.541
-1.297,-0.176,0.339,-144.226,23.193,-36.133
-1.222,-0.048,0.246,-135.620,29.663,-53.162

0.651,-1.150,-0.740,168.884,-57.678,-61.035
0.674,-1.328,-0.842,163.147,-68.604,-58.228
0.666,-1.531,-0.892,154.663,-82.336,-54.199
0.610,-1.725,-0.915,143.250,-94.604,-47.852
0.505,-1.933,-0.927,130.127,-101.563,-38.940
0.356,-2.160,-0.966,114.746,-103.760,-28.503
0.109,-2.448,-0.981,98.877,-107.727,-22.461
-0.059,-2.758,-0.867,85.449,-114.258,-26.428
-0.132,-3.043,-0.648,73.547,-121.643,-41.504
-0.174,-3.272,-0.411,60.913,-130.249,-58.350
-0.213,-3.436,-0.176,45.288,-138.306,-62.866
-0.272,-3.506,-0.027,24.658,-140.259,-48.096
-0.318,-3.502,0.010,-4.028,-136.169,-14.465
-0.420,-3.344,0.024,-31.860,-131.714,29.785
-0.499,-3.158,-0.127,-37.231,-118.530,69.397
-0.663,-2.938,-0.257,-47.058,-97.351,91.858
-0.781,-2.662,-0.326,-66.284,-91.553,111.511
-0.829,-2.444,-0.340,-84.656,-100.403,129.578
-0.903,-2.311,-0.349,-99.243,-110.779,133.484
-0.949,-2.217,-0.339,-112.976,-113.342,123.596
-0.904,-2.128,-0.285,-129.395,-112.854,109.070
-0.874,-2.064,-0.237,-135.437,-121.338,89.600
-0.868,-2.022,-0.189,-136.597,-127.625,70.251
-0.893,-1.967,-0.150,-138.611,-129.150,59.753
-0.946,-1.911,-0.121,-140.503,-125.732,59.998
-1.017,-1.868,-0.128,-140.015,-114.502,67.200
-1.013,-1.739,-0.092,-145.813,-95.459,85.144
-1.097,-1.650,-0.145,-142.395,-82.397,98.328
-1.135,-1.515,-0.148,-143.860,-72.937,113.708
-1.172,-1.349,-0.122,-144.592,-67.871,128.479
-1.216,-1.219,-0.077,-142.029,-61.401,135.132
-1.264,-1.100,-0.050,-138.916,-50.537,133.423
-1.278,-1.007,0.007,-139.771,-36.804,125.610
-1.290,-0.922,0.068,-142.883,-24.841,110.168
-1.252,-0.816,0.104,-150.574,-15.747,90.149
-1.248,-0.719,0.105,-160.645,-11.475,67.627
-1.207,-0.618,0.105,-165.955,-10.010,45.410
-1.208,-0.453,0.123,-165.955,-6.470,22.400
-1.207,-0.351,0.100,-165.344,1.953,-3.601
-1.192,-0.277,0.083,-164.185,9.644,-29.114
-1.115,-0.218,0.095,-159.363,13.916,-54.688
-1.055,-0.172,0.131,-154.846,18.860,-77.942
-0.994,-0.129,0.160,-148.987,28.809,-93.445
-0.917,-0.080,0.161,-140.930,44.128,-98.755
-0.842,-0.035,0.166,-131.165,60.669,-94.910
-0.780,0.001,0.162,-120.972,75.378,-85.083
-0.716,0.031,0.159,-109.680,87.402,-70.862
-0.667,0.060,0.170,-98.145,96.802,-55.176
-0.636,0.086,0.176,-87.830,105.164,-39.917
-0.597,0.111,0.183,-78.491,112.732,-25.330
-0.553,0.135,0.206,-69.336,118.958,-11.902
-0.531,0.150,0.231,-60.669,124.695,-0.916
-0.526,0.186,0.267,-51.514,129.333,8.911
-0.514,0.232,0.301,-41.992,133.057,18.616
-0.481,0.276,0.325,-34.241,138.611,26.245
-0.447,0.325,0.353,-27.283,144.775,30.212
-0.407,0.363,0.360,-21.484,150.879,30.029
-0.353,0.399,0.344,-16.907,154.724,25.818
-0.298,0.425,0.311,-11.902,155.579,16.724
-0.243,0.440,0.274,-4.822,153.442,3.235
-0.178,0.445,0.256,4.761,148.193,-13.306
-0.113,0.430,0.262,14.221,143.372,-32.898
-0.046,0.393,0.257,23.132,140.808,-53.528
0.028,0.343,0.231,32.349,138.733,-72.937
0.108,0.303,0.202,43.091,136.047,-90.759
0.179,0.262,0.178,54.871,132.629,-106.750
0.257,0.213,0.161,66.772,127.319,-120.117
0.315,0.171,0.143,76.965,120.239,-130.981
0.364,0.125,0.117,85.266,112.793,-139.282
0.434,0.047,0.070,92.346,104.797,-143.677
0.566,-0.051,0.003,97.961,93.689,-144.775
0.668,-0.143,-0.060,100.281,75.745,-146.423
0.732,-0.266,-0.161,100.159,54.077,-146.729
0.794,-0.360,-0.295,100.525,37.964,-138.977
0.873,-0.442,-0.459,107.239,31.738,-124.512
0.954,-0.544,-0.593,120.422,31.555,-104.980
1.041,-0.604,-0.713,136.963,31.738,-82.214
1.066,-0.659,-0.837,156.128,25.635,-62.622
1.085,-0.727,-0.882,177.612,16.357,-45.044
1.079,-0.806,-0.905,195.984,10.925,-29.724
0.982,-0.920,-0.903,209.229,7.019,-18.982
0.813,-1.076,-0.877,212.341,7.385,-15.076
0.670,-1.293,-0.925,204.041,12.512,-21.545
0.614,-1.613,-0.969,185.181,10.193,-42.175
0.532,-1.998,-0.929,162.231,-11.719,-78.979
0.438,-2.382,-0.785,140.808,-46.936,-123.901
0.364,-2.694,-0.537,119.751,-78.308,-159.546
0.334,-2.900,-0.287,96.558,-98.267,-175.842
0.304,-3.062,-0.155,75.745,-111.267,-172.791
0.226,-3.178,-0.107,60.852,-120.972,-152.100
0.125,-3.215,-0.067,49.866,-126.038,-115.967
0.006,-3.182,-0.022,38.635,-125.671,-68.726
-0.239,-3.009,0.051,27.893,-121.521,-19.287
-0.405,-2.883,-0.044,32.471,-113.586,23.071
-0.594,-2.755,-0.116,37.537,-97.839,44.434
-0.696,-2.611,-0.133,26.978,-91.797,54.504
-0.708,-2.498,-0.125,9.094,-99.304,59.387
-0.724,-2.446,-0.122,-5.676,-108.948,53.467
-0.734,-2.387,-0.096,-17.151,-113.953,40.649
-0.710,-2.311,-0.100,-27.710,-116.028,29.785
-0.700,-2.239,-0.170,-37.598,-115.662,23.010
-0.701,-2.161,-0.244,-46.631,-113.464,20.935
-0.722,-2.104,-0.274,-54.016,-113.159,24.109
-0.772,-2.081,-0.297,-58.594,-113.403,31.494
-0.794,-1.967,-0.249,-69.153,-109.680,48.950
-0.780,-1.857,-0.206,-79.285,-105.469,69.336
-0.902,-1.764,-0.229,-82.397,-100.769,80.078
-0.785,-1.561,-0.174,-94.666,-91.003,97.107
-0.945,-1.494,-0.256,-89.050,-85.571,88.684
-0.957,-1.338,-0.249,-94.788,-83.984,78.918
-0.976,-1.229,-0.252,-101.013,-81.909,72.937
-1.001,-1.128,-0.232,-107.422,-79.224,66.345
-0.976,-1.031,-0.198,-111.694,-74.036,66.345
-0.986,-0.956,-0.164,-110.107,-66.528,68.115
-0.990,-0.851,-0.122,-102.661,-58.105,69.885
-1.029,-0.749,-0.051,-93.262,-49.500,71.594
-1.108,-0.640,0.044,-83.557,-40.833,70.618
-1.154,-0.526,0.141,-73.730,-30.518,64.819
-1.246,-0.399,0.227,-65.613,-20.935,52.673

0.920,-0.889,-0.564,74.951,-24.231,-12.146
0.913,-1.031,-0.700,70.923,-28.137,0.610
0.860,-1.233,-0.826,68.237,-29.419,14.893
0.781,-1.437,-0.935,70.251,-30.579,27.283
0.711,-1.667,-0.903,76.660,-33.508,32.532
0.610,-1.927,-0.743,82.886,-39.124,28.320
0.488,-2.177,-0.547,88.135,-46.936,17.273
0.351,-2.434,-0.312,91.248,-54.199,4.211
0.221,-2.657,-0.087,88.135,-58.777,-6.897
0.106,-2.818,0.113,81.421,-64.392,-17.395
0.045,-2.917,0.252,74.097,-71.106,-25.024
0.025,-2.962,0.328,66.406,-77.209,-25.757
-0.042,-2.984,0.338,56.580,-80.505,-18.372
-0.124,-2.943,0.283,42.603,-80.505,-2.441
-0.170,-2.859,0.211,28.931,-80.811,19.897
-0.284,-2.767,0.155,22.888,-81.970,40.771
-0.352,-2.723,0.053,27.222,-76.172,53.223
-0.446,-2.642,0.000,22.888,-71.228,54.810
-0.494,-2.544,0.012,6.592,-78.369,53.955
-0.510,-2.438,0.017,-16.357,-92.773,54.321
-0.529,-2.348,-0.027,-35.583,-102.234,52.063
-0.562,-2.266,-0.054,-46.936,-102.295,45.471
-0.607,-2.206,-0.066,-52.734,-98.389,40.588
-0.654,-2.173,-0.080,-57.861,-94.604,39.551
-0.692,-2.119,-0.088,-63.965,-91.431,41.870
-0.721,-2.037,-0.078,-71.533,-88.440,48.096
-0.756,-1.929,-0.070,-79.956,-84.473,57.739
-0.799,-1.806,-0.071,-88.013,-78.247,69.763
-0.855,-1.685,-0.077,-94.788,-70.496,81.909
-0.919,-1.581,-0.084,-99.915,-61.829,92.041
-0.937,-1.466,-0.073,-102.539,-54.443,98.816
-0.959,-1.355,-0.057,-102.844,-48.950,101.501
-1.008,-1.260,-0.026,-101.257,-45.044,101.685
-1.049,-1.141,-0.007,-96.558,-41.199,99.426
-1.076,-1.020,0.022,-89.661,-35.645,94.177
-1.114,-0.895,0.066,-84.229,-29.297,88.196
-1.152,-0.786,0.126,-81.055,-23.560,81.177
-1.151,-0.711,0.172,-79.468,-18.250,71.899
-1.176,-0.634,0.238,-77.148,-13.977,59.509
-1.229,-0.558,0.319,-73.486,-8.911,44.678
-1.275,-0.467,0.352,-71.472,-1.587,28.564
-1.249,-0.352,0.345,-70.251,5.127,11.353
-1.182,-0.245,0.318,-70.313,9.399,-5.981
-1.123,-0.166,0.309,-72.021,12.146,-22.095
-1.052,-0.104,0.305,-72.449,15.137,-35.156
-0.986,-0.059,0.309,-69.702,19.043,-44.373
-0.929,-0.032,0.315,-64.819,24.841,-48.645
-0.859,0.005,0.300,-58.228,31.677,-47.913
-0.790,0.061,0.301,-49.744,37.720,-44.312
-0.718,0.108,0.307,-40.344,44.250,-38.696
-0.658,0.154,0.316,-31.494,51.697,-31.128
-0.628,0.214,0.318,-21.973,58.594,-22.705
-0.577,0.306,0.277,-11.780,64.514,-15.076
-0.520,0.396,0.240,-1.648,67.871,-10.315
-0.466,0.473,0.263,8.362,68.115,-8.667
-0.414,0.513,0.288,16.418,69.702,-10.559
-0.351,0.518,0.297,22.400,72.876,-14.526
-0.262,0.519,0.296,27.832,75.562,-19.653
-0.160,0.515,0.263,33.325,76.233,-25.391
-0.056,0.511,0.208,39.185,74.585,-31.311
0.038,0.517,0.167,46.326,69.702,-37.415
0.119,0.524,0.155,55.237,63.538,-43.945
0.198,0.508,0.157,64.148,57.495,-50.110
0.278,0.468,0.184,71.838,52.063,-54.932
0.335,0.412,0.194,77.637,46.936,-59.204
0.371,0.352,0.202,82.764,41.565,-62.439
0.412,0.274,0.195,86.792,37.598,-64.453
0.493,0.196,0.182,90.393,33.630,-65.186
0.534,0.123,0.170,93.018,27.466,-65.796
0.573,0.041,0.132,94.971,19.287,-65.857
0.640,-0.032,0.088,95.947,11.230,-64.453
0.718,-0.111,0.034,96.497,3.479,-62.256
0.781,-0.174,-0.035,97.168,-4.028,-58.838
0.812,-0.244,-0.104,99.365,-10.193,-52.917
0.821,-0.301,-0.195,102.844,-13.123,-44.006
0.874,-0.348,-0.316,107.910,-11.841,-33.813
0.906,-0.416,-0.459,112.915,-10.620,-24.841
0.954,-0.480,-0.583,117.249,-12.268,-18.799
0.969,-0.590,-0.691,120.483,-18.433,-17.151
0.939,-0.745,-0.790,122.925,-26.733,-18.372
0.895,-0.959,-0.817,124.634,-36.072,-20.813
0.819,-1.227,-0.785,125.305,-44.983,-25.940
0.735,-1.513,-0.698,125.183,-53.711,-34.119
0.626,-1.826,-0.568,122.803,-61.218,-43.213
0.536,-2.129,-0.417,118.896,-67.993,-50.232
0.441,-2.384,-0.222,114.685,-71.655,-53.650
0.363,-2.560,-0.077,108.032,-71.045,-51.941
0.316,-2.661,0.009,99.792,-69.275,-45.532
0.248,-2.699,0.034,91.614,-69.824,-36.499
0.138,-2.719,0.024,80.750,-71.777,-26.611
0.050,-2.713,0.007,68.298,-73.059,-16.663
-0.026,-2.683,-0.041,57.251,-73.608,-7.324
-0.128,-2.683,-0.103,48.340,-75.134,0.977
-0.234,-2.699,-0.120,41.260,-77.698,9.155
-0.284,-2.690,-0.081,35.461,-79.651,15.930
-0.385,-2.660,0.018,29.663,-80.811,18.860
-0.439,-2.667,0.040,27.588,-80.688,18.555
-0.514,-2.669,0.038,24.109,-77.332,12.878
-0.564,-2.630,0.036,13.611,-75.745,9.521
-0.573,-2.575,0.045,0.061,-77.026,12.268
-0.605,-2.506,0.031,-11.902,-77.942,17.273
-0.649,-2.418,0.016,-20.874,-76.172,23.193
-0.709,-2.303,-0.002,-27.100,-72.998,31.189
-0.746,-2.141,-0.026,-30.762,-68.542,40.222
-0.772,-1.971,-0.046,-34.668,-63.538,49.011
-0.799,-1.805,-0.070,-39.368,-59.570,56.519
-0.818,-1.641,-0.081,-43.762,-57.068,62.439
-0.831,-1.514,-0.099,-49.011,-54.749,66.101
-0.834,-1.407,-0.114,-53.589,-52.368,67.017
-0.845,-1.311,-0.108,-55.786,-50.476,65.247
-0.871,-1.228,-0.078,-56.030,-48.523,63.477
-0.902,-1.173,-0.027,-56.274,-45.776,62.988
-0.930,-1.106,0.042,-56.213,-41.626,63.110
-0.973,-1.037,0.118,-56.335,-36.804,64.148
-0.995,-0.941,0.184,-56.702,-31.555,65.491
-1.026,-0.826,0.223,-56.763,-26.306,65.857
-1.066,-0.708,0.236,-56.580,-21.057,63.904
-1.123,-0.605,0.234,-57.129,-16.235,58.533
-1.193,-0.503,0.262,-55.481,-13.184,50.476

1.129,-0.686,-0.607,123.840,-32.715,-117.065
1.218,-0.854,-0.634,131.592,-36.377,-104.187
1.271,-0.979,-0.602,138.611,-37.903,-83.557
1.288,-1.078,-0.563,143.799,-41.016,-59.998
1.269,-1.160,-0.527,146.362,-45.837,-37.048
1.174,-1.229,-0.478,144.958,-52.673,-16.663
1.000,-1.294,-0.439,140.991,-58.960,0.244
0.796,-1.366,-0.428,135.986,-62.012,12.817
0.560,-1.430,-0.410,131.165,-63.171,18.188
0.361,-1.499,-0.399,126.831,-64.636,14.343
0.214,-1.596,-0.378,122.375,-68.665,1.648
0.114,-1.738,-0.348,117.493,-75.806,-14.832
0.016,-1.911,-0.301,110.901,-83.130,-30.640
-0.081,-2.112,-0.275,104.126,-89.172,-43.091
-0.143,-2.325,-0.249,96.008,-93.201,-50.415
-0.211,-2.554,-0.248,86.731,-96.680,-52.429
-0.280,-2.767,-0.227,77.271,-99.915,-48.523
-0.416,-2.928,-0.167,65.369,-101.685,-38.879
-0.480,-3.077,-0.133,49.316,-99.854,-24.048
-0.623,-3.077,-0.039,33.813,-99.609,-8.789
-0.739,-3.174,-0.157,35.706,-94.849,0.122
-0.907,-3.161,-0.160,20.386,-86.304,4.517
-0.993,-3.135,-0.167,-10.742,-91.370,16.235
-0.995,-3.055,-0.140,-42.419,-107.849,38.147
-0.966,-2.900,-0.110,-73.242,-115.540,58.289
-0.949,-2.714,-0.101,-99.854,-111.084,73.181
-0.942,-2.503,-0.150,-122.620,-100.464,85.632
-0.952,-2.303,-0.267,-141.235,-89.844,95.276
-0.972,-2.104,-0.384,-157.166,-83.130,102.173
-1.025,-1.938,-0.472,-172.180,-79.407,106.018
-0.909,-1.773,-0.365,-197.998,-73.242,114.685
-1.013,-1.695,-0.380,-196.716,-78.857,102.905
-0.986,-1.599,-0.309,-196.838,-78.491,95.276
-1.019,-1.522,-0.284,-190.979,-73.730,91.614
-1.024,-1.450,-0.239,-189.758,-65.308,93.140
-0.998,-1.357,-0.195,-189.636,-58.655,98.694
-0.972,-1.247,-0.145,-189.514,-53.467,104.614
-0.963,-1.130,-0.101,-189.880,-48.340,112.488
-0.966,-1.007,-0.054,-187.378,-42.114,119.446
-0.966,-0.861,-0.008,-179.932,-35.095,122.559
-0.996,-0.712,0.044,-168.579,-28.198,120.728
-1.059,-0.555,0.097,-153.564,-21.301,111.816
-1.079,-0.365,0.141,-140.625,-12.268,94.360
-1.072,-0.216,0.185,-135.498,-2.747,66.650
-1.052,-0.088,0.213,-135.498,2.136,33.386
-1.016,0.013,0.235,-138.916,4.211,-1.465
-0.983,0.075,0.271,-143.372,6.531,-34.546
-0.946,0.129,0.300,-138.977,9.583,-60.669
-0.911,0.159,0.332,-125.122,13.489,-76.660
-0.869,0.199,0.363,-107.788,18.799,-81.604
-0.817,0.229,0.384,-87.646,26.306,-78.003
-0.756,0.253,0.411,-66.895,35.461,-68.604
-0.707,0.269,0.443,-47.485,44.189,-55.359
-0.658,0.261,0.477,-29.846,51.270,-40.344
-0.608,0.258,0.487,-15.503,57.556,-25.330
-0.553,0.265,0.513,-2.502,63.232,-12.756
-0.513,0.266,0.539,9.521,67.810,-2.808
-0.471,0.265,0.577,19.653,70.068,5.371
-0.445,0.276,0.628,28.198,71.045,12.756
-0.439,0.285,0.673,35.400,71.655,18.372
-0.426,0.291,0.694,41.931,71.777,22.095
-0.395,0.306,0.712,48.218,70.679,23.865
-0.378,0.310,0.732,54.871,68.359,22.461
-0.378,0.300,0.758,62.378,65.674,18.982
-0.381,0.302,0.762,70.862,63.538,15.137
-0.383,0.292,0.746,79.468,62.500,10.681
-0.371,0.285,0.722,86.914,62.683,4.822
-0.344,0.272,0.697,93.140,63.538,-2.625
-0.303,0.251,0.655,97.656,64.819,-12.451
-0.240,0.228,0.600,100.403,65.002,-23.071
-0.181,0.205,0.550,102.051,64.026,-33.752
-0.111,0.190,0.495,103.882,63.354,-43.640
-0.058,0.175,0.458,105.103,63.660,-51.819
-0.030,0.156,0.387,104.675,65.857,-58.044
0.071,0.137,0.233,101.135,68.542,-64.514
0.228,0.121,0.077,96.619,64.819,-74.585
0.423,0.032,-0.077,92.468,52.002,-87.891
0.732,-0.097,-0.253,87.952,31.494,-98.694
0.973,-0.216,-0.436,85.449,3.418,-104.980
1.131,-0.343,-0.671,87.524,-23.315,-100.586
1.240,-0.405,-0.892,92.224,-37.903,-80.933
1.317,-0.430,-1.039,98.755,-36.987,-49.561
1.357,-0.459,-1.132,106.567,-31.372,-18.677
1.335,-0.531,-1.156,113.953,-30.518,1.160
1.243,-0.658,-1.110,118.408,-33.325,9.216
1.148,-0.851,-1.015,119.019,-37.109,10.437
1.033,-1.084,-0.880,116.089,-40.710,6.226
0.924,-1.306,-0.708,112.854,-44.617,-2.319
0.779,-1.469,-0.521,109.375,-47.546,-14.526
0.636,-1.583,-0.392,106.323,-49.683,-24.536
0.463,-1.710,-0.287,101.990,-51.392,-31.006
0.329,-1.775,-0.225,96.619,-51.636,-36.865
0.217,-1.902,-0.210,89.905,-51.270,-43.579
0.092,-2.098,-0.214,79.773,-54.199,-50.354
-0.017,-2.280,-0.196,70.129,-61.340,-56.641
-0.094,-2.443,-0.144,62.012,-68.481,-61.951
-0.153,-2.569,-0.089,54.077,-72.632,-61.646
-0.227,-2.687,-0.078,45.288,-74.341,-54.504
-0.321,-2.817,-0.093,34.241,-75.073,-40.955
-0.421,-2.951,-0.071,22.217,-76.538,-24.414
-0.509,-3.041,-0.024,18.066,-79.102,-9.766
-0.584,-3.104,-0.052,23.254,-74.585,-0.427
-0.668,-3.104,-0.055,18.738,-66.772,7.751
-0.708,-3.019,-0.067,4.456,-64.392,20.447
-0.741,-2.868,-0.121,-14.954,-66.833,34.302
-0.779,-2.691,-0.213,-32.227,-67.993,45.410
-0.799,-2.499,-0.307,-42.297,-65.918,51.086
-0.798,-2.301,-0.374,-46.570,-62.988,52.246
-0.810,-2.130,-0.407,-47.974,-61.340,50.415
-0.825,-1.979,-0.419,-47.974,-61.279,47.180
-0.842,-1.824,-0.397,-48.767,-61.401,44.739
-0.869,-1.679,-0.363,-49.622,-59.692,42.725
-0.887,-1.544,-0.318,-50.537,-56.213,42.236
-0.888,-1.429,-0.267,-52.246,-51.392,42.664
-0.897,-1.328,-0.231,-54.626,-46.448,43.335
-0.925,-1.226,-0.222,-55.725,-43.091,44.556
-0.976,-1.117,-0.213,-53.772,-41.321,46.265
-1.054,-1.048,-0.163,-49.438,-39.734,47.607
-1.102,-1.009,-0.079,-44.434,-36.804,46.997

-1.220,-0.906,0.144,-34.302,-28.503,37.231
-1.304,-0.873,0.226,-32.288,-21.362,30.640
-1.380,-0.853,0.261,-31.555,-12.695,22.827
-1.400,-0.818,0.317,-30.273,-4.639,13.489
-1.411,-0.746,0.408,-29.846,1.038,3.052
-1.436,-0.669,0.475,-31.677,6.836,-7.629
-1.436,-0.591,0.471,-35.522,13.245,-17.822
-1.410,-0.495,0.432,-39.124,19.409,-27.100
-1.316,-0.360,0.384,-39.917,25.635,-35.645
-1.169,-0.202,0.292,-38.696,31.799,-43.579
-1.004,-0.023,0.209,-35.339,35.583,-50.598
-0.849,0.154,0.176,-29.663,37.659,-56.213
-0.694,0.320,0.147,-23.499,39.856,-59.082
-0.559,0.453,0.148,-16.724,41.931,-59.998
-0.456,0.555,0.170,-7.935,43.335,-58.777
-0.387,0.609,0.205,1.709,45.715,-54.016
-0.317,0.636,0.228,11.414,48.584,-46.326
-0.258,0.637,0.216,20.813,51.697,-38.269
-0.200,0.624,0.188,30.090,52.917,-32.288
-0.156,0.591,0.196,39.429,52.490,-28.992
-0.128,0.533,0.217,47.485,52.734,-27.405
-0.101,0.470,0.259,54.871,52.612,-26.001
-0.072,0.390,0.287,62.256,52.856,-24.475
-0.018,0.324,0.342,68.665,54.260,-21.973
0.044,0.277,0.397,72.449,55.542,-19.531
0.117,0.247,0.391,72.571,54.871,-19.714
0.191,0.219,0.391,72.998,50.171,-23.865
0.238,0.200,0.391,74.280,43.091,-30.029
0.279,0.168,0.349,76.233,36.987,-34.546
0.337,0.128,0.315,79.468,32.043,-36.987
0.393,0.077,0.316,83.740,27.649,-38.879
0.398,0.030,0.317,88.867,24.109,-39.917
0.411,-0.008,0.337,94.116,22.522,-37.842
0.430,-0.046,0.343,97.656,23.315,-33.508
0.441,-0.082,0.331,99.792,23.865,-29.724
0.469,-0.108,0.310,101.624,22.583,-27.161
0.513,-0.130,0.269,103.027,19.775,-25.635
0.596,-0.154,0.239,104.126,15.137,-25.513
0.655,-0.164,0.211,104.004,7.507,-26.794
0.671,-0.180,0.146,103.577,-1.648,-27.832
0.661,-0.197,0.034,102.600,-10.010,-26.306
0.648,-0.170,-0.158,102.722,-16.968,-22.400
0.640,-0.139,-0.402,106.506,-21.423,-19.043
0.655,-0.164,-0.626,113.098,-22.339,-17.212
0.711,-0.280,-0.785,121.460,-21.790,-17.029
0.776,-0.492,-0.904,129.517,-23.315,-18.494
0.837,-0.773,-0.939,135.620,-27.710,-19.775
0.899,-1.054,-0.913,136.414,-34.119,-20.203
0.915,-1.307,-0.888,131.897,-42.908,-21.545
0.906,-1.523,-0.842,122.742,-53.772,-24.292
0.815,-1.685,-0.799,110.657,-64.575,-28.564
0.650,-1.843,-0.784,97.534,-72.754,-33.203
0.464,-2.060,-0.777,83.191,-76.599,-36.255
0.245,-2.309,-0.712,71.716,-80.261,-38.513
0.121,-2.501,-0.633,64.941,-83.862,-41.931
0.052,-2.698,-0.482,59.509,-87.097,-45.715
-0.014,-2.870,-0.318,53.772,-91.370,-45.837
-0.056,-2.974,-0.168,47.180,-95.764,-40.039
-0.094,-3.009,-0.071,38.452,-97.168,-28.137
-0.127,-2.965,-0.024,27.649,-96.069,-10.315
-0.210,-2.888,-0.058,13.428,-94.482,8.728
-0.351,-2.812,-0.137,-1.831,-93.872,26.855
-0.494,-2.739,-0.225,-16.479,-94.727,41.992
-0.584,-2.701,-0.320,-30.273,-97.168,52.917
-0.737,-2.631,-0.265,-39.612,-105.164,56.824
-0.724,-2.629,-0.237,-33.142,-115.051,55.847
-0.787,-2.630,-0.186,-22.522,-113.831,45.105
-0.799,-2.605,-0.128,-26.917,-111.877,42.053
-0.814,-2.577,-0.105,-41.138,-113.770,50.415
-0.829,-2.550,-0.091,-58.228,-116.821,63.782
-0.899,-2.479,-0.069,-77.087,-119.263,80.017
-1.029,-2.390,-0.098,-93.994,-119.080,95.947
-1.138,-2.297,-0.147,-107.239,-112.366,109.436
-1.215,-2.158,-0.216,-117.371,-100.647,116.089
-1.263,-1.976,-0.293,-121.460,-91.675,113.892
-1.263,-1.765,-0.295,-120.117,-88.013,104.675
-1.269,-1.536,-0.242,-120.544,-85.999,91.309
-1.293,-1.368,-0.173,-122.192,-84.351,76.843
-1.297,-1.207,-0.108,-125.000,-81.726,64.087
-1.326,-1.056,-0.053,-128.723,-76.721,54.688
-1.341,-0.914,-0.017,-132.263,-69.153,49.805
-1.357,-0.791,-0.001,-132.996,-58.838,47.913
-1.371,-0.662,-0.016,-129.089,-48.035,46.753
-1.356,-0.539,-0.037,-119.751,-37.903,42.664
-1.302,-0.429,-0.030,-104.492,-29.358,33.081
-1.258,-0.314,-0.000,-86.548,-21.301,17.883
-1.256,-0.238,0.042,-68.542,-13.672,-0.427
-1.221,-0.191,0.099,-52.917,-5.005,-18.250
-1.163,-0.147,0.150,-42.358,4.150,-33.325
-1.078,-0.117,0.169,-36.743,13.550,-44.556
-0.979,-0.096,0.158,-33.875,21.118,-51.697
-0.881,-0.073,0.137,-31.372,26.611,-55.969
-0.808,-0.049,0.132,-27.954,31.250,-57.312
-0.760,-0.026,0.150,-23.743,35.156,-55.725
-0.702,-0.002,0.173,-19.226,38.940,-51.453
-0.684,0.016,0.170,-15.198,42.664,-45.532
-0.669,0.078,0.152,-10.010,45.105,-38.269
-0.650,0.146,0.182,-3.784,46.997,-31.189
-0.645,0.199,0.222,0.732,50.781,-25.085
-0.614,0.224,0.248,3.113,54.749,-18.311
-0.605,0.234,0.263,5.005,57.861,-12.329
-0.621,0.270,0.273,7.996,60.425,-8.057
-0.614,0.344,0.304,12.451,62.805,-5.432
-0.575,0.407,0.326,16.541,66.101,-5.554
-0.537,0.436,0.334,19.470,69.397,-8.057
-0.483,0.456,0.334,22.339,70.679,-11.780
-0.427,0.472,0.332,26.611,70.435,-16.663
-0.354,0.480,0.330,32.349,69.885,-21.790
-0.283,0.476,0.327,38.818,69.397,-26.855
-0.199,0.461,0.323,45.654,68.726,-32.532
-0.109,0.428,0.321,52.551,67.322,-38.879
0.010,0.372,0.324,57.861,64.270,-46.082
0.138,0.316,0.341,60.547,58.594,-54.321
0.231,0.265,0.363,61.035,50.232,-62.927
0.282,0.220,0.378,59.875,41.138,-69.763
0.330,0.186,0.357,59.204,34.180,-72.571
0.385,0.170,0.315,61.279,30.212,-71.777
0.443,0.161,0.245,66.589,28.015,-69.702
0.505,0.139,0.165,73.059,26.917,-67.688

1.257,-0.880,-0.580,107.239,-29.846,-119.995
1.357,-1.143,-0.586,111.755,-43.213,-120.483
1.400,-1.383,-0.574,116.882,-56.152,-110.046
1.411,-1.554,-0.573,121.399,-66.162,-90.515
1.369,-1.653,-0.593,124.329,-72.693,-64.575
1.259,-1.704,-0.621,124.573,-77.637,-35.461
1.052,-1.736,-0.648,122.803,-82.214,-7.385
0.790,-1.785,-0.658,119.934,-86.609,16.602
0.467,-1.856,-0.657,117.798,-90.759,33.936
0.192,-1.933,-0.587,117.371,-94.971,41.382
-0.073,-2.033,-0.456,115.479,-98.816,37.598
-0.296,-2.157,-0.315,108.215,-103.088,24.414
-0.482,-2.307,-0.218,95.398,-107.849,5.371
-0.603,-2.515,-0.120,76.416,-112.793,-15.747
-0.706,-2.745,-0.012,56.396,-119.751,-37.109
-0.781,-2.887,0.078,39.551,-127.991,-54.810
-0.820,-2.976,0.152,26.550,-133.911,-63.354
-0.906,-3.046,0.179,15.625,-134.399,-57.495
-0.893,-3.044,0.153,5.310,-128.113,-35.156
-1.033,-2.897,0.213,-3.601,-119.263,-4.700
-1.122,-2.817,0.096,3.174,-103.699,28.076
-1.266,-2.679,-0.020,8.423,-81.848,56.152
-1.369,-2.487,-0.112,5.371,-67.871,78.186
-1.421,-2.268,-0.149,-5.005,-63.843,92.834
-1.429,-2.060,-0.149,-19.958,-66.589,100.647
-1.411,-1.895,-0.144,-30.701,-72.998,98.816
-1.427,-1.757,-0.116,-36.560,-78.186,87.952
-1.431,-1.648,-0.084,-40.283,-81.299,75.073
-1.428,-1.547,-0.042,-45.349,-81.421,64.148
-1.404,-1.470,-0.017,-51.025,-79.834,56.213
-1.355,-1.409,-0.012,-56.519,-76.965,51.636
-1.324,-1.342,0.025,-63.416,-73.425,50.110
-1.364,-1.272,0.074,-68.787,-70.801,51.758
-1.404,-1.203,0.110,-71.350,-65.613,56.030
-1.431,-1.145,0.164,-72.876,-56.763,61.646
-1.442,-1.064,0.233,-72.266,-48.523,67.261
-1.504,-0.958,0.317,-69.458,-41.992,71.350
-1.568,-0.845,0.397,-65.063,-35.217,73.608
-1.615,-0.745,0.437,-60.425,-26.489,73.486
-1.639,-0.619,0.402,-54.443,-18.372,68.237
-1.626,-0.471,0.406,-45.593,-13.062,56.824
-1.606,-0.341,0.433,-38.025,-8.789,41.809
-1.566,-0.230,0.449,-33.447,-4.517,26.733
-1.508,-0.131,0.440,-31.128,0.671,11.658
-1.457,-0.052,0.404,-30.151,7.263,-1.892
-1.357,0.004,0.361,-27.466,14.526,-12.756
-1.275,0.081,0.339,-23.010,23.254,-22.888
-1.185,0.117,0.280,-18.494,31.372,-32.410
-1.091,0.182,0.230,-11.597,34.302,-41.199
-1.003,0.249,0.258,-2.319,34.973,-49.988
-0.934,0.270,0.264,4.639,38.635,-57.983
-0.868,0.310,0.224,11.902,43.030,-63.416
-0.777,0.358,0.156,22.766,44.373,-66.101
-0.639,0.367,0.102,35.156,43.518,-66.406
-0.519,0.313,0.133,46.204,38.818,-63.599
-0.474,0.287,0.186,55.725,32.837,-58.960
-0.476,0.324,0.291,66.833,27.771,-55.237
-0.434,0.342,0.372,76.843,31.433,-52.002
-0.326,0.378,0.430,83.191,42.419,-47.791
-0.239,0.425,0.387,85.632,52.490,-45.593
-0.168,0.455,0.294,86.182,55.969,-47.119
-0.084,0.455,0.217,87.402,54.321,-50.354
0.012,0.406,0.170,89.905,53.528,-55.115
0.102,0.314,0.141,95.032,53.894,-59.143
0.213,0.208,0.108,101.868,53.467,-59.631
0.333,0.081,0.098,108.826,51.941,-58.411
0.423,-0.023,0.113,113.892,48.401,-57.068
0.459,-0.087,0.143,117.554,41.748,-54.688
0.473,-0.145,0.128,119.568,34.485,-50.720
0.470,-0.161,0.079,120.850,28.687,-45.349
0.475,-0.170,0.009,123.230,23.865,-41.748
0.485,-0.197,-0.032,125.916,20.020,-41.382
0.497,-0.242,-0.042,128.784,16.113,-44.250
0.512,-0.305,-0.046,131.836,11.780,-49.072
0.553,-0.396,-0.044,133.789,7.690,-52.917
0.626,-0.502,-0.033,133.423,1.648,-54.321
0.634,-0.584,-0.010,132.019,-6.775,-53.284
0.643,-0.651,-0.031,129.639,-13.489,-48.889
0.654,-0.711,-0.092,124.817,-18.005,-41.443
0.646,-0.758,-0.169,117.554,-22.949,-34.424
0.634,-0.792,-0.245,109.741,-29.724,-30.212
0.615,-0.816,-0.333,100.708,-36.255,-27.710
0.601,-0.870,-0.413,91.431,-41.199,-25.940
0.585,-0.966,-0.513,81.848,-44.434,-23.132
0.542,-1.130,-0.597,73.975,-47.974,-18.616
0.490,-1.350,-0.670,69.763,-52.673,-12.268
0.432,-1.664,-0.699,66.101,-57.983,-3.418
0.349,-2.030,-0.677,61.890,-63.660,7.568
0.165,-2.344,-0.658,59.265,-69.214,21.118
-0.073,-2.627,-0.667,58.167,-73.242,36.499
-0.242,-2.804,-0.640,59.448,-75.073,50.537
-0.441,-2.987,-0.562,62.012,-76.599,58.105
-0.686,-3.221,-0.375,61.218,-77.148,58.411
-0.751,-3.371,-0.151,54.199,-74.219,55.359
-0.808,-3.402,0.155,43.518,-71.960,44.556
-0.793,-3.451,0.250,44.067,-72.388,28.870
-0.833,-3.388,0.253,39.124,-60.425,14.954
-0.880,-3.251,0.171,21.973,-52.490,10.620
-0.953,-3.051,-0.006,1.709,-54.626,16.479
-1.020,-2.818,-0.153,-19.287,-60.364,31.006
-1.056,-2.578,-0.250,-34.119,-63.782,47.058
-1.121,-2.341,-0.294,-41.138,-62.134,60.059
-1.167,-2.139,-0.284,-44.434,-57.312,70.618
-1.215,-1.982,-0.278,-45.837,-50.903,77.576
-1.263,-1.842,-0.275,-48.157,-44.250,81.177
-1.254,-1.687,-0.256,-51.453,-41.260,80.872
-1.218,-1.553,-0.213,-55.420,-43.152,75.195
-1.209,-1.465,-0.165,-59.509,-46.509,66.772
-1.217,-1.400,-0.123,-62.317,-48.340,59.631
-1.197,-1.337,-0.086,-62.988,-46.387,54.260
-1.170,-1.263,-0.038,-62.195,-41.260,49.988
-1.155,-1.177,-0.011,-60.364,-35.583,47.607
-1.148,-1.062,0.009,-56.702,-30.334,47.302
-1.144,-0.937,0.044,-52.307,-24.353,47.974
-1.153,-0.828,0.081,-48.645,-17.761,48.279
-1.140,-0.719,0.130,-44.250,-12.207,47.119
-1.127,-0.627,0.189,-39.185,-6.653,44.067
-1.125,-0.528,0.245,-34.912,-1.282,39.795
-1.094,-0.451,0.253,-32.043,4.822,34.729

1.199,-1.114,-0.297,87.524,-20.935,-101.624
1.189,-1.305,-0.385,85.144,-37.048,-96.985
1.147,-1.488,-0.478,82.886,-51.270,-85.083
1.056,-1.662,-0.567,80.444,-63.904,-67.322
0.898,-1.826,-0.632,78.125,-76.538,-47.913
0.670,-1.961,-0.676,75.989,-87.158,-29.724
0.419,-2.089,-0.685,75.562,-94.177,-14.038
0.190,-2.251,-0.629,75.012,-98.206,-2.686
-0.032,-2.453,-0.515,71.777,-101.990,3.174
-0.266,-2.688,-0.347,65.735,-106.079,4.333
-0.482,-2.908,-0.169,55.664,-107.849,1.709
-0.603,-3.074,0.016,44.373,-106.079,-2.686
-0.648,-3.146,0.155,33.447,-103.577,-6.958
-0.650,-3.142,0.197,21.606,-100.708,-8.179
-0.712,-3.087,0.129,7.141,-100.037,-3.296
-0.711,-2.991,0.017,-12.085,-99.976,10.071
-0.846,-2.781,-0.052,-26.550,-100.281,25.696
-0.928,-2.643,-0.277,-23.437,-91.370,40.344
-1.064,-2.453,-0.419,-22.949,-75.073,52.124
-1.184,-2.237,-0.529,-27.100,-68.970,63.171
-1.272,-2.016,-0.547,-34.241,-73.975,74.097
-1.318,-1.817,-0.522,-39.185,-80.994,81.177
-1.365,-1.648,-0.476,-39.551,-83.008,81.543
-1.396,-1.516,-0.426,-36.804,-80.994,76.477
-1.438,-1.438,-0.361,-35.034,-77.576,70.496
-1.518,-1.395,-0.282,-37.537,-73.792,65.918
-1.558,-1.339,-0.184,-41.382,-69.763,62.622
-1.573,-1.284,-0.096,-45.471,-64.575,58.472
-1.546,-1.236,-0.036,-50.049,-58.105,53.223
-1.491,-1.164,0.011,-54.016,-52.490,46.143
-1.460,-1.079,0.060,-57.129,-47.913,38.879
-1.437,-1.009,0.108,-59.143,-42.480,33.508
-1.426,-0.937,0.160,-58.594,-35.217,30.884
-1.387,-0.856,0.215,-55.420,-26.978,29.663
-1.370,-0.774,0.253,-51.270,-17.761,28.381
-1.346,-0.690,0.276,-47.424,-7.751,24.841
-1.274,-0.616,0.267,-46.143,1.770,18.433
-1.194,-0.550,0.249,-46.997,8.484,10.376
-1.123,-0.490,0.217,-48.035,12.207,2.014
-1.054,-0.401,0.178,-48.157,14.832,-5.249
-0.979,-0.302,0.153,-46.875,17.761,-11.658
-0.883,-0.207,0.137,-45.532,20.935,-16.602
-0.806,-0.121,0.121,-44.495,24.170,-20.081
-0.742,-0.046,0.119,-42.175,27.649,-21.851
-0.688,0.020,0.115,-38.879,31.921,-20.996
-0.648,0.089,0.129,-34.424,36.194,-18.616
-0.615,0.150,0.140,-29.419,39.795,-15.320
-0.601,0.201,0.164,-24.658,42.908,-11.475
-0.591,0.248,0.189,-20.264,45.654,-7.996
-0.577,0.297,0.225,-16.052,48.096,-5.432
-0.560,0.340,0.250,-12.390,51.025,-4.517
-0.544,0.370,0.266,-8.728,53.833,-5.310
-0.524,0.401,0.271,-4.272,55.176,-6.958
-0.496,0.429,0.281,1.770,55.786,-8.362
-0.466,0.448,0.297,8.850,56.824,-9.033
-0.441,0.452,0.305,16.663,58.960,-8.850
-0.415,0.455,0.290,24.963,61.462,-7.751
-0.365,0.455,0.291,34.119,63.293,-7.751
-0.316,0.444,0.308,43.518,64.331,-9.033
-0.293,0.434,0.323,51.514,64.575,-11.475
-0.257,0.436,0.322,59.753,64.209,-15.625
-0.197,0.432,0.328,67.810,63.171,-22.766
-0.139,0.405,0.350,75.134,61.218,-31.982
-0.061,0.354,0.375,81.848,59.082,-41.565
0.047,0.285,0.411,87.524,57.190,-50.964
0.187,0.178,0.439,91.614,54.382,-59.814
0.333,0.094,0.467,93.689,48.218,-68.970
0.414,0.040,0.459,95.520,38.086,-78.247
0.519,-0.040,0.415,97.656,29.236,-84.839
0.674,-0.138,0.328,99.365,23.926,-87.891
0.861,-0.260,0.216,101.563,18.066,-90.027
1.024,-0.414,0.087,102.844,8.911,-92.468
1.149,-0.581,-0.024,104.309,-2.930,-94.177
1.253,-0.751,-0.101,107.605,-15.442,-92.163
1.327,-0.904,-0.145,113.342,-26.917,-84.351
1.348,-1.056,-0.162,120.483,-35.889,-70.251
1.354,-1.178,-0.171,127.258,-42.542,-51.880
1.296,-1.274,-0.197,131.714,-50.049,-32.715
1.177,-1.361,-0.228,132.202,-59.753,-15.503
1.014,-1.430,-0.271,129.333,-69.885,-1.709
0.795,-1.522,-0.299,124.634,-78.369,8.240
0.547,-1.622,-0.304,117.493,-84.167,14.648
0.318,-1.714,-0.303,109.558,-85.571,14.465
0.111,-1.802,-0.311,100.403,-84.839,7.507
-0.125,-1.924,-0.311,89.050,-85.815,-3.723
-0.334,-2.094,-0.270,76.599,-89.294,-17.456
-0.479,-2.279,-0.177,65.186,-93.933,-31.921
-0.608,-2.478,-0.065,54.443,-98.267,-42.358
-0.710,-2.650,0.054,44.617,-101.746,-43.274
-0.817,-2.764,0.150,35.278,-102.051,-33.936
-0.906,-2.809,0.184,24.658,-97.168,-16.357
-0.991,-2.762,0.145,10.803,-88.806,7.385
-1.033,-2.665,0.105,-5.432,-79.895,31.982
-1.115,-2.578,-0.040,-12.085,-73.364,46.875
-1.220,-2.500,-0.189,-16.846,-65.430,51.758
-1.276,-2.384,-0.252,-30.579,-64.758,53.894
-1.285,-2.226,-0.246,-47.546,-70.740,58.411
-1.278,-2.061,-0.186,-60.608,-76.294,63.599
-1.258,-1.914,-0.127,-64.758,-75.256,67.078
-1.231,-1.792,-0.070,-61.035,-69.092,67.993
-1.189,-1.677,-0.010,-55.603,-61.646,68.054
-1.153,-1.566,0.046,-53.223,-57.251,69.519
-1.118,-1.474,0.096,-55.054,-55.542,72.693
-1.095,-1.366,0.135,-58.899,-53.223,76.965
-1.114,-1.248,0.153,-61.584,-50.171,81.970
-1.156,-1.130,0.147,-60.547,-44.495,86.914
-1.190,-0.966,0.139,-55.176,-36.194,89.722
-1.202,-0.805,0.130,-46.753,-27.832,88.013
-1.173,-0.646,0.123,-38.025,-22.095,80.627
-1.149,-0.495,0.153,-29.419,-21.179,66.895
-1.162,-0.390,0.216,-22.156,-22.339,51.270
-1.161,-0.305,0.309,-17.029,-21.912,38.452
-1.144,-0.257,0.355,-13.794,-17.822,27.466
-1.098,-0.218,0.421,-10.315,-12.390,18.005
-1.118,-0.130,0.464,-6.958,-5.676,9.949
-1.066,-0.074,0.441,-6.653,4.395,2.625
-1.029,-0.049,0.412,-6.897,12.268,-4.578
-1.002,-0.014,0.393,-4.272,16.907,-12.573
-0.947,0.034,0.411,0.122,20.813,-20.935

1.016,-1.181,0.026,85.632,-27.466,-32.104
0.918,-1.359,0.049,85.083,-37.048,-14.038
0.782,-1.503,0.103,84.412,-42.847,4.761
0.626,-1.597,0.138,82.947,-42.908,22.522
0.476,-1.681,0.146,78.735,-40.649,35.767
0.321,-1.749,0.113,71.472,-39.307,41.077
0.171,-1.801,0.068,64.331,-41.138,35.828
0.069,-1.865,0.071,56.519,-45.349,21.790
-0.002,-1.966,0.094,47.058,-52.002,2.747
-0.054,-2.096,0.143,37.048,-60.791,-17.273
-0.099,-2.221,0.197,26.794,-70.068,-34.302
-0.156,-2.332,0.268,16.113,-77.026,-43.701
-0.208,-2.392,0.322,5.615,-80.261,-42.969
-0.270,-2.415,0.320,-3.784,-78.796,-33.081
-0.353,-2.401,0.290,-13.062,-74.768,-15.747
-0.480,-2.339,0.233,-22.034,-69.885,5.310
-0.583,-2.219,0.164,-29.541,-64.636,27.771
-0.771,-2.114,0.135,-30.334,-62.744,44.128
-0.906,-2.012,0.090,-22.156,-60.730,52.246
-1.036,-1.878,0.089,-18.188,-61.340,54.504
-1.092,-1.760,0.169,-21.301,-66.223,55.908
-1.129,-1.665,0.282,-27.527,-70.740,56.580
-1.130,-1.592,0.374,-29.846,-70.618,54.871
-1.141,-1.541,0.413,-29.480,-65.796,52.063
-1.151,-1.469,0.409,-31.921,-58.289,51.208
-1.118,-1.387,0.369,-38.513,-50.598,51.758
-1.143,-1.299,0.343,-46.753,-44.922,52.246
-1.129,-1.202,0.309,-52.856,-41.199,53.955
-1.116,-1.102,0.254,-57.861,-36.438,55.176
-1.106,-1.000,0.190,-57.434,-30.945,54.504
-1.071,-0.877,0.169,-52.246,-26.245,51.208
-1.036,-0.783,0.179,-45.959,-22.461,45.776
-1.025,-0.741,0.209,-40.649,-20.508,39.368
-1.020,-0.719,0.262,-36.621,-19.348,33.142
-1.009,-0.713,0.319,-33.875,-17.456,27.466
-0.981,-0.720,0.373,-31.921,-14.404,22.705
-0.942,-0.707,0.416,-30.273,-10.254,19.958
-0.909,-0.671,0.437,-29.358,-4.822,19.714
-0.877,-0.615,0.440,-29.297,1.221,21.545
-0.847,-0.559,0.428,-29.724,7.202,24.719
-0.836,-0.504,0.405,-30.396,12.451,28.076
-0.832,-0.438,0.353,-29.968,16.968,30.212
-0.812,-0.361,0.325,-27.100,20.142,29.602
-0.773,-0.286,0.339,-22.522,21.729,25.940
-0.737,-0.238,0.371,-19.043,23.193,21.240
-0.711,-0.223,0.408,-17.639,24.841,17.395
-0.691,-0.216,0.434,-17.639,27.771,14.771
-0.647,-0.202,0.452,-16.968,32.471,12.329
-0.597,-0.189,0.472,-15.930,36.926,9.583
-0.553,-0.171,0.486,-14.893,39.978,7.629
-0.512,-0.149,0.493,-14.465,43.213,7.019
-0.489,-0.117,0.481,-13.367,46.692,7.263
-0.447,-0.067,0.466,-9.827,49.927,7.751
-0.397,-0.015,0.464,-4.456,53.162,7.935
-0.363,0.018,0.462,0.977,55.725,8.484
-0.333,0.047,0.448,7.080,57.800,9.277
-0.271,0.097,0.459,14.465,59.265,9.155
-0.268,0.167,0.462,22.766,59.570,7.568
-0.236,0.210,0.463,29.907,61.035,5.432
-0.196,0.258,0.473,36.438,62.195,0.549
-0.167,0.286,0.480,43.213,62.378,-6.531
-0.134,0.309,0.481,49.377,62.134,-15.076
-0.095,0.317,0.481,55.054,61.523,-24.902
-0.054,0.304,0.498,61.401,60.120,-35.889
-0.004,0.284,0.511,67.627,58.350,-46.814
0.049,0.247,0.528,73.120,56.519,-56.091
0.104,0.198,0.549,77.393,54.565,-64.087
0.135,0.165,0.552,81.299,51.392,-71.167
0.153,0.143,0.548,86.365,48.157,-77.454
0.175,0.125,0.547,92.529,46.753,-82.458
0.177,0.105,0.525,100.464,46.204,-86.121
0.153,0.120,0.454,111.877,45.837,-88.928
0.206,0.128,0.446,125.916,45.959,-92.773
0.271,0.088,0.452,136.963,46.814,-98.145
0.282,-0.018,0.448,142.578,43.579,-102.661
0.307,-0.157,0.442,145.386,36.194,-104.126
0.347,-0.288,0.457,145.264,27.527,-103.821
0.345,-0.422,0.447,144.470,18.188,-101.746
0.358,-0.552,0.411,143.738,10.193,-96.375
0.409,-0.681,0.370,140.381,4.089,-87.646
0.462,-0.775,0.301,134.155,-1.221,-78.247
0.485,-0.853,0.206,126.099,-6.714,-68.115
0.506,-0.928,0.081,115.906,-10.864,-56.519
0.512,-0.994,-0.081,104.309,-13.550,-44.434
0.488,-1.065,-0.284,93.384,-17.029,-34.851
0.471,-1.159,-0.483,83.130,-23.010,-29.846
0.521,-1.255,-0.646,74.463,-32.715,-30.579
0.564,-1.406,-0.743,67.993,-48.279,-36.377
0.557,-1.592,-0.749,63.354,-67.505,-42.053
0.521,-1.807,-0.679,60.425,-83.740,-43.335
0.430,-2.011,-0.569,57.495,-94.360,-38.269
0.276,-2.199,-0.431,54.138,-98.022,-28.198
0.115,-2.318,-0.295,50.720,-96.497,-16.235
-0.052,-2.382,-0.160,46.387,-92.896,-5.798
-0.222,-2.419,-0.042,40.283,-90.027,0.732
-0.396,-2.415,0.044,33.081,-88.867,4.944
-0.540,-2.387,0.133,27.161,-88.745,6.348
-0.665,-2.349,0.214,20.813,-88.196,6.409
-0.772,-2.299,0.266,14.404,-86.487,6.958
-0.853,-2.229,0.306,8.118,-83.435,9.033
-0.923,-2.144,0.328,1.526,-79.773,12.756
-0.932,-2.021,0.391,-6.714,-75.684,18.311
-1.016,-1.918,0.374,-7.629,-71.106,19.470
-1.063,-1.826,0.349,-6.104,-62.256,17.212
-1.110,-1.713,0.346,-10.315,-56.152,15.198
-1.130,-1.599,0.381,-19.958,-54.260,17.700
-1.125,-1.501,0.411,-30.640,-53.223,24.109
-1.120,-1.425,0.421,-37.292,-48.340,29.968
-1.129,-1.362,0.408,-39.490,-40.466,32.837
-1.133,-1.300,0.389,-40.649,-33.447,33.447
-1.148,-1.258,0.375,-43.335,-28.992,32.410
-1.153,-1.210,0.361,-46.692,-25.635,30.457
-1.144,-1.153,0.355,-49.683,-22.095,28.381
-1.137,-1.109,0.334,-52.368,-17.151,26.855
-1.118,-1.051,0.303,-52.917,-11.414,26.062
-1.081,-0.993,0.285,-52.551,-5.737,23.987
-1.044,-0.951,0.274,-52.368,-0.610,21.362
-1.033,-0.930,0.262,-52.368,3.662,18.494
-1.008,-0.909,0.259,-51.331,8.606,15.930

-0.914,-0.853,0.254,-48.462,18.494,11.230
-0.875,-0.813,0.240,-46.936,22.644,9.827
-0.835,-0.761,0.212,-45.410,26.611,9.583
-0.801,-0.694,0.172,-43.823,30.640,9.827
-0.767,-0.616,0.139,-41.382,34.058,9.644
-0.732,-0.526,0.137,-38.452,37.048,8.972
-0.720,-0.445,0.131,-35.645,39.185,8.545
-0.703,-0.350,0.115,-33.203,40.466,7.751
-0.686,-0.258,0.106,-30.273,40.894,5.249
-0.647,-0.165,0.116,-26.550,40.527,1.770
-0.645,-0.094,0.145,-24.048,40.833,-0.916
-0.643,-0.030,0.156,-22.095,42.175,-2.380
-0.614,0.038,0.173,-19.653,43.335,-3.723
-0.602,0.106,0.205,-16.418,44.373,-6.042
-0.587,0.176,0.231,-12.146,45.410,-9.705
-0.564,0.234,0.253,-8.240,46.265,-13.367
-0.540,0.270,0.273,-4.150,46.875,-16.113
-0.524,0.299,0.275,0.122,48.157,-17.456
-0.506,0.330,0.266,6.287,50.537,-17.578
-0.467,0.358,0.263,14.160,53.467,-17.700
-0.442,0.369,0.252,22.034,55.969,-18.494
-0.422,0.368,0.247,29.724,56.702,-19.958
-0.383,0.363,0.259,37.048,57.068,-22.522
-0.345,0.347,0.264,43.335,57.678,-26.489
-0.303,0.323,0.264,48.645,57.739,-30.579
-0.250,0.294,0.268,53.894,57.190,-34.119
-0.186,0.256,0.271,58.411,55.786,-37.048
-0.114,0.206,0.276,61.279,54.321,-40.039
-0.055,0.184,0.282,62.927,51.086,-43.335
-0.026,0.160,0.257,64.758,46.814,-46.509
0.050,0.110,0.224,66.467,43.335,-48.645
0.163,0.065,0.209,67.810,38.757,-51.819
0.210,0.042,0.198,71.045,30.945,-58.044
0.269,0.004,0.182,76.355,24.231,-63.904
0.385,-0.051,0.160,81.116,20.935,-65.979
0.536,-0.159,0.129,85.388,17.273,-67.139
0.669,-0.272,0.103,89.905,10.132,-69.336
0.790,-0.430,0.069,93.872,0.854,-71.350
0.903,-0.622,0.035,96.863,-7.263,-71.289
1.011,-0.837,0.008,101.013,-14.648,-67.688
1.122,-1.065,-0.006,106.506,-22.339,-60.303
1.174,-1.284,-0.018,112.610,-31.189,-50.720
1.196,-1.464,-0.016,119.812,-40.710,-39.856
1.202,-1.647,-0.007,125.488,-48.462,-28.625
1.151,-1.841,-0.009,126.953,-56.091,-17.639
1.038,-2.029,-0.003,124.390,-65.552,-8.728
0.854,-2.231,0.023,117.615,-76.782,-3.418
0.614,-2.428,0.067,106.873,-86.853,-1.343
0.370,-2.579,0.127,94.727,-93.262,-1.709
0.183,-2.687,0.216,83.557,-96.680,-4.272
0.010,-2.758,0.317,72.144,-99.915,-6.897
-0.186,-2.798,0.395,59.753,-103.638,-6.714
-0.362,-2.791,0.455,48.584,-105.957,-1.770
-0.513,-2.754,0.488,37.720,-105.103,7.446
-0.642,-2.682,0.481,26.367,-101.746,19.348
-0.758,-2.586,0.434,15.930,-98.328,31.921
-0.774,-2.434,0.401,4.944,-95.581,46.143
-0.910,-2.263,0.368,-1.343,-95.093,57.434
-0.967,-2.141,0.267,4.761,-90.088,65.552
-1.076,-2.008,0.179,8.484,-83.679,67.444
-1.160,-1.850,0.164,-0.244,-81.543,70.618
-1.224,-1.706,0.176,-15.869,-82.275,76.599
-1.256,-1.589,0.182,-30.701,-80.383,80.444
-1.276,-1.485,0.179,-39.124,-73.608,78.369
-1.322,-1.416,0.174,-42.603,-65.796,70.923
-1.404,-1.347,0.184,-45.410,-57.983,60.791
-1.482,-1.228,0.217,-47.668,-49.805,50.232
-1.469,-1.099,0.248,-52.246,-40.527,38.940
-1.442,-1.017,0.250,-59.143,-33.508,25.696
-1.422,-0.957,0.244,-64.880,-29.419,13.733
-1.390,-0.896,0.242,-67.749,-23.315,6.287
-1.350,-0.850,0.236,-66.162,-12.939,2.991
-1.307,-0.811,0.224,-61.340,-1.282,3.906
-1.257,-0.760,0.209,-53.284,8.606,6.409
-1.222,-0.721,0.208,-44.434,16.785,8.301
-1.200,-0.672,0.204,-36.621,23.865,9.583
-1.170,-0.605,0.200,-29.236,30.396,9.888
-1.130,-0.522,0.190,-21.851,36.438,9.827
-1.071,-0.447,0.186,-14.343,41.321,8.850
-1.027,-0.389,0.176,-9.216,45.959,7.385
-0.969,-0.340,0.157,-6.104,50.598,5.615
-0.886,-0.309,0.154,-3.784,53.772,3.174
-0.813,-0.286,0.165,-3.357,55.054,0.061
-0.773,-0.258,0.180,-3.784,54.443,-2.441
-0.720,-0.210,0.178,-4.517,54.016,-4.272
-0.642,-0.162,0.189,-4.822,53.406,-5.676
-0.591,-0.123,0.195,-5.798,51.758,-6.836
-0.559,-0.096,0.167,-6.470,50.964,-6.897
-0.530,-0.047,0.141,-5.371,51.147,-5.249
-0.492,0.006,0.132,-2.319,52.490,-3.357
-0.447,0.049,0.103,0.916,54.077,-2.258
-0.393,0.094,0.072,3.845,54.810,-2.625
-0.335,0.132,0.053,7.996,54.626,-5.005
-0.277,0.155,0.049,12.756,55.176,-8.423
-0.229,0.187,0.028,18.066,56.763,-11.353
-0.167,0.203,-0.000,24.597,57.556,-13.794
-0.108,0.221,-0.003,32.104,55.786,-16.418
-0.081,0.223,0.011,39.429,52.856,-19.531
-0.056,0.217,0.021,46.143,50.415,-22.400
-0.018,0.200,0.027,52.734,49.133,-25.391
0.020,0.155,0.030,58.960,47.668,-28.809
0.080,0.093,0.032,64.209,45.898,-31.860
0.147,0.034,0.028,67.627,43.152,-34.119
0.221,-0.062,0.028,69.519,39.246,-36.621
0.326,-0.137,0.060,69.153,33.569,-39.063
0.362,-0.178,0.081,68.237,26.367,-42.236
0.417,-0.229,0.086,67.505,20.386,-43.579
0.471,-0.251,0.085,66.589,16.357,-41.443
0.517,-0.286,0.075,68.298,11.597,-38.879
0.580,-0.324,0.091,72.205,6.104,-36.499
0.608,-0.383,0.126,77.026,0.366,-34.424
0.620,-0.470,0.161,83.008,-4.272,-32.288
0.666,-0.596,0.212,90.210,-8.423,-30.273
0.738,-0.782,0.286,97.351,-13.123,-28.992
0.784,-1.002,0.361,102.478,-19.592,-27.283
0.794,-1.214,0.468,105.286,-26.489,-24.292
0.788,-1.385,0.545,106.445,-31.006,-18.677
0.783,-1.520,0.585,106.384,-33.203,-10.254
0.763,-1.614,0.576,104.309,-34.302,0.183

0.644,-1.743,0.518,90.759,-38.025,21.545
0.546,-1.770,0.445,80.261,-40.161,29.053
0.441,-1.776,0.313,68.787,-42.114,33.875
0.309,-1.757,0.140,59.204,-46.448,34.790
0.179,-1.703,0.004,53.162,-52.795,28.748
0.137,-1.676,-0.052,46.448,-60.059,13.733
0.074,-1.723,-0.055,39.612,-70.618,-6.226
0.024,-1.812,-0.005,31.921,-84.229,-25.818
-0.008,-1.885,0.031,21.545,-96.375,-39.917
-0.052,-1.936,0.089,12.268,-105.652,-45.288
-0.113,-1.938,0.196,12.390,-109.741,-37.842
-0.228,-2.019,0.174,27.527,-103.210,-28.259
-0.396,-2.003,0.248,26.794,-93.140,-14.709
-0.497,-1.927,0.306,12.756,-83.252,12.268
-0.552,-1.801,0.346,-3.235,-70.007,46.753
-0.599,-1.683,0.326,-14.893,-55.481,75.256
-0.656,-1.565,0.288,-21.973,-42.847,91.858
-0.691,-1.424,0.227,-26.245,-31.738,100.403
-0.709,-1.289,0.145,-27.100,-23.193,101.685
-0.699,-1.162,0.085,-23.743,-20.691,96.008
-0.660,-1.046,0.052,-18.738,-23.010,85.022
-0.608,-0.957,0.057,-12.634,-27.405,70.435
-0.560,-0.901,0.078,-7.385,-33.569,55.908
-0.552,-0.883,0.119,-3.174,-39.612,45.105
-0.548,-0.884,0.147,-1.038,-41.382,38.513
-0.506,-0.889,0.195,1.038,-38.635,34.851
-0.516,-0.895,0.231,6.165,-35.156,30.334
-0.505,-0.905,0.254,11.902,-29.297,27.466
-0.504,-0.906,0.281,14.160,-22.583,25.757
-0.516,-0.897,0.304,12.390,-17.944,23.743
-0.520,-0.883,0.328,8.911,-15.442,22.095
-0.527,-0.875,0.349,5.310,-12.207,20.142
-0.533,-0.860,0.353,3.479,-8.301,16.418
-0.521,-0.838,0.353,1.831,-5.188,11.719
-0.501,-0.819,0.348,-1.160,-5.005,6.592
-0.485,-0.798,0.343,-4.517,-7.507,0.916
-0.469,-0.777,0.357,-6.653,-10.315,-3.845
-0.441,-0.761,0.365,-8.423,-10.437,-7.446
-0.412,-0.755,0.361,-10.437,-7.080,-7.874
-0.365,-0.765,0.351,-12.634,-1.709,-4.150
-0.324,-0.759,0.351,-16.113,3.357,1.770
-0.299,-0.753,0.335,-18.188,6.958,9.583
-0.260,-0.740,0.305,-20.874,11.597,17.822
-0.226,-0.721,0.274,-24.902,17.639,25.330
-0.204,-0.701,0.251,-26.062,22.339,32.166
-0.176,-0.679,0.236,-23.682,24.597,37.048
-0.163,-0.670,0.223,-21.362,25.940,38.452
-0.154,-0.667,0.208,-18.799,25.146,37.170
-0.152,-0.670,0.200,-15.625,22.156,33.447
-0.144,-0.663,0.194,-11.169,17.944,27.344
-0.136,-0.668,0.206,-6.348,13.245,20.203
-0.142,-0.683,0.222,-1.892,8.606,12.817
-0.143,-0.705,0.238,1.099,5.310,6.592
-0.126,-0.719,0.264,2.930,2.502,1.038
-0.119,-0.732,0.269,4.211,-1.099,-3.845
-0.124,-0.763,0.291,5.188,-5.432,-7.263
-0.138,-0.775,0.287,5.554,-10.498,-8.545
-0.143,-0.802,0.296,5.310,-14.832,-8.728
-0.142,-0.816,0.318,3.662,-17.334,-9.338
-0.130,-0.823,0.341,4.822,-18.127,-11.780
-0.148,-0.868,0.307,11.841,-18.066,-20.874
-0.164,-0.880,0.312,10.193,-16.663,-25.513
-0.144,-0.889,0.318,6.592,-14.954,-21.912
-0.132,-0.903,0.311,5.371,-13.245,-18.921
-0.154,-0.934,0.294,4.883,-11.108,-18.127
-0.159,-0.944,0.281,4.761,-9.338,-15.320
-0.158,-0.945,0.283,3.540,-8.301,-10.681
-0.138,-0.962,0.281,2.014,-7.996,-9.338
-0.140,-1.003,0.269,2.441,-9.338,-12.573
-0.144,-1.014,0.240,1.526,-13.916,-12.573
-0.139,-1.050,0.292,-3.601,-19.226,-6.470
-0.132,-1.059,0.314,-5.981,-22.522,1.709
-0.146,-1.069,0.325,-7.568,-22.034,10.010
-0.152,-1.076,0.346,-11.414,-18.127,16.907
-0.160,-1.066,0.358,-15.747,-12.390,24.658
-0.156,-1.051,0.345,-20.874,-5.737,31.067
-0.089,-1.062,0.316,-25.269,0.305,35.522
-0.052,-1.044,0.329,-31.128,4.333,34.485
-0.093,-1.019,0.267,-34.851,7.446,32.227
-0.153,-0.984,0.280,-37.415,6.348,22.400
-0.124,-0.954,0.302,-39.551,5.493,17.090
-0.127,-0.948,0.302,-32.349,8.728,19.043
-0.127,-0.945,0.317,-26.978,8.179,21.545
-0.111,-0.954,0.322,-20.996,6.409,23.132
-0.113,-0.963,0.364,-17.883,4.028,23.499
-0.113,-0.950,0.398,-17.883,1.831,23.132
-0.133,-0.943,0.409,-19.775,0.244,22.461
-0.142,-0.956,0.404,-22.461,0.122,20.691
-0.133,-0.969,0.393,-22.217,-0.549,18.677
-0.152,-0.948,0.405,-19.531,-3.601,17.822
-0.199,-0.945,0.426,-16.724,-7.019,16.357
-0.194,-0.934,0.474,-18.494,-7.751,13.611
-0.202,-0.968,0.461,-16.724,-6.165,12.512
-0.194,-0.998,0.488,-13.245,-2.258,14.893
-0.214,-0.994,0.525,-13.855,1.282,19.775
-0.229,-0.988,0.546,-15.991,6.409,22.949
-0.192,-1.008,0.533,-21.362,13.367,23.254
-0.178,-1.007,0.522,-26.794,17.517,24.170
-0.180,-0.971,0.524,-33.081,19.470,25.696
-0.178,-0.944,0.496,-41.138,22.522,25.879
-0.165,-0.901,0.442,-47.852,26.062,24.719
-0.155,-0.846,0.391,-50.781,28.809,22.766
-0.146,-0.810,0.332,-49.194,31.860,21.118
-0.147,-0.786,0.308,-43.213,31.433,19.043
-0.137,-0.716,0.307,-34.058,28.442,15.381
-0.130,-0.741,0.353,-27.466,27.527,11.169
-0.125,-0.750,0.440,-28.564,27.954,8.362
-0.128,-0.762,0.461,-33.020,27.588,4.089
-0.110,-0.811,0.431,-47.058,27.466,-4.028
-0.096,-0.818,0.388,-60.547,21.057,-12.939
-0.075,-0.822,0.385,-64.331,10.498,-20.996
0.011,-0.808,0.208,-83.008,-1.038,-27.466
-0.086,-0.841,0.568,-124.207,-18.677,-33.142
-0.021,-0.910,0.394,-71.289,-16.235,-24.292
-0.058,-0.861,0.429,-44.617,-17.395,-12.939
-0.086,-0.814,0.454,-25.452,-14.648,-3.967
-0.074,-0.774,0.523,-18.250,-9.827,1.831
-0.075,-0.772,0.575,-20.630,-4.761,4.211
-0.039,-0.770,0.584,-24.353,-0.671,2.380

-0.220,0.235,2.128,-121.094,-87.463,6.958
0.067,0.023,0.462,3.174,13.245,-3.906
-0.108,-0.182,1.165,-21.484,0.549,-9.277
-0.031,-0.052,0.889,-2.563,0.244,-2.136
-0.045,-0.044,1.018,-9.033,-0.366,0.732
-0.051,-0.020,0.964,-15.747,-2.747,-0.305
-0.048,-0.033,0.975,-16.602,0.671,-0.610
-0.046,-0.019,0.978,-16.296,0.610,-0.610
-0.026,-0.005,0.940,-16.785,0.244,-1.709
-0.043,-0.026,0.975,-13.489,-2.991,-4.456
-0.038,0.014,0.962,-16.479,-4.517,-7.385
-0.044,-0.020,0.983,-15.015,-5.249,-10.376
-0.067,-0.063,0.989,-10.864,-6.287,-10.254
-0.048,0.012,0.951,-13.184,-6.897,-6.409
-0.059,-0.030,1.007,-10.803,-8.728,-7.324
-0.060,0.042,0.951,-14.282,-9.094,-10.498
-0.052,-0.018,0.984,-8.911,-10.925,-15.259
-0.063,0.029,0.974,-11.597,-12.085,-16.968
-0.061,0.024,0.969,-11.658,-12.268,-20.264
-0.082,-0.086,0.992,-5.493,-13.000,-23.560
-0.056,0.008,0.979,-9.644,-13.489,-19.226
-0.103,0.069,0.963,-14.648,-13.550,-17.944
-0.047,-0.010,0.988,-8.972,-16.785,-23.926
-0.084,-0.073,0.975,-3.357,-17.273,-24.902
-0.121,0.017,0.945,-14.587,-14.038,-19.592
-0.072,-0.010,0.958,-14.648,-12.451,-20.142
-0.082,-0.036,0.956,-2.014,-11.414,-19.958
-0.115,0.045,0.953,-7.812,-8.240,-16.357
-0.104,0.052,0.947,-9.460,-4.395,-17.090
-0.093,0.012,0.990,-9.644,-3.357,-18.311
-0.106,-0.005,0.979,-9.033,-2.014,-16.907
-0.072,0.002,0.986,-7.751,-2.930,-13.733
-0.094,0.032,0.972,-9.277,-3.662,-10.315
-0.124,0.040,0.972,-9.033,-6.165,-9.338
-0.078,0.032,0.937,-5.554,-9.949,-10.559
-0.104,-0.002,0.970,-2.258,-14.282,-12.695
-0.112,-0.249,1.030,-19.348,-15.991,-22.705
-0.217,-0.051,1.124,-82.520,-11.902,-44.006
-0.154,0.103,1.017,-158.020,1.099,-60.364
-0.086,0.124,0.797,-185.730,9.949,-75.378
-0.049,0.131,0.918,-151.794,5.981,-71.716
-0.073,0.159,0.980,-105.774,4.089,-64.209
-0.107,0.197,0.974,-112.000,5.310,-57.922
-0.068,0.182,0.846,-106.995,6.104,-54.932
-0.053,0.287,0.945,-97.046,2.380,-47.729
-0.034,0.284,0.913,-84.412,0.793,-42.175
-0.050,0.273,0.912,-58.838,-3.662,-33.691
-0.095,0.205,0.952,-29.419,-9.155,-25.391
-0.093,0.189,0.967,-8.484,-11.169,-17.822
-0.113,0.208,0.959,-18.188,-9.094,-12.634
-0.105,0.228,0.935,-32.410,-3.601,-11.292
-0.099,0.266,0.929,-42.786,-0.061,-10.803
-0.115,0.297,0.929,-46.204,1.648,-10.620
-0.093,0.307,0.932,-43.396,1.526,-11.292
-0.071,0.291,0.914,-32.471,0.061,-10.681
-0.072,0.274,0.928,-17.578,-1.648,-6.653
-0.085,0.271,0.926,-10.010,-2.075,-1.953
-0.098,0.270,0.919,-8.606,-2.075,0.427
-0.099,0.273,0.926,-8.850,-1.770,0.732
-0.100,0.290,0.928,-11.414,-0.305,-0.366
-0.097,0.296,0.936,-14.221,0.854,-1.892
-0.107,0.301,0.936,-13.000,1.648,-2.808
-0.096,0.293,0.945,-11.475,1.160,-4.456
-0.077,0.273,0.947,-6.775,0.610,-5.737
-0.093,0.278,0.963,-7.324,0.610,-5.859
-0.103,0.278,0.964,-9.766,1.587,-6.104
-0.095,0.264,0.943,-11.108,2.441,-6.165
-0.102,0.266,0.904,-13.672,3.174,-4.639
-0.093,0.281,0.869,-20.020,3.479,-3.174
-0.088,0.293,0.885,-22.095,3.113,-3.662
-0.095,0.301,0.904,-19.531,2.747,-4.639
-0.075,0.303,0.920,-17.212,1.831,-5.737
-0.083,0.312,0.924,-18.066,1.587,-5.676
-0.079,0.309,0.925,-17.883,2.563,-4.944
-0.085,0.312,0.922,-16.968,2.197,-3.662
-0.085,0.316,0.922,-16.541,1.038,-2.319
-0.088,0.322,0.917,-15.503,0.183,-1.892
-0.094,0.317,0.914,-15.015,-0.977,-2.747
-0.091,0.310,0.916,-13.062,-1.526,-3.296
-0.089,0.316,0.917,-13.428,-1.587,-3.235
-0.089,0.313,0.921,-14.771,-1.404,-2.930
-0.094,0.327,0.917,-15.198,-0.549,-1.953
-0.090,0.338,0.908,-16.602,0.000,-1.709
-0.082,0.333,0.903,-14.587,-0.183,-2.258
-0.088,0.336,0.907,-11.719,-0.732,-2.563
-0.089,0.339,0.905,-10.071,-1.038,-2.563
-0.088,0.325,0.903,-8.606,-0.977,-3.357
-0.089,0.328,0.915,-7.629,-0.671,-3.052
-0.092,0.325,0.916,-8.362,0.549,-1.892
-0.090,0.333,0.910,-10.437,2.014,-1.038
-0.088,0.350,0.904,-12.024,2.625,-0.671
-0.087,0.339,0.903,-10.376,1.953,-1.465
-0.088,0.335,0.912,-7.690,0.671,-1.648
-0.088,0.337,0.916,-7.874,0.610,-0.488
-0.087,0.344,0.909,-9.399,1.038,0.854
-0.088,0.350,0.902,-10.315,1.099,1.038
-0.089,0.348,0.903,-9.399,0.732,0.427
-0.086,0.343,0.910,-8.484,0.793,0.549
-0.090,0.344,0.907,-8.179,1.099,1.099
-0.089,0.349,0.903,-8.972,1.099,1.465
-0.089,0.348,0.906,-8.728,1.160,1.099
-0.091,0.349,0.909,-8.179,0.732,0.610
-0.090,0.352,0.907,-8.240,0.793,0.610
-0.089,0.358,0.903,-8.789,0.610,0.244
-0.087,0.351,0.900,-8.911,0.427,-0.977
-0.086,0.360,0.904,-9.705,-0.305,-1.953
-0.088,0.353,0.904,-10.437,-0.732,-2.686
-0.086,0.352,0.901,-10.376,-0.488,-2.075
-0.084,0.362,0.899,-10.986,0.000,-1.404
-0.087,0.361,0.898,-10.437,0.061,-1.160
-0.089,0.358,0.901,-8.423,0.366,-0.427
-0.087,0.356,0.902,-6.836,1.160,0.916
-0.089,0.362,0.899,-7.080,1.465,2.075
-0.088,0.362,0.896,-7.507,1.404,2.136
-0.089,0.361,0.898,-7.874,1.038,1.648
-0.090,0.362,0.900,-7.935,0.916,1.465
-0.089,0.366,0.899,-8.179,0.854,1.465
-0.088,0.370,0.896,-7.935,0.854,1.526
-0.088,0.375,0.900,-7.874,1.038,1.282
