aX,aY,aZ,gX,gY,gZ
0.572,-0.549,0.894,-1.892,-30.396,42.908
0.545,-0.570,0.854,-1.038,-32.410,47.852
0.486,-0.545,0.813,1.587,-35.767,57.678
0.490,-0.526,0.798,6.165,-41.504,73.608
0.462,-0.442,0.820,13.062,-45.349,78.003
0.384,-0.459,0.834,16.357,-47.424,70.313
0.401,-0.498,0.904,15.137,-52.185,69.641
0.396,-0.538,0.955,18.066,-56.152,66.956
0.379,-0.586,0.982,11.475,-57.556,63.721
0.370,-0.655,0.975,-3.357,-61.157,61.707
0.346,-0.719,0.959,-19.043,-67.871,62.012
0.294,-0.757,0.943,-33.447,-73.364,65.918
0.230,-0.759,0.923,-43.945,-74.951,74.707
0.143,-0.763,0.920,-46.387,-72.693,86.426
0.074,-0.762,0.905,-42.603,-67.871,98.694
0.017,-0.738,0.903,-37.231,-63.354,111.145
-0.053,-0.691,0.885,-35.522,-59.753,122.375
-0.111,-0.610,0.845,-37.231,-55.603,131.775
-0.180,-0.538,0.783,-38.879,-52.185,137.634
-0.254,-0.477,0.728,-39.551,-50.781,140.015
-0.328,-0.402,0.698,-36.011,-52.063,140.686
-0.393,-0.333,0.705,-27.283,-53.467,139.343
-0.471,-0.280,0.729,-19.653,-52.734,136.047
-0.539,-0.247,0.754,-17.395,-52.368,132.385
-0.574,-0.191,0.759,-13.245,-48.767,125.427
-0.599,-0.176,0.729,-15.503,-42.480,119.324
-0.640,-0.199,0.732,-16.479,-41.931,106.445
-0.644,-0.219,0.767,-20.569,-46.204,93.384
-0.647,-0.250,0.810,-23.193,-50.171,80.200
-0.662,-0.276,0.854,-24.048,-51.941,67.871
-0.657,-0.296,0.895,-24.414,-50.842,59.326
-0.649,-0.302,0.916,-23.560,-45.288,54.382
-0.645,-0.313,0.922,-20.630,-34.058,50.232
-0.635,-0.325,0.899,-18.494,-21.973,48.523
-0.626,-0.341,0.888,-15.320,-15.930,50.110
-0.609,-0.328,0.885,-11.169,-14.832,53.406
-0.599,-0.302,0.889,-6.287,-15.137,56.824
-0.610,-0.276,0.906,-4.395,-14.709,59.204
-0.661,-0.240,0.913,-3.479,-12.146,59.509
-0.663,-0.189,0.910,-3.113,-6.531,56.763
-0.621,-0.145,0.893,-3.906,-2.319,52.124
-0.595,-0.126,0.885,-7.874,-2.563,46.082
-0.599,-0.126,0.884,-13.489,-4.456,40.588
-0.590,-0.133,0.902,-16.052,-4.456,34.546
-0.566,-0.162,0.918,-15.869,-1.831,27.832
-0.554,-0.213,0.869,-15.015,2.258,22.705
-0.512,-0.224,0.875,-20.386,4.822,19.775
-0.518,-0.233,0.884,-21.423,7.080,18.799
-0.509,-0.237,0.864,-14.343,11.902,18.372
-0.470,-0.221,0.855,-6.409,16.724,19.226
-0.448,-0.211,0.859,0.122,16.907,20.569
-0.457,-0.202,0.871,3.662,13.184,21.790
-0.473,-0.191,0.880,4.272,9.644,21.301
-0.474,-0.182,0.880,4.028,7.141,18.188
-0.483,-0.181,0.870,1.404,3.418,14.282
-0.500,-0.170,0.867,-2.502,-2.441,10.559
-0.524,-0.157,0.891,-4.456,-8.057,6.042
-0.535,-0.162,0.915,-4.395,-9.949,1.709
-0.543,-0.168,0.922,-2.686,-8.545,-1.648
-0.543,-0.175,0.921,0.244,-5.310,-4.761
-0.528,-0.191,0.913,1.648,-1.221,-7.263
-0.518,-0.212,0.898,1.831,1.648,-8.484
-0.510,-0.222,0.893,1.282,3.113,-9.033
-0.520,-0.222,0.901,0.244,4.639,-9.216
-0.526,-0.224,0.902,0.916,7.874,-8.179
-0.528,-0.218,0.901,3.479,11.292,-6.470
-0.537,-0.198,0.904,6.042,12.817,-5.371
-0.535,-0.172,0.906,7.874,13.367,-5.981
-0.523,-0.153,0.911,8.850,13.123,-9.155
-0.508,-0.155,0.924,8.362,12.085,-14.282
-0.488,-0.178,0.938,5.432,10.986,-20.508
-0.462,-0.207,0.951,2.686,10.559,-26.245
-0.448,-0.237,0.969,1.282,10.132,-29.846
-0.442,-0.269,0.978,0.122,10.803,-30.457
-0.445,-0.286,0.964,-0.427,13.733,-30.029
-0.433,-0.298,0.934,-0.732,18.433,-29.236
-0.430,-0.310,0.912,-2.625,21.912,-28.015
-0.440,-0.302,0.890,-4.272,23.926,-25.635
-0.458,-0.291,0.873,-3.540,26.428,-23.010
-0.467,-0.258,0.865,0.305,28.870,-20.447
-0.487,-0.212,0.887,6.592,29.968,-19.348
-0.490,-0.195,0.924,12.085,31.372,-21.851
-0.482,-0.192,0.963,15.442,33.020,-27.161
-0.459,-0.199,0.989,15.198,32.776,-33.508
-0.438,-0.220,0.995,10.986,31.433,-40.344
-0.412,-0.252,0.985,4.150,31.677,-46.631
-0.386,-0.275,0.965,-1.648,32.898,-51.636
-0.363,-0.297,0.936,-2.991,34.058,-54.321
-0.334,-0.304,0.932,-2.747,34.668,-54.565
-0.318,-0.297,0.944,-1.953,34.302,-53.162
-0.318,-0.288,0.955,-0.549,34.485,-51.086
-0.319,-0.275,0.959,1.099,36.987,-49.438
-0.322,-0.267,0.948,3.113,40.405,-49.500
-0.286,-0.259,0.908,3.662,43.274,-51.270
-0.255,-0.257,0.882,2.319,43.396,-54.321
-0.247,-0.265,0.877,0.916,40.466,-58.105
-0.218,-0.260,0.880,0.916,38.574,-62.866
-0.192,-0.275,0.906,0.671,38.391,-67.932
-0.193,-0.310,0.898,0.854,39.490,-71.838
-0.164,-0.336,0.875,1.038,40.649,-72.998
-0.126,-0.350,0.879,1.465,38.330,-71.716
-0.125,-0.362,0.890,0.977,35.095,-69.214
-0.110,-0.355,0.885,-0.061,35.950,-66.895
-0.088,-0.338,0.859,0.732,38.269,-65.063
-0.080,-0.330,0.856,1.648,37.781,-65.308
-0.099,-0.324,0.880,2.930,34.607,-67.322
-0.092,-0.334,0.900,3.601,34.424,-70.679
-0.088,-0.358,0.902,2.563,35.339,-74.036
-0.078,-0.385,0.883,0.977,34.180,-77.087
-0.040,-0.408,0.847,1.160,31.860,-79.224
-0.009,-0.444,0.846,2.991,27.832,-79.895
0.003,-0.483,0.856,5.432,24.109,-78.674
0.026,-0.509,0.863,7.263,23.560,-76.050
0.041,-0.518,0.880,8.545,23.071,-71.960
0.019,-0.511,0.906,9.521,22.949,-67.383
0.012,-0.497,0.901,10.864,26.672,-64.148
0.036,-0.486,0.871,10.376,32.532,-62.012
0.029,-0.470,0.866,8.667,33.569,-60.608
0.030,-0.456,0.873,7.996,32.288,-60.303

-0.814,-0.207,1.022,0.793,15.686,-45.410
-0.816,-0.242,1.017,2.441,22.705,-47.852
-0.797,-0.261,1.003,4.639,28.381,-49.500
-0.768,-0.276,0.993,5.737,32.898,-51.208
-0.760,-0.291,0.998,4.944,37.354,-53.406
-0.754,-0.295,1.006,3.174,41.931,-57.922
-0.721,-0.295,0.980,-0.305,46.143,-64.392
-0.691,-0.294,0.951,-5.981,46.021,-71.533
-0.656,-0.314,0.930,-10.864,42.419,-79.041
-0.610,-0.333,0.914,-12.573,38.696,-84.656
-0.556,-0.354,0.915,-11.353,37.109,-88.989
-0.521,-0.385,0.942,-8.118,38.879,-91.919
-0.489,-0.415,0.968,-4.211,45.471,-93.628
-0.443,-0.435,0.953,-0.610,54.138,-94.238
-0.410,-0.444,0.917,0.732,60.852,-93.140
-0.393,-0.441,0.872,-0.610,64.575,-91.309
-0.361,-0.416,0.827,-2.747,66.528,-91.003
-0.343,-0.403,0.808,-2.258,67.627,-93.323
-0.317,-0.387,0.774,1.160,69.214,-95.459
-0.297,-0.391,0.756,4.883,68.237,-97.778
-0.295,-0.397,0.773,8.057,62.317,-101.807
-0.281,-0.406,0.799,11.902,56.091,-106.628
-0.264,-0.446,0.815,14.465,53.223,-111.267
-0.241,-0.481,0.814,14.465,52.490,-114.258
-0.218,-0.501,0.817,14.160,52.307,-116.150
-0.192,-0.514,0.798,12.634,53.284,-117.493
-0.142,-0.516,0.764,10.010,54.749,-118.530
-0.102,-0.532,0.745,7.202,54.260,-119.873
-0.062,-0.551,0.753,5.859,51.941,-121.765
-0.003,-0.584,0.771,7.690,51.208,-124.451
0.045,-0.638,0.792,11.719,52.063,-126.221
0.094,-0.704,0.805,16.174,53.955,-125.793
0.136,-0.778,0.797,18.616,56.641,-123.718
0.196,-0.829,0.769,17.212,58.533,-120.911
0.256,-0.850,0.710,14.221,59.448,-118.286
0.325,-0.858,0.641,8.484,58.960,-114.502
0.365,-0.854,0.589,3.784,56.030,-108.521
0.374,-0.849,0.582,6.226,51.636,-101.318
0.381,-0.813,0.614,13.916,48.096,-92.590
0.388,-0.765,0.658,21.362,47.180,-82.886
0.364,-0.726,0.717,26.184,46.448,-74.524
0.350,-0.685,0.771,29.602,45.410,-68.604
0.367,-0.628,0.805,31.982,45.532,-64.636
0.420,-0.576,0.821,31.006,45.654,-62.134
0.445,-0.549,0.838,25.391,42.908,-62.561
0.477,-0.548,0.839,16.724,38.269,-65.247
0.505,-0.586,0.834,8.118,33.508,-67.749
0.515,-0.629,0.840,3.784,28.809,-68.787
0.543,-0.665,0.847,2.258,25.452,-67.749
0.575,-0.698,0.850,2.258,22.949,-64.941
0.598,-0.726,0.855,2.625,20.386,-59.631
0.629,-0.730,0.853,3.540,17.639,-53.040
0.660,-0.725,0.841,4.578,15.991,-46.021
0.674,-0.712,0.827,3.662,14.343,-38.818
0.666,-0.681,0.818,2.319,11.780,-31.311
0.666,-0.666,0.808,1.221,9.277,-25.391
0.650,-0.671,0.803,1.709,7.080,-21.912
0.639,-0.688,0.801,2.686,4.089,-18.860
0.616,-0.706,0.818,2.625,1.099,-14.099
0.600,-0.710,0.822,-0.610,-0.793,-7.874
0.589,-0.711,0.810,-5.737,-2.136,-0.366
0.573,-0.701,0.784,-10.315,-3.113,8.362
0.540,-0.678,0.752,-13.855,-3.296,17.639
0.501,-0.644,0.722,-15.869,-2.075,26.367
0.469,-0.606,0.695,-15.320,-1.282,34.119
0.424,-0.561,0.678,-14.587,-2.869,40.833
0.379,-0.526,0.674,-13.672,-4.272,45.044
0.360,-0.488,0.660,-11.169,-5.981,47.424
0.343,-0.469,0.664,-6.714,-11.353,47.974
0.308,-0.468,0.702,-3.418,-18.311,47.668
0.289,-0.475,0.765,0.061,-23.560,48.096
0.289,-0.489,0.854,3.662,-25.513,49.377
0.276,-0.494,0.932,5.188,-26.184,51.819
0.292,-0.499,0.972,4.150,-25.879,54.199
0.298,-0.515,0.986,0.183,-25.085,55.542
0.302,-0.530,0.983,-5.310,-23.743,56.274
0.337,-0.547,0.952,-9.705,-21.179,57.068
0.376,-0.565,0.899,-12.817,-21.790,57.983
0.397,-0.578,0.852,-15.381,-26.062,60.181
0.403,-0.583,0.818,-15.686,-30.823,64.331
0.407,-0.599,0.787,-13.855,-33.997,68.665
0.394,-0.607,0.775,-11.169,-36.987,73.730
0.357,-0.601,0.783,-8.850,-40.405,79.346
0.322,-0.591,0.814,-6.226,-42.114,83.435
0.283,-0.595,0.842,-4.761,-43.396,85.205
0.243,-0.609,0.864,-6.653,-44.739,84.900
0.207,-0.636,0.864,-10.864,-45.593,83.801
0.188,-0.655,0.845,-18.066,-46.448,82.947
0.174,-0.668,0.830,-24.048,-48.462,83.191
0.138,-0.687,0.828,-26.733,-51.758,85.083
0.099,-0.685,0.825,-26.794,-51.880,89.050
0.071,-0.656,0.821,-22.034,-48.096,93.384
0.040,-0.633,0.822,-15.320,-43.640,97.595
-0.001,-0.601,0.823,-9.888,-40.222,100.403
-0.026,-0.560,0.805,-5.676,-38.147,101.013
-0.042,-0.528,0.782,-4.456,-39.063,100.281
-0.057,-0.500,0.757,-8.179,-41.626,97.961
-0.081,-0.488,0.721,-14.465,-43.823,94.727
-0.111,-0.467,0.700,-18.372,-45.959,92.651
-0.126,-0.450,0.691,-17.639,-46.814,92.041
-0.170,-0.439,0.711,-14.221,-47.607,92.712
-0.224,-0.406,0.763,-12.390,-49.255,94.421
-0.296,-0.421,0.778,-7.568,-52.612,94.971
-0.313,-0.399,0.818,-5.554,-50.781,93.750
-0.344,-0.396,0.822,-5.554,-47.607,91.248
-0.365,-0.390,0.821,-8.545,-45.959,87.219
-0.395,-0.390,0.823,-14.404,-44.067,82.642
-0.410,-0.390,0.827,-18.555,-42.664,77.515
-0.436,-0.374,0.845,-20.020,-42.664,74.158
-0.452,-0.358,0.863,-17.212,-40.710,71.472
-0.468,-0.351,0.868,-13.428,-36.987,69.824
-0.492,-0.325,0.873,-11.719,-35.339,68.848
-0.510,-0.290,0.863,-10.315,-34.424,67.505
-0.512,-0.276,0.860,-9.644,-32.898,64.819
-0.531,-0.273,0.876,-9.705,-33.936,61.584
-0.547,-0.265,0.912,-8.362,-34.302,57.373
-0.517,-0.273,0.921,-5.249,-29.724,52.429
-0.483,-0.299,0.910,-4.578,-25.452,48.767
-0.468,-0.324,0.894,-6.836,-24.719,45.776

0.629,-0.890,0.695,28.442,53.284,-81.482
0.693,-0.901,0.719,25.024,51.208,-78.857
0.762,-0.906,0.723,20.813,46.875,-76.355
0.849,-0.917,0.714,14.343,41.321,-74.951
0.922,-0.936,0.692,8.362,34.973,-73.120
0.976,-0.967,0.678,5.859,28.503,-69.397
1.008,-0.998,0.684,6.226,22.583,-63.171
1.042,-1.016,0.689,8.789,17.700,-54.688
1.071,-1.053,0.699,10.864,13.000,-45.654
1.089,-1.106,0.708,10.925,6.775,-37.048
1.103,-1.168,0.718,9.460,1.282,-29.785
1.123,-1.241,0.709,5.127,-2.380,-22.461
1.154,-1.301,0.650,-2.808,-4.395,-12.939
1.183,-1.327,0.583,-13.123,-7.202,-0.854
1.190,-1.336,0.514,-19.958,-10.559,13.733
1.151,-1.327,0.454,-23.132,-13.245,30.457
1.082,-1.282,0.420,-24.475,-16.724,47.791
1.000,-1.216,0.418,-23.071,-23.010,64.087
0.922,-1.142,0.433,-20.386,-32.104,78.674
0.836,-1.066,0.473,-18.188,-41.382,91.309
0.738,-0.987,0.534,-15.930,-50.781,102.173
0.622,-0.906,0.608,-13.977,-60.242,110.596
0.504,-0.844,0.684,-12.756,-66.284,115.234
0.384,-0.796,0.766,-13.733,-69.275,116.394
0.298,-0.761,0.820,-17.334,-71.716,114.868
0.226,-0.758,0.848,-23.010,-74.097,112.061
0.152,-0.780,0.868,-29.175,-76.050,110.229
0.097,-0.780,0.887,-31.494,-76.111,111.145
0.061,-0.779,0.884,-29.968,-74.768,113.525
0.016,-0.778,0.881,-28.198,-74.951,116.211
-0.031,-0.754,0.889,-28.259,-74.768,118.164
-0.072,-0.744,0.875,-29.236,-72.510,119.141
-0.115,-0.729,0.849,-31.311,-71.533,119.812
-0.142,-0.703,0.825,-33.264,-71.350,120.056
-0.175,-0.687,0.801,-34.546,-70.496,118.713
-0.213,-0.688,0.777,-34.851,-68.909,116.577
-0.233,-0.669,0.733,-34.485,-64.819,114.624
-0.232,-0.648,0.707,-33.630,-63.110,112.183
-0.239,-0.648,0.703,-33.203,-65.063,109.741
-0.243,-0.655,0.711,-33.752,-66.650,108.215
-0.258,-0.635,0.712,-34.912,-65.674,108.643
-0.276,-0.597,0.693,-34.729,-61.401,110.779
-0.303,-0.533,0.664,-33.386,-55.542,114.014
-0.328,-0.454,0.643,-28.625,-50.598,116.821
-0.340,-0.364,0.631,-21.423,-46.753,117.371
-0.350,-0.300,0.650,-15.076,-44.373,114.136
-0.375,-0.276,0.667,-12.939,-44.006,106.995
-0.417,-0.280,0.671,-15.503,-44.922,96.863
-0.417,-0.308,0.658,-20.325,-44.556,86.304
-0.408,-0.363,0.648,-23.743,-44.067,77.148
-0.393,-0.422,0.659,-27.588,-46.509,73.303
-0.401,-0.470,0.687,-29.846,-48.523,75.378
-0.420,-0.500,0.716,-28.076,-46.082,80.811
-0.439,-0.510,0.740,-24.475,-39.551,86.975
-0.513,-0.500,0.755,-23.743,-32.715,92.407
-0.592,-0.472,0.776,-25.208,-25.757,96.497
-0.659,-0.444,0.776,-25.024,-20.142,96.619
-0.678,-0.402,0.732,-24.109,-17.395,93.445
-0.683,-0.358,0.724,-23.376,-19.348,88.074
-0.715,-0.345,0.722,-19.043,-24.475,81.787
-0.702,-0.314,0.757,-9.399,-26.489,76.660
-0.690,-0.282,0.773,-0.610,-24.780,72.205
-0.704,-0.249,0.802,3.052,-24.475,69.702
-0.744,-0.197,0.841,6.714,-25.208,67.139
-0.760,-0.173,0.866,12.512,-23.376,63.293
-0.757,-0.170,0.854,14.404,-23.926,58.655
-0.781,-0.189,0.853,10.254,-29.602,53.223
-0.791,-0.175,0.904,0.427,-35.583,47.974
-0.786,-0.181,0.932,-4.333,-36.194,42.969
-0.771,-0.202,0.941,-3.296,-31.982,37.415
-0.769,-0.210,0.951,-2.258,-27.222,33.997
-0.776,-0.190,0.949,-0.427,-22.095,31.799
-0.776,-0.165,0.943,2.258,-16.602,29.846
-0.770,-0.151,0.946,2.930,-14.648,26.855
-0.763,-0.136,0.968,2.625,-16.418,22.583
-0.768,-0.127,1.004,2.136,-17.944,18.494
-0.758,-0.117,1.021,1.770,-16.357,14.771
-0.754,-0.104,1.021,0.977,-13.977,11.658
-0.763,-0.093,1.031,0.366,-13.489,8.850
-0.768,-0.087,1.046,1.465,-13.550,5.676
-0.748,-0.082,1.049,4.211,-11.108,2.014
-0.703,-0.096,1.050,5.798,-6.958,-1.587
-0.656,-0.122,1.067,5.188,-4.700,-5.249
-0.618,-0.156,1.077,3.723,-3.357,-9.277
-0.571,-0.206,1.063,0.183,0.366,-13.611
-0.510,-0.258,1.022,-4.211,3.723,-17.334
-0.452,-0.308,0.997,-8.240,4.456,-20.142
-0.417,-0.358,0.973,-11.292,5.554,-21.484
-0.390,-0.384,0.942,-11.292,9.949,-20.630
-0.353,-0.393,0.904,-6.897,15.381,-17.700
-0.362,-0.393,0.870,-3.113,18.188,-14.587
-0.379,-0.363,0.844,0.793,19.775,-12.451
-0.380,-0.336,0.814,5.188,21.362,-11.780
-0.401,-0.314,0.811,6.592,20.081,-12.146
-0.453,-0.288,0.823,6.226,17.883,-12.756
-0.496,-0.273,0.815,4.944,18.188,-14.343
-0.528,-0.246,0.801,2.625,19.104,-17.151
-0.564,-0.228,0.804,-0.061,18.188,-20.386
-0.609,-0.206,0.789,-2.197,18.005,-22.949
-0.647,-0.158,0.783,-2.014,19.043,-24.475
-0.677,-0.102,0.790,0.427,20.325,-25.879
-0.715,-0.074,0.822,5.310,21.484,-29.175
-0.774,-0.068,0.876,11.292,22.522,-34.363
-0.808,-0.074,0.937,16.907,24.536,-40.649
-0.818,-0.083,0.989,20.203,28.198,-47.913
-0.839,-0.101,1.025,20.020,32.166,-55.542
-0.839,-0.120,1.021,16.602,35.828,-62.500
-0.821,-0.130,1.012,10.620,38.086,-70.068
-0.798,-0.162,0.999,4.944,39.063,-77.820
-0.772,-0.205,0.973,0.000,39.612,-84.839
-0.744,-0.238,0.933,-1.648,41.138,-90.210
-0.694,-0.274,0.883,-0.732,43.823,-93.811
-0.658,-0.308,0.845,0.305,44.250,-95.520
-0.634,-0.351,0.842,3.296,42.786,-96.130
-0.608,-0.399,0.843,11.597,45.959,-96.863
-0.556,-0.445,0.836,22.095,54.199,-96.924
-0.530,-0.464,0.833,29.175,61.890,-96.313
-0.485,-0.469,0.810,29.724,66.772,-96.252
-0.453,-0.491,0.784,24.353,68.176,-98.877

0.468,-1.070,0.533,20.691,67.200,-90.393
0.538,-1.040,0.500,24.109,68.665,-78.003
0.582,-0.989,0.507,28.137,65.613,-63.965
0.613,-0.907,0.541,30.884,59.753,-50.781
0.636,-0.848,0.588,32.410,53.650,-40.833
0.634,-0.837,0.636,31.982,46.997,-34.607
0.634,-0.851,0.693,30.151,40.161,-33.081
0.633,-0.884,0.760,26.367,33.875,-34.912
0.674,-0.933,0.777,19.531,29.541,-37.720
0.727,-0.987,0.774,8.301,25.818,-40.344
0.777,-1.037,0.755,-2.136,22.400,-40.161
0.810,-1.073,0.737,-7.751,18.921,-35.217
0.823,-1.092,0.711,-7.019,16.174,-26.001
0.814,-1.078,0.699,-2.991,14.526,-13.489
0.776,-1.053,0.691,1.282,11.658,-1.160
0.725,-1.039,0.694,2.991,8.667,8.972
0.676,-1.026,0.695,2.747,4.883,16.235
0.646,-1.004,0.694,1.526,0.732,21.851
0.645,-0.990,0.679,-1.709,-3.052,25.146
0.649,-0.990,0.673,-6.287,-9.399,26.428
0.643,-0.999,0.682,-11.780,-17.761,28.259
0.628,-1.001,0.698,-17.883,-24.231,31.494
0.617,-1.001,0.693,-23.682,-27.710,36.377
0.590,-0.994,0.702,-27.649,-31.433,43.762
0.549,-0.982,0.716,-27.222,-35.828,53.223
0.531,-0.979,0.735,-23.682,-37.415,62.500
0.506,-0.988,0.769,-19.348,-38.879,70.435
0.477,-0.998,0.795,-16.052,-41.565,76.843
0.480,-1.006,0.799,-16.663,-42.725,80.566
0.489,-1.018,0.784,-21.973,-44.739,82.520
0.502,-1.031,0.768,-29.297,-48.523,84.412
0.521,-1.033,0.743,-36.255,-52.246,86.914
0.549,-1.033,0.719,-40.527,-56.946,89.600
0.575,-1.050,0.716,-42.664,-61.462,92.712
0.604,-1.078,0.703,-41.687,-63.660,97.534
0.635,-1.121,0.676,-37.170,-64.270,104.065
0.639,-1.169,0.644,-33.386,-65.430,111.450
0.621,-1.203,0.580,-30.701,-65.918,120.483
0.543,-1.221,0.526,-30.273,-65.796,130.737
0.414,-1.214,0.446,-34.729,-65.918,140.442
0.276,-1.186,0.337,-42.358,-67.566,148.193
0.112,-1.124,0.235,-50.049,-72.388,154.236
-0.060,-1.041,0.155,-53.772,-79.407,160.034
-0.232,-0.945,0.115,-51.270,-86.792,164.612
-0.419,-0.834,0.151,-43.762,-94.727,168.579
-0.603,-0.709,0.227,-32.715,-100.708,171.021
-0.771,-0.576,0.323,-20.142,-103.210,170.227
-0.898,-0.500,0.456,-8.362,-107.422,165.222
-0.965,-0.403,0.588,0.793,-106.873,153.870
-0.994,-0.376,0.673,-3.052,-101.257,140.320
-0.993,-0.360,0.770,-12.268,-99.854,124.207
-0.988,-0.365,0.833,-28.625,-97.778,111.816
-0.997,-0.383,0.828,-40.161,-90.698,101.257
-0.995,-0.373,0.793,-47.119,-82.520,95.154
-1.005,-0.345,0.762,-50.659,-76.965,92.896
-1.028,-0.311,0.723,-48.096,-71.167,91.858
-1.013,-0.270,0.696,-39.917,-64.148,90.942
-1.027,-0.231,0.701,-27.954,-59.204,88.196
-1.041,-0.183,0.745,-22.217,-56.152,85.938
-1.064,-0.147,0.781,-21.301,-52.795,81.299
-1.072,-0.126,0.824,-24.597,-50.415,74.524
-1.069,-0.112,0.868,-29.053,-50.110,68.237
-1.062,-0.108,0.887,-31.982,-48.340,63.599
-1.063,-0.101,0.884,-33.264,-43.518,60.608
-1.059,-0.078,0.866,-33.997,-37.354,58.960
-1.077,-0.041,0.828,-33.081,-31.555,57.922
-1.091,0.004,0.799,-29.846,-25.696,55.725
-1.108,0.042,0.778,-24.475,-20.264,52.734
-1.135,0.071,0.764,-16.724,-15.808,49.683
-1.158,0.102,0.757,-5.737,-12.634,45.776
-1.175,0.140,0.786,6.287,-12.268,41.321
-1.195,0.154,0.865,18.555,-14.160,35.461
-1.196,0.150,0.956,27.466,-13.794,28.381
-1.187,0.114,0.988,30.762,-10.803,20.386
-1.185,0.135,1.069,23.682,-7.996,12.024
-1.216,0.137,1.083,17.029,-4.089,6.897
-1.241,0.147,1.087,17.822,1.282,-0.549
-1.228,0.156,1.097,16.724,7.935,-6.287
-1.248,0.169,1.125,14.526,12.085,-14.160
-1.225,0.181,1.123,13.000,17.334,-22.644
-1.215,0.161,1.100,11.597,23.926,-31.921
-1.200,0.117,1.063,10.315,28.320,-41.748
-1.153,0.061,1.036,10.193,30.640,-51.514
-1.131,-0.006,1.006,10.498,32.715,-60.059
-1.094,-0.074,0.979,9.094,36.072,-66.467
-1.077,-0.142,0.947,8.850,39.917,-71.716
-1.063,-0.207,0.909,7.996,44.067,-77.026
-1.046,-0.251,0.877,8.423,49.377,-81.299
-1.009,-0.290,0.840,11.108,54.443,-85.327
-0.984,-0.323,0.824,13.184,56.702,-89.539
-0.948,-0.362,0.819,15.808,57.861,-93.262
-0.926,-0.404,0.829,19.287,60.059,-95.581
-0.892,-0.443,0.829,24.597,65.491,-96.252
-0.848,-0.472,0.814,30.029,72.754,-95.581
-0.793,-0.485,0.787,31.677,78.491,-95.154
-0.765,-0.510,0.768,29.968,81.482,-95.947
-0.722,-0.533,0.752,26.611,83.557,-98.267
-0.684,-0.555,0.752,22.095,85.022,-101.563
-0.649,-0.580,0.723,15.564,87.646,-105.286
-0.602,-0.604,0.666,7.019,91.064,-108.948
-0.546,-0.625,0.592,1.343,93.323,-111.145
-0.506,-0.661,0.532,1.770,94.177,-111.389
-0.471,-0.674,0.486,9.033,93.262,-109.619
-0.411,-0.667,0.480,19.897,91.553,-107.544
-0.371,-0.673,0.511,29.968,90.088,-107.178
-0.348,-0.706,0.559,36.133,91.614,-109.436
-0.311,-0.755,0.593,40.100,94.543,-113.037
-0.268,-0.817,0.623,42.175,96.497,-117.249
-0.223,-0.889,0.646,40.833,97.717,-120.911
-0.199,-0.950,0.656,35.889,98.267,-122.742
-0.096,-0.957,0.634,29.541,99.731,-122.742
-0.029,-0.983,0.584,25.940,98.389,-123.596
0.077,-0.971,0.558,22.400,94.604,-121.765
0.193,-0.983,0.517,22.644,95.032,-116.455
0.293,-1.021,0.492,31.189,93.994,-114.319
0.380,-1.058,0.486,34.546,89.722,-108.704
0.445,-1.083,0.472,33.020,86.853,-102.783
0.498,-1.103,0.424,28.870,85.693,-97.290
0.546,-1.100,0.387,23.437,80.994,-92.896

0.696,-1.111,0.388,17.273,64.514,-85.754
0.767,-1.091,0.414,19.836,55.786,-79.407
0.845,-1.069,0.433,22.644,51.025,-70.496
0.893,-1.073,0.471,23.621,45.471,-62.012
0.927,-1.083,0.529,22.156,37.048,-55.542
0.987,-1.112,0.580,19.287,30.457,-51.636
1.065,-1.164,0.619,13.672,24.780,-49.133
1.121,-1.217,0.639,5.981,18.982,-44.556
1.176,-1.242,0.639,-0.427,16.724,-36.316
1.223,-1.224,0.613,-3.906,15.076,-24.414
1.239,-1.190,0.586,-7.446,11.108,-11.292
1.222,-1.160,0.562,-10.742,5.371,0.488
1.207,-1.128,0.558,-11.475,-0.427,11.230
1.180,-1.114,0.553,-10.498,-5.859,21.484
1.132,-1.109,0.537,-9.705,-11.536,30.090
1.076,-1.100,0.511,-11.475,-19.958,37.537
1.008,-1.076,0.490,-16.846,-28.992,43.152
0.945,-1.066,0.465,-24.597,-38.879,47.729
0.864,-1.063,0.495,-31.738,-51.453,52.612
0.780,-1.056,0.547,-33.813,-61.768,59.265
0.689,-1.038,0.591,-32.471,-66.650,68.359
0.594,-1.008,0.618,-30.151,-68.481,78.674
0.493,-0.971,0.646,-28.320,-70.984,88.745
0.399,-0.931,0.670,-27.283,-74.646,96.741
0.315,-0.900,0.698,-27.832,-78.674,102.478
0.238,-0.875,0.724,-29.480,-81.848,105.469
0.169,-0.862,0.741,-32.593,-83.130,107.178
0.089,-0.828,0.740,-37.598,-82.947,108.459
0.031,-0.785,0.720,-40.771,-81.299,109.131
-0.023,-0.756,0.718,-42.542,-80.994,108.948
-0.078,-0.742,0.721,-41.870,-81.482,108.459
-0.116,-0.727,0.736,-37.842,-80.933,109.314
-0.152,-0.731,0.752,-32.166,-79.712,110.413
-0.183,-0.732,0.751,-28.442,-76.660,112.427
-0.217,-0.715,0.743,-26.306,-73.975,115.356
-0.254,-0.700,0.742,-25.146,-72.937,117.798
-0.287,-0.693,0.739,-26.123,-72.083,118.408
-0.315,-0.695,0.727,-29.297,-70.374,118.103
-0.336,-0.691,0.706,-33.813,-67.993,118.347
-0.422,-0.695,0.641,-38.208,-65.613,118.896
-0.431,-0.667,0.653,-42.786,-64.148,122.498
-0.462,-0.627,0.627,-33.752,-57.129,124.146
-0.459,-0.599,0.588,-30.273,-45.410,129.333
-0.508,-0.543,0.589,-21.179,-42.114,134.216
-0.559,-0.474,0.602,-16.418,-39.490,139.282
-0.630,-0.394,0.655,-11.414,-38.208,139.832
-0.703,-0.326,0.711,-10.742,-38.391,135.010
-0.763,-0.290,0.732,-15.015,-38.940,124.634
-0.795,-0.278,0.723,-23.193,-40.955,110.474
-0.808,-0.290,0.693,-32.166,-44.067,94.727
-0.809,-0.307,0.684,-38.696,-49.255,82.092
-0.802,-0.327,0.703,-39.917,-54.443,74.402
-0.789,-0.338,0.731,-35.034,-55.298,70.984
-0.805,-0.327,0.760,-26.123,-52.246,71.167
-0.828,-0.296,0.792,-16.724,-48.828,72.144
-0.849,-0.256,0.830,-12.512,-46.509,73.120
-0.879,-0.223,0.872,-12.024,-44.739,71.472
-0.908,-0.191,0.905,-12.634,-41.626,68.237
-0.921,-0.162,0.930,-13.000,-37.292,63.843
-0.926,-0.138,0.945,-13.123,-33.691,58.228
-0.924,-0.122,0.954,-14.465,-30.579,52.979
-0.927,-0.104,0.966,-14.587,-26.672,48.157
-0.917,-0.088,0.981,-11.230,-21.973,44.434
-0.906,-0.072,0.988,-5.798,-16.846,41.565
-0.909,-0.055,1.014,0.244,-12.146,39.856
-0.923,-0.032,1.034,7.446,-7.141,38.086
-0.923,-0.035,1.003,15.320,-1.770,34.058
-0.905,0.009,1.057,15.259,1.282,28.992
-0.904,0.039,1.072,13.245,2.014,24.414
-0.895,0.041,1.048,12.512,3.479,15.381
-0.878,0.042,1.037,7.080,4.944,6.287
-0.854,0.040,1.021,0.671,5.615,-2.441
-0.849,0.032,1.018,-5.493,5.554,-11.047
-0.832,0.012,1.005,-8.362,7.141,-18.860
-0.815,-0.015,0.992,-8.362,10.010,-25.208
-0.799,-0.040,0.976,-6.836,12.512,-29.480
-0.789,-0.081,0.956,-4.517,14.404,-32.593
-0.774,-0.122,0.947,-2.747,15.564,-35.583
-0.763,-0.159,0.947,-1.587,15.991,-38.879
-0.749,-0.198,0.940,-0.854,19.165,-43.091
-0.731,-0.228,0.912,0.488,24.658,-47.058
-0.716,-0.252,0.891,1.770,29.358,-50.354
-0.708,-0.261,0.890,3.235,32.410,-53.223
-0.706,-0.267,0.903,6.042,34.973,-55.603
-0.702,-0.270,0.911,9.583,38.940,-57.556
-0.692,-0.275,0.919,12.085,42.847,-59.753
-0.693,-0.280,0.928,13.123,45.471,-62.073
-0.677,-0.288,0.928,14.221,47.119,-64.819
-0.657,-0.312,0.936,14.404,47.974,-68.359
-0.631,-0.337,0.944,13.428,48.889,-72.327
-0.593,-0.372,0.935,9.888,51.208,-76.477
-0.557,-0.409,0.902,4.089,53.833,-80.078
-0.523,-0.434,0.857,-1.526,56.274,-82.397
-0.491,-0.445,0.804,-5.859,58.960,-83.374
-0.453,-0.429,0.754,-7.629,60.486,-83.252
-0.427,-0.415,0.717,-5.554,60.120,-83.679
-0.410,-0.417,0.683,-0.366,60.730,-86.121
-0.383,-0.423,0.668,5.615,60.852,-89.355
-0.374,-0.446,0.684,11.108,57.861,-92.773
-0.367,-0.492,0.708,16.724,55.542,-96.558
-0.355,-0.542,0.747,21.301,55.847,-99.426
-0.344,-0.576,0.783,26.001,57.434,-100.098
-0.320,-0.607,0.797,29.663,60.669,-99.426
-0.302,-0.617,0.802,29.297,63.721,-98.450
-0.265,-0.614,0.788,27.466,65.918,-98.389
-0.233,-0.630,0.759,24.292,67.322,-98.999
-0.191,-0.642,0.741,21.606,66.406,-99.304
-0.165,-0.650,0.735,18.982,63.721,-98.877
-0.148,-0.664,0.718,17.822,62.195,-98.206
-0.138,-0.681,0.695,18.677,62.073,-96.924
-0.124,-0.692,0.681,20.752,60.486,-95.520
-0.112,-0.725,0.675,23.071,57.312,-94.543
-0.077,-0.764,0.665,22.339,54.260,-94.299
-0.029,-0.781,0.681,20.996,50.903,-93.933
0.011,-0.792,0.711,21.423,48.828,-93.140
0.054,-0.830,0.732,23.193,50.842,-93.445
0.120,-0.844,0.730,20.630,55.725,-91.064
0.178,-0.853,0.729,19.043,59.204,-87.646
0.240,-0.862,0.731,18.799,61.218,-84.961

0.530,-0.977,0.617,12.329,57.617,-72.449
0.601,-1.006,0.597,10.071,52.917,-67.444
0.648,-1.013,0.596,10.498,49.377,-59.021
0.699,-0.978,0.592,11.963,48.035,-48.340
0.709,-0.917,0.588,12.207,45.959,-37.170
0.687,-0.843,0.596,11.169,41.809,-27.344
0.674,-0.769,0.599,10.620,37.231,-19.592
0.657,-0.696,0.615,10.254,31.555,-13.916
0.635,-0.643,0.653,10.620,24.597,-10.681
0.613,-0.617,0.692,10.864,18.127,-9.399
0.610,-0.625,0.732,9.094,12.268,-10.803
0.617,-0.656,0.760,4.517,6.653,-14.221
0.643,-0.712,0.762,-0.916,1.892,-17.578
0.675,-0.786,0.746,-6.653,-1.953,-18.433
0.698,-0.847,0.722,-10.864,-5.737,-15.625
0.730,-0.894,0.707,-13.855,-9.033,-9.644
0.728,-0.935,0.667,-13.550,-12.207,-1.953
0.713,-0.951,0.649,-13.123,-14.343,7.446
0.706,-0.946,0.645,-10.986,-15.442,17.456
0.696,-0.945,0.642,-9.155,-16.602,26.672
0.676,-0.949,0.638,-9.094,-20.569,34.546
0.654,-0.954,0.639,-9.521,-25.513,41.565
0.632,-0.954,0.649,-9.460,-28.503,47.668
0.600,-0.945,0.670,-10.132,-31.128,53.894
0.561,-0.919,0.684,-11.536,-34.241,60.974
0.532,-0.887,0.698,-12.634,-36.011,67.566
0.502,-0.871,0.706,-13.245,-36.011,73.547
0.467,-0.855,0.709,-11.292,-35.217,80.017
0.433,-0.841,0.724,-6.409,-35.828,86.792
0.406,-0.838,0.751,-2.319,-37.720,92.102
0.380,-0.838,0.773,0.610,-40.405,95.764
0.357,-0.844,0.801,1.282,-42.847,98.328
0.305,-0.849,0.817,-0.122,-44.373,99.854
0.267,-0.846,0.820,-4.761,-45.044,101.624
0.230,-0.841,0.785,-9.766,-44.739,102.295
0.191,-0.832,0.732,-16.052,-44.617,102.478
0.147,-0.811,0.676,-21.606,-45.837,102.844
0.106,-0.791,0.638,-23.376,-48.462,103.943
0.073,-0.771,0.594,-23.254,-51.636,104.980
0.023,-0.781,0.576,-22.339,-56.091,106.506
-0.062,-0.803,0.580,-21.423,-59.204,108.521
-0.143,-0.802,0.591,-16.602,-60.242,112.000
-0.212,-0.779,0.626,-12.390,-60.425,115.173
-0.285,-0.741,0.676,-11.169,-59.326,116.333
-0.327,-0.724,0.677,-10.986,-57.190,115.479
-0.364,-0.659,0.746,-15.930,-55.420,114.502
-0.418,-0.615,0.718,-14.526,-55.786,113.037
-0.434,-0.560,0.704,-20.752,-51.941,113.464
-0.479,-0.521,0.706,-21.179,-50.842,112.610
-0.531,-0.474,0.726,-23.926,-51.270,112.488
-0.597,-0.416,0.744,-23.743,-52.368,111.206
-0.660,-0.358,0.766,-20.325,-53.772,107.910
-0.703,-0.296,0.775,-14.343,-56.030,102.356
-0.715,-0.234,0.785,-10.925,-59.265,94.727
-0.720,-0.202,0.799,-11.292,-63.965,85.083
-0.716,-0.204,0.826,-15.015,-69.519,75.073
-0.716,-0.223,0.870,-20.386,-74.341,66.895
-0.720,-0.241,0.916,-24.048,-75.317,61.707
-0.704,-0.251,0.933,-24.536,-71.167,59.692
-0.714,-0.262,0.925,-22.644,-64.941,59.448
-0.744,-0.246,0.922,-21.118,-57.922,60.120
-0.758,-0.222,0.913,-19.226,-50.354,59.875
-0.761,-0.208,0.911,-15.991,-44.250,57.434
-0.758,-0.209,0.917,-15.381,-39.246,54.321
-0.756,-0.202,0.919,-14.282,-34.302,51.392
-0.733,-0.194,0.908,-10.864,-29.297,48.889
-0.724,-0.184,0.896,-8.667,-25.391,46.692
-0.720,-0.164,0.884,-8.240,-22.278,45.044
-0.729,-0.142,0.877,-7.507,-19.409,42.725
-0.745,-0.140,0.872,-6.897,-16.846,40.100
-0.768,-0.118,0.872,-5.676,-14.465,37.231
-0.776,-0.103,0.876,-3.784,-13.062,34.119
-0.801,-0.105,0.854,-1.404,-11.597,30.762
-0.825,-0.066,0.904,-2.319,-9.399,26.367
-0.855,-0.039,0.926,0.977,-6.470,23.132
-0.860,-0.027,0.919,8.972,-1.953,16.418
-0.844,-0.019,0.913,11.597,0.549,9.399
-0.859,-0.016,0.943,8.362,-1.953,2.625
-0.876,-0.024,0.985,4.761,-4.456,-4.761
-0.859,-0.056,1.001,2.686,-3.235,-12.085
-0.862,-0.078,1.011,0.305,-2.625,-17.395
-0.875,-0.093,1.022,-0.793,-2.258,-21.179
-0.872,-0.117,1.024,-0.854,-0.244,-25.269
-0.882,-0.128,1.015,-1.160,2.747,-29.541
-0.889,-0.144,1.005,0.244,6.348,-33.691
-0.892,-0.165,1.001,2.563,11.108,-38.452
-0.876,-0.183,1.001,5.493,16.541,-43.030
-0.852,-0.212,0.983,9.338,22.949,-46.509
-0.824,-0.238,0.962,12.756,27.893,-48.157
-0.803,-0.258,0.948,15.503,31.311,-49.194
-0.790,-0.272,0.933,16.785,35.217,-50.842
-0.774,-0.295,0.902,15.625,39.246,-53.894
-0.754,-0.319,0.864,12.085,40.955,-58.533
-0.724,-0.342,0.828,7.385,40.039,-64.636
-0.697,-0.376,0.804,4.578,40.955,-70.801
-0.657,-0.409,0.790,6.592,44.800,-75.745
-0.607,-0.428,0.794,10.742,49.072,-78.491
-0.571,-0.441,0.793,14.160,54.077,-79.895
-0.526,-0.451,0.784,18.250,57.678,-79.956
-0.489,-0.456,0.792,22.400,58.777,-80.017
-0.470,-0.459,0.803,25.146,59.570,-80.322
-0.455,-0.466,0.800,27.283,62.073,-81.665
-0.441,-0.486,0.794,27.649,63.782,-84.717
-0.421,-0.512,0.766,24.841,63.354,-88.867
-0.369,-0.535,0.738,20.691,60.730,-92.834
-0.346,-0.566,0.718,17.944,56.763,-96.497
-0.296,-0.590,0.699,18.555,56.458,-98.877
-0.247,-0.622,0.676,22.339,60.181,-100.281
-0.209,-0.669,0.659,26.917,63.721,-101.013
-0.200,-0.710,0.643,30.945,67.200,-101.196
-0.161,-0.738,0.619,34.912,71.960,-101.746
-0.119,-0.779,0.607,36.621,73.242,-102.539
-0.096,-0.821,0.620,35.034,69.641,-102.966
-0.066,-0.853,0.635,32.471,67.810,-102.295
-0.022,-0.848,0.653,30.823,69.275,-99.915
0.024,-0.831,0.671,30.701,72.388,-95.886
0.060,-0.817,0.685,31.372,75.134,-91.309
0.086,-0.811,0.676,31.006,76.538,-88.501
0.135,-0.815,0.648,29.053,75.562,-87.952

0.509,-1.008,0.597,21.729,49.316,-76.782
0.564,-1.016,0.609,24.719,46.387,-69.946
0.603,-1.021,0.650,27.405,42.236,-63.660
0.649,-1.034,0.704,27.832,38.452,-57.983
0.690,-1.060,0.745,24.170,34.912,-52.673
0.727,-1.078,0.767,17.822,32.837,-46.875
0.776,-1.065,0.767,11.536,33.264,-40.161
0.813,-1.052,0.751,6.226,32.959,-32.654
0.835,-1.041,0.730,0.854,30.884,-25.574
0.853,-1.029,0.708,-4.761,26.855,-18.860
0.860,-1.014,0.685,-9.094,21.912,-12.146
0.865,-1.005,0.660,-11.841,15.930,-5.066
0.858,-1.005,0.647,-13.550,8.911,1.221
0.854,-1.015,0.639,-15.015,2.014,6.958
0.857,-1.036,0.641,-17.944,-4.395,12.695
0.853,-1.047,0.636,-22.156,-10.071,18.738
0.850,-1.047,0.605,-25.391,-15.015,24.841
0.840,-1.035,0.580,-29.358,-18.494,31.738
0.822,-1.008,0.558,-34.851,-22.705,39.490
0.798,-0.975,0.548,-39.124,-27.283,47.668
0.754,-0.934,0.557,-41.016,-31.311,57.068
0.710,-0.892,0.557,-39.612,-34.973,66.650
0.648,-0.861,0.578,-35.889,-39.429,74.707
0.583,-0.847,0.609,-31.860,-43.518,81.177
0.508,-0.829,0.646,-29.785,-46.936,86.243
0.446,-0.804,0.664,-30.334,-50.476,89.783
0.397,-0.768,0.661,-34.058,-53.955,91.919
0.349,-0.733,0.661,-39.551,-57.678,93.018
0.308,-0.711,0.654,-44.189,-60.486,93.994
0.260,-0.700,0.650,-47.119,-63.354,95.764
0.188,-0.686,0.653,-48.401,-66.650,98.450
0.119,-0.676,0.666,-49.255,-68.481,101.257
0.037,-0.670,0.682,-48.401,-70.313,103.271
-0.057,-0.680,0.705,-47.302,-71.716,104.797
-0.138,-0.675,0.717,-44.800,-70.740,105.286
-0.198,-0.680,0.736,-42.175,-69.031,103.760
-0.262,-0.685,0.752,-41.138,-68.726,101.929
-0.305,-0.684,0.764,-41.931,-66.833,99.548
-0.343,-0.684,0.772,-43.884,-63.843,96.985
-0.398,-0.679,0.783,-45.349,-62.134,96.680
-0.406,-0.632,0.803,-44.250,-60.730,99.121
-0.470,-0.552,0.866,-43.579,-58.533,102.783
-0.559,-0.556,0.860,-31.860,-56.763,106.628
-0.549,-0.487,0.847,-20.203,-44.983,110.107
-0.576,-0.452,0.800,-10.559,-35.156,112.549
-0.615,-0.369,0.802,-7.690,-31.311,112.732
-0.637,-0.307,0.753,-7.385,-28.015,109.863
-0.650,-0.269,0.731,-9.338,-28.931,102.356
-0.682,-0.258,0.729,-17.029,-35.522,93.079
-0.715,-0.262,0.726,-24.048,-43.335,84.534
-0.738,-0.268,0.729,-25.940,-48.828,77.332
-0.751,-0.263,0.739,-23.743,-52.795,72.021
-0.754,-0.255,0.766,-19.714,-55.054,68.848
-0.760,-0.251,0.790,-15.686,-54.321,66.406
-0.737,-0.245,0.808,-12.146,-50.903,64.758
-0.725,-0.242,0.816,-9.827,-47.058,63.660
-0.753,-0.231,0.834,-9.583,-43.335,61.890
-0.760,-0.198,0.844,-9.460,-38.269,59.570
-0.762,-0.166,0.837,-10.010,-32.410,56.152
-0.780,-0.149,0.826,-12.329,-27.283,51.025
-0.800,-0.140,0.815,-13.550,-23.804,46.448
-0.818,-0.133,0.824,-11.047,-21.484,42.542
-0.823,-0.130,0.837,-4.883,-18.677,39.612
-0.829,-0.115,0.869,2.136,-16.724,38.269
-0.838,-0.085,0.902,8.240,-14.404,37.415
-0.842,-0.056,0.920,12.512,-10.742,36.011
-0.853,-0.026,0.927,14.648,-7.507,33.264
-0.856,-0.004,0.934,14.832,-6.104,29.175
-0.887,-0.011,0.926,13.733,-5.493,22.583
-0.887,-0.001,0.964,5.371,-5.554,15.015
-0.888,0.001,0.984,2.441,-4.211,7.202
-0.881,-0.018,0.990,3.235,-1.099,-1.221
-0.859,-0.036,0.987,2.075,3.235,-7.996
-0.857,-0.045,0.990,-0.916,6.653,-13.550
-0.851,-0.058,0.985,-2.502,9.155,-18.372
-0.841,-0.085,0.983,-2.930,12.146,-23.499
-0.818,-0.123,0.958,-3.296,15.320,-28.076
-0.798,-0.146,0.930,-3.845,16.663,-31.128
-0.801,-0.175,0.918,-2.991,15.381,-33.630
-0.791,-0.208,0.908,-1.038,15.564,-36.621
-0.766,-0.230,0.907,1.404,15.991,-40.161
-0.760,-0.254,0.933,2.747,16.174,-43.884
-0.750,-0.285,0.932,4.150,19.470,-47.729
-0.723,-0.309,0.922,5.432,24.109,-51.208
-0.705,-0.315,0.903,6.226,28.564,-54.138
-0.669,-0.326,0.873,7.446,33.142,-56.213
-0.631,-0.338,0.852,9.216,36.560,-57.617
-0.613,-0.338,0.844,11.169,38.330,-58.350
-0.599,-0.351,0.841,14.709,40.466,-58.838
-0.586,-0.380,0.864,17.639,42.664,-60.486
-0.554,-0.399,0.870,19.958,45.593,-62.561
-0.526,-0.415,0.872,21.301,48.645,-64.392
-0.498,-0.424,0.852,21.057,52.673,-65.308
-0.481,-0.426,0.832,18.188,55.664,-66.467
-0.465,-0.420,0.796,13.733,57.678,-68.481
-0.441,-0.401,0.741,9.888,58.838,-70.862
-0.404,-0.384,0.685,8.484,58.472,-73.853
-0.372,-0.382,0.647,7.263,56.274,-77.209
-0.356,-0.389,0.628,7.874,52.612,-80.688
-0.349,-0.404,0.632,11.353,50.049,-83.618
-0.350,-0.426,0.648,15.503,49.866,-86.243
-0.347,-0.466,0.663,19.104,51.392,-88.806
-0.341,-0.498,0.684,20.508,52.307,-90.637
-0.352,-0.516,0.732,20.813,52.246,-92.163
-0.344,-0.535,0.778,23.376,55.969,-93.567
-0.318,-0.554,0.792,26.794,63.110,-95.093
-0.312,-0.580,0.804,26.978,68.054,-96.069
-0.304,-0.588,0.802,25.330,71.777,-96.130
-0.278,-0.598,0.785,26.855,76.172,-95.581
-0.235,-0.624,0.785,30.762,77.820,-95.093
-0.189,-0.661,0.802,34.302,76.111,-94.604
-0.123,-0.697,0.796,36.560,75.073,-93.811
-0.047,-0.730,0.771,37.598,74.524,-92.834
0.030,-0.773,0.732,34.119,74.036,-92.102
0.115,-0.794,0.674,27.954,73.975,-92.285
0.210,-0.832,0.621,23.193,73.608,-92.773
0.299,-0.872,0.562,19.592,71.411,-91.980
0.380,-0.911,0.569,15.991,66.528,-89.233
0.416,-0.931,0.578,17.456,64.575,-83.557

0.577,-0.896,0.597,33.264,54.688,-53.345
0.630,-0.908,0.649,35.034,46.143,-52.490
0.692,-0.946,0.700,33.386,37.354,-53.406
0.744,-0.994,0.739,25.146,27.710,-54.688
0.800,-1.057,0.768,12.451,19.104,-54.810
0.829,-1.089,0.777,-0.122,13.489,-51.270
0.859,-1.102,0.781,-9.338,10.498,-44.189
0.878,-1.092,0.771,-16.113,8.972,-34.607
0.881,-1.073,0.753,-22.278,6.775,-24.170
0.865,-1.044,0.724,-27.649,4.761,-13.550
0.855,-1.025,0.690,-29.846,2.930,-3.235
0.831,-1.015,0.658,-28.503,-0.610,6.775
0.804,-1.012,0.662,-24.170,-5.188,15.869
0.790,-1.023,0.665,-18.250,-9.583,23.621
0.767,-1.018,0.664,-15.137,-13.550,31.921
0.745,-0.989,0.668,-17.456,-17.273,39.978
0.706,-0.958,0.665,-22.461,-21.912,47.058
0.669,-0.927,0.662,-27.954,-27.649,52.063
0.623,-0.910,0.666,-31.250,-33.936,56.335
0.559,-0.896,0.692,-32.410,-39.490,61.035
0.489,-0.892,0.714,-33.447,-42.786,65.796
0.434,-0.888,0.723,-33.875,-44.189,70.862
0.400,-0.890,0.714,-32.104,-44.312,76.050
0.373,-0.890,0.715,-28.748,-43.823,81.726
0.344,-0.881,0.722,-25.146,-43.335,87.341
0.320,-0.856,0.729,-23.010,-42.542,91.797
0.288,-0.817,0.728,-23.437,-40.894,95.703
0.238,-0.781,0.734,-24.353,-39.246,98.022
0.185,-0.759,0.723,-25.024,-39.490,99.182
0.132,-0.732,0.723,-27.283,-42.419,100.159
0.093,-0.706,0.718,-28.503,-46.143,100.769
0.063,-0.682,0.727,-26.794,-49.622,101.624
0.037,-0.663,0.730,-23.499,-52.063,102.417
0.008,-0.652,0.717,-20.569,-53.406,103.760
-0.024,-0.637,0.691,-19.592,-54.382,105.469
-0.065,-0.630,0.665,-17.395,-55.542,106.995
-0.106,-0.596,0.653,-15.869,-56.763,108.765
-0.158,-0.568,0.662,-14.282,-60.791,109.131
-0.208,-0.552,0.704,-12.695,-66.528,108.154
-0.250,-0.561,0.732,-12.390,-69.458,106.506
-0.279,-0.571,0.746,-14.160,-68.665,105.408
-0.330,-0.580,0.747,-16.541,-66.589,105.469
-0.385,-0.578,0.732,-17.822,-62.195,106.750
-0.431,-0.562,0.718,-15.137,-56.396,108.765
-0.479,-0.533,0.725,-10.803,-51.086,110.840
-0.503,-0.492,0.720,-7.812,-45.837,112.122
-0.521,-0.446,0.702,-6.897,-42.480,111.816
-0.559,-0.402,0.696,-9.460,-42.114,109.985
-0.604,-0.353,0.692,-12.268,-41.870,107.483
-0.637,-0.305,0.706,-12.634,-41.199,103.760
-0.654,-0.273,0.708,-9.766,-41.077,98.450
-0.692,-0.259,0.715,-8.179,-43.579,91.858
-0.753,-0.252,0.753,-11.169,-47.668,84.717
-0.785,-0.237,0.799,-15.137,-51.208,78.064
-0.794,-0.238,0.827,-17.212,-51.758,70.740
-0.796,-0.246,0.839,-19.348,-50.842,63.843
-0.782,-0.253,0.852,-22.400,-49.011,58.777
-0.782,-0.244,0.870,-25.635,-45.532,55.237
-0.783,-0.231,0.877,-26.489,-39.551,52.307
-0.786,-0.222,0.866,-25.085,-33.264,50.232
-0.796,-0.220,0.862,-23.865,-28.564,48.767
-0.816,-0.225,0.840,-21.057,-25.696,47.607
-0.853,-0.201,0.852,-18.188,-22.888,46.082
-0.854,-0.185,0.855,-11.841,-20.081,44.189
-0.860,-0.170,0.877,-2.502,-19.409,41.260
-0.859,-0.159,0.918,2.502,-19.043,38.208
-0.859,-0.150,0.952,5.249,-17.944,35.095
-0.860,-0.149,0.974,6.409,-17.456,31.921
-0.862,-0.145,0.994,6.226,-16.724,28.625
-0.864,-0.123,1.000,5.920,-14.587,24.841
-0.862,-0.097,1.010,4.700,-11.902,20.325
-0.858,-0.065,1.023,2.502,-7.935,13.855
-0.847,-0.037,1.035,-0.061,-3.784,6.836
-0.836,-0.016,1.043,0.061,0.000,0.977
-0.825,-0.017,1.056,2.380,4.578,-3.784
-0.814,-0.032,1.059,4.272,9.155,-8.179
-0.816,-0.048,1.061,3.906,11.841,-12.085
-0.829,-0.066,1.043,2.258,14.832,-16.113
-0.836,-0.091,1.001,0.183,18.372,-20.752
-0.822,-0.117,0.952,-2.197,21.240,-26.855
-0.804,-0.142,0.915,-5.249,22.034,-33.813
-0.799,-0.156,0.910,-6.958,20.996,-39.673
-0.784,-0.186,0.904,-5.920,22.644,-44.739
-0.768,-0.217,0.891,-4.517,26.611,-48.340
-0.758,-0.251,0.893,-2.747,29.236,-50.354
-0.742,-0.278,0.897,-0.610,31.067,-51.697
-0.732,-0.294,0.897,1.221,33.936,-52.856
-0.715,-0.308,0.882,2.869,39.001,-54.749
-0.687,-0.321,0.858,3.906,43.762,-56.946
-0.670,-0.335,0.845,4.822,46.265,-59.326
-0.669,-0.339,0.848,7.446,48.584,-62.134
-0.643,-0.340,0.836,10.254,53.406,-66.040
-0.612,-0.349,0.813,12.329,59.021,-70.435
-0.586,-0.361,0.809,12.512,61.218,-74.341
-0.541,-0.377,0.804,14.038,62.622,-77.698
-0.501,-0.408,0.807,15.564,64.697,-80.505
-0.472,-0.417,0.826,17.090,66.040,-81.482
-0.429,-0.426,0.838,19.348,68.237,-82.336
-0.391,-0.445,0.827,19.226,70.679,-85.022
-0.359,-0.474,0.810,16.357,70.618,-89.050
-0.334,-0.513,0.796,12.817,69.275,-94.543
-0.287,-0.578,0.747,12.390,69.580,-99.976
-0.229,-0.634,0.690,14.526,70.740,-103.149
-0.172,-0.673,0.649,16.174,71.289,-103.943
-0.140,-0.717,0.642,19.775,69.397,-102.722
-0.107,-0.743,0.672,26.550,67.139,-100.037
-0.068,-0.759,0.709,33.142,67.139,-97.107
-0.040,-0.782,0.752,36.621,67.383,-94.238
-0.033,-0.805,0.782,37.048,67.871,-90.637
-0.017,-0.806,0.774,33.691,70.068,-86.243
0.013,-0.794,0.742,29.724,73.181,-82.092
0.054,-0.771,0.707,26.428,74.341,-79.163
0.106,-0.737,0.676,22.888,74.463,-77.454
0.168,-0.737,0.626,19.897,73.669,-77.942
0.221,-0.767,0.605,17.395,68.237,-79.712
0.274,-0.802,0.586,15.747,61.035,-81.116
0.341,-0.853,0.563,13.855,56.580,-81.360
0.392,-0.902,0.567,12.207,51.208,-79.468
0.399,-0.938,0.596,12.268,44.617,-75.500

0.498,-0.922,0.631,15.015,45.715,-66.162
0.535,-0.899,0.641,14.648,45.105,-60.791
0.566,-0.875,0.670,15.137,41.504,-56.030
0.595,-0.859,0.702,13.611,38.757,-52.124
0.622,-0.847,0.718,10.498,37.537,-48.523
0.646,-0.834,0.725,7.446,35.950,-44.800
0.670,-0.831,0.731,4.211,34.790,-40.649
0.693,-0.824,0.720,0.244,35.706,-36.072
0.728,-0.814,0.701,-3.418,36.499,-30.823
0.754,-0.805,0.685,-6.165,35.645,-25.635
0.775,-0.795,0.683,-7.935,35.950,-20.447
0.795,-0.790,0.685,-6.958,36.011,-14.709
0.804,-0.799,0.689,-5.676,33.691,-9.033
0.827,-0.815,0.685,-7.019,32.471,-3.967
0.836,-0.834,0.663,-7.080,29.785,1.526
0.825,-0.839,0.628,-6.042,22.461,8.728
0.815,-0.827,0.596,-10.315,13.123,14.893
0.801,-0.813,0.561,-16.418,2.258,19.470
0.804,-0.793,0.541,-22.095,-9.521,22.705
0.801,-0.791,0.537,-26.062,-21.423,25.269
0.792,-0.798,0.542,-26.794,-33.081,28.687
0.773,-0.809,0.560,-24.841,-42.908,33.447
0.729,-0.826,0.568,-22.766,-49.072,39.246
0.664,-0.839,0.596,-20.203,-54.382,46.875
0.601,-0.844,0.632,-16.663,-59.631,55.237
0.538,-0.836,0.667,-13.245,-64.819,63.782
0.472,-0.821,0.726,-10.498,-68.237,71.533
0.408,-0.804,0.793,-7.202,-68.237,77.637
0.362,-0.791,0.842,-6.409,-65.125,81.299
0.296,-0.779,0.864,-9.827,-61.340,82.825
0.229,-0.774,0.854,-15.869,-54.504,82.886
0.184,-0.776,0.825,-20.874,-45.532,82.092
0.144,-0.781,0.818,-21.057,-41.870,82.031
0.125,-0.786,0.816,-17.761,-42.786,83.069
0.120,-0.798,0.852,-13.367,-46.082,85.205
0.101,-0.812,0.891,-8.789,-48.706,87.769
0.085,-0.810,0.918,-5.859,-47.607,91.248
0.061,-0.793,0.906,-5.005,-41.809,94.604
0.047,-0.757,0.862,-5.188,-33.936,96.924
0.031,-0.713,0.777,-8.118,-28.748,98.267
0.014,-0.647,0.683,-13.367,-28.381,98.877
0.001,-0.572,0.591,-19.714,-30.823,98.267
-0.011,-0.511,0.496,-24.109,-36.133,96.008
-0.060,-0.464,0.428,-30.273,-45.898,93.140
-0.123,-0.452,0.346,-33.325,-57.068,90.454
-0.185,-0.417,0.397,-35.767,-72.144,89.844
-0.276,-0.402,0.415,-25.391,-85.449,89.722
-0.339,-0.394,0.449,-19.226,-88.867,92.346
-0.449,-0.385,0.519,-9.949,-92.834,92.102
-0.522,-0.381,0.626,-8.545,-95.764,91.370
-0.602,-0.384,0.729,-11.169,-97.534,88.257
-0.662,-0.395,0.813,-17.761,-96.375,84.473
-0.714,-0.394,0.846,-23.987,-89.417,80.261
-0.759,-0.385,0.864,-28.259,-79.041,75.745
-0.792,-0.372,0.874,-30.579,-68.176,71.838
-0.832,-0.364,0.876,-32.104,-58.960,69.214
-0.867,-0.351,0.879,-31.250,-51.147,67.688
-0.876,-0.329,0.883,-25.269,-43.823,67.444
-0.887,-0.311,0.899,-14.648,-38.025,67.749
-0.890,-0.274,0.929,-6.226,-33.081,68.481
-0.888,-0.237,0.943,-0.244,-28.625,68.481
-0.887,-0.205,0.972,1.953,-25.269,66.528
-0.896,-0.157,1.002,0.793,-21.790,62.744
-0.876,-0.126,1.010,-2.319,-16.541,56.580
-0.852,-0.122,0.999,-7.751,-11.902,49.866
-0.843,-0.122,0.981,-14.465,-9.583,43.884
-0.836,-0.122,0.956,-18.188,-6.836,39.063
-0.828,-0.131,0.940,-18.188,-3.723,35.400
-0.839,-0.124,0.915,-14.954,-1.709,32.593
-0.843,-0.117,0.906,-9.583,0.366,29.236
-0.830,-0.138,0.858,-1.770,1.953,24.048
-0.803,-0.128,0.907,-0.732,-0.305,18.188
-0.788,-0.127,0.943,-0.183,-2.808,14.221
-0.771,-0.153,0.939,2.991,-1.587,8.728
-0.749,-0.172,0.933,3.418,0.061,4.578
-0.761,-0.167,0.948,-0.244,-0.916,1.404
-0.776,-0.161,0.979,-3.418,-2.197,-1.526
-0.792,-0.156,1.018,-2.136,-1.587,-4.150
-0.805,-0.143,1.066,1.587,1.465,-6.775
-0.802,-0.129,1.090,5.554,6.958,-9.644
-0.795,-0.116,1.100,6.531,11.963,-13.489
-0.780,-0.109,1.093,4.822,16.357,-18.188
-0.769,-0.108,1.067,1.343,19.836,-23.621
-0.754,-0.121,1.038,-1.465,23.010,-29.541
-0.720,-0.148,0.995,-4.395,26.245,-35.339
-0.704,-0.179,0.943,-7.568,27.832,-39.856
-0.702,-0.202,0.899,-9.460,28.748,-43.152
-0.681,-0.210,0.842,-8.423,32.349,-45.959
-0.648,-0.225,0.801,-3.113,36.438,-48.279
-0.624,-0.244,0.792,4.028,37.292,-50.232
-0.607,-0.264,0.807,9.766,37.109,-51.392
-0.594,-0.289,0.825,14.038,37.537,-53.101
-0.570,-0.318,0.838,16.235,40.161,-55.420
-0.553,-0.347,0.837,14.771,43.945,-58.289
-0.515,-0.378,0.813,12.878,47.363,-60.974
-0.466,-0.399,0.780,10.193,49.622,-63.416
-0.438,-0.416,0.764,5.249,50.293,-65.552
-0.438,-0.422,0.784,2.869,51.941,-67.688
-0.416,-0.437,0.804,3.235,55.786,-71.228
-0.376,-0.466,0.821,2.808,58.411,-76.355
-0.352,-0.511,0.846,0.977,58.716,-81.299
-0.328,-0.567,0.858,-0.916,59.326,-85.693
-0.285,-0.613,0.841,-0.427,62.256,-88.745
-0.225,-0.652,0.811,0.000,65.796,-90.454
-0.178,-0.678,0.767,-1.770,68.481,-91.064
-0.135,-0.680,0.706,-2.014,70.618,-91.003
-0.090,-0.681,0.670,2.136,71.411,-89.722
-0.052,-0.675,0.662,8.545,70.251,-88.318
-0.011,-0.671,0.663,15.686,67.139,-86.426
0.009,-0.672,0.681,22.583,62.012,-83.923
0.030,-0.669,0.705,27.771,57.800,-81.665
0.053,-0.674,0.737,31.372,55.603,-79.407
0.085,-0.688,0.755,32.959,54.810,-77.759
0.129,-0.687,0.772,31.067,55.481,-75.867
0.163,-0.692,0.796,27.466,55.786,-74.829
0.188,-0.700,0.810,24.109,56.335,-74.097
0.234,-0.709,0.792,20.264,59.082,-73.792
0.281,-0.724,0.758,16.602,61.462,-73.730
0.331,-0.733,0.727,13.062,60.181,-72.998

-0.934,-0.323,0.816,35.583,62.134,-101.868
-0.954,-0.345,0.822,35.767,64.758,-110.535
-0.941,-0.397,0.834,36.133,65.613,-122.925
-0.885,-0.492,0.842,31.372,67.871,-130.676
-0.829,-0.600,0.818,30.884,70.740,-139.282
-0.749,-0.716,0.778,27.710,74.890,-143.372
-0.671,-0.826,0.712,24.292,79.651,-144.348
-0.576,-0.920,0.624,23.010,84.961,-144.348
-0.456,-1.010,0.529,22.522,89.111,-143.738
-0.316,-1.095,0.479,23.010,88.867,-142.761
-0.156,-1.157,0.459,28.687,87.158,-141.663
0.035,-1.222,0.469,38.086,91.553,-139.709
0.238,-1.298,0.460,47.424,99.854,-135.193
0.405,-1.339,0.458,56.091,106.506,-127.625
0.562,-1.382,0.452,58.533,109.802,-117.126
0.697,-1.408,0.429,53.040,109.131,-107.178
0.848,-1.370,0.397,42.542,105.469,-99.304
0.997,-1.330,0.384,32.227,98.572,-92.407
1.113,-1.301,0.398,23.804,88.867,-85.693
1.226,-1.262,0.417,17.578,78.552,-79.346
1.323,-1.252,0.417,11.353,68.481,-73.669
1.392,-1.275,0.396,3.174,57.800,-69.580
1.428,-1.302,0.377,-5.554,46.997,-65.002
1.465,-1.331,0.361,-12.085,35.339,-59.631
1.500,-1.383,0.348,-18.066,23.437,-53.772
1.532,-1.461,0.341,-23.499,10.925,-47.302
1.556,-1.545,0.341,-28.625,0.793,-38.391
1.555,-1.640,0.338,-35.522,-4.456,-25.574
1.491,-1.661,0.314,-40.894,-7.751,-7.019
1.417,-1.635,0.260,-41.870,-11.169,15.076
1.315,-1.579,0.200,-42.847,-15.869,37.415
1.159,-1.495,0.174,-43.152,-23.010,59.204
0.975,-1.367,0.197,-39.246,-32.349,78.979
0.809,-1.243,0.235,-31.433,-42.542,95.154
0.632,-1.151,0.307,-25.024,-54.382,107.056
0.457,-1.068,0.410,-19.714,-64.636,114.624
0.317,-0.979,0.515,-18.188,-68.787,116.821
0.244,-0.924,0.569,-21.545,-71.472,114.258
0.181,-0.927,0.618,-29.480,-76.599,109.619
0.107,-0.929,0.685,-35.889,-81.665,107.422
0.062,-0.929,0.728,-35.767,-80.017,108.948
0.039,-0.934,0.750,-32.227,-73.730,114.563
-0.048,-0.927,0.775,-28.137,-70.374,123.352
-0.125,-0.885,0.791,-21.606,-67.383,133.728
-0.197,-0.835,0.785,-14.709,-62.073,142.090
-0.257,-0.789,0.780,-9.216,-58.289,147.034
-0.305,-0.744,0.764,-6.104,-56.885,148.254
-0.307,-0.687,0.767,-5.798,-57.251,145.081
-0.292,-0.662,0.763,-9.888,-59.692,137.878
-0.277,-0.645,0.735,-19.104,-64.575,129.944
-0.253,-0.633,0.678,-28.076,-68.542,123.474
-0.228,-0.619,0.621,-32.166,-71.777,119.690
-0.224,-0.608,0.609,-32.654,-75.623,119.141
-0.244,-0.610,0.600,-27.161,-77.576,120.422
-0.258,-0.614,0.610,-20.630,-78.552,122.986
-0.268,-0.602,0.625,-16.724,-80.811,124.756
-0.286,-0.594,0.640,-17.029,-81.726,125.732
-0.316,-0.606,0.633,-20.874,-80.017,124.878
-0.357,-0.615,0.608,-28.137,-78.430,122.253
-0.394,-0.627,0.592,-36.560,-77.209,118.408
-0.446,-0.645,0.583,-42.175,-76.111,114.929
-0.503,-0.630,0.599,-41.992,-75.317,113.342
-0.546,-0.598,0.628,-35.278,-72.876,112.976
-0.594,-0.565,0.657,-25.940,-70.007,113.159
-0.658,-0.519,0.684,-17.639,-68.237,112.976
-0.701,-0.472,0.713,-10.559,-66.895,111.450
-0.731,-0.445,0.747,-5.127,-64.453,107.849
-0.766,-0.413,0.789,-3.052,-63.110,104.126
-0.766,-0.394,0.865,-4.517,-61.951,101.746
-0.791,-0.388,0.921,-2.197,-57.312,98.511
-0.825,-0.357,0.967,-2.136,-50.171,94.482
-0.849,-0.302,0.990,-8.911,-41.992,92.590
-0.870,-0.264,0.978,-14.832,-35.278,87.524
-0.875,-0.232,0.957,-19.592,-30.945,79.590
-0.860,-0.205,0.922,-23.804,-28.870,71.899
-0.858,-0.201,0.856,-23.010,-28.870,63.904
-0.839,-0.212,0.817,-19.409,-30.273,56.580
-0.816,-0.235,0.801,-16.235,-33.752,50.537
-0.796,-0.255,0.820,-14.404,-38.940,46.875
-0.773,-0.269,0.865,-10.315,-43.823,44.739
-0.758,-0.302,0.881,-4.822,-43.274,43.335
-0.740,-0.301,0.894,-3.357,-38.757,44.006
-0.739,-0.272,0.905,0.854,-31.677,44.800
-0.721,-0.247,0.895,4.333,-23.499,43.274
-0.693,-0.236,0.898,4.150,-19.470,38.635
-0.674,-0.221,0.913,-1.099,-19.470,32.532
-0.656,-0.213,0.922,-8.240,-19.409,25.940
-0.634,-0.209,0.918,-14.282,-17.761,19.409
-0.612,-0.218,0.916,-17.822,-16.907,13.489
-0.592,-0.235,0.918,-18.494,-15.930,8.850
-0.566,-0.245,0.931,-16.724,-14.404,5.920
-0.544,-0.259,0.946,-13.611,-12.939,4.272
-0.523,-0.278,0.964,-10.132,-12.512,3.174
-0.482,-0.297,0.971,-7.385,-11.658,2.197
-0.444,-0.320,0.981,-5.859,-10.986,1.892
-0.426,-0.333,0.994,-4.456,-9.644,2.869
-0.413,-0.326,0.996,-1.953,-5.859,4.395
-0.389,-0.323,0.978,-0.488,-1.343,5.554
-0.362,-0.325,0.954,-1.404,0.610,4.944
-0.333,-0.327,0.938,-3.723,0.305,3.479
-0.298,-0.331,0.933,-5.066,-0.366,2.136
-0.264,-0.334,0.928,-4.700,0.366,1.038
-0.238,-0.341,0.917,-3.479,2.625,0.366
-0.225,-0.347,0.900,-3.113,5.310,-0.122
-0.216,-0.356,0.873,-3.906,6.836,-0.854
-0.205,-0.368,0.843,-4.822,6.592,-1.770
-0.187,-0.383,0.826,-5.371,5.493,-2.625
-0.166,-0.397,0.822,-5.737,4.639,-2.991
-0.143,-0.408,0.816,-5.066,4.517,-2.686
-0.128,-0.416,0.816,-4.150,4.883,-1.953
-0.129,-0.413,0.812,-4.028,4.761,-1.160
-0.125,-0.415,0.793,-3.052,4.883,-0.671
-0.112,-0.419,0.785,-1.648,5.859,-0.732
-0.106,-0.435,0.788,-0.854,5.859,-0.671
-0.116,-0.444,0.795,-0.122,4.456,0.000
-0.120,-0.437,0.801,0.977,3.662,0.488
-0.106,-0.442,0.809,2.441,3.540,0.366
-0.093,-0.459,0.821,3.418,2.441,0.366
-0.088,-0.465,0.846,3.479,0.854,1.282

-0.868,-0.179,0.946,7.446,43.274,-69.946
-0.851,-0.209,0.920,8.545,46.265,-74.463
-0.830,-0.246,0.889,10.376,48.950,-77.148
-0.818,-0.274,0.852,10.437,50.659,-78.491
-0.801,-0.284,0.843,8.179,51.636,-79.346
-0.815,-0.324,0.837,9.338,53.650,-81.177
-0.812,-0.359,0.824,11.719,58.105,-83.374
-0.805,-0.384,0.802,13.916,63.293,-85.815
-0.811,-0.412,0.769,15.869,67.505,-88.928
-0.785,-0.437,0.732,18.494,72.571,-92.896
-0.742,-0.472,0.705,19.897,76.294,-97.046
-0.708,-0.497,0.707,20.203,77.820,-100.830
-0.666,-0.521,0.696,21.118,79.712,-103.516
-0.638,-0.561,0.684,22.156,82.153,-105.408
-0.615,-0.595,0.669,23.499,83.313,-107.117
-0.597,-0.638,0.679,27.344,83.435,-108.459
-0.547,-0.686,0.693,33.020,84.229,-110.840
-0.497,-0.737,0.703,37.109,84.595,-112.732
-0.464,-0.791,0.703,38.330,84.473,-113.525
-0.426,-0.840,0.670,37.354,85.754,-113.342
-0.379,-0.868,0.617,34.424,87.219,-113.281
-0.331,-0.899,0.563,31.128,86.548,-113.159
-0.242,-0.883,0.519,25.330,85.571,-112.488
-0.237,-0.888,0.463,26.062,83.435,-114.441
-0.135,-0.871,0.443,26.428,81.238,-111.145
-0.059,-0.867,0.451,33.264,80.627,-106.445
-0.002,-0.880,0.484,44.922,79.956,-104.553
0.055,-0.902,0.522,49.988,79.224,-101.379
0.113,-0.969,0.536,49.866,77.576,-100.525
0.163,-1.023,0.540,41.260,73.975,-100.159
0.215,-1.054,0.531,31.433,71.167,-99.548
0.311,-1.078,0.513,27.771,70.557,-98.511
0.414,-1.102,0.508,28.503,69.275,-95.459
0.523,-1.137,0.498,30.823,67.810,-89.600
0.605,-1.173,0.502,34.729,67.444,-81.787
0.688,-1.191,0.504,38.025,66.833,-72.083
0.763,-1.199,0.496,36.682,66.040,-61.523
0.838,-1.201,0.484,32.104,62.134,-53.101
0.918,-1.217,0.482,26.367,56.213,-46.753
0.990,-1.238,0.494,20.935,49.866,-41.199
1.056,-1.255,0.505,16.479,44.739,-35.339
1.109,-1.264,0.511,10.437,38.635,-27.588
1.137,-1.255,0.519,2.747,31.494,-18.005
1.147,-1.218,0.507,-5.127,24.963,-7.690
1.139,-1.170,0.486,-12.024,18.860,1.648
1.113,-1.122,0.461,-17.822,11.292,10.071
1.081,-1.081,0.440,-20.935,2.563,17.761
1.022,-1.049,0.441,-21.301,-6.958,24.841
0.954,-1.030,0.458,-21.240,-17.395,32.104
0.877,-1.016,0.479,-21.729,-27.710,38.879
0.799,-1.013,0.502,-23.804,-36.316,45.410
0.733,-1.011,0.515,-25.146,-41.992,51.880
0.667,-1.005,0.535,-25.818,-46.692,58.716
0.587,-0.988,0.546,-26.550,-51.025,65.430
0.503,-0.967,0.572,-28.564,-54.565,71.289
0.417,-0.943,0.600,-29.236,-56.824,76.599
0.336,-0.908,0.638,-29.358,-58.716,81.848
0.249,-0.872,0.679,-29.114,-58.960,86.670
0.166,-0.835,0.709,-26.733,-59.082,91.187
0.094,-0.798,0.729,-23.193,-58.105,94.971
0.044,-0.754,0.744,-20.569,-57.068,97.290
0.004,-0.724,0.765,-18.005,-57.678,98.083
-0.009,-0.711,0.794,-16.357,-57.739,97.412
-0.019,-0.702,0.832,-17.761,-58.044,95.947
-0.033,-0.701,0.848,-21.179,-57.251,94.360
-0.059,-0.700,0.823,-24.536,-54.077,94.910
-0.089,-0.692,0.777,-25.574,-49.866,97.107
-0.128,-0.677,0.727,-24.658,-48.401,100.159
-0.155,-0.652,0.699,-22.461,-50.415,103.271
-0.164,-0.628,0.679,-19.653,-52.979,105.042
-0.177,-0.617,0.674,-18.494,-54.810,105.957
-0.193,-0.610,0.680,-18.616,-57.129,106.018
-0.211,-0.603,0.677,-19.409,-58.716,105.286
-0.235,-0.599,0.656,-21.301,-58.594,103.943
-0.257,-0.602,0.631,-24.963,-58.960,102.478
-0.306,-0.603,0.617,-28.259,-60.608,101.013
-0.345,-0.611,0.631,-29.358,-63.599,101.074
-0.376,-0.593,0.659,-24.841,-63.538,101.624
-0.418,-0.570,0.677,-20.691,-61.890,103.516
-0.459,-0.535,0.704,-15.442,-60.120,104.431
-0.505,-0.495,0.727,-10.437,-57.312,104.309
-0.550,-0.446,0.753,-5.676,-54.810,102.600
-0.587,-0.419,0.771,-2.075,-51.880,98.511
-0.628,-0.385,0.805,-0.854,-49.988,92.834
-0.644,-0.359,0.807,-2.686,-48.523,85.999
-0.657,-0.350,0.803,-6.836,-48.828,78.430
-0.667,-0.349,0.815,-10.986,-51.453,71.533
-0.676,-0.347,0.821,-12.817,-54.565,66.772
-0.687,-0.345,0.839,-13.367,-56.030,63.416
-0.692,-0.325,0.856,-12.939,-53.772,59.875
-0.690,-0.319,0.875,-11.230,-50.537,56.824
-0.677,-0.325,0.893,-9.949,-47.974,54.199
-0.657,-0.344,0.916,-10.437,-43.945,50.781
-0.620,-0.357,0.925,-14.038,-37.842,47.913
-0.588,-0.356,0.902,-17.273,-31.677,45.837
-0.562,-0.354,0.869,-19.226,-27.222,44.739
-0.548,-0.352,0.851,-20.264,-24.170,43.701
-0.538,-0.332,0.833,-18.677,-20.813,42.908
-0.524,-0.302,0.813,-13.916,-17.334,42.053
-0.513,-0.266,0.806,-8.240,-15.869,40.222
-0.510,-0.247,0.826,-3.845,-16.663,37.354
-0.508,-0.238,0.853,-1.160,-17.700,32.898
-0.493,-0.238,0.879,0.122,-18.494,27.832
-0.473,-0.255,0.895,-0.610,-18.616,22.522
-0.452,-0.283,0.915,-2.380,-18.982,18.127
-0.439,-0.318,0.942,-3.662,-19.226,15.442
-0.437,-0.343,0.951,-3.662,-17.090,14.465
-0.423,-0.352,0.941,-2.075,-12.390,14.038
-0.405,-0.360,0.923,-0.610,-8.850,13.550
-0.392,-0.363,0.920,-1.221,-7.812,12.939
-0.380,-0.366,0.910,-2.502,-7.263,11.475
-0.353,-0.363,0.900,-2.563,-6.287,9.460
-0.322,-0.365,0.900,-1.953,-6.653,7.263
-0.299,-0.385,0.913,-1.282,-7.141,5.432
-0.287,-0.403,0.920,-0.854,-6.958,4.456
-0.284,-0.407,0.926,-0.183,-6.165,3.601
-0.268,-0.416,0.928,1.221,-2.930,1.892
-0.239,-0.436,0.913,1.038,0.671,0.183
-0.216,-0.457,0.897,-0.854,1.160,-0.549

-0.870,-0.193,0.999,-0.916,21.545,-10.986
-0.998,-0.160,0.993,0.061,25.452,-13.184
-1.102,-0.131,0.981,0.549,30.396,-16.235
-1.295,-0.121,0.958,3.174,34.424,-19.653
-1.498,-0.076,0.939,1.282,39.490,-19.592
-1.702,0.020,0.913,4.333,46.875,-19.897
-1.934,0.113,0.867,8.118,56.641,-22.766
-2.151,0.237,0.848,11.719,65.063,-29.114
-2.372,0.340,0.850,18.127,72.327,-40.283
-2.592,0.433,0.843,20.630,81.238,-56.580
-2.750,0.511,0.880,22.949,87.402,-78.308
-2.899,0.546,0.989,25.391,88.440,-105.042
-3.034,0.507,1.164,28.076,92.407,-135.193
-3.114,0.421,1.341,30.701,107.239,-167.725
-3.180,0.232,1.364,27.832,126.282,-201.416
-3.094,-0.006,1.173,15.381,146.484,-236.694
-2.887,-0.363,0.799,-2.502,159.058,-276.245
-2.490,-0.813,0.343,-20.203,160.889,-312.866
-2.062,-1.533,-0.216,-3.540,154.358,-354.675
-1.110,-2.404,-0.735,24.963,148.804,-380.249
-0.004,-3.352,-1.151,63.049,138.916,-375.671
1.139,-4.000,-1.388,122.192,143.982,-347.839
2.371,-4.000,-1.501,178.101,159.302,-302.490
3.458,-4.000,-1.456,202.209,161.987,-248.108
4.000,-4.000,-1.448,178.467,155.334,-196.289
4.000,-4.000,-1.505,114.990,143.066,-145.630
4.000,-4.000,-1.652,41.992,123.352,-90.088
4.000,-4.000,-1.726,-1.526,93.628,-30.945
4.000,-3.504,-1.540,-10.071,49.622,25.208
4.000,-2.708,-1.109,-4.089,-7.080,75.989
4.000,-2.177,-0.693,-3.052,-60.730,119.141
3.919,-1.841,-0.411,-12.390,-103.882,149.170
3.188,-1.662,-0.233,-21.729,-135.620,163.391
2.438,-1.628,-0.045,-28.198,-165.283,167.725
1.696,-1.655,0.147,-36.438,-191.772,167.053
1.022,-1.710,0.290,-44.434,-201.111,162.231
0.471,-1.773,0.368,-51.025,-200.745,156.555
-0.005,-1.827,0.411,-62.561,-201.965,150.574
-0.366,-1.876,0.408,-79.529,-203.308,145.874
-0.714,-1.820,0.300,-96.924,-201.416,149.109
-1.077,-1.670,0.151,-105.225,-188.293,160.767
-1.413,-1.473,0.008,-97.046,-169.861,174.805
-1.761,-1.232,-0.015,-81.299,-158.447,186.768
-2.086,-0.961,0.106,-60.059,-152.405,194.214
-2.292,-0.663,0.284,-36.316,-146.729,193.848
-2.316,-0.396,0.416,-19.165,-141.357,178.894
-2.251,-0.231,0.496,-17.334,-138.916,150.757
-2.195,-0.174,0.483,-26.123,-137.024,116.638
-2.059,-0.170,0.585,-48.706,-133.850,84.778
-1.904,-0.272,0.612,-75.806,-139.771,64.514
-1.880,-0.328,0.631,-113.464,-149.841,56.702
-1.859,-0.341,0.594,-134.583,-136.169,66.040
-1.814,-0.301,0.514,-126.038,-106.323,78.796
-1.783,-0.217,0.523,-109.558,-82.764,92.346
-1.794,-0.090,0.572,-98.877,-67.932,104.858
-1.767,0.053,0.599,-87.952,-51.514,112.000
-1.672,0.202,0.579,-78.125,-34.180,110.840
-1.574,0.318,0.570,-72.876,-22.095,103.271
-1.476,0.383,0.579,-65.430,-15.015,91.858
-1.345,0.392,0.634,-51.147,-13.855,78.369
-1.213,0.354,0.726,-38.086,-18.311,66.406
-1.117,0.308,0.818,-30.334,-22.461,58.472
-1.028,0.267,0.873,-22.217,-19.531,54.443
-0.963,0.220,0.862,-14.404,-12.268,52.429
-0.930,0.218,0.916,-13.611,-7.141,49.561
-0.890,0.226,0.939,-16.968,-4.456,47.058
-0.853,0.211,0.896,-19.897,-1.404,37.842
-0.832,0.212,0.818,-26.489,0.244,26.428
-0.792,0.184,0.747,-30.334,-1.892,15.503
-0.760,0.141,0.724,-27.466,-9.705,4.333
-0.713,0.087,0.750,-20.142,-18.188,-4.639
-0.651,0.013,0.804,-8.728,-22.827,-11.230
-0.587,-0.055,0.895,3.174,-24.719,-14.648
-0.582,-0.126,0.977,11.597,-24.048,-16.418
-0.546,-0.176,1.021,14.038,-19.043,-18.005
-0.530,-0.228,1.018,9.949,-13.794,-21.179
-0.528,-0.280,0.984,3.845,-9.827,-25.208
-0.504,-0.336,0.919,0.427,-5.066,-28.198
-0.472,-0.403,0.859,-0.427,-1.648,-29.114
-0.449,-0.459,0.830,0.977,-0.916,-27.161
-0.420,-0.493,0.817,5.371,0.488,-23.315
-0.400,-0.509,0.808,9.827,2.563,-18.066
-0.382,-0.501,0.814,12.695,4.944,-12.451
-0.363,-0.494,0.811,14.221,6.775,-8.606
-0.346,-0.500,0.826,12.085,7.019,-6.470
-0.331,-0.508,0.843,6.104,5.859,-5.432
-0.343,-0.502,0.853,-0.854,5.615,-5.188
-0.334,-0.496,0.844,-4.150,9.277,-5.249
-0.294,-0.499,0.821,-6.653,13.123,-5.737
-0.274,-0.500,0.825,-10.071,11.841,-5.798
-0.250,-0.491,0.831,-11.780,10.742,-4.517
-0.233,-0.469,0.819,-10.559,11.963,-1.709
-0.223,-0.433,0.801,-6.836,13.062,1.587
-0.214,-0.402,0.794,-3.235,13.489,4.028
-0.212,-0.384,0.797,-1.160,13.733,4.883
-0.200,-0.371,0.807,0.549,12.817,4.395
-0.226,-0.385,0.814,1.587,10.071,3.113
-0.226,-0.398,0.832,-1.221,6.409,3.296
-0.233,-0.417,0.844,-0.366,4.395,4.028
-0.245,-0.429,0.852,0.977,4.028,4.578
-0.261,-0.432,0.858,0.793,4.028,5.981
-0.287,-0.434,0.870,-0.854,2.686,6.714
-0.297,-0.446,0.858,-1.526,2.380,6.042
-0.297,-0.449,0.854,-2.258,2.686,5.066
-0.293,-0.449,0.855,-1.648,3.662,4.639
-0.300,-0.449,0.858,-0.244,4.089,5.005
-0.310,-0.445,0.850,0.610,4.822,5.493
-0.325,-0.436,0.848,1.587,5.249,6.592
-0.330,-0.428,0.844,2.869,5.859,7.385
-0.341,-0.424,0.853,2.625,6.165,7.568
-0.348,-0.415,0.857,0.916,6.165,7.080
-0.346,-0.408,0.859,-0.916,7.080,6.287
-0.338,-0.411,0.857,-2.014,8.606,5.920
-0.337,-0.419,0.857,-3.601,8.484,6.470
-0.346,-0.418,0.844,-5.371,8.362,7.568
-0.356,-0.400,0.820,-6.042,8.911,9.705
-0.382,-0.374,0.804,-5.615,8.911,11.658
-0.430,-0.355,0.791,-4.089,8.362,13.367
-0.488,-0.324,0.786,-1.648,8.484,15.320

-1.101,0.124,0.921,13.489,27.771,10.803
-1.180,0.207,0.858,12.329,31.494,4.700
-1.267,0.244,0.818,11.414,33.386,-3.235
-1.369,0.247,0.817,12.939,34.424,-12.634
-1.446,0.240,0.825,17.273,37.964,-21.667
-1.527,0.226,0.853,23.315,43.518,-30.212
-1.581,0.217,0.874,29.968,50.354,-38.940
-1.583,0.204,0.850,34.790,59.204,-49.377
-1.595,0.157,0.807,32.288,65.002,-61.646
-1.625,0.112,0.786,26.001,65.247,-74.768
-1.644,0.058,0.779,24.292,65.674,-86.731
-1.664,0.007,0.775,23.987,68.298,-96.863
-1.709,-0.028,0.752,25.635,72.571,-105.164
-1.718,-0.056,0.678,30.029,81.848,-112.976
-1.721,-0.101,0.587,35.645,92.896,-120.178
-1.703,-0.176,0.511,41.382,102.173,-127.991
-1.659,-0.266,0.451,45.166,107.605,-137.512
-1.604,-0.377,0.416,46.997,109.192,-148.010
-1.556,-0.468,0.415,48.828,110.535,-159.180
-1.472,-0.579,0.369,48.828,114.685,-171.631
-1.393,-0.708,0.320,47.729,116.516,-182.922
-1.264,-0.831,0.286,51.575,117.126,-191.650
-1.052,-0.943,0.271,61.462,119.934,-197.388
-0.821,-1.088,0.315,77.026,122.314,-200.256
-0.594,-1.241,0.364,91.736,128.296,-200.500
-0.429,-1.537,0.293,105.835,140.259,-202.942
-0.166,-1.832,0.194,104.919,149.231,-207.275
0.112,-2.120,0.075,83.618,150.574,-201.111
0.404,-2.348,-0.099,74.036,151.062,-198.914
0.748,-2.499,-0.252,70.374,154.053,-188.171
1.056,-2.566,-0.290,70.313,145.813,-168.945
1.338,-2.537,-0.302,75.867,134.888,-146.912
1.608,-2.486,-0.310,75.806,124.695,-122.253
1.821,-2.428,-0.272,72.876,106.140,-97.473
1.998,-2.364,-0.182,70.190,87.219,-76.294
2.181,-2.293,-0.071,65.735,70.801,-59.082
2.370,-2.218,0.043,56.946,52.490,-45.532
2.562,-2.206,0.171,44.373,31.311,-35.400
2.707,-2.261,0.292,26.550,11.047,-23.437
2.765,-2.307,0.329,4.883,-0.671,-4.639
2.757,-2.265,0.234,-17.090,-5.310,22.522
2.647,-2.144,0.062,-37.170,-11.963,54.993
2.385,-1.978,-0.096,-49.683,-23.193,88.074
2.052,-1.753,-0.250,-52.002,-35.522,118.225
1.705,-1.535,-0.332,-43.762,-54.199,142.517
1.361,-1.369,-0.250,-29.297,-83.252,157.898
1.059,-1.256,-0.063,-17.334,-112.427,162.659
0.802,-1.219,0.143,-12.146,-132.141,159.119
0.559,-1.230,0.290,-18.127,-143.921,151.245
0.338,-1.256,0.360,-31.738,-150.024,142.090
0.144,-1.308,0.395,-46.021,-151.123,135.010
-0.033,-1.356,0.446,-59.448,-152.771,133.301
-0.213,-1.376,0.508,-68.970,-153.992,138.611
-0.378,-1.374,0.546,-70.740,-149.109,149.414
-0.569,-1.308,0.543,-67.871,-140.686,163.452
-0.764,-1.197,0.505,-59.753,-131.409,175.720
-0.922,-1.073,0.453,-50.842,-124.268,181.763
-1.047,-0.962,0.398,-45.837,-121.704,180.786
-1.135,-0.865,0.397,-43.945,-125.549,173.889
-1.196,-0.808,0.451,-43.396,-131.958,163.269
-1.264,-0.776,0.506,-42.175,-134.827,152.283
-1.297,-0.710,0.521,-39.001,-132.507,143.738
-1.434,-0.681,0.408,-31.311,-126.465,134.583
-1.295,-0.515,0.629,-32.471,-119.873,130.615
-1.320,-0.424,0.642,-4.822,-112.671,125.488
-1.304,-0.364,0.673,-5.859,-98.633,116.638
-1.297,-0.238,0.700,-24.536,-96.497,112.488
-1.379,-0.152,0.685,-47.852,-97.107,105.652
-1.452,-0.089,0.625,-61.584,-86.060,96.130
-1.461,-0.044,0.593,-64.087,-72.266,88.806
-1.430,-0.002,0.619,-58.655,-63.354,80.933
-1.392,0.007,0.655,-48.523,-54.199,73.608
-1.347,0.022,0.712,-38.635,-45.349,69.885
-1.290,0.037,0.802,-29.663,-39.063,65.857
-1.257,0.052,0.900,-23.926,-34.485,62.012
-1.222,0.038,0.970,-18.982,-27.771,57.800
-1.172,0.041,0.983,-14.587,-20.386,52.490
-1.116,0.048,0.970,-13.245,-14.893,44.312
-1.061,0.012,0.935,-13.794,-11.658,32.959
-1.036,-0.049,0.902,-15.198,-12.268,20.081
-0.934,-0.113,0.895,-19.714,-13.489,8.240
-0.861,-0.191,0.864,-20.874,-13.977,0.000
-0.793,-0.276,0.829,-18.250,-11.780,-5.493
-0.730,-0.332,0.792,-13.123,-7.629,-7.080
-0.678,-0.355,0.781,-7.507,-4.761,-4.944
-0.639,-0.364,0.777,-3.906,-2.502,-1.709
-0.607,-0.351,0.777,-1.221,-0.732,0.427
-0.553,-0.332,0.772,2.869,1.099,1.648
-0.500,-0.318,0.773,5.798,2.747,1.038
-0.449,-0.311,0.772,5.737,3.235,-0.549
-0.403,-0.319,0.784,4.150,2.441,-2.319
-0.372,-0.336,0.811,2.502,0.854,-4.761
-0.373,-0.365,0.839,1.099,0.366,-7.263
-0.357,-0.400,0.824,-1.526,1.709,-9.399
-0.337,-0.436,0.801,-4.517,3.418,-11.169
-0.327,-0.470,0.778,-7.324,3.967,-11.963
-0.302,-0.500,0.769,-6.714,3.967,-11.230
-0.266,-0.511,0.756,-2.930,4.883,-9.644
-0.224,-0.519,0.755,1.038,7.263,-8.118
-0.180,-0.535,0.765,2.991,8.545,-6.653
-0.156,-0.549,0.776,2.258,7.629,-5.310
-0.149,-0.555,0.780,1.587,6.348,-3.601
-0.156,-0.560,0.783,2.991,5.310,-1.526
-0.160,-0.571,0.792,3.906,5.981,-0.549
-0.170,-0.587,0.809,3.052,6.042,0.000
-0.189,-0.603,0.821,0.916,4.761,1.831
-0.208,-0.607,0.818,-0.122,3.906,4.211
-0.216,-0.613,0.820,0.305,3.723,6.470
-0.223,-0.613,0.840,0.488,2.747,8.362
-0.243,-0.605,0.845,0.244,2.747,10.498
-0.244,-0.581,0.832,0.549,5.005,12.573
-0.254,-0.543,0.829,1.526,6.348,14.465
-0.272,-0.502,0.823,2.930,7.629,15.320
-0.269,-0.471,0.822,4.333,9.277,14.099
-0.253,-0.461,0.828,4.578,8.728,11.169
-0.236,-0.470,0.831,2.808,7.263,8.057
-0.218,-0.482,0.826,0.916,6.958,5.737
-0.208,-0.494,0.800,-1.160,7.629,4.578
-0.201,-0.502,0.778,-2.380,7.141,3.784

-1.117,-0.256,0.888,-0.549,15.320,1.465
-1.314,-0.238,0.916,4.578,23.621,4.639
-1.491,-0.170,0.917,12.146,35.583,9.094
-1.618,-0.067,0.907,17.883,45.837,11.108
-1.739,0.026,0.930,17.700,52.307,5.798
-1.799,0.090,0.905,12.817,59.753,-7.629
-1.814,0.109,0.856,-0.305,65.063,-27.588
-1.821,0.072,0.827,-13.611,65.186,-49.438
-1.778,0.008,0.808,-20.752,65.979,-69.397
-1.714,-0.063,0.789,-21.973,69.824,-82.764
-1.682,-0.130,0.784,-19.348,74.097,-90.393
-1.655,-0.183,0.769,-13.428,80.688,-95.642
-1.589,-0.227,0.732,-8.423,90.759,-100.403
-1.546,-0.270,0.684,-4.028,100.586,-105.957
-1.482,-0.293,0.622,-0.916,110.168,-112.488
-1.412,-0.335,0.579,3.723,118.530,-122.009
-1.324,-0.434,0.535,9.277,124.268,-135.498
-1.214,-0.536,0.500,13.794,126.587,-150.879
-1.094,-0.675,0.459,16.296,125.671,-165.527
-0.988,-0.836,0.420,18.860,122.803,-176.208
-0.881,-0.992,0.388,25.818,121.826,-181.946
-0.776,-1.117,0.353,37.415,124.146,-182.007
-0.660,-1.199,0.332,50.537,127.991,-178.711
-0.574,-1.258,0.353,57.434,131.897,-174.500
-0.578,-1.354,0.347,70.007,132.935,-179.871
-0.413,-1.433,0.331,73.303,137.695,-185.181
-0.165,-1.555,0.247,65.186,144.104,-184.143
0.118,-1.710,0.157,65.125,144.409,-191.223
0.451,-1.932,0.065,64.758,144.714,-197.021
0.837,-2.169,-0.044,59.753,147.644,-196.960
1.250,-2.382,-0.209,53.162,149.109,-190.002
1.689,-2.509,-0.344,45.898,147.827,-173.706
2.107,-2.529,-0.451,46.387,145.874,-150.330
2.531,-2.503,-0.516,50.903,136.169,-124.756
2.825,-2.446,-0.524,50.476,112.915,-100.342
3.021,-2.361,-0.468,45.654,84.412,-77.698
3.163,-2.307,-0.360,36.865,55.725,-56.091
3.219,-2.235,-0.226,21.240,23.926,-33.691
3.165,-2.103,-0.153,4.211,-2.991,-7.812
3.009,-1.951,-0.170,-8.606,-19.165,21.179
2.751,-1.764,-0.225,-17.151,-31.372,49.805
2.405,-1.580,-0.253,-22.034,-45.715,75.439
2.022,-1.419,-0.222,-21.362,-65.796,95.032
1.666,-1.307,-0.113,-18.799,-90.515,107.605
1.343,-1.246,0.044,-17.639,-115.662,113.770
1.061,-1.223,0.218,-19.043,-135.620,115.051
0.846,-1.229,0.353,-22.156,-147.278,112.793
0.671,-1.261,0.435,-26.245,-152.832,109.680
0.488,-1.308,0.441,-32.104,-153.381,107.666
0.314,-1.391,0.463,-36.011,-149.475,109.314
0.086,-1.497,0.479,-38.025,-145.935,116.577
-0.212,-1.522,0.495,-38.696,-141.296,131.714
-0.439,-1.483,0.475,-33.997,-130.554,149.170
-0.663,-1.396,0.466,-31.433,-123.108,162.354
-0.919,-1.257,0.486,-32.959,-119.812,168.701
-1.054,-1.078,0.497,-40.466,-114.868,168.884
-1.153,-0.909,0.488,-51.270,-112.549,161.133
-1.254,-0.748,0.488,-64.270,-114.868,147.339
-1.366,-0.627,0.479,-71.899,-116.943,131.287
-1.371,-0.487,0.474,-80.627,-118.347,117.676
-1.344,-0.364,0.477,-85.938,-124.634,106.323
-1.338,-0.273,0.510,-86.914,-133.850,97.473
-1.345,-0.192,0.540,-83.252,-137.512,93.933
-1.330,-0.130,0.547,-76.172,-127.930,91.309
-1.341,-0.079,0.537,-66.162,-114.136,88.623
-1.348,-0.046,0.557,-56.396,-104.065,86.487
-1.360,-0.017,0.605,-45.776,-95.520,83.374
-1.365,-0.006,0.656,-36.926,-85.876,79.590
-1.371,-0.010,0.694,-31.189,-76.416,75.012
-1.344,-0.017,0.732,-27.771,-69.580,69.763
-1.308,-0.033,0.712,-24.780,-61.401,63.232
-1.267,-0.044,0.702,-24.292,-52.979,55.725
-1.231,-0.064,0.691,-24.780,-48.035,48.279
-1.215,-0.110,0.691,-23.315,-44.373,40.894
-1.181,-0.174,0.715,-20.325,-40.710,35.095
-1.145,-0.207,0.746,-17.456,-37.537,31.311
-1.097,-0.201,0.759,-13.611,-31.799,30.029
-1.054,-0.190,0.785,-8.057,-27.283,30.396
-1.033,-0.150,0.829,-2.258,-24.719,30.640
-0.986,-0.107,0.871,3.296,-20.020,28.015
-0.932,-0.086,0.916,7.019,-15.076,22.217
-0.854,-0.091,0.943,4.639,-10.986,14.160
-0.773,-0.123,0.949,-1.282,-8.667,6.470
-0.691,-0.162,0.938,-6.897,-6.470,0.610
-0.626,-0.199,0.905,-9.827,-2.930,-1.709
-0.582,-0.227,0.877,-9.338,-0.061,-1.587
-0.537,-0.255,0.843,-6.775,2.686,-0.793
-0.518,-0.290,0.796,-5.066,4.211,0.061
-0.497,-0.325,0.760,-3.357,4.028,0.488
-0.467,-0.372,0.739,-1.282,2.197,0.427
-0.430,-0.423,0.737,1.831,-0.671,0.183
-0.390,-0.473,0.737,4.883,-3.601,1.282
-0.346,-0.515,0.747,7.324,-6.409,3.479
-0.323,-0.544,0.777,9.216,-7.324,6.653
-0.322,-0.550,0.808,11.047,-5.005,9.766
-0.316,-0.535,0.834,12.024,-0.916,11.536
-0.327,-0.523,0.854,11.230,1.404,10.498
-0.329,-0.526,0.875,5.859,2.747,7.202
-0.321,-0.524,0.890,-0.977,2.991,3.235
-0.304,-0.534,0.875,-7.446,4.395,0.061
-0.271,-0.539,0.854,-10.498,6.287,-1.099
-0.232,-0.538,0.834,-9.033,7.935,-0.793
-0.193,-0.537,0.810,-5.920,9.399,1.099
-0.170,-0.531,0.793,-2.502,9.216,3.723
-0.172,-0.531,0.783,-0.244,7.629,5.798
-0.178,-0.542,0.787,0.305,6.287,6.897
-0.203,-0.553,0.797,0.671,4.150,7.935
-0.228,-0.552,0.806,0.305,4.517,9.583
-0.249,-0.543,0.809,-0.610,5.920,11.169
-0.273,-0.526,0.804,-2.808,5.676,12.390
-0.285,-0.500,0.786,-5.005,5.981,12.512
-0.278,-0.480,0.756,-5.737,7.446,11.536
-0.265,-0.459,0.733,-6.226,7.141,10.193
-0.265,-0.450,0.722,-6.958,5.798,8.606
-0.269,-0.444,0.718,-7.141,4.700,7.874
-0.279,-0.435,0.733,-5.981,3.113,7.690
-0.294,-0.424,0.740,-4.517,2.747,8.118
-0.308,-0.421,0.745,-3.662,2.563,8.728
-0.327,-0.420,0.751,-4.089,0.977,8.972

-1.144,-0.161,0.924,10.254,2.930,1.831
-1.311,-0.090,0.979,15.137,8.118,1.282
-1.458,-0.003,1.028,22.461,16.174,1.892
-1.594,0.092,1.055,29.602,26.367,1.648
-1.717,0.203,1.075,32.166,36.865,-1.953
-1.811,0.285,1.049,30.212,47.791,-11.719
-1.882,0.317,0.998,22.095,58.228,-27.954
-1.906,0.292,0.907,13.611,66.833,-47.241
-1.870,0.235,0.803,7.019,72.693,-65.552
-1.843,0.169,0.718,2.686,76.172,-81.238
-1.807,0.111,0.599,4.395,82.336,-92.590
-1.766,0.048,0.504,9.583,90.637,-100.403
-1.762,-0.013,0.458,16.724,96.741,-107.178
-1.743,-0.071,0.444,24.963,102.722,-113.953
-1.736,-0.136,0.426,32.898,109.985,-122.986
-1.700,-0.232,0.411,38.330,117.554,-134.766
-1.624,-0.369,0.387,41.077,122.437,-149.414
-1.533,-0.531,0.372,42.603,123.779,-163.208
-1.403,-0.721,0.341,45.410,127.930,-175.354
-1.247,-0.888,0.295,52.551,134.155,-184.082
-1.117,-1.075,0.254,60.669,139.465,-188.660
-0.979,-1.281,0.157,68.481,145.325,-189.697
-0.748,-1.368,0.120,66.833,152.222,-188.293
-0.639,-1.520,0.008,76.294,153.259,-194.641
-0.394,-1.637,-0.067,74.524,153.564,-189.514
-0.142,-1.774,-0.123,76.050,150.757,-179.749
0.099,-1.945,-0.147,86.548,148.010,-178.894
0.328,-2.133,-0.143,89.172,148.682,-175.110
0.537,-2.307,-0.154,85.205,149.475,-171.326
0.788,-2.428,-0.204,76.355,148.865,-166.565
1.065,-2.470,-0.232,64.026,143.066,-155.212
1.381,-2.422,-0.231,59.570,135.010,-136.414
1.672,-2.345,-0.183,66.895,127.808,-111.755
1.901,-2.266,-0.060,77.942,116.272,-84.778
2.102,-2.183,0.078,81.177,101.990,-62.622
2.298,-2.167,0.157,69.763,87.585,-49.377
2.475,-2.197,0.188,45.349,69.763,-43.091
2.633,-2.260,0.160,15.503,51.758,-39.001
2.773,-2.326,0.090,-12.024,34.668,-30.396
2.804,-2.365,-0.004,-33.691,18.005,-12.512
2.750,-2.321,-0.151,-49.438,3.784,14.038
2.606,-2.204,-0.267,-57.861,-11.597,47.241
2.373,-2.042,-0.300,-59.753,-32.715,81.421
2.088,-1.856,-0.295,-59.143,-55.298,110.596
1.793,-1.667,-0.283,-54.932,-76.843,132.507
1.508,-1.478,-0.258,-49.561,-98.022,147.461
1.208,-1.337,-0.229,-46.753,-115.967,153.564
0.890,-1.241,-0.176,-45.959,-129.639,153.931
0.599,-1.190,-0.091,-46.509,-139.771,151.062
0.328,-1.165,0.009,-46.204,-151.001,147.827
0.024,-1.181,0.173,-44.678,-163.208,146.118
-0.235,-1.187,0.335,-43.030,-168.640,146.667
-0.465,-1.149,0.423,-43.701,-167.053,149.048
-0.671,-1.090,0.441,-47.485,-158.325,149.597
-0.814,-1.020,0.428,-54.321,-147.522,146.545
-0.920,-0.966,0.425,-61.768,-143.188,141.296
-1.005,-0.943,0.448,-69.641,-139.648,135.315
-1.128,-0.943,0.442,-72.815,-131.409,130.066
-1.184,-0.902,0.440,-74.768,-125.000,129.700
-1.252,-0.820,0.412,-71.533,-125.122,131.409
-1.307,-0.706,0.412,-68.176,-128.418,130.554
-1.372,-0.609,0.426,-62.500,-128.601,126.648
-1.398,-0.534,0.465,-58.228,-124.573,120.239
-1.376,-0.484,0.519,-57.007,-121.277,111.938
-1.349,-0.472,0.571,-59.082,-118.896,106.079
-1.350,-0.472,0.581,-56.519,-111.877,103.149
-1.349,-0.465,0.568,-51.147,-101.013,101.563
-1.356,-0.441,0.573,-51.270,-90.942,103.149
-1.404,-0.402,0.579,-54.810,-81.604,104.614
-1.422,-0.329,0.586,-58.350,-73.669,104.980
-1.444,-0.255,0.575,-50.964,-65.552,101.013
-1.427,-0.190,0.557,-44.678,-56.152,96.863
-1.402,-0.111,0.594,-41.626,-54.077,90.881
-1.393,-0.049,0.662,-39.246,-52.856,82.214
-1.344,-0.016,0.735,-36.377,-49.561,73.120
-1.291,0.019,0.819,-32.104,-48.096,65.857
-1.226,0.060,0.881,-26.611,-44.434,58.777
-1.138,0.092,0.898,-21.179,-37.903,52.185
-1.042,0.098,0.904,-18.616,-32.593,45.898
-0.957,0.106,0.928,-19.226,-30.701,39.429
-0.868,0.109,0.956,-19.287,-27.954,33.447
-0.731,0.117,0.975,-17.456,-23.193,27.710
-0.651,0.072,0.934,-15.503,-19.348,18.982
-0.540,0.043,0.914,-21.729,-18.311,10.925
-0.468,-0.012,0.869,-23.193,-15.686,2.502
-0.434,-0.091,0.783,-25.757,-9.949,-4.150
-0.473,-0.141,0.691,-30.823,-10.071,-6.287
-0.607,-0.177,0.649,-31.799,-14.954,-4.517
-0.762,-0.172,0.631,-24.475,-17.639,1.221
-0.948,-0.158,0.644,-13.062,-19.897,8.362
-1.189,-0.129,0.678,-4.456,-23.071,15.259
-1.445,-0.037,0.753,2.075,-25.330,19.836
-1.668,0.075,0.795,9.399,-22.583,18.494
-1.853,0.171,0.846,10.071,-17.700,11.108
-1.988,0.284,0.906,11.475,-13.672,-1.221
-2.069,0.373,0.996,15.991,-6.287,-13.733
-2.164,0.449,1.056,26.733,5.188,-22.827
-2.241,0.532,1.122,37.292,21.301,-27.893
-2.297,0.589,1.135,44.434,37.903,-32.654
-2.312,0.604,1.113,48.645,52.979,-42.969
-2.275,0.569,1.046,48.767,68.604,-56.824
-2.193,0.539,0.965,42.969,81.055,-72.693
-2.099,0.493,0.874,35.034,91.370,-90.393
-1.967,0.400,0.688,25.635,106.689,-110.229
-1.815,0.286,0.458,17.456,117.432,-130.005
-1.666,0.135,0.269,14.221,119.385,-147.949
-1.554,-0.108,0.147,19.470,119.446,-162.292
-1.437,-0.350,0.079,33.325,118.164,-168.701
-1.325,-0.573,0.054,50.232,117.371,-168.762
-1.205,-0.754,0.070,67.078,117.004,-166.016
-1.145,-0.940,0.154,83.069,116.333,-162.964
-1.061,-1.100,0.263,92.773,118.408,-161.255
-0.946,-1.255,0.302,93.018,122.925,-163.818
-0.827,-1.441,0.281,84.412,128.235,-168.213
-0.697,-1.626,0.201,74.463,133.301,-171.509
-0.521,-1.761,0.148,69.336,137.512,-170.471
-0.403,-1.822,0.144,71.655,141.907,-164.734
-0.261,-1.780,0.106,77.209,150.024,-154.358
-0.046,-1.776,-0.006,87.097,155.212,-145.081

0.551,-1.935,0.077,96.985,133.972,-121.460
0.753,-1.986,0.098,95.276,135.254,-113.037
0.893,-2.042,0.116,86.243,132.019,-106.628
1.056,-2.082,0.098,72.937,128.784,-102.051
1.317,-2.110,0.032,59.998,126.526,-95.825
1.592,-2.142,-0.005,50.903,118.530,-87.097
1.825,-2.175,-0.001,43.701,105.347,-73.425
2.005,-2.148,0.051,38.635,90.210,-53.284
2.147,-2.082,0.079,33.508,76.355,-31.006
2.238,-1.989,0.120,25.330,61.768,-10.498
2.313,-1.897,0.159,15.503,45.349,5.310
2.359,-1.844,0.182,2.441,27.588,16.968
2.343,-1.812,0.177,-15.320,8.972,25.818
2.267,-1.762,0.116,-35.217,-8.606,35.522
2.142,-1.727,0.011,-52.307,-22.949,47.729
1.962,-1.674,-0.079,-63.110,-38.452,63.782
1.741,-1.584,-0.134,-65.796,-56.763,83.801
1.504,-1.447,-0.135,-60.181,-75.867,106.506
1.242,-1.328,-0.076,-48.767,-94.299,127.808
0.963,-1.232,0.017,-40.161,-111.145,143.494
0.673,-1.138,0.122,-37.720,-124.084,151.489
0.427,-1.052,0.210,-39.124,-131.897,152.405
0.197,-1.007,0.246,-45.532,-136.230,147.949
-0.049,-0.988,0.268,-54.810,-140.137,141.846
-0.274,-0.964,0.300,-59.204,-143.250,136.292
-0.463,-0.952,0.338,-60.242,-144.409,132.019
-0.608,-0.950,0.354,-59.326,-146.179,129.272
-0.728,-0.964,0.375,-55.969,-148.132,130.493
-0.817,-0.957,0.451,-47.607,-151.001,136.230
-0.891,-0.889,0.577,-36.682,-150.635,144.104
-0.936,-0.777,0.713,-25.269,-143.127,150.818
-1.014,-0.689,0.781,-23.254,-132.080,151.001
-1.073,-0.630,0.743,-36.011,-122.009,142.700
-1.114,-0.611,0.620,-54.016,-111.450,125.000
-1.154,-0.693,0.439,-72.998,-103.394,104.614
-1.142,-0.790,0.301,-85.938,-103.088,90.088
-1.188,-0.870,0.301,-86.609,-108.521,86.182
-1.220,-0.902,0.360,-72.754,-109.924,94.849
-1.328,-0.853,0.457,-53.833,-99.670,110.596
-1.425,-0.717,0.539,-36.499,-84.778,126.770
-1.517,-0.534,0.604,-24.719,-72.327,136.902
-1.594,-0.353,0.655,-22.339,-65.247,138.428
-1.613,-0.193,0.697,-26.001,-55.298,131.775
-1.538,-0.078,0.790,-33.936,-48.218,118.408
-1.550,-0.030,0.829,-39.551,-43.884,101.990
-1.554,0.041,0.830,-46.387,-32.715,92.957
-1.557,0.135,0.818,-46.021,-19.348,89.478
-1.611,0.247,0.840,-43.884,-10.864,88.867
-1.706,0.351,0.913,-39.734,-9.766,87.280
-1.818,0.457,0.949,-28.442,-6.287,83.191
-1.880,0.578,0.973,-12.085,1.221,73.486
-1.927,0.642,1.038,0.549,5.249,56.274
-1.952,0.647,1.085,5.188,6.958,33.936
-1.973,0.577,1.124,7.507,8.057,10.498
-1.943,0.533,1.266,1.648,10.254,-10.132
-1.967,0.498,1.288,-1.465,20.325,-26.367
-1.964,0.475,1.182,-2.502,39.185,-40.100
-1.948,0.447,1.065,-3.235,54.810,-52.002
-1.909,0.401,0.943,-2.686,66.040,-64.026
-1.854,0.344,0.821,0.549,74.707,-75.989
-1.792,0.254,0.714,5.981,80.261,-87.280
-1.741,0.147,0.625,11.597,82.397,-97.778
-1.685,0.033,0.576,17.456,84.778,-107.422
-1.607,-0.075,0.540,23.254,87.463,-115.967
-1.545,-0.171,0.542,28.198,87.952,-123.352
-1.503,-0.242,0.591,33.691,89.783,-130.432
-1.412,-0.295,0.624,40.161,97.656,-138.611
-1.316,-0.359,0.625,42.786,106.995,-147.400
-1.229,-0.466,0.600,41.321,112.366,-156.555
-1.134,-0.593,0.548,39.978,116.028,-165.894
-0.970,-0.743,0.460,41.443,119.690,-174.011
-0.820,-0.929,0.398,43.762,119.385,-179.260
-0.682,-1.124,0.387,48.767,117.493,-183.105
-0.516,-1.318,0.371,56.213,120.605,-186.035
-0.334,-1.554,0.343,61.646,125.488,-188.049
-0.172,-1.766,0.308,60.974,128.357,-187.439
0.022,-1.964,0.201,57.556,130.310,-185.913
0.290,-2.074,0.105,58.899,130.493,-185.547
0.599,-2.150,0.076,50.232,126.404,-167.603
0.813,-2.173,0.083,55.237,120.117,-148.254
1.011,-2.155,0.107,63.416,117.798,-125.000
1.107,-2.097,0.153,69.519,114.197,-98.694
1.235,-1.969,0.191,69.946,111.694,-76.172
1.362,-1.845,0.224,61.646,107.544,-62.439
1.496,-1.769,0.235,47.974,98.145,-58.167
1.659,-1.727,0.223,32.227,85.815,-58.594
1.852,-1.748,0.224,16.968,69.458,-59.265
2.015,-1.836,0.244,2.747,48.828,-55.847
2.148,-1.908,0.270,-11.230,27.954,-44.067
2.238,-1.969,0.261,-19.836,12.573,-23.376
2.264,-1.989,0.225,-24.719,2.075,3.601
2.210,-1.924,0.146,-29.419,-7.751,33.020
2.073,-1.784,0.001,-36.865,-19.653,59.692
1.912,-1.646,-0.095,-42.969,-34.546,79.712
1.752,-1.525,-0.104,-44.434,-52.673,94.971
1.527,-1.419,-0.016,-41.992,-74.158,109.741
1.261,-1.353,0.114,-37.903,-90.149,125.305
0.980,-1.300,0.283,-35.095,-101.929,139.038
0.639,-1.204,0.394,-38.940,-111.023,148.132
0.348,-1.101,0.420,-45.227,-113.586,149.414
0.116,-1.074,0.420,-52.734,-117.554,141.357
-0.018,-1.107,0.422,-61.646,-123.962,128.662
-0.102,-1.201,0.473,-69.397,-129.272,118.652
-0.195,-1.295,0.517,-76.721,-131.226,116.821
-0.339,-1.308,0.496,-80.139,-126.160,125.549
-0.490,-1.234,0.433,-75.562,-115.295,139.587
-0.667,-1.118,0.397,-68.115,-109.192,152.710
-0.829,-0.995,0.397,-63.965,-107.422,161.072
-0.969,-0.874,0.405,-61.890,-106.750,163.330
-1.094,-0.749,0.421,-60.730,-105.103,159.790
-1.225,-0.641,0.436,-59.937,-101.624,152.100
-1.304,-0.565,0.452,-60.425,-97.717,141.357
-1.368,-0.553,0.451,-63.721,-96.313,128.967
-1.392,-0.497,0.542,-70.801,-94.727,120.361
-1.437,-0.440,0.555,-62.683,-89.722,114.563
-1.442,-0.344,0.577,-55.298,-77.576,113.342
-1.482,-0.240,0.622,-48.279,-72.510,112.671
-1.514,-0.135,0.693,-47.058,-71.350,112.183
-1.555,-0.044,0.774,-44.678,-68.604,111.389

-1.604,0.124,0.951,-35.156,-51.697,107.361
-1.634,0.221,1.011,-33.020,-38.208,104.553
-1.664,0.337,1.047,-33.508,-23.804,101.196
-1.680,0.474,1.049,-32.349,-9.216,94.299
-1.687,0.617,1.020,-30.273,2.441,83.923
-1.690,0.754,0.983,-26.123,10.437,69.519
-1.668,0.871,0.926,-16.907,14.893,50.476
-1.618,0.904,0.918,-7.446,14.221,27.832
-1.579,0.884,0.981,0.000,7.874,5.920
-1.555,0.843,1.070,9.888,4.517,-10.864
-1.543,0.768,1.136,20.996,10.010,-23.376
-1.562,0.671,1.151,27.954,17.151,-33.997
-1.575,0.624,1.161,25.024,24.414,-42.786
-1.610,0.583,1.097,23.254,35.400,-52.368
-1.613,0.495,0.996,22.339,46.509,-67.078
-1.591,0.370,0.913,19.592,54.688,-84.473
-1.562,0.246,0.817,16.602,60.181,-99.548
-1.549,0.120,0.723,17.395,64.392,-111.450
-1.529,-0.017,0.632,21.362,69.763,-120.422
-1.467,-0.144,0.578,27.405,71.655,-126.526
-1.432,-0.266,0.572,32.288,69.580,-129.944
-1.404,-0.394,0.593,36.255,69.946,-131.348
-1.400,-0.485,0.652,40.833,73.303,-131.836
-1.368,-0.565,0.733,45.349,81.177,-133.362
-1.325,-0.617,0.773,45.105,90.576,-136.841
-1.280,-0.652,0.762,42.603,97.900,-141.541
-1.193,-0.682,0.704,43.823,104.980,-148.193
-1.046,-0.744,0.643,47.485,110.840,-157.104
-0.912,-0.856,0.605,51.392,112.305,-167.664
-0.753,-1.022,0.618,55.847,110.657,-177.979
-0.559,-1.227,0.596,60.181,113.831,-185.120
-0.345,-1.432,0.551,60.303,120.117,-188.049
-0.139,-1.638,0.470,56.702,125.793,-186.157
0.094,-1.794,0.358,51.270,130.981,-179.260
0.333,-1.891,0.269,45.776,133.545,-168.335
0.539,-1.922,0.197,41.565,133.179,-151.917
0.698,-1.873,0.111,42.725,129.578,-133.606
0.883,-1.785,0.047,40.161,121.704,-113.525
1.010,-1.720,0.046,41.077,111.023,-96.008
1.118,-1.658,0.106,44.678,98.206,-80.750
1.261,-1.646,0.176,45.898,88.745,-68.420
1.371,-1.664,0.263,40.100,79.346,-60.181
1.484,-1.686,0.305,26.733,70.923,-54.138
1.600,-1.694,0.279,9.094,65.308,-48.584
1.712,-1.711,0.247,-6.287,57.434,-40.894
1.826,-1.702,0.234,-16.663,46.692,-29.480
1.917,-1.669,0.186,-22.827,36.560,-12.939
1.982,-1.625,0.095,-25.146,26.306,6.287
1.982,-1.575,0.036,-24.292,12.146,27.161
1.922,-1.506,0.009,-22.217,-3.052,46.753
1.825,-1.413,-0.026,-20.874,-18.311,64.026
1.687,-1.319,-0.042,-23.315,-36.072,75.806
1.553,-1.257,-0.023,-27.954,-56.213,81.909
1.409,-1.219,0.017,-34.485,-76.843,85.022
1.247,-1.207,0.053,-43.213,-94.666,88.074
1.088,-1.213,0.073,-51.086,-109.436,92.346
0.918,-1.253,0.084,-54.993,-122.742,99.243
0.741,-1.277,0.093,-57.495,-135.559,109.985
0.482,-1.279,0.171,-56.396,-148.437,121.826
0.237,-1.277,0.281,-53.467,-155.945,132.629
0.005,-1.225,0.389,-50.903,-158.020,142.944
-0.224,-1.158,0.490,-47.852,-155.212,150.208
-0.400,-1.100,0.559,-43.518,-147.217,153.809
-0.533,-1.023,0.624,-39.063,-138.733,155.396
-0.636,-0.955,0.657,-35.645,-130.371,156.555
-0.742,-0.913,0.672,-34.607,-120.789,156.250
-0.879,-0.868,0.692,-35.095,-112.610,155.457
-1.001,-0.817,0.707,-34.119,-104.126,154.968
-1.089,-0.757,0.692,-31.067,-94.421,153.992
-1.167,-0.709,0.667,-28.015,-87.891,150.269
-1.230,-0.653,0.642,-30.823,-85.083,144.104
-1.319,-0.615,0.579,-35.645,-85.144,135.498
-1.378,-0.611,0.505,-40.955,-86.121,127.686
-1.389,-0.573,0.512,-39.429,-89.539,122.070
-1.426,-0.546,0.574,-34.302,-92.163,120.422
-1.474,-0.466,0.681,-28.381,-92.041,124.023
-1.547,-0.358,0.769,-20.996,-86.548,130.066
-1.637,-0.235,0.831,-12.207,-76.782,132.935
-1.736,-0.071,0.902,-6.226,-65.552,133.728
-1.806,0.104,0.972,-2.808,-52.612,131.348
-1.845,0.256,1.017,2.136,-40.955,120.911
-1.865,0.386,1.032,-2.441,-33.997,103.760
-1.877,0.495,1.059,-12.695,-31.799,82.092
-1.866,0.548,1.091,-20.874,-28.137,59.937
-1.843,0.581,1.127,-22.827,-23.437,39.429
-1.824,0.603,1.157,-19.958,-17.517,23.804
-1.811,0.612,1.194,-12.878,-10.498,12.878
-1.808,0.612,1.236,-2.319,-3.052,4.578
-1.785,0.589,1.232,7.385,7.935,-3.601
-1.760,0.602,1.245,10.071,20.447,-14.526
-1.751,0.576,1.196,10.864,31.311,-28.076
-1.713,0.526,1.129,10.681,43.213,-45.044
-1.682,0.449,1.057,7.568,53.223,-62.927
-1.632,0.351,0.971,3.784,61.768,-80.139
-1.591,0.239,0.864,1.038,69.336,-94.727
-1.553,0.116,0.749,1.526,74.707,-105.408
-1.493,0.006,0.649,3.052,77.271,-113.037
-1.450,-0.072,0.610,5.371,75.623,-118.408
-1.415,-0.143,0.602,13.000,76.477,-121.765
-1.374,-0.209,0.617,21.606,81.909,-125.671
-1.331,-0.272,0.650,26.733,86.792,-130.981
-1.287,-0.345,0.679,28.748,91.064,-137.817
-1.234,-0.436,0.701,28.931,96.863,-145.386
-1.176,-0.545,0.707,30.823,102.905,-151.917
-1.112,-0.651,0.705,35.278,109.192,-155.701
-1.027,-0.734,0.669,40.344,117.065,-155.579
-0.920,-0.824,0.611,42.664,122.620,-155.396
-0.829,-0.936,0.551,42.664,123.840,-157.532
-0.696,-1.075,0.481,42.786,125.061,-161.377
-0.502,-1.216,0.404,42.786,125.977,-167.419
-0.265,-1.391,0.351,43.945,123.169,-174.194
-0.030,-1.598,0.318,44.373,118.835,-177.673
0.220,-1.799,0.282,44.312,117.004,-175.110
0.459,-1.952,0.254,42.053,116.272,-166.321
0.673,-2.002,0.202,36.926,116.577,-150.818
0.872,-1.958,0.140,34.668,118.103,-129.883
1.039,-1.864,0.098,36.133,114.868,-105.408
1.137,-1.722,0.120,38.513,109.009,-79.285
1.246,-1.586,0.141,45.532,104.370,-57.800

1.386,-1.446,0.245,45.532,83.130,-34.180
1.489,-1.434,0.316,31.982,70.984,-34.241
1.620,-1.463,0.344,11.108,60.913,-37.720
1.786,-1.537,0.292,-7.996,54.993,-40.649
2.012,-1.659,0.220,-18.127,47.180,-38.574
2.184,-1.824,0.131,-24.841,34.668,-25.635
2.257,-1.939,0.030,-27.832,23.499,0.244
2.219,-1.955,-0.061,-24.597,13.550,36.682
2.100,-1.849,-0.116,-20.264,1.038,74.097
1.910,-1.658,-0.152,-17.822,-14.526,104.431
1.695,-1.456,-0.156,-16.235,-35.645,125.000
1.459,-1.285,-0.113,-18.311,-58.655,134.888
1.235,-1.201,-0.067,-25.635,-81.726,135.803
0.998,-1.170,-0.003,-36.194,-103.271,131.897
0.773,-1.184,0.051,-44.189,-120.361,127.441
0.532,-1.238,0.156,-45.593,-133.179,127.136
0.284,-1.289,0.322,-40.649,-145.142,132.751
0.010,-1.286,0.501,-33.508,-152.832,143.677
-0.242,-1.235,0.636,-28.259,-150.574,155.579
-0.480,-1.135,0.714,-26.978,-144.226,163.086
-0.676,-1.044,0.724,-29.968,-135.559,163.757
-0.825,-0.972,0.704,-35.095,-127.258,158.264
-0.948,-0.917,0.674,-41.626,-123.169,149.475
-1.045,-0.896,0.667,-46.936,-121.704,141.174
-1.113,-0.860,0.683,-48.523,-120.728,137.329
-1.184,-0.799,0.718,-46.936,-119.446,137.207
-1.270,-0.726,0.722,-44.006,-114.624,139.404
-1.318,-0.626,0.698,-41.138,-108.093,139.954
-1.340,-0.554,0.677,-40.771,-105.286,136.841
-1.359,-0.505,0.679,-42.969,-106.201,130.981
-1.371,-0.489,0.696,-44.312,-105.896,125.610
-1.413,-0.422,0.738,-47.302,-104.065,122.864
-1.483,-0.324,0.771,-46.814,-100.220,122.925
-1.524,-0.198,0.802,-41.138,-85.876,123.779
-1.552,-0.056,0.820,-32.043,-67.810,125.732
-1.579,0.103,0.842,-22.156,-54.993,124.512
-1.609,0.256,0.880,-19.043,-45.837,118.469
-1.626,0.384,0.922,-21.484,-39.917,107.422
-1.640,0.480,0.974,-24.963,-34.790,90.637
-1.628,0.542,1.005,-26.978,-28.748,72.388
-1.614,0.568,1.038,-25.085,-21.484,55.420
-1.607,0.568,1.066,-19.897,-13.489,41.443
-1.644,0.596,1.084,-14.160,-5.676,31.494
-1.659,0.646,1.058,-6.592,4.395,23.499
-1.640,0.681,1.019,0.977,12.207,14.465
-1.668,0.708,1.021,5.249,16.479,0.793
-1.661,0.677,1.030,6.836,18.982,-15.198
-1.632,0.609,1.030,7.507,24.048,-33.630
-1.575,0.531,1.009,7.751,32.227,-50.659
-1.503,0.461,0.984,8.057,40.039,-65.186
-1.450,0.396,0.968,8.789,47.546,-76.904
-1.406,0.337,0.930,10.193,56.641,-86.243
-1.365,0.281,0.868,11.169,66.101,-95.154
-1.340,0.209,0.803,13.062,72.205,-104.797
-1.326,0.116,0.753,15.381,74.402,-114.807
-1.318,0.016,0.731,18.433,73.914,-124.390
-1.303,-0.102,0.738,24.597,73.669,-134.216
-1.279,-0.222,0.753,30.640,74.341,-143.311
-1.262,-0.321,0.797,35.095,75.012,-150.208
-1.232,-0.437,0.837,39.368,78.369,-156.372
-1.173,-0.553,0.852,42.358,82.642,-161.682
-1.128,-0.666,0.840,40.771,87.036,-166.260
-1.078,-0.782,0.804,37.109,93.506,-171.021
-1.010,-0.893,0.747,35.828,100.342,-174.255
-0.909,-0.984,0.699,37.537,106.445,-175.964
-0.797,-1.069,0.647,41.199,111.633,-175.293
-0.686,-1.165,0.618,47.058,114.807,-172.302
-0.575,-1.269,0.626,54.626,115.967,-168.152
-0.449,-1.359,0.640,60.120,117.615,-162.842
-0.279,-1.448,0.640,62.744,121.094,-157.593
-0.109,-1.552,0.630,61.707,122.925,-151.550
0.071,-1.647,0.594,58.411,124.268,-143.982
0.257,-1.755,0.548,53.467,126.343,-135.193
0.460,-1.841,0.493,46.753,128.479,-124.939
0.675,-1.864,0.416,40.405,129.822,-113.159
0.906,-1.832,0.314,34.180,132.446,-100.037
1.108,-1.789,0.188,28.870,133.850,-86.121
1.283,-1.716,0.033,26.367,132.263,-73.059
1.490,-1.645,-0.138,24.353,128.052,-61.523
1.690,-1.608,-0.270,21.484,113.586,-52.246
1.845,-1.601,-0.339,15.503,88.684,-42.786
1.973,-1.599,-0.348,9.094,59.875,-29.968
2.064,-1.585,-0.263,5.005,30.151,-14.221
2.097,-1.547,-0.151,3.296,5.371,2.930
2.078,-1.487,-0.065,-0.854,-10.986,20.752
1.999,-1.410,-0.047,-11.230,-23.987,36.438
1.863,-1.324,-0.085,-25.818,-37.903,48.340
1.716,-1.252,-0.139,-38.391,-51.819,57.800
1.568,-1.190,-0.180,-45.105,-65.979,67.688
1.427,-1.139,-0.190,-45.166,-81.116,78.430
1.279,-1.102,-0.156,-40.955,-96.985,89.050
1.109,-1.067,-0.095,-36.499,-112.488,99.060
0.932,-1.055,-0.016,-31.372,-124.329,106.750
0.741,-1.087,0.061,-29.480,-133.423,111.084
0.526,-1.123,0.146,-31.128,-142.212,114.502
0.317,-1.177,0.211,-33.386,-147.766,119.080
0.099,-1.219,0.284,-36.316,-152.771,127.014
-0.151,-1.230,0.374,-38.025,-156.799,138.306
-0.385,-1.204,0.475,-34.912,-155.029,150.757
-0.600,-1.154,0.577,-29.602,-151.611,161.804
-0.806,-1.091,0.661,-28.015,-147.522,169.312
-0.975,-1.016,0.715,-29.846,-140.930,171.814
-1.130,-0.972,0.784,-32.227,-133.972,169.922
-1.250,-0.936,0.843,-34.729,-126.282,165.344
-1.338,-0.891,0.894,-36.804,-118.408,160.278
-1.382,-0.837,0.915,-38.330,-110.657,154.846
-1.393,-0.792,0.923,-40.710,-103.516,147.705
-1.471,-0.724,0.932,-50.354,-97.229,141.479
-1.509,-0.659,0.843,-52.551,-90.454,138.672
-1.483,-0.578,0.793,-52.185,-80.017,135.132
-1.497,-0.498,0.775,-50.232,-76.172,134.399
-1.528,-0.404,0.786,-42.542,-74.646,134.949
-1.593,-0.285,0.816,-30.151,-70.557,134.033
-1.653,-0.135,0.889,-23.376,-64.209,132.812
-1.727,0.009,0.976,-18.250,-56.885,128.967
-1.770,0.132,1.042,-12.390,-45.471,119.324
-1.815,0.247,1.072,-10.071,-32.715,106.445
-1.821,0.376,1.098,-13.672,-24.109,91.187
-1.801,0.499,1.117,-23.315,-20.813,73.547

-1.729,0.639,1.145,-35.889,-14.221,33.020
-1.690,0.670,1.140,-34.363,-7.141,16.724
-1.668,0.690,1.118,-27.649,1.831,3.784
-1.660,0.692,1.124,-16.357,11.963,-6.409
-1.623,0.685,1.161,-3.479,21.973,-15.686
-1.630,0.647,1.163,7.141,31.921,-26.123
-1.595,0.594,1.123,9.705,41.138,-36.011
-1.550,0.547,1.045,10.437,50.110,-47.668
-1.493,0.490,0.946,9.705,59.265,-59.875
-1.426,0.423,0.835,8.057,66.833,-73.242
-1.357,0.333,0.740,7.385,73.242,-86.304
-1.291,0.228,0.673,8.301,77.698,-97.351
-1.233,0.136,0.629,11.719,81.177,-104.858
-1.195,0.050,0.579,15.320,86.121,-109.985
-1.172,-0.025,0.531,18.555,90.576,-113.831
-1.152,-0.096,0.512,23.682,92.224,-119.080
-1.131,-0.192,0.515,28.198,92.896,-125.305
-1.120,-0.305,0.533,32.532,92.651,-132.263
-1.076,-0.403,0.588,36.987,90.942,-139.954
-1.051,-0.514,0.640,39.429,91.064,-148.315
-0.995,-0.648,0.649,40.710,95.642,-156.494
-0.934,-0.778,0.636,41.443,99.365,-163.208
-0.840,-0.906,0.587,41.565,101.318,-168.335
-0.727,-1.037,0.566,43.457,99.670,-170.776
-0.613,-1.181,0.586,50.049,96.558,-170.898
-0.497,-1.346,0.600,58.594,97.656,-168.457
-0.380,-1.490,0.601,63.965,102.539,-163.147
-0.259,-1.603,0.579,65.002,107.910,-155.212
-0.131,-1.651,0.517,61.890,114.258,-144.958
0.055,-1.636,0.448,58.838,119.812,-135.132
0.274,-1.624,0.420,57.190,119.751,-127.869
0.465,-1.635,0.416,54.688,115.662,-121.887
0.674,-1.670,0.384,50.171,114.319,-116.699
0.880,-1.731,0.308,41.260,113.159,-110.901
1.076,-1.787,0.199,28.992,107.361,-102.600
1.290,-1.838,0.088,19.409,101.074,-91.431
1.474,-1.859,0.038,15.381,92.896,-76.111
1.613,-1.816,0.045,15.442,81.970,-54.871
1.720,-1.711,0.054,13.489,71.594,-31.555
1.776,-1.581,0.054,6.348,57.983,-11.292
1.793,-1.446,0.055,-2.625,41.260,4.456
1.784,-1.323,0.056,-8.240,25.146,17.029
1.762,-1.232,0.071,-12.451,9.705,25.940
1.697,-1.164,0.092,-19.714,-7.080,33.203
1.601,-1.131,0.104,-28.687,-23.437,40.344
1.468,-1.115,0.128,-36.438,-39.734,48.828
1.300,-1.092,0.177,-40.955,-55.054,58.838
1.119,-1.055,0.230,-40.710,-67.139,69.824
0.954,-1.016,0.264,-38.147,-76.782,79.773
0.803,-0.980,0.307,-35.583,-86.731,87.402
0.673,-0.990,0.351,-34.607,-96.436,91.492
0.553,-1.026,0.397,-34.546,-105.286,93.933
0.442,-1.076,0.445,-34.241,-111.755,96.497
0.351,-1.143,0.493,-34.424,-114.990,99.548
0.253,-1.197,0.532,-35.645,-115.601,104.248
0.154,-1.232,0.560,-37.170,-113.037,111.572
0.062,-1.250,0.560,-38.086,-107.788,119.568
-0.032,-1.244,0.540,-39.368,-103.394,126.892
-0.139,-1.238,0.514,-39.978,-99.670,134.155
-0.221,-1.208,0.518,-37.415,-97.351,142.151
-0.308,-1.181,0.509,-34.973,-94.482,149.353
-0.391,-1.134,0.491,-35.278,-92.957,155.273
-0.488,-1.081,0.451,-37.415,-92.957,161.011
-0.635,-1.011,0.410,-39.978,-94.360,168.762
-0.799,-0.925,0.409,-38.025,-98.389,177.002
-0.977,-0.844,0.454,-29.846,-103.027,182.922
-1.155,-0.758,0.557,-20.996,-106.750,185.242
-1.276,-0.651,0.665,-12.390,-105.652,183.655
-1.343,-0.530,0.759,-7.874,-101.746,177.856
-1.386,-0.407,0.802,-10.742,-96.680,168.030
-1.417,-0.273,0.799,-20.020,-90.881,153.625
-1.454,-0.163,0.753,-29.541,-88.623,137.207
-1.478,-0.076,0.750,-38.757,-89.050,122.803
-1.520,-0.028,0.786,-40.405,-88.074,110.413
-1.561,0.005,0.849,-35.522,-84.839,101.563
-1.663,0.062,0.925,-26.794,-79.895,96.802
-1.758,0.173,1.006,-18.066,-72.021,95.154
-1.818,0.295,1.074,-11.658,-63.171,90.698
-1.862,0.405,1.133,-7.385,-56.152,78.918
-1.871,0.495,1.179,-8.362,-49.683,61.890
-1.858,0.549,1.216,-12.085,-42.419,42.480
-1.847,0.577,1.242,-15.564,-33.020,23.010
-1.834,0.577,1.261,-14.954,-19.897,5.981
-1.824,0.578,1.269,-8.850,-5.310,-5.188
-1.820,0.564,1.241,1.953,9.705,-13.916
-1.777,0.565,1.220,8.057,23.865,-20.996
-1.766,0.563,1.180,14.465,35.645,-28.870
-1.723,0.550,1.099,19.287,50.110,-39.185
-1.679,0.509,1.009,20.264,62.012,-52.795
-1.627,0.434,0.913,16.235,69.824,-69.519
-1.548,0.336,0.822,9.583,73.486,-87.402
-1.475,0.212,0.724,3.113,76.599,-103.149
-1.420,0.089,0.632,1.404,81.726,-114.197
-1.375,-0.021,0.542,7.935,87.708,-119.080
-1.338,-0.104,0.489,20.142,92.529,-120.117
-1.294,-0.175,0.470,32.532,95.398,-120.544
-1.257,-0.247,0.469,40.833,96.558,-122.620
-1.202,-0.331,0.488,46.387,97.839,-127.686
-1.130,-0.425,0.535,48.645,99.182,-134.827
-1.091,-0.558,0.591,48.218,100.403,-143.433
-1.061,-0.702,0.638,47.302,103.882,-150.330
-1.002,-0.837,0.660,48.096,110.718,-155.029
-0.951,-0.962,0.633,46.875,118.225,-156.372
-0.878,-1.072,0.588,44.495,124.146,-155.884
-0.797,-1.180,0.538,44.556,128.296,-155.090
-0.683,-1.283,0.478,46.448,133.301,-154.724
-0.533,-1.375,0.406,46.814,134.827,-154.602
-0.369,-1.464,0.336,46.326,131.958,-153.564
-0.190,-1.535,0.303,46.753,128.479,-151.001
-0.026,-1.659,0.261,51.025,125.916,-148.071
0.134,-1.752,0.244,53.284,123.413,-143.188
0.317,-1.830,0.234,46.631,122.498,-128.113
0.510,-1.828,0.245,44.739,120.728,-114.807
0.712,-1.802,0.296,43.701,116.272,-99.182
0.872,-1.771,0.363,42.786,112.549,-82.031
1.039,-1.725,0.415,40.222,113.647,-64.514
1.158,-1.671,0.444,32.959,116.150,-48.279
1.277,-1.596,0.422,21.057,123.657,-34.546
1.418,-1.513,0.340,9.216,133.057,-24.536

1.773,-1.396,0.179,-4.639,125.244,-13.245
1.919,-1.385,0.148,-5.249,111.206,-8.728
2.048,-1.384,0.047,-7.751,94.238,-3.418
2.104,-1.361,-0.040,-13.855,70.679,2.075
2.111,-1.350,-0.159,-23.254,44.922,7.141
2.121,-1.361,-0.241,-34.302,18.677,12.817
2.073,-1.386,-0.244,-41.687,-11.597,21.912
1.983,-1.410,-0.196,-41.687,-35.461,36.499
1.823,-1.386,-0.146,-37.354,-52.612,56.824
1.609,-1.318,-0.109,-31.616,-68.115,78.979
1.384,-1.232,-0.091,-28.137,-80.750,98.145
1.138,-1.144,-0.058,-24.536,-92.346,111.694
0.932,-1.060,0.014,-20.752,-105.103,117.798
0.752,-1.019,0.123,-20.203,-119.080,117.676
0.597,-1.021,0.226,-24.780,-131.287,113.770
0.447,-1.053,0.286,-33.569,-140.198,109.436
0.288,-1.088,0.325,-42.725,-145.508,108.398
0.110,-1.099,0.364,-46.082,-146.851,111.206
-0.042,-1.102,0.389,-43.213,-141.418,117.493
-0.192,-1.090,0.428,-39.978,-137.512,126.526
-0.366,-1.043,0.481,-37.231,-139.282,136.597
-0.524,-0.980,0.509,-35.645,-137.024,144.531
-0.645,-0.912,0.507,-35.950,-132.568,148.499
-0.747,-0.850,0.486,-39.673,-130.859,148.499
-0.866,-0.810,0.478,-43.335,-130.981,145.447
-1.013,-0.770,0.504,-42.297,-130.737,142.578
-1.130,-0.708,0.571,-32.288,-127.625,141.418
-1.221,-0.635,0.662,-18.677,-121.094,139.893
-1.271,-0.567,0.773,-7.019,-111.572,136.169
-1.317,-0.505,0.886,-5.249,-101.624,131.042
-1.319,-0.450,0.929,-10.132,-96.436,126.587
-1.354,-0.380,0.950,-22.583,-90.576,123.474
-1.420,-0.302,0.944,-31.067,-79.956,121.521
-1.438,-0.190,0.926,-33.875,-66.162,120.972
-1.532,-0.077,0.909,-30.029,-55.725,119.507
-1.612,0.043,0.882,-26.611,-43.091,116.821
-1.621,0.159,0.849,-23.743,-32.166,113.037
-1.634,0.245,0.822,-16.541,-30.579,103.027
-1.630,0.310,0.839,-8.911,-32.959,89.050
-1.630,0.335,0.887,-2.563,-34.973,75.867
-1.627,0.340,0.991,3.906,-37.842,61.890
-1.623,0.331,1.132,9.094,-37.903,48.157
-1.623,0.329,1.258,12.207,-34.119,36.499
-1.636,0.344,1.345,13.306,-24.292,27.588
-1.646,0.353,1.355,13.550,-7.874,16.907
-1.634,0.378,1.370,7.568,6.531,4.272
-1.616,0.382,1.349,2.014,16.724,-9.705
-1.591,0.350,1.312,-1.282,25.818,-25.513
-1.577,0.312,1.255,-4.883,33.936,-40.039
-1.530,0.266,1.173,-6.592,43.884,-54.260
-1.473,0.202,1.100,-5.676,50.903,-66.528
-1.422,0.137,1.043,-3.357,53.528,-76.111
-1.371,0.059,0.969,-0.732,57.190,-83.862
-1.319,-0.019,0.877,-0.122,62.012,-91.003
-1.254,-0.105,0.784,-1.709,62.744,-97.595
-1.212,-0.177,0.707,-4.150,59.753,-104.187
-1.153,-0.248,0.633,-2.686,59.753,-111.145
-1.077,-0.315,0.577,1.831,62.378,-118.042
-0.991,-0.384,0.556,7.324,64.880,-122.803
-0.920,-0.461,0.558,14.709,68.909,-123.657
-0.859,-0.520,0.579,26.367,76.538,-120.056
-0.797,-0.576,0.610,42.114,86.609,-114.136
-0.748,-0.602,0.663,54.382,96.680,-108.398
-0.733,-0.616,0.722,56.213,105.957,-107.117
-0.713,-0.664,0.722,47.974,112.244,-114.807
-0.668,-0.747,0.655,34.424,113.647,-130.554
-0.569,-0.885,0.594,22.705,108.704,-148.560
-0.401,-1.039,0.538,18.127,99.487,-162.842
-0.228,-1.220,0.520,21.240,90.271,-170.349
-0.038,-1.398,0.493,29.053,86.975,-168.518
0.136,-1.520,0.475,36.377,85.754,-158.630
0.285,-1.572,0.477,39.551,83.618,-144.104
0.457,-1.537,0.456,38.513,84.106,-129.822
0.638,-1.462,0.414,37.537,85.449,-118.652
0.819,-1.412,0.391,35.278,82.336,-109.802
0.972,-1.433,0.423,33.081,74.280,-104.431
1.137,-1.514,0.423,28.992,66.406,-99.487
1.307,-1.613,0.372,21.851,61.707,-92.590
1.483,-1.693,0.316,15.503,58.228,-81.421
1.652,-1.733,0.274,12.573,53.894,-65.063
1.799,-1.740,0.298,12.451,43.945,-45.471
1.904,-1.703,0.367,9.399,31.006,-24.963
1.956,-1.660,0.414,4.150,18.433,-4.822
1.955,-1.633,0.412,-5.493,9.216,14.648
1.907,-1.572,0.341,-17.822,1.343,34.180
1.844,-1.492,0.238,-29.358,-6.897,53.101
1.754,-1.423,0.128,-36.377,-18.616,71.289
1.611,-1.318,0.080,-37.048,-31.677,89.844
1.436,-1.184,0.113,-32.715,-44.373,106.506
1.236,-1.085,0.170,-27.405,-55.847,118.774
1.060,-1.015,0.215,-24.170,-69.885,124.939
0.917,-0.982,0.256,-25.757,-86.060,125.732
0.794,-0.999,0.289,-30.945,-98.999,122.681
0.690,-1.063,0.346,-35.400,-109.863,119.751
0.577,-1.148,0.401,-39.063,-116.516,120.911
0.431,-1.206,0.444,-41.504,-118.103,128.418
0.257,-1.204,0.479,-41.931,-115.662,140.259
0.060,-1.171,0.484,-41.748,-111.023,152.588
-0.125,-1.100,0.482,-42.114,-106.323,162.354
-0.293,-1.012,0.484,-41.016,-102.112,167.297
-0.455,-0.962,0.462,-38.574,-96.985,167.908
-0.619,-0.910,0.468,-35.889,-94.055,166.138
-0.779,-0.860,0.505,-31.555,-92.529,164.062
-0.937,-0.802,0.568,-25.085,-90.027,162.476
-1.047,-0.722,0.641,-17.822,-86.853,160.095
-1.129,-0.645,0.699,-13.672,-84.106,155.090
-1.202,-0.578,0.736,-14.160,-81.970,147.583
-1.226,-0.516,0.779,-13.733,-79.285,139.282
-1.289,-0.462,0.856,-14.465,-77.148,130.859
-1.377,-0.454,0.895,-17.456,-75.745,125.793
-1.441,-0.398,0.932,-20.203,-70.007,121.704
-1.542,-0.327,0.968,-21.118,-62.134,118.164
-1.626,-0.240,0.978,-19.897,-53.528,112.244
-1.672,-0.151,0.995,-19.043,-44.678,105.225
-1.697,-0.067,1.033,-16.235,-37.781,95.581
-1.675,-0.007,1.078,-13.367,-30.518,85.022
-1.668,0.027,1.113,-9.216,-22.339,74.829
-1.655,0.078,1.141,-5.859,-13.062,66.345
-1.653,0.141,1.169,-6.653,-5.737,58.960

-1.659,0.270,1.195,-16.296,6.409,38.696
-1.644,0.336,1.180,-21.301,11.902,26.367
-1.623,0.384,1.126,-22.766,17.761,13.062
-1.595,0.424,1.052,-22.400,23.987,0.549
-1.557,0.454,0.980,-17.822,26.611,-11.414
-1.523,0.449,0.961,-9.521,26.550,-24.902
-1.479,0.388,0.978,0.427,29.053,-39.063
-1.434,0.303,0.995,8.362,34.363,-51.819
-1.386,0.195,0.985,12.268,40.222,-62.805
-1.369,0.098,0.976,10.254,46.143,-71.350
-1.360,0.014,0.937,8.484,55.603,-79.407
-1.320,-0.074,0.864,9.094,69.031,-88.867
-1.265,-0.150,0.789,7.996,77.271,-99.121
-1.207,-0.210,0.722,4.333,78.979,-110.107
-1.150,-0.263,0.673,3.418,80.688,-121.338
-1.066,-0.328,0.653,9.155,87.830,-131.653
-0.973,-0.394,0.630,16.418,93.689,-139.221
-0.939,-0.458,0.665,20.508,93.079,-144.836
-0.912,-0.532,0.730,22.827,92.163,-150.146
-0.846,-0.624,0.733,25.574,95.581,-155.396
-0.748,-0.714,0.729,25.940,94.727,-160.400
-0.655,-0.809,0.724,25.696,88.623,-164.246
-0.541,-0.959,0.707,25.513,86.914,-167.297
-0.411,-1.125,0.687,26.306,85.876,-167.114
-0.275,-1.237,0.668,25.330,84.412,-163.208
-0.168,-1.320,0.616,23.804,87.708,-156.860
-0.060,-1.369,0.538,24.841,97.717,-147.949
0.075,-1.323,0.463,27.466,105.896,-136.841
0.216,-1.253,0.443,31.250,105.103,-127.258
0.326,-1.227,0.459,35.828,99.365,-123.474
0.463,-1.271,0.486,40.771,95.520,-125.000
0.624,-1.385,0.503,42.847,93.811,-130.005
0.836,-1.535,0.474,35.950,90.332,-135.193
1.059,-1.683,0.403,23.071,85.083,-135.193
1.313,-1.797,0.315,11.108,77.148,-124.634
1.509,-1.831,0.279,4.089,67.078,-103.271
1.621,-1.758,0.253,4.761,63.416,-72.571
1.682,-1.596,0.222,10.132,66.101,-38.696
1.682,-1.424,0.217,13.672,59.753,-11.414
1.670,-1.293,0.225,12.756,45.715,3.967
1.696,-1.228,0.249,9.216,30.640,10.864
1.710,-1.213,0.281,1.343,14.221,13.672
1.710,-1.231,0.270,-10.193,-0.305,14.893
1.698,-1.247,0.204,-22.766,-11.169,19.165
1.643,-1.242,0.166,-33.203,-24.963,29.602
1.531,-1.200,0.180,-38.330,-38.330,47.180
1.384,-1.127,0.228,-35.889,-46.509,68.359
1.215,-1.068,0.289,-28.320,-52.490,87.280
1.043,-1.021,0.346,-21.729,-60.608,101.013
0.891,-1.005,0.417,-18.250,-69.031,108.459
0.765,-0.998,0.474,-19.287,-74.463,110.107
0.682,-0.999,0.480,-22.644,-77.881,108.154
0.622,-1.046,0.459,-26.733,-81.848,106.262
0.534,-1.104,0.460,-30.701,-88.196,107.971
0.392,-1.158,0.477,-31.677,-91.675,113.953
0.254,-1.181,0.471,-30.762,-89.050,122.864
0.113,-1.174,0.434,-32.104,-87.402,132.019
-0.054,-1.129,0.416,-34.851,-90.027,139.221
-0.205,-1.043,0.438,-35.095,-91.492,145.264
-0.358,-0.956,0.461,-30.273,-88.562,149.780
-0.493,-0.847,0.495,-22.278,-84.656,152.527
-0.642,-0.753,0.542,-16.357,-83.374,153.564
-0.781,-0.658,0.612,-10.254,-82.336,152.527
-0.894,-0.564,0.682,-2.014,-79.407,149.536
-0.974,-0.486,0.738,2.441,-77.637,143.555
-1.044,-0.408,0.822,4.272,-79.529,134.277
-1.104,-0.369,0.876,3.418,-79.163,122.009
-1.112,-0.333,0.931,-4.150,-75.134,109.680
-1.133,-0.306,0.937,-10.925,-72.937,97.412
-1.153,-0.330,0.897,-23.315,-67.200,89.233
-1.183,-0.381,0.852,-32.532,-61.462,83.008
-1.205,-0.401,0.826,-38.208,-57.983,80.505
-1.226,-0.402,0.802,-37.964,-54.260,81.238
-1.231,-0.379,0.783,-32.715,-49.377,84.106
-1.252,-0.335,0.778,-22.217,-46.265,87.463
-1.296,-0.249,0.819,-10.742,-45.410,91.003
-1.338,-0.162,0.913,0.244,-42.603,91.675
-1.392,-0.083,1.014,6.836,-36.804,86.853
-1.428,-0.009,1.103,5.798,-31.067,78.369
-1.461,0.065,1.167,0.122,-25.024,67.810
-1.473,0.158,1.201,-5.188,-15.869,55.420
-1.443,0.253,1.205,-8.423,-6.409,42.419
-1.411,0.330,1.198,-11.108,1.953,29.297
-1.385,0.380,1.185,-10.864,9.521,17.273
-1.360,0.400,1.137,-7.019,15.991,7.080
-1.350,0.446,1.135,-4.028,20.996,-1.465
-1.365,0.460,1.107,0.977,25.269,-9.888
-1.341,0.425,1.050,5.432,31.006,-22.400
-1.329,0.358,0.995,4.761,34.241,-35.889
-1.332,0.293,0.953,2.563,36.316,-49.438
-1.320,0.213,0.916,2.136,41.199,-62.805
-1.293,0.130,0.898,2.625,45.593,-75.806
-1.275,0.039,0.881,1.709,49.072,-87.097
-1.255,-0.052,0.841,0.549,54.260,-96.680
-1.220,-0.155,0.810,2.625,60.608,-104.065
-1.173,-0.239,0.802,7.629,65.247,-108.521
-1.149,-0.314,0.809,14.343,69.946,-111.328
-1.109,-0.377,0.811,20.508,77.515,-114.075
-1.057,-0.443,0.813,24.658,84.656,-119.080
-1.027,-0.522,0.830,24.963,86.365,-124.878
-0.968,-0.614,0.824,22.156,87.769,-131.531
-0.871,-0.704,0.802,20.752,91.919,-137.939
-0.796,-0.778,0.800,20.508,96.130,-142.212
-0.696,-0.832,0.744,20.325,104.248,-144.470
-0.564,-0.859,0.637,19.226,113.281,-146.057
-0.504,-0.864,0.553,18.433,117.249,-146.790
-0.403,-0.868,0.456,21.606,122.009,-147.888
-0.296,-0.887,0.381,26.978,121.155,-150.513
-0.235,-0.932,0.360,32.227,110.474,-153.625
-0.156,-1.004,0.381,41.626,100.830,-156.799
-0.026,-1.103,0.410,53.833,95.215,-159.363
0.113,-1.209,0.506,61.401,86.731,-159.363
0.223,-1.393,0.597,66.650,78.430,-158.203
0.364,-1.556,0.638,64.880,78.003,-153.748
0.516,-1.684,0.615,53.955,83.618,-142.578
0.679,-1.738,0.539,42.419,90.210,-130.127
0.865,-1.704,0.456,30.029,95.215,-114.746
1.047,-1.653,0.371,20.630,96.558,-97.656
1.218,-1.585,0.286,15.869,94.604,-81.787

1.598,-1.580,0.111,12.085,82.092,-58.716
1.754,-1.647,0.059,9.033,69.214,-48.096
1.889,-1.693,0.007,6.165,56.885,-35.461
2.003,-1.697,-0.037,2.747,44.678,-19.287
2.063,-1.654,-0.041,0.366,29.907,-0.977
2.063,-1.598,-0.009,-2.563,14.587,18.311
2.017,-1.528,0.023,-6.653,0.793,36.377
1.924,-1.467,0.037,-13.367,-10.742,52.246
1.799,-1.407,-0.001,-23.560,-18.677,65.552
1.650,-1.345,-0.069,-32.349,-27.344,77.087
1.476,-1.267,-0.124,-36.682,-42.603,87.402
1.298,-1.200,-0.114,-35.278,-60.547,96.497
1.125,-1.143,-0.036,-29.297,-79.529,105.591
0.940,-1.085,0.060,-23.621,-96.863,113.281
0.751,-1.033,0.142,-20.996,-107.544,118.530
0.589,-0.983,0.224,-17.761,-115.845,122.314
0.450,-0.984,0.318,-17.639,-123.840,123.108
0.312,-1.023,0.414,-23.376,-130.554,123.047
0.162,-1.076,0.489,-31.921,-131.714,124.817
0.002,-1.115,0.520,-38.574,-127.258,129.272
-0.186,-1.139,0.508,-42.419,-120.728,135.498
-0.365,-1.124,0.453,-41.504,-112.976,141.968
-0.490,-1.086,0.425,-35.339,-107.605,146.301
-0.595,-1.042,0.447,-27.527,-108.215,148.682
-0.677,-0.983,0.493,-20.081,-109.009,149.475
-0.755,-0.910,0.540,-12.512,-103.821,149.353
-0.850,-0.806,0.568,-8.118,-96.863,149.170
-0.964,-0.660,0.589,-7.385,-92.346,146.606
-1.048,-0.495,0.626,-4.395,-84.534,139.404
-1.112,-0.423,0.708,-0.244,-74.036,128.479
-1.210,-0.400,0.802,3.540,-75.989,121.338
-1.235,-0.352,0.908,6.409,-70.313,115.479
-1.292,-0.334,0.982,9.216,-54.749,110.291
-1.354,-0.278,1.004,12.878,-45.532,108.276
-1.402,-0.238,1.063,13.611,-41.260,106.506
-1.417,-0.211,1.158,10.010,-38.635,100.586
-1.415,-0.203,1.235,5.066,-34.790,94.482
-1.460,-0.136,1.275,1.953,-24.536,90.027
-1.473,-0.051,1.228,-10.986,-11.719,85.327
-1.505,0.027,1.138,-16.846,-5.493,77.454
-1.541,0.119,1.072,-17.822,-4.272,66.223
-1.521,0.174,1.077,-14.099,-5.493,51.819
-1.456,0.175,1.159,-7.141,-9.888,36.926
-1.397,0.148,1.240,-3.906,-12.756,24.475
-1.346,0.110,1.299,0.732,-8.728,14.343
-1.372,0.100,1.311,8.545,-0.183,7.507
-1.376,0.132,1.303,14.099,9.583,2.930
-1.345,0.160,1.313,20.569,17.883,-5.554
-1.295,0.127,1.288,18.555,24.353,-20.081
-1.234,0.049,1.242,3.540,29.785,-35.706
-1.146,-0.032,1.176,-11.169,34.912,-46.936
-1.092,-0.103,1.058,-20.142,39.856,-52.490
-1.061,-0.147,0.941,-20.874,44.922,-54.932
-1.042,-0.207,0.849,-10.803,53.223,-58.655
-0.988,-0.308,0.759,1.160,61.157,-64.758
-0.893,-0.423,0.687,3.235,62.988,-71.655
-0.830,-0.511,0.618,-0.488,64.880,-79.346
-0.663,-0.625,0.496,7.385,78.064,-89.050
-0.536,-0.688,0.543,16.541,84.045,-93.933
-0.524,-0.635,0.748,17.517,77.576,-90.820
-0.566,-0.517,0.962,14.160,73.120,-84.412
-0.608,-0.380,1.159,3.723,70.740,-82.642
-0.602,-0.305,1.237,-14.587,70.679,-88.501
-0.569,-0.316,1.197,-38.452,71.350,-98.145
-0.502,-0.409,1.091,-54.993,75.806,-107.361
-0.410,-0.557,0.927,-59.692,78.979,-112.000
-0.318,-0.727,0.749,-54.443,77.332,-110.168
-0.236,-0.812,0.614,-40.833,71.777,-101.318
-0.168,-0.832,0.594,-17.944,65.063,-89.172
-0.097,-0.854,0.616,11.475,63.232,-81.970
-0.056,-0.819,0.690,37.048,60.242,-79.346
0.082,-0.786,0.790,50.598,56.091,-83.130
0.197,-0.862,0.861,46.936,58.228,-95.947
0.366,-0.980,0.711,25.452,66.284,-109.863
0.558,-1.173,0.487,-0.610,70.313,-119.446
0.716,-1.375,0.347,-15.625,66.895,-121.277
0.840,-1.547,0.238,-5.371,69.214,-113.098
0.935,-1.615,0.213,24.353,74.829,-94.971
1.026,-1.631,0.284,51.575,74.524,-72.510
1.076,-1.585,0.365,58.960,71.350,-50.781
1.157,-1.467,0.392,55.298,66.956,-31.311
1.249,-1.303,0.377,43.335,61.523,-15.808
1.355,-1.169,0.350,29.602,54.565,-6.531
1.460,-1.095,0.328,15.686,42.847,-2.075
1.508,-1.046,0.311,5.798,31.921,0.488
1.528,-1.041,0.254,6.348,25.757,4.456
1.523,-1.044,0.212,6.592,15.503,11.414
1.487,-1.049,0.214,2.136,-0.305,21.790
1.424,-0.996,0.225,-1.831,-13.977,35.950
1.342,-0.891,0.229,-0.977,-21.423,49.805
1.295,-0.808,0.221,1.648,-27.405,58.777
1.236,-0.780,0.242,0.427,-37.048,62.805
1.171,-0.796,0.216,2.014,-42.847,64.575
1.105,-0.807,0.198,6.836,-48.035,66.345
1.005,-0.826,0.210,7.446,-59.021,66.772
0.909,-0.857,0.224,3.845,-70.068,65.125
0.808,-0.926,0.201,-1.221,-77.209,62.439
0.712,-0.992,0.195,-7.080,-87.219,63.293
0.624,-1.024,0.232,-11.169,-98.389,68.726
0.513,-1.018,0.295,-8.118,-103.088,78.369
0.371,-1.005,0.347,-1.160,-101.379,89.111
0.234,-0.950,0.406,1.465,-101.379,99.365
0.088,-0.869,0.440,-5.798,-103.088,107.178
-0.065,-0.829,0.449,-14.282,-99.731,109.985
-0.199,-0.795,0.448,-20.630,-96.924,109.619
-0.319,-0.778,0.444,-24.780,-97.961,108.521
-0.419,-0.807,0.454,-25.391,-101.074,107.422
-0.567,-0.781,0.574,-19.958,-101.746,108.032
-0.615,-0.777,0.565,4.211,-89.233,105.286
-0.704,-0.750,0.592,16.357,-80.200,101.868
-0.780,-0.721,0.559,15.198,-77.637,96.008
-0.862,-0.769,0.584,8.057,-75.806,86.792
-0.917,-0.809,0.575,1.038,-71.411,77.515
-0.899,-0.898,0.584,-9.033,-69.824,71.533
-0.967,-0.920,0.658,-22.705,-76.050,72.754
-1.024,-0.874,0.693,-23.743,-73.059,78.674
-1.062,-0.803,0.725,-12.024,-65.063,84.473
-1.095,-0.698,0.806,-4.822,-62.622,88.867
-1.110,-0.589,0.917,-0.977,-58.838,88.745

-1.114,-0.324,1.093,2.197,-39.917,79.956
-1.102,-0.214,1.130,-4.578,-32.349,70.862
-1.039,-0.141,1.158,-12.634,-27.100,59.692
-1.010,-0.080,1.208,-18.982,-23.193,50.415
-1.032,-0.016,1.194,-17.212,-14.526,43.640
-1.004,0.072,1.108,-11.597,-8.850,38.696
-0.986,0.133,1.112,-14.221,-17.273,34.546
-0.978,0.140,1.155,-15.747,-24.597,29.602
-0.970,0.138,1.156,-6.958,-20.691,25.085
-1.016,0.124,1.131,7.202,-12.756,20.569
-1.042,0.135,1.174,12.817,-5.798,15.137
-1.044,0.114,1.207,17.639,-0.061,5.615
-1.046,0.055,1.197,13.367,5.554,-5.737
-1.042,0.007,1.152,1.648,9.705,-16.357
-1.031,-0.086,1.065,-7.263,15.320,-26.611
-1.028,-0.219,0.971,-7.446,22.095,-35.400
-0.973,-0.332,0.866,-0.244,27.344,-39.551
-0.907,-0.472,0.743,10.803,33.325,-39.307
-0.900,-0.602,0.668,17.883,35.828,-34.973
-0.887,-0.673,0.621,23.743,38.757,-29.480
-0.907,-0.680,0.622,29.175,44.006,-25.696
-0.912,-0.607,0.580,27.527,45.593,-24.902
-0.883,-0.553,0.571,13.916,38.757,-31.189
-0.812,-0.545,0.686,0.549,25.940,-41.870
-0.731,-0.596,0.796,-4.150,19.653,-50.415
-0.671,-0.624,0.851,-1.526,22.034,-52.612
-0.611,-0.634,0.888,7.568,27.344,-49.011
-0.593,-0.651,0.905,11.169,33.997,-44.739
-0.549,-0.725,0.851,8.057,44.006,-42.725
-0.497,-0.732,0.812,-3.235,51.331,-40.527
-0.448,-0.752,0.758,-17.822,60.120,-40.344
-0.374,-0.739,0.691,-30.640,67.444,-39.246
-0.289,-0.756,0.647,-43.274,66.711,-36.804
-0.246,-0.772,0.654,-52.063,60.974,-33.447
-0.256,-0.667,0.598,-44.128,57.922,-27.039
-0.184,-0.543,0.527,-16.968,55.542,-24.353
-0.058,-0.541,0.595,11.169,43.274,-31.006
0.062,-0.530,0.766,26.245,26.978,-39.307
0.245,-0.620,0.893,35.583,29.968,-51.147
0.377,-0.745,0.926,34.607,44.861,-61.462
0.482,-0.817,0.787,18.799,59.509,-64.270
0.566,-0.888,0.549,-3.723,70.068,-64.270
0.604,-0.950,0.380,-17.456,73.364,-61.951
0.620,-0.927,0.260,-15.198,74.097,-56.946
0.699,-0.835,0.219,-0.488,73.303,-52.673
0.831,-0.783,0.293,19.714,64.270,-53.650
0.994,-0.781,0.483,35.950,50.171,-58.472
1.156,-0.819,0.651,41.748,40.649,-62.683
1.292,-0.921,0.688,31.311,35.034,-64.819
1.368,-0.983,0.648,8.728,28.015,-62.683
1.447,-1.016,0.529,-8.972,24.292,-58.899
1.542,-1.157,0.408,-15.564,24.597,-55.664
1.584,-1.294,0.361,-13.245,20.691,-44.189
1.584,-1.254,0.384,-4.456,13.123,-20.935
1.527,-1.182,0.400,7.385,7.080,2.441
1.419,-1.079,0.461,14.343,-2.869,22.095
1.302,-0.972,0.506,11.963,-13.550,35.889
1.208,-0.930,0.499,2.075,-18.250,44.312
1.075,-0.877,0.489,-9.277,-21.484,52.002
0.959,-0.768,0.451,-16.357,-21.912,59.143
0.848,-0.680,0.422,-20.325,-23.560,61.340
0.747,-0.607,0.438,-28.076,-32.227,58.960
0.690,-0.569,0.458,-38.635,-46.326,54.138
0.620,-0.578,0.511,-46.448,-61.096,48.096
0.563,-0.598,0.592,-44.617,-71.899,42.358
0.490,-0.674,0.612,-39.185,-77.209,38.330
0.452,-0.823,0.632,-35.522,-83.496,40.222
0.457,-1.032,0.690,-33.447,-92.224,55.115
0.244,-1.005,0.754,-33.081,-96.069,86.731
-0.024,-0.901,0.666,-23.010,-85.327,116.943
-0.258,-0.770,0.570,-20.081,-78.247,132.446
-0.386,-0.683,0.456,-27.283,-79.651,132.324
-0.506,-0.693,0.358,-34.119,-84.412,121.399
-0.596,-0.714,0.336,-33.508,-92.896,108.276
-0.641,-0.750,0.430,-19.043,-100.891,95.398
-0.662,-0.794,0.627,1.099,-104.187,85.754
-0.708,-0.846,0.836,10.986,-100.525,82.397
-0.761,-0.835,0.981,12.024,-88.928,86.731
-0.831,-0.774,1.007,11.597,-71.960,94.910
-0.951,-0.645,1.002,6.958,-57.129,102.661
-1.059,-0.501,0.995,0.183,-47.058,104.980
-1.095,-0.418,0.933,-9.094,-39.795,100.037
-1.175,-0.375,0.888,-18.433,-36.743,91.492
-1.220,-0.308,0.900,-20.447,-32.837,82.581
-1.227,-0.254,0.943,-13.184,-26.123,70.740
-1.237,-0.238,0.909,-7.324,-17.639,57.678
-1.227,-0.230,0.893,-7.690,-16.907,48.340
-1.221,-0.202,0.931,-11.169,-19.775,42.175
-1.209,-0.168,0.943,-10.376,-18.066,37.292
-1.182,-0.163,0.941,-5.371,-14.038,32.043
-1.178,-0.152,0.985,-1.770,-11.292,27.405
-1.204,-0.111,1.053,2.625,-6.165,22.522
-1.169,-0.100,1.076,8.118,1.160,14.587
-1.134,-0.122,1.107,9.216,6.042,4.578
-1.112,-0.123,1.128,8.362,10.681,-4.456
-1.062,-0.147,1.117,7.141,18.616,-14.526
-1.014,-0.201,1.082,-0.549,25.513,-23.560
-0.980,-0.248,1.010,-12.939,29.541,-30.212
-0.896,-0.348,0.869,-21.729,33.508,-35.706
-0.851,-0.415,0.760,-26.428,33.752,-37.659
-0.847,-0.434,0.667,-22.156,33.325,-37.354
-0.783,-0.451,0.577,-10.376,32.410,-38.757
-0.715,-0.496,0.559,-1.648,26.733,-42.542
-0.647,-0.519,0.558,3.540,20.691,-45.715
-0.607,-0.489,0.601,9.094,18.677,-47.974
-0.538,-0.475,0.637,14.099,22.217,-53.650
-0.432,-0.511,0.654,11.536,26.917,-61.523
-0.350,-0.549,0.702,2.808,25.757,-65.613
-0.285,-0.573,0.755,-1.282,27.527,-65.369
-0.205,-0.629,0.764,0.549,35.278,-62.561
-0.198,-0.634,0.791,1.282,37.598,-54.871
-0.174,-0.590,0.785,-0.916,40.039,-46.265
-0.090,-0.600,0.742,2.075,42.297,-41.870
-0.031,-0.641,0.746,3.052,36.377,-38.513
0.003,-0.648,0.757,4.211,30.518,-34.180
0.037,-0.644,0.729,13.672,29.480,-32.349
0.070,-0.647,0.750,20.935,30.029,-38.330
0.178,-0.713,0.749,23.193,33.203,-50.049
0.326,-0.787,0.658,17.822,42.297,-59.631

0.885,-1.003,0.508,11.292,55.481,-78.735
0.996,-1.052,0.520,5.432,45.227,-74.341
1.087,-1.104,0.510,8.667,41.626,-67.688
1.160,-1.129,0.526,11.414,37.170,-57.800
1.222,-1.098,0.586,7.019,26.428,-45.288
1.289,-1.089,0.635,-1.282,15.930,-35.278
1.321,-1.108,0.661,-9.583,7.202,-26.978
1.320,-1.106,0.641,-18.494,-3.601,-16.052
1.263,-1.078,0.657,-24.353,-16.846,-2.686
1.184,-1.016,0.720,-20.325,-27.161,10.803
1.086,-0.953,0.786,-13.428,-30.640,24.292
0.967,-0.834,0.859,-9.460,-31.799,37.842
0.872,-0.693,0.914,-6.226,-31.433,48.035
0.795,-0.601,0.923,-6.958,-30.212,53.589
0.719,-0.502,0.929,-12.634,-31.555,57.373
0.688,-0.436,0.916,-17.212,-31.616,59.204
0.669,-0.425,0.892,-20.142,-30.701,58.289
0.632,-0.447,0.840,-22.583,-28.564,57.678
0.575,-0.505,0.732,-22.400,-25.757,59.082
0.485,-0.550,0.631,-19.592,-27.588,64.453
0.344,-0.578,0.546,-15.686,-36.438,71.655
0.218,-0.596,0.450,-15.991,-45.288,76.782
0.103,-0.629,0.358,-17.578,-53.101,77.942
-0.004,-0.643,0.349,-20.691,-64.453,76.965
-0.136,-0.651,0.392,-21.057,-74.097,73.486
-0.228,-0.693,0.444,-17.578,-77.209,67.566
-0.255,-0.781,0.548,-13.794,-77.515,63.293
-0.293,-0.858,0.650,-13.062,-76.355,66.345
-0.405,-0.900,0.720,-8.484,-70.923,78.552
-0.571,-0.783,0.791,-0.183,-64.026,95.459
-0.682,-0.677,0.808,7.141,-56.458,105.164
-0.769,-0.627,0.822,4.639,-52.124,105.957
-0.862,-0.593,0.831,0.061,-48.706,102.722
-0.913,-0.561,0.815,0.122,-43.030,96.191
-0.944,-0.552,0.819,6.531,-37.659,87.463
-0.999,-0.524,0.844,14.221,-32.043,79.529
-1.080,-0.430,0.895,19.409,-24.597,73.120
-1.125,-0.354,0.875,22.156,-15.991,63.843
-1.133,-0.346,0.859,15.869,-11.292,50.354
-1.163,-0.370,0.879,4.883,-11.536,36.804
-1.152,-0.449,0.894,-3.967,-9.155,25.879
-1.165,-0.501,0.925,-8.484,-5.981,20.691
-1.177,-0.526,0.936,-7.385,-1.648,20.386
-1.215,-0.505,0.934,-2.625,4.333,22.278
-1.262,-0.445,0.900,0.854,10.437,23.315
-1.304,-0.365,0.836,2.502,15.869,19.836
-1.289,-0.298,0.781,1.831,18.921,10.864
-1.224,-0.274,0.758,-0.854,19.775,-1.831
-1.151,-0.275,0.743,1.221,20.752,-13.733
-1.052,-0.307,0.718,5.005,22.888,-22.095
-0.990,-0.323,0.715,3.540,23.499,-25.818
-0.942,-0.317,0.711,0.000,23.254,-26.917
-0.926,-0.322,0.675,1.343,24.292,-29.663
-0.865,-0.326,0.639,5.005,26.550,-36.377
-0.790,-0.387,0.631,7.324,26.611,-45.410
-0.724,-0.430,0.635,7.751,26.489,-52.612
-0.664,-0.474,0.647,8.667,28.015,-57.312
-0.571,-0.528,0.632,6.409,30.273,-60.730
-0.525,-0.557,0.646,0.122,30.273,-61.584
-0.479,-0.560,0.631,-4.639,32.715,-61.096
-0.425,-0.587,0.595,-8.240,35.950,-62.805
-0.347,-0.630,0.599,-9.216,35.828,-64.392
-0.264,-0.645,0.650,-5.615,35.583,-64.270
-0.194,-0.614,0.714,4.883,39.490,-64.331
-0.072,-0.581,0.776,19.226,46.204,-67.627
0.052,-0.577,0.872,28.076,52.185,-72.632
0.148,-0.596,0.916,28.015,59.204,-76.965
0.173,-0.619,0.926,22.827,66.040,-79.285
0.226,-0.598,0.884,11.902,70.862,-80.322
0.312,-0.657,0.769,-2.380,72.571,-82.520
0.332,-0.745,0.646,-17.029,68.481,-81.299
0.339,-0.797,0.558,-20.325,60.486,-75.806
0.366,-0.797,0.518,-6.592,55.115,-70.496
0.466,-0.748,0.545,14.282,51.208,-69.641
0.605,-0.802,0.616,30.396,46.875,-76.172
0.778,-0.916,0.695,33.142,40.527,-84.290
0.909,-1.039,0.736,26.367,33.203,-86.365
0.983,-1.177,0.734,16.968,27.405,-82.886
1.050,-1.272,0.740,7.324,19.836,-72.571
1.105,-1.321,0.769,-0.977,10.620,-56.580
1.144,-1.362,0.795,-9.338,3.662,-38.025
1.120,-1.365,0.844,-17.761,-1.465,-16.357
1.034,-1.278,0.868,-25.818,-4.639,8.545
0.902,-1.142,0.871,-28.931,-6.042,31.982
0.771,-0.990,0.878,-27.039,-7.751,49.805
0.664,-0.847,0.866,-22.644,-9.583,61.951
0.592,-0.708,0.856,-15.930,-11.963,69.580
0.560,-0.582,0.837,-10.315,-15.015,74.036
0.511,-0.500,0.812,-8.606,-17.822,75.989
0.461,-0.457,0.786,-8.606,-20.996,76.050
0.398,-0.435,0.782,-7.507,-22.644,75.073
0.347,-0.409,0.752,-5.371,-21.912,74.219
0.278,-0.392,0.704,-6.287,-21.057,72.021
0.212,-0.425,0.627,-10.254,-21.790,67.810
0.177,-0.506,0.568,-19.653,-26.794,64.758
0.112,-0.574,0.518,-30.518,-32.776,65.979
0.037,-0.601,0.463,-32.776,-35.767,70.313
-0.040,-0.634,0.428,-26.245,-36.865,74.951
-0.119,-0.649,0.445,-18.738,-38.757,78.186
-0.191,-0.652,0.486,-12.390,-41.016,79.285
-0.257,-0.650,0.516,-7.996,-42.297,78.918
-0.326,-0.628,0.581,-3.479,-44.617,77.637
-0.365,-0.608,0.641,3.540,-44.800,74.524
-0.418,-0.566,0.705,9.155,-41.809,70.618
-0.457,-0.504,0.748,13.733,-37.598,65.979
-0.487,-0.476,0.778,13.794,-33.508,58.899
-0.533,-0.511,0.807,7.935,-31.128,52.185
-0.551,-0.595,0.799,2.014,-30.762,50.964
-0.589,-0.673,0.784,-6.958,-31.555,55.908
-0.681,-0.670,0.758,-12.146,-28.748,63.904
-0.798,-0.660,0.695,-8.850,-23.621,68.909
-0.938,-0.614,0.696,-7.141,-23.865,68.665
-1.023,-0.603,0.681,-4.395,-22.339,59.448
-1.056,-0.601,0.698,-3.479,-20.813,46.753
-1.050,-0.616,0.732,-3.479,-21.729,35.461
-1.047,-0.617,0.780,-3.052,-21.790,26.794
-1.017,-0.587,0.825,0.916,-18.738,21.179
-1.000,-0.546,0.867,5.737,-14.648,17.883
-0.979,-0.498,0.888,6.653,-11.047,15.808

-0.990,-0.375,0.915,6.592,-5.066,9.766
-0.949,-0.339,0.924,11.353,-0.916,3.418
-0.901,-0.324,0.952,14.648,1.648,-3.784
-0.866,-0.314,0.982,15.259,4.578,-10.193
-0.823,-0.301,0.999,15.564,8.911,-16.113
-0.785,-0.297,0.971,14.771,15.015,-22.888
-0.748,-0.305,0.931,11.414,21.179,-30.762
-0.682,-0.327,0.895,7.874,26.062,-39.063
-0.592,-0.382,0.863,4.456,29.541,-46.387
-0.508,-0.458,0.830,-0.916,33.264,-50.598
-0.444,-0.517,0.779,-5.249,37.659,-50.842
-0.395,-0.527,0.741,-8.240,40.466,-48.645
-0.382,-0.521,0.683,-11.902,42.114,-47.485
-0.364,-0.522,0.622,-13.062,42.603,-49.622
-0.342,-0.526,0.589,-11.047,40.527,-54.199
-0.292,-0.570,0.558,-5.676,37.781,-59.326
-0.267,-0.597,0.587,-0.488,33.386,-62.683
-0.214,-0.590,0.625,5.676,30.945,-64.331
-0.103,-0.624,0.635,9.521,31.738,-66.101
-0.048,-0.665,0.678,6.104,29.480,-64.697
0.013,-0.695,0.715,1.892,28.015,-59.570
0.020,-0.709,0.726,-2.808,32.349,-52.673
0.007,-0.694,0.666,-5.493,38.208,-45.959
-0.018,-0.649,0.599,-7.263,40.405,-41.870
-0.036,-0.645,0.576,-8.057,37.537,-44.617
-0.017,-0.670,0.608,-6.531,32.349,-51.697
0.019,-0.727,0.623,-5.371,30.640,-57.861
0.063,-0.753,0.640,-3.540,27.954,-59.509
0.109,-0.768,0.650,-0.610,24.414,-58.777
0.176,-0.766,0.672,1.099,23.499,-57.556
0.264,-0.770,0.695,1.587,24.597,-55.725
0.334,-0.792,0.722,1.160,24.536,-53.345
0.380,-0.815,0.744,0.122,24.536,-50.537
0.422,-0.827,0.742,-0.488,25.085,-47.119
0.431,-0.828,0.738,-1.099,23.804,-43.457
0.409,-0.800,0.752,-0.305,20.996,-40.222
0.412,-0.777,0.737,2.075,19.348,-38.208
0.393,-0.753,0.737,3.601,15.381,-35.950
0.442,-0.756,0.761,6.042,9.277,-32.227
0.478,-0.746,0.822,6.165,3.174,-25.391
0.520,-0.701,0.890,7.019,-1.038,-15.930
0.546,-0.667,0.940,8.972,-2.197,-8.118
0.570,-0.655,0.965,10.071,-2.869,-3.235
0.599,-0.664,0.985,7.690,-4.761,-1.221
0.596,-0.719,0.985,1.343,-6.714,-0.122
0.591,-0.758,0.983,-6.531,-8.606,3.967
0.571,-0.786,0.959,-12.024,-8.545,11.536
0.543,-0.781,0.911,-15.991,-9.705,21.729
0.507,-0.771,0.860,-17.822,-14.038,32.471
0.494,-0.729,0.833,-18.066,-19.714,43.396
0.467,-0.677,0.831,-15.381,-24.719,52.429
0.484,-0.614,0.828,-12.085,-27.527,57.068
0.553,-0.604,0.826,-8.545,-28.809,56.702
0.621,-0.635,0.834,-6.348,-29.785,53.528
0.660,-0.679,0.853,-6.104,-29.724,49.561
0.679,-0.733,0.851,-11.719,-27.954,48.035
0.632,-0.767,0.800,-18.188,-24.353,50.354
0.569,-0.724,0.728,-21.484,-22.827,56.885
0.511,-0.695,0.673,-20.813,-24.231,62.988
0.400,-0.692,0.624,-21.790,-27.954,67.627
0.292,-0.670,0.561,-21.606,-31.311,72.266
0.203,-0.658,0.525,-18.799,-35.034,76.111
0.088,-0.649,0.506,-14.465,-39.734,79.529
-0.009,-0.620,0.485,-7.263,-43.762,80.872
-0.062,-0.602,0.497,-0.610,-49.438,78.430
-0.115,-0.614,0.531,1.892,-54.871,73.181
-0.168,-0.625,0.566,2.930,-56.946,68.726
-0.234,-0.644,0.595,5.127,-56.091,64.941
-0.333,-0.690,0.611,3.174,-53.162,63.354
-0.431,-0.776,0.637,-2.930,-50.842,65.063
-0.522,-0.823,0.645,-10.315,-49.561,70.923
-0.642,-0.806,0.631,-16.174,-46.509,77.637
-0.778,-0.797,0.589,-17.761,-41.077,80.811
-0.884,-0.761,0.558,-22.400,-37.842,81.726
-1.037,-0.742,0.559,-23.987,-39.551,79.163
-1.177,-0.715,0.586,-18.066,-40.466,72.571
-1.242,-0.691,0.633,-8.301,-39.856,63.293
-1.303,-0.723,0.693,-2.502,-39.307,52.124
-1.298,-0.778,0.727,-4.517,-36.499,44.739
-1.348,-0.811,0.767,-6.470,-33.203,42.908
-1.374,-0.754,0.794,-8.667,-27.588,46.204
-1.389,-0.723,0.769,-7.446,-19.714,48.218
-1.405,-0.670,0.759,-8.240,-13.611,48.950
-1.367,-0.598,0.724,-9.644,-8.301,48.950
-1.334,-0.503,0.689,-7.629,-4.333,48.340
-1.307,-0.394,0.675,-2.563,-2.136,45.593
-1.282,-0.284,0.677,3.479,-0.244,39.612
-1.236,-0.200,0.697,8.484,1.892,30.212
-1.169,-0.162,0.713,13.550,4.456,18.250
-1.114,-0.192,0.721,17.151,8.789,5.798
-1.012,-0.223,0.723,16.357,13.245,-2.747
-1.004,-0.262,0.721,11.230,15.137,-7.080
-0.990,-0.244,0.727,-1.648,16.663,-7.385
-1.012,-0.243,0.702,-6.653,20.081,-10.437
-0.968,-0.282,0.639,-7.629,25.513,-16.785
-0.943,-0.325,0.630,-8.972,26.672,-23.010
-0.923,-0.334,0.609,-10.254,28.259,-29.114
-0.903,-0.333,0.573,-10.864,31.799,-36.133
-0.846,-0.352,0.556,-10.498,33.142,-44.434
-0.771,-0.404,0.548,-9.888,31.494,-51.880
-0.712,-0.456,0.539,-8.484,29.724,-56.580
-0.628,-0.506,0.535,-1.160,29.175,-57.678
-0.589,-0.489,0.609,6.104,28.076,-55.115
-0.560,-0.457,0.699,11.658,29.907,-54.749
-0.476,-0.485,0.737,13.855,35.339,-60.791
-0.417,-0.563,0.796,7.019,38.879,-68.298
-0.367,-0.598,0.858,-1.465,41.016,-71.899
-0.353,-0.615,0.851,-4.883,46.387,-74.402
-0.332,-0.633,0.797,-4.089,51.208,-78.918
-0.223,-0.687,0.758,-4.700,52.856,-86.182
-0.148,-0.801,0.734,-7.446,56.702,-92.773
-0.063,-0.880,0.702,-1.526,60.669,-94.666
0.068,-0.902,0.646,13.550,62.683,-93.201
0.192,-0.951,0.626,26.428,59.753,-94.421
0.289,-0.978,0.673,33.691,51.270,-98.022
0.369,-1.012,0.811,36.987,44.617,-102.905
0.432,-1.098,1.023,33.325,44.067,-110.168
0.543,-1.211,1.008,17.212,60.730,-114.624
0.607,-1.230,0.839,-4.883,79.712,-108.215

0.716,-1.078,0.564,-18.188,82.886,-83.618
0.815,-0.991,0.554,-10.132,75.256,-76.782
0.908,-0.933,0.557,1.099,66.528,-71.960
0.979,-0.866,0.601,7.996,55.908,-66.345
1.063,-0.789,0.646,12.024,43.701,-60.303
1.175,-0.747,0.683,10.925,31.616,-57.251
1.307,-0.743,0.755,5.859,18.555,-56.213
1.422,-0.797,0.807,0.183,8.118,-54.688
1.477,-0.917,0.816,-8.240,1.892,-49.866
1.501,-1.033,0.793,-20.630,-4.883,-37.659
1.464,-1.104,0.784,-28.931,-14.771,-14.099
1.341,-1.070,0.785,-29.053,-22.095,16.418
1.244,-0.968,0.777,-17.395,-24.719,47.424
1.067,-0.842,0.797,-2.869,-26.245,72.937
0.920,-0.693,0.804,7.446,-28.748,89.417
0.822,-0.591,0.813,11.169,-31.921,96.313
0.771,-0.560,0.842,6.409,-35.156,95.764
0.719,-0.599,0.858,-5.371,-37.842,92.773
0.695,-0.628,0.789,-16.785,-37.415,92.651
0.647,-0.620,0.731,-27.161,-38.818,96.191
0.600,-0.606,0.644,-27.466,-39.551,99.304
0.555,-0.639,0.557,-20.813,-40.833,99.243
0.525,-0.695,0.557,-16.418,-44.983,96.619
0.444,-0.772,0.538,-14.343,-51.392,96.497
0.328,-0.810,0.516,-13.000,-56.641,102.295
0.150,-0.830,0.511,-4.028,-59.998,110.596
0.002,-0.815,0.530,2.075,-60.486,117.432
-0.078,-0.826,0.461,-1.404,-57.007,121.094
-0.185,-0.801,0.430,-9.766,-57.312,124.573
-0.258,-0.720,0.434,-14.160,-61.523,126.953
-0.280,-0.659,0.462,-12.085,-64.697,122.742
-0.306,-0.661,0.513,-7.446,-67.749,113.098
-0.338,-0.669,0.585,-3.235,-68.542,103.088
-0.335,-0.700,0.677,3.296,-66.162,93.628
-0.392,-0.713,0.769,5.371,-60.974,85.876
-0.448,-0.744,0.802,4.639,-50.842,80.444
-0.528,-0.779,0.768,-0.732,-40.222,76.904
-0.642,-0.913,0.680,-13.367,-34.302,72.083
-0.677,-1.096,0.593,-27.832,-30.701,66.711
-0.781,-1.275,0.567,-31.433,-27.283,63.293
-0.834,-1.349,0.510,-19.104,-20.630,67.932
-0.877,-1.336,0.489,-5.493,-17.029,76.782
-0.964,-1.288,0.513,6.348,-17.944,84.717
-1.087,-1.201,0.555,23.254,-18.677,90.271
-1.290,-1.110,0.615,41.016,-18.494,93.750
-1.386,-0.938,0.730,44.434,-24.536,95.825
-1.423,-0.786,0.818,36.255,-29.785,92.957
-1.459,-0.673,0.869,19.836,-30.090,85.999
-1.463,-0.595,0.893,4.395,-30.334,76.111
-1.456,-0.575,0.914,-5.798,-28.931,64.819
-1.438,-0.565,0.968,-4.456,-24.902,54.260
-1.417,-0.558,0.995,6.470,-16.663,46.326
-1.392,-0.527,0.958,13.855,-6.470,41.931
-1.365,-0.485,0.917,16.541,-0.793,39.246
-1.329,-0.458,0.859,19.348,4.150,37.903
-1.285,-0.413,0.806,20.569,9.155,39.124
-1.223,-0.350,0.758,22.461,12.146,42.053
-1.167,-0.305,0.734,27.832,14.099,44.006
-1.147,-0.243,0.760,34.119,15.625,43.640
-1.043,-0.251,0.706,45.349,23.254,38.635
-0.986,-0.339,0.642,52.734,31.128,32.898
-0.954,-0.466,0.612,59.021,34.729,30.945
-0.804,-0.646,0.561,61.340,36.499,35.400
-0.783,-0.767,0.526,51.514,33.752,51.208
-0.835,-0.781,0.493,37.354,29.785,74.524
-0.868,-0.743,0.428,22.949,27.954,92.529
-1.010,-0.671,0.432,8.362,20.325,99.487
-1.072,-0.455,0.438,-2.014,8.484,89.355
-0.993,-0.321,0.400,-5.737,2.869,57.861
-0.829,-0.350,0.393,-12.024,-4.456,16.785
-0.763,-0.463,0.446,-27.588,-18.616,-20.081
-0.653,-0.557,0.509,-36.865,-26.062,-49.377
-0.488,-0.738,0.464,-32.654,-18.555,-71.899
-0.333,-0.918,0.380,-26.001,-6.592,-81.543
-0.349,-0.960,0.392,-19.043,-3.906,-73.242
-0.405,-0.904,0.462,-8.179,-6.531,-60.181
-0.440,-0.799,0.484,1.343,-11.658,-56.885
-0.509,-0.746,0.421,4.333,-18.066,-66.284
-0.565,-0.795,0.450,11.597,-29.114,-88.013
-0.581,-0.801,0.582,24.780,-39.368,-112.671
-0.557,-0.884,0.620,39.001,-39.001,-136.353
-0.560,-1.087,0.689,48.035,-35.889,-155.090
-0.527,-1.112,0.831,54.932,-36.377,-152.710
-0.580,-1.006,0.899,51.636,-29.297,-138.672
-0.530,-0.987,0.917,40.649,-10.315,-130.310
-0.562,-0.950,0.855,20.508,10.437,-123.657
-0.612,-0.815,0.815,4.395,38.940,-125.122
-0.469,-0.807,0.634,13.672,89.050,-149.963
-0.253,-1.151,0.309,34.119,138.672,-183.594
0.002,-1.447,0.061,42.419,150.452,-196.472
0.263,-1.476,0.057,45.654,126.770,-182.678
0.415,-1.392,0.134,45.471,97.595,-162.048
0.572,-1.407,0.193,40.955,78.308,-147.217
0.714,-1.314,0.301,34.302,61.462,-129.578
0.847,-1.081,0.477,28.687,50.781,-110.718
0.964,-0.865,0.551,33.325,60.852,-103.027
1.094,-0.781,0.530,43.945,83.008,-110.352
1.248,-0.801,0.488,43.884,97.534,-129.578
1.486,-0.885,0.422,42.908,105.835,-152.771
1.750,-1.168,0.250,46.143,107.666,-171.631
2.017,-1.457,0.236,50.110,91.858,-177.429
2.236,-1.554,0.432,54.993,56.519,-162.964
2.335,-1.627,0.818,59.265,24.231,-136.780
2.363,-1.657,1.116,55.481,12.146,-106.506
2.274,-1.694,1.372,48.218,11.292,-75.806
2.149,-1.644,1.575,40.222,14.160,-43.579
1.998,-1.553,1.718,28.809,21.545,-15.686
1.811,-1.511,1.652,17.456,37.842,7.629
1.514,-1.415,1.467,2.930,59.998,31.494
1.257,-1.250,1.238,-5.371,78.003,50.537
1.006,-1.120,0.989,-12.390,88.013,61.829
0.833,-1.009,0.830,-18.494,86.365,65.735
0.732,-0.916,0.758,-18.433,74.158,64.819
0.664,-0.871,0.774,-16.479,62.317,61.584
0.630,-0.922,0.799,-13.855,55.298,58.289
0.531,-0.987,0.820,-18.372,44.678,61.340
0.417,-0.963,0.817,-29.724,32.349,70.435
0.334,-0.889,0.822,-38.818,21.057,78.796
0.302,-0.784,0.828,-50.598,7.935,81.238

-0.885,-1.175,-0.212,-40.588,-83.252,114.563
-0.967,-1.198,-0.182,-29.846,-83.984,101.074
-0.994,-1.293,-0.160,-9.277,-74.524,82.581
-0.949,-1.404,-0.095,13.245,-65.002,68.665
-0.973,-1.458,0.010,30.701,-60.486,68.054
-1.017,-1.396,0.057,40.833,-58.044,75.562
-1.080,-1.266,0.109,44.983,-58.594,83.862
-1.146,-1.127,0.153,46.204,-59.143,87.280
-1.211,-1.007,0.183,39.551,-60.120,84.351
-1.281,-0.891,0.193,25.879,-62.439,77.026
-1.513,-0.800,0.393,14.954,-65.735,67.322
-1.388,-0.755,0.491,23.865,-60.364,56.091
-1.470,-0.842,0.531,38.757,-50.415,42.542
-1.405,-0.830,0.684,45.288,-48.401,37.842
-1.385,-0.816,0.846,41.199,-48.096,37.231
-1.444,-0.769,0.981,33.020,-40.222,32.776
-1.457,-0.715,0.991,29.419,-29.236,26.428
-1.555,-0.659,0.985,19.714,-29.602,23.743
-1.557,-0.565,1.097,14.587,-39.063,22.034
-1.450,-0.494,1.093,9.888,-45.349,15.198
-1.320,-0.497,1.119,4.517,-45.349,5.005
-1.305,-0.469,1.209,-1.648,-39.551,-3.113
-1.187,-0.501,1.159,-5.249,-27.405,-8.484
-1.096,-0.534,1.102,-5.127,-13.794,-7.263
-1.118,-0.495,1.041,-1.587,0.122,-1.160
-1.177,-0.423,0.976,-0.916,15.381,0.793
-1.156,-0.423,0.879,-7.080,27.405,-1.892
-1.172,-0.439,0.765,-12.451,32.166,-4.333
-1.191,-0.409,0.623,-16.785,37.109,-9.888
-1.192,-0.400,0.469,-18.250,41.565,-19.653
-1.167,-0.453,0.339,-17.761,40.161,-32.166
-1.148,-0.557,0.247,-17.090,35.461,-44.312
-1.096,-0.721,0.150,-14.221,31.006,-50.232
-1.084,-0.819,0.077,-12.329,28.198,-47.302
-1.091,-0.834,0.049,-11.963,29.114,-39.856
-1.120,-0.826,0.079,-9.583,32.410,-37.476
-1.177,-0.739,0.174,-3.967,35.828,-42.542
-1.155,-0.681,0.266,4.333,42.908,-59.509
-1.110,-0.719,0.342,6.897,52.795,-81.726
-1.083,-0.773,0.411,1.648,59.448,-100.037
-0.984,-0.799,0.459,-5.493,65.735,-112.976
-0.965,-0.919,0.427,-10.437,73.486,-124.084
-0.904,-0.980,0.440,-27.893,79.529,-127.808
-0.830,-0.980,0.448,-51.575,78.430,-123.901
-0.815,-0.961,0.461,-71.228,72.754,-123.108
-0.792,-0.958,0.465,-78.064,72.083,-126.221
-0.711,-0.991,0.424,-65.674,77.759,-131.287
-0.670,-1.026,0.473,-46.326,82.214,-133.118
-0.655,-0.998,0.581,-28.564,85.632,-130.127
-0.591,-0.963,0.663,-16.968,90.637,-126.648
-0.609,-0.943,0.693,-15.442,91.064,-123.779
-0.633,-0.828,0.654,-18.860,87.708,-119.324
-0.597,-0.816,0.584,-19.775,86.914,-120.667
-0.509,-0.832,0.538,-25.146,85.693,-125.793
-0.509,-0.925,0.464,-38.269,82.275,-132.507
-0.362,-1.075,0.270,-43.701,98.633,-146.851
-0.160,-1.179,0.046,-31.738,124.756,-162.720
0.072,-1.361,-0.110,0.793,146.729,-170.227
0.392,-1.518,-0.192,41.138,157.776,-169.678
0.695,-1.563,-0.176,64.087,143.311,-157.898
0.934,-1.582,-0.094,56.580,115.417,-151.001
1.186,-1.563,0.020,29.541,91.125,-152.527
1.509,-1.576,0.070,0.671,72.510,-158.875
1.744,-1.600,0.144,-30.762,50.293,-162.781
1.884,-1.660,0.185,-54.138,29.907,-162.659
2.043,-1.755,0.207,-50.293,20.874,-151.672
2.136,-1.724,0.423,-23.010,11.475,-121.338
2.116,-1.528,0.752,3.906,6.287,-83.130
2.049,-1.359,0.985,26.489,18.616,-53.833
1.995,-1.237,1.038,42.786,36.133,-35.706
1.945,-1.084,1.099,49.011,37.964,-21.240
1.914,-0.991,1.182,43.274,30.090,-15.503
1.894,-1.018,1.222,31.616,20.569,-17.395
1.894,-1.073,1.209,16.479,7.751,-18.005
1.842,-1.183,1.090,-4.761,-3.845,-15.503
1.737,-1.328,0.938,-19.287,-15.015,-7.446
1.646,-1.413,0.834,-19.531,-28.503,8.423
1.547,-1.486,0.755,-13.672,-43.823,30.273
1.420,-1.552,0.725,-10.010,-58.044,57.495
1.258,-1.495,0.712,-4.456,-65.552,88.867
1.115,-1.420,0.641,5.005,-61.584,115.784
0.950,-1.366,0.570,10.132,-56.030,134.277
0.776,-1.215,0.577,9.399,-59.753,147.095
0.650,-1.146,0.563,1.160,-67.078,148.926
0.529,-1.158,0.536,-11.536,-71.289,142.334
0.420,-1.158,0.557,-19.897,-75.806,135.742
0.304,-1.169,0.538,-23.437,-76.111,130.554
0.172,-1.200,0.484,-24.353,-75.073,128.418
0.014,-1.202,0.507,-23.987,-80.383,129.822
-0.065,-1.218,0.536,-24.353,-88.135,132.751
-0.133,-1.243,0.553,-31.189,-95.337,138.550
-0.265,-1.181,0.553,-33.630,-100.159,150.146
-0.429,-1.063,0.554,-35.461,-99.060,165.588
-0.520,-0.903,0.514,-30.334,-92.529,173.523
-0.636,-0.731,0.588,-16.235,-87.341,169.434
-0.686,-0.585,0.626,-17.883,-80.688,158.142
-0.726,-0.545,0.515,-33.630,-68.970,137.878
-0.730,-0.550,0.364,-50.659,-62.622,116.272
-0.667,-0.671,0.154,-64.575,-67.932,100.647
-0.624,-0.843,0.024,-72.083,-85.876,97.473
-0.605,-0.951,0.016,-72.327,-106.323,106.018
-0.675,-1.060,0.053,-74.219,-113.831,117.676
-0.786,-1.084,0.069,-67.993,-106.018,130.188
-0.895,-1.025,0.047,-46.570,-90.027,140.808
-1.039,-0.967,0.033,-22.522,-73.547,143.188
-1.163,-0.897,0.066,-2.441,-62.317,135.010
-1.226,-0.830,0.106,12.024,-55.054,121.521
-1.264,-0.778,0.115,15.747,-48.767,105.347
-1.309,-0.727,0.142,15.076,-44.373,90.698
-1.383,-0.662,0.189,13.794,-40.771,78.674
-1.426,-0.577,0.202,8.362,-37.598,67.139
-1.440,-0.557,0.230,2.197,-38.574,54.260
-1.403,-0.615,0.316,-3.845,-46.814,42.175
-1.415,-0.623,0.453,-12.390,-55.847,36.316
-1.433,-0.603,0.535,-11.169,-52.002,32.715
-1.447,-0.591,0.552,-1.648,-39.368,27.832
-1.506,-0.538,0.637,9.460,-32.227,23.254
-1.567,-0.493,0.712,17.334,-28.687,13.611
-1.561,-0.497,0.779,8.911,-20.325,-1.709

-1.502,-0.503,0.861,-5.859,-7.385,-17.090
-1.503,-0.454,0.869,-2.563,5.493,-22.705
-1.478,-0.412,0.854,5.127,23.254,-28.259
-1.488,-0.369,0.865,15.869,34.851,-35.095
-1.491,-0.319,0.856,23.621,39.795,-42.358
-1.425,-0.304,0.828,24.902,39.978,-49.927
-1.386,-0.309,0.815,17.944,34.058,-55.054
-1.354,-0.297,0.780,12.024,32.349,-60.547
-1.283,-0.295,0.748,12.817,39.063,-68.359
-1.252,-0.280,0.702,14.954,51.575,-76.721
-1.160,-0.279,0.599,21.423,66.833,-86.060
-1.045,-0.344,0.500,23.010,78.735,-95.642
-0.945,-0.437,0.452,21.301,82.947,-102.417
-0.805,-0.530,0.406,20.508,84.595,-104.248
-0.670,-0.645,0.365,16.846,83.679,-102.417
-0.540,-0.723,0.334,11.230,80.811,-98.267
-0.438,-0.743,0.334,10.742,77.515,-93.018
-0.332,-0.726,0.328,16.235,78.796,-90.027
-0.170,-0.731,0.337,27.771,82.703,-91.309
0.016,-0.791,0.423,37.659,83.618,-95.459
0.218,-0.844,0.539,38.635,81.726,-98.511
0.471,-0.900,0.584,29.358,83.191,-99.976
0.818,-0.968,0.608,19.897,86.731,-101.807
1.253,-1.042,0.641,15.625,87.402,-104.553
1.687,-1.181,0.679,15.625,84.290,-105.530
2.047,-1.435,0.659,15.564,77.881,-100.891
2.363,-1.719,0.554,12.512,68.481,-85.388
2.521,-1.928,0.468,3.235,53.833,-56.458
2.527,-2.014,0.425,-5.737,37.048,-21.057
2.412,-1.948,0.320,-13.000,23.926,18.005
2.147,-1.769,0.278,-15.259,9.888,55.481
1.827,-1.534,0.289,-6.409,-2.014,85.022
1.453,-1.271,0.336,7.568,-12.146,108.948
0.970,-0.944,0.437,17.944,-26.367,127.075
0.553,-0.628,0.524,25.940,-40.833,133.118
0.214,-0.432,0.586,24.780,-54.871,125.549
-0.124,-0.372,0.672,11.353,-71.533,111.206
-0.404,-0.447,0.779,-3.479,-84.839,94.727
-0.668,-0.571,0.857,-17.700,-91.553,82.214
-0.851,-0.709,0.911,-27.832,-93.506,76.477
-1.073,-0.799,0.993,-32.043,-90.942,76.416
-1.256,-0.842,1.064,-25.757,-79.285,77.637
-1.417,-0.839,1.079,-19.287,-63.293,76.782
-1.567,-0.817,1.051,-20.691,-50.781,73.181
-1.688,-0.790,1.030,-23.804,-40.955,65.735
-1.736,-0.747,0.993,-26.978,-31.006,54.443
-1.730,-0.734,0.926,-32.898,-22.095,39.795
-1.672,-0.756,0.855,-40.771,-15.930,25.024
-1.579,-0.775,0.808,-45.471,-9.460,16.113
-1.532,-0.735,0.767,-43.945,1.038,14.099
-1.487,-0.635,0.655,-33.752,16.846,12.390
-1.387,-0.569,0.535,-22.156,35.889,4.639
-1.315,-0.489,0.455,-16.357,48.767,-3.601
-1.226,-0.384,0.398,-12.939,55.420,-12.146
-1.143,-0.300,0.380,-12.573,59.875,-24.109
-1.050,-0.237,0.389,-12.451,62.195,-38.147
-0.949,-0.209,0.394,-11.658,63.171,-52.124
-0.802,-0.223,0.402,-8.179,65.552,-64.819
-0.640,-0.232,0.470,-3.296,65.979,-73.792
-0.475,-0.280,0.518,1.160,67.078,-81.360
-0.310,-0.326,0.506,1.892,69.580,-87.830
-0.148,-0.402,0.486,-0.427,69.153,-93.018
-0.019,-0.507,0.512,-1.343,65.186,-97.473
0.118,-0.582,0.562,-1.465,60.547,-99.915
0.253,-0.673,0.579,-2.502,57.800,-100.952
0.405,-0.717,0.634,-1.953,53.772,-98.694
0.652,-0.690,0.723,6.348,50.781,-95.764
0.979,-0.727,0.793,15.686,50.415,-95.825
1.289,-0.850,0.834,17.090,47.180,-96.863
1.564,-1.021,0.853,11.414,40.527,-94.299
1.760,-1.260,0.833,5.432,31.433,-84.534
1.885,-1.445,0.795,-4.517,23.926,-64.697
1.933,-1.503,0.795,-11.902,17.029,-36.438
1.889,-1.520,0.743,-14.343,11.719,-7.202
1.747,-1.478,0.653,-18.860,4.333,21.606
1.542,-1.333,0.572,-21.973,-7.996,49.561
1.319,-1.178,0.506,-22.766,-21.851,72.021
1.036,-1.047,0.558,-17.456,-37.720,87.402
0.719,-0.922,0.628,-6.958,-50.598,97.839
0.447,-0.785,0.681,1.953,-57.617,103.516
0.166,-0.715,0.724,3.845,-63.049,105.469
-0.139,-0.681,0.747,-1.831,-66.833,106.323
-0.452,-0.660,0.761,-10.864,-67.871,107.361
-0.718,-0.708,0.740,-17.517,-64.270,106.812
-1.044,-0.739,0.735,-21.973,-60.852,108.337
-1.326,-0.734,0.784,-19.470,-55.847,108.215
-1.561,-0.707,0.811,-13.672,-46.021,103.455
-1.759,-0.661,0.797,-13.184,-36.682,95.337
-1.892,-0.597,0.752,-19.104,-29.785,82.275
-1.978,-0.560,0.725,-25.269,-24.170,64.941
-1.983,-0.520,0.693,-27.954,-15.625,47.302
-1.936,-0.472,0.649,-26.917,-4.517,33.142
-1.884,-0.376,0.635,-27.344,4.211,21.851
-1.802,-0.264,0.631,-27.222,14.465,9.277
-1.663,-0.188,0.608,-22.949,26.062,-5.371
-1.496,-0.146,0.608,-19.775,34.302,-21.240
-1.316,-0.137,0.610,-19.165,39.978,-37.659
-1.102,-0.177,0.578,-16.846,46.265,-53.772
-0.885,-0.238,0.558,-13.489,51.025,-67.017
-0.693,-0.292,0.555,-10.925,53.223,-75.867
-0.526,-0.360,0.541,-8.240,55.115,-82.214
-0.344,-0.397,0.548,-3.723,55.176,-86.548
-0.065,-0.427,0.575,2.380,54.626,-90.515
0.254,-0.478,0.651,7.446,51.819,-95.825
0.580,-0.585,0.704,10.010,46.692,-100.647
0.831,-0.748,0.754,7.629,40.588,-101.868
0.992,-0.886,0.767,3.296,33.630,-97.473
1.130,-1.017,0.706,-0.305,31.799,-89.355
1.338,-1.094,0.691,0.916,28.381,-77.698
1.539,-1.181,0.765,7.996,17.761,-62.500
1.653,-1.263,0.857,11.169,8.057,-43.274
1.713,-1.285,0.892,11.108,2.197,-19.714
1.650,-1.255,0.913,9.155,-3.906,4.333
1.495,-1.234,0.871,3.662,-7.874,25.940
1.256,-1.176,0.777,-0.183,-9.094,46.570
1.011,-1.044,0.682,1.709,-13.855,66.772
0.775,-0.916,0.639,4.089,-22.766,81.787
0.576,-0.778,0.642,4.211,-34.424,91.736
0.336,-0.696,0.663,0.977,-44.617,97.107

-0.947,-0.639,0.861,-14.832,-44.006,53.772
-1.044,-0.669,0.836,-13.184,-35.400,52.551
-1.173,-0.661,0.822,-11.658,-27.893,52.856
-1.273,-0.649,0.825,-11.841,-23.315,51.697
-1.353,-0.637,0.815,-12.756,-17.029,47.302
-1.435,-0.597,0.776,-11.169,-9.460,40.955
-1.453,-0.532,0.740,-9.033,-2.991,31.616
-1.433,-0.492,0.730,-10.254,0.916,19.653
-1.379,-0.452,0.721,-9.705,7.202,9.033
-1.325,-0.392,0.719,-6.836,15.686,0.854
-1.244,-0.336,0.695,-3.296,25.757,-7.019
-1.174,-0.276,0.693,-1.160,33.508,-14.832
-1.096,-0.213,0.691,-0.732,38.208,-23.499
-1.002,-0.187,0.687,-2.930,42.053,-33.752
-0.898,-0.202,0.685,-5.493,44.067,-43.762
-0.835,-0.203,0.668,-8.118,45.166,-52.429
-0.746,-0.247,0.608,-6.104,48.218,-62.378
-0.649,-0.303,0.574,-1.343,49.011,-72.021
-0.510,-0.349,0.561,2.197,48.218,-80.383
-0.310,-0.396,0.580,5.737,46.753,-88.623
-0.093,-0.462,0.637,7.446,43.152,-96.436
0.154,-0.572,0.665,5.005,40.710,-104.919
0.396,-0.753,0.670,-0.305,38.574,-110.901
0.567,-0.914,0.685,-4.944,34.607,-109.192
0.699,-1.027,0.673,-3.784,32.898,-100.464
0.762,-1.081,0.627,1.160,32.776,-86.731
0.835,-1.045,0.596,10.864,30.701,-72.021
0.978,-0.966,0.640,21.423,24.109,-59.509
1.144,-0.927,0.756,29.114,15.442,-51.636
1.290,-0.947,0.888,29.724,6.836,-45.898
1.383,-1.012,0.955,17.517,-0.061,-38.330
1.410,-1.096,0.927,-2.197,-5.310,-26.733
1.363,-1.159,0.867,-16.846,-11.108,-9.827
1.254,-1.157,0.832,-23.804,-16.541,11.475
1.105,-1.121,0.787,-24.963,-19.958,33.447
0.944,-1.066,0.721,-23.071,-21.912,53.589
0.764,-0.971,0.688,-19.531,-27.466,71.289
0.588,-0.826,0.701,-15.869,-34.973,83.740
0.474,-0.726,0.701,-13.611,-40.161,88.501
0.372,-0.683,0.703,-13.977,-43.945,88.867
0.279,-0.670,0.710,-15.503,-46.814,88.318
0.127,-0.704,0.699,-18.188,-46.692,88.318
-0.062,-0.705,0.696,-22.095,-44.800,90.393
-0.220,-0.692,0.690,-23.315,-42.175,92.651
-0.381,-0.694,0.695,-25.024,-39.001,93.018
-0.548,-0.704,0.701,-27.588,-35.950,91.919
-0.685,-0.688,0.670,-25.879,-32.471,89.966
-0.760,-0.672,0.656,-21.240,-31.006,86.304
-0.818,-0.671,0.687,-16.846,-32.166,81.238
-0.847,-0.663,0.718,-11.353,-31.616,75.378
-0.873,-0.672,0.720,-4.395,-28.259,68.970
-0.920,-0.665,0.695,-0.793,-23.193,62.561
-0.927,-0.633,0.664,-0.122,-18.982,54.871
-0.882,-0.635,0.673,-2.808,-17.151,46.753
-0.825,-0.656,0.696,-9.705,-16.235,40.100
-0.788,-0.669,0.697,-16.357,-11.536,36.865
-0.750,-0.645,0.693,-14.709,-5.188,36.621
-0.708,-0.578,0.703,-8.118,-1.099,37.842
-0.681,-0.513,0.710,-3.357,0.977,37.964
-0.693,-0.463,0.717,-0.916,1.770,35.583
-0.715,-0.390,0.706,2.380,2.502,32.043
-0.683,-0.323,0.706,7.690,1.709,26.611
-0.661,-0.323,0.745,7.751,-2.197,19.592
-0.664,-0.333,0.794,3.479,-5.188,13.489
-0.652,-0.327,0.817,2.075,-4.883,9.277
-0.639,-0.321,0.828,1.099,-4.700,5.798
-0.624,-0.325,0.832,-2.014,-4.761,2.319
-0.630,-0.323,0.841,-2.625,-4.150,-1.404
-0.622,-0.337,0.856,-0.610,-1.038,-6.104
-0.628,-0.381,0.879,1.648,3.967,-12.085
-0.633,-0.441,0.890,4.150,8.423,-17.395
-0.624,-0.499,0.857,5.127,10.986,-20.691
-0.629,-0.544,0.840,1.831,10.803,-21.545
-0.638,-0.573,0.842,-1.099,10.376,-21.240
-0.633,-0.606,0.839,-1.221,12.390,-20.996
-0.640,-0.618,0.836,-1.526,16.052,-20.386
-0.643,-0.615,0.829,-0.671,19.531,-19.348
-0.640,-0.596,0.827,1.831,22.339,-20.020
-0.631,-0.571,0.817,4.517,24.780,-23.254
-0.613,-0.563,0.793,6.836,26.062,-28.503
-0.560,-0.582,0.789,6.165,27.527,-36.133
-0.502,-0.622,0.771,2.014,31.311,-42.725
-0.445,-0.659,0.756,-5.127,32.898,-45.471
-0.402,-0.682,0.723,-13.489,32.776,-44.312
-0.372,-0.679,0.674,-18.921,33.875,-40.344
-0.344,-0.653,0.622,-18.250,36.499,-36.377
-0.299,-0.625,0.593,-16.174,41.199,-33.997
-0.292,-0.603,0.591,-12.634,46.875,-32.837
-0.255,-0.576,0.588,-2.869,51.086,-32.166
-0.247,-0.560,0.593,4.517,52.551,-31.677
-0.315,-0.504,0.645,7.019,52.979,-33.081
-0.251,-0.437,0.665,13.062,54.321,-40.955
-0.171,-0.464,0.627,8.728,56.824,-54.077
-0.122,-0.525,0.628,-7.812,52.673,-64.575
-0.071,-0.567,0.653,-19.958,44.434,-70.618
-0.024,-0.604,0.606,-29.236,41.199,-74.036
0.002,-0.650,0.539,-33.875,41.016,-74.768
0.020,-0.685,0.484,-27.832,39.856,-71.899
0.037,-0.663,0.464,-12.512,39.001,-66.467
0.036,-0.633,0.500,7.019,38.330,-61.340
0.043,-0.577,0.605,23.010,35.095,-58.533
0.093,-0.525,0.724,29.663,33.325,-60.120
0.166,-0.565,0.764,24.475,35.400,-65.674
0.217,-0.596,0.771,12.878,36.194,-69.275
0.266,-0.624,0.791,5.493,35.095,-69.641
0.298,-0.687,0.808,1.648,36.621,-71.045
0.335,-0.758,0.770,-3.174,41.443,-71.472
0.379,-0.803,0.712,-4.700,40.771,-67.627
0.394,-0.819,0.694,-4.028,32.959,-61.035
0.415,-0.814,0.682,-0.793,25.513,-53.772
0.448,-0.795,0.699,7.812,20.203,-46.753
0.491,-0.778,0.743,15.991,16.418,-40.588
0.553,-0.781,0.808,20.264,13.550,-35.706
0.607,-0.801,0.876,21.362,12.634,-30.640
0.643,-0.832,0.907,21.118,14.404,-24.597
0.675,-0.854,0.913,17.517,15.808,-18.982
0.699,-0.872,0.902,10.925,14.709,-12.573
0.694,-0.885,0.859,2.380,11.536,-5.432
0.665,-0.867,0.833,-3.906,7.019,1.648

0.641,-0.835,0.796,-0.061,2.075,14.343
0.589,-0.816,0.774,3.906,-0.610,21.484
0.553,-0.789,0.778,8.179,-3.662,28.015
0.502,-0.760,0.814,10.925,-6.165,34.729
0.446,-0.753,0.847,12.695,-6.653,40.466
0.391,-0.716,0.848,11.597,-7.874,45.166
0.347,-0.662,0.834,7.751,-11.047,49.316
0.307,-0.615,0.815,1.465,-16.846,52.124
0.261,-0.584,0.794,-5.493,-22.583,52.368
0.253,-0.563,0.770,-9.460,-24.414,49.622
0.242,-0.564,0.745,-9.155,-25.452,47.363
0.204,-0.570,0.716,-8.606,-28.564,47.180
0.186,-0.580,0.691,-7.385,-32.959,45.776
0.161,-0.615,0.691,-6.775,-37.354,44.373
0.155,-0.653,0.700,-7.568,-40.527,44.922
0.154,-0.680,0.688,-9.888,-41.626,46.997
0.098,-0.692,0.672,-15.442,-43.579,50.720
0.071,-0.669,0.672,-22.766,-45.654,53.345
0.041,-0.637,0.666,-30.945,-47.424,54.138
0.011,-0.642,0.629,-37.109,-46.997,52.795
-0.019,-0.643,0.596,-38.208,-46.021,51.697
-0.054,-0.629,0.588,-34.851,-45.349,51.025
-0.099,-0.624,0.589,-28.076,-43.762,49.927
-0.124,-0.608,0.586,-20.386,-42.542,49.500
-0.144,-0.590,0.599,-14.893,-41.809,49.500
-0.185,-0.583,0.650,-11.414,-41.504,50.049
-0.201,-0.572,0.678,-8.545,-39.307,49.561
-0.184,-0.577,0.675,-8.972,-34.668,48.157
-0.211,-0.602,0.670,-11.597,-32.227,47.852
-0.242,-0.619,0.651,-13.855,-30.396,49.561
-0.254,-0.651,0.625,-14.404,-29.175,52.856
-0.244,-0.696,0.613,-14.465,-30.579,59.204
-0.284,-0.698,0.626,-14.709,-34.363,69.519
-0.361,-0.650,0.655,-9.827,-37.170,79.285
-0.427,-0.597,0.662,-1.770,-35.767,82.764
-0.456,-0.568,0.666,4.272,-34.607,79.163
-0.473,-0.570,0.721,6.165,-37.537,71.228
-0.463,-0.610,0.789,3.723,-40.588,62.622
-0.450,-0.639,0.849,-1.038,-39.673,54.810
-0.431,-0.664,0.872,-6.165,-34.729,48.401
-0.435,-0.699,0.860,-11.475,-28.442,46.387
-0.432,-0.732,0.829,-16.602,-23.621,47.241
-0.452,-0.757,0.794,-22.278,-20.630,50.720
-0.493,-0.748,0.772,-23.804,-18.677,55.359
-0.508,-0.729,0.756,-20.020,-16.296,59.570
-0.522,-0.706,0.770,-16.541,-13.977,62.744
-0.553,-0.668,0.791,-15.808,-13.062,63.660
-0.585,-0.634,0.792,-15.137,-11.658,61.462
-0.591,-0.610,0.772,-12.024,-8.911,56.274
-0.597,-0.583,0.746,-8.240,-6.348,51.880
-0.602,-0.560,0.754,-2.808,-6.104,47.058
-0.591,-0.545,0.754,2.014,-4.883,42.542
-0.588,-0.534,0.752,3.540,-3.052,38.757
-0.600,-0.517,0.746,2.808,-2.014,35.828
-0.613,-0.515,0.739,2.930,-0.671,33.264
-0.644,-0.527,0.738,1.953,1.099,30.579
-0.699,-0.518,0.754,0.061,0.732,29.297
-0.746,-0.500,0.777,1.099,-0.305,26.978
-0.760,-0.501,0.766,0.671,0.000,22.339
-0.762,-0.503,0.751,-5.371,0.671,16.479
-0.781,-0.503,0.742,-12.024,0.305,11.353
-0.804,-0.504,0.722,-14.221,1.221,6.287
-0.826,-0.498,0.703,-11.047,4.578,1.831
-0.836,-0.487,0.688,-6.653,8.179,-2.502
-0.845,-0.481,0.672,-2.197,11.230,-7.263
-0.860,-0.458,0.665,1.587,12.329,-9.888
-0.871,-0.428,0.659,3.235,12.817,-13.489
-0.879,-0.417,0.650,-1.160,14.587,-19.897
-0.842,-0.440,0.634,-6.226,15.503,-25.879
-0.833,-0.469,0.644,-9.766,14.038,-29.480
-0.857,-0.472,0.633,-13.123,14.343,-30.640
-0.881,-0.439,0.618,-11.353,15.259,-32.654
-0.870,-0.374,0.629,-5.615,16.479,-37.170
-0.854,-0.343,0.633,3.357,18.921,-44.128
-0.835,-0.307,0.647,9.644,21.057,-51.636
-0.794,-0.326,0.660,17.395,23.010,-60.913
-0.728,-0.336,0.694,19.592,24.536,-68.542
-0.688,-0.338,0.752,15.076,25.146,-72.937
-0.625,-0.357,0.806,12.695,29.419,-76.965
-0.579,-0.400,0.834,10.925,36.865,-81.360
-0.505,-0.449,0.808,7.141,45.837,-84.229
-0.449,-0.474,0.794,2.625,51.819,-84.839
-0.358,-0.482,0.786,2.930,56.946,-84.900
-0.250,-0.496,0.788,6.042,61.157,-87.036
-0.133,-0.517,0.794,11.841,66.345,-92.102
0.030,-0.584,0.767,20.691,73.425,-98.694
0.151,-0.696,0.752,27.466,77.087,-103.577
0.253,-0.785,0.752,31.555,78.247,-104.309
0.380,-0.835,0.741,33.020,79.712,-101.990
0.576,-0.860,0.754,30.090,78.796,-101.440
0.837,-0.964,0.722,20.508,74.280,-102.966
1.110,-1.099,0.675,4.700,68.237,-101.746
1.359,-1.241,0.627,-4.395,62.134,-95.642
1.539,-1.354,0.558,-8.606,57.129,-83.984
1.727,-1.426,0.473,-8.301,50.842,-67.444
1.863,-1.489,0.393,-3.296,42.419,-48.523
1.921,-1.508,0.327,6.409,34.058,-26.062
1.869,-1.458,0.325,17.395,23.376,0.061
1.711,-1.297,0.365,23.071,11.292,26.184
1.516,-1.119,0.427,25.085,-1.038,46.692
1.293,-0.949,0.485,20.996,-13.916,63.538
1.037,-0.766,0.518,8.057,-27.710,76.477
0.797,-0.605,0.530,-3.784,-41.687,83.374
0.558,-0.527,0.559,-10.803,-53.894,85.876
0.311,-0.493,0.659,-13.733,-65.369,86.121
0.110,-0.487,0.758,-13.062,-72.876,83.740
-0.111,-0.506,0.828,-15.259,-76.355,79.956
-0.308,-0.536,0.877,-21.057,-79.590,76.050
-0.473,-0.595,0.939,-26.733,-81.787,70.923
-0.611,-0.681,0.963,-31.921,-78.918,65.491
-0.717,-0.766,0.943,-35.522,-72.083,60.913
-0.837,-0.824,0.942,-37.170,-66.162,58.105
-0.967,-0.843,0.938,-34.241,-57.983,57.251
-1.058,-0.817,0.918,-28.687,-45.715,55.237
-1.128,-0.778,0.885,-23.865,-32.227,51.819
-1.193,-0.695,0.881,-19.043,-22.339,48.706
-1.221,-0.603,0.876,-12.817,-13.184,43.091
-1.215,-0.520,0.894,-8.545,-5.188,35.095
-1.189,-0.454,0.888,-8.667,0.793,26.489

-1.098,-0.374,0.797,-17.090,10.254,11.169
-1.057,-0.335,0.747,-22.400,13.672,4.517
-1.006,-0.299,0.691,-24.231,18.127,-1.465
-0.952,-0.246,0.643,-21.606,22.461,-6.897
-0.881,-0.202,0.626,-15.442,25.208,-13.916
-0.804,-0.189,0.619,-9.521,27.222,-23.071
-0.717,-0.177,0.610,-5.005,28.076,-32.288
-0.604,-0.191,0.625,-0.671,27.405,-41.199
-0.486,-0.241,0.663,2.808,25.391,-49.500
-0.384,-0.305,0.702,2.930,24.170,-55.908
-0.301,-0.385,0.724,1.038,24.048,-59.814
-0.241,-0.458,0.716,-0.488,26.184,-61.523
-0.186,-0.529,0.697,-1.282,29.297,-61.279
-0.125,-0.584,0.696,0.366,31.250,-59.143
-0.039,-0.615,0.720,3.418,31.250,-56.702
0.061,-0.640,0.757,6.287,30.579,-54.260
0.169,-0.665,0.824,8.911,29.785,-51.636
0.262,-0.708,0.889,10.742,29.358,-48.889
0.328,-0.768,0.907,8.301,30.518,-45.166
0.390,-0.800,0.900,3.296,30.762,-39.551
0.475,-0.799,0.864,-0.122,30.945,-32.837
0.553,-0.816,0.833,-0.366,31.006,-25.879
0.602,-0.844,0.812,-0.732,30.212,-18.555
0.643,-0.874,0.782,-2.319,29.358,-10.620
0.655,-0.892,0.743,-4.517,27.832,-1.587
0.634,-0.877,0.701,-4.517,24.902,8.118
0.597,-0.858,0.669,-2.197,20.508,16.846
0.565,-0.807,0.659,-2.747,14.282,24.109
0.547,-0.756,0.671,-3.296,5.737,30.151
0.515,-0.733,0.686,-5.005,-1.831,34.607
0.473,-0.702,0.693,-7.202,-8.606,39.368
0.423,-0.656,0.710,-8.911,-13.916,44.128
0.364,-0.619,0.731,-9.338,-18.127,47.607
0.304,-0.594,0.733,-9.766,-21.057,49.194
0.238,-0.577,0.723,-10.681,-24.475,50.293
0.183,-0.574,0.718,-11.414,-28.320,50.903
0.105,-0.590,0.734,-11.414,-31.372,51.697
0.036,-0.605,0.735,-10.315,-32.288,53.162
-0.022,-0.587,0.743,-8.240,-32.532,54.932
-0.067,-0.570,0.762,-5.127,-33.325,55.237
-0.103,-0.567,0.785,-5.127,-34.119,53.894
-0.132,-0.576,0.787,-6.836,-34.729,52.307
-0.160,-0.577,0.787,-7.568,-34.241,51.270
-0.217,-0.602,0.792,-9.033,-32.532,50.110
-0.287,-0.632,0.787,-10.071,-30.212,49.561
-0.349,-0.636,0.774,-11.047,-27.649,49.927
-0.399,-0.618,0.768,-10.315,-25.452,50.110
-0.423,-0.585,0.778,-7.751,-24.170,49.500
-0.450,-0.569,0.796,-6.531,-22.949,46.936
-0.476,-0.556,0.806,-6.531,-21.484,44.250
-0.515,-0.550,0.792,-6.165,-19.592,42.175
-0.565,-0.530,0.785,-4.822,-18.677,41.382
-0.630,-0.504,0.810,-2.319,-18.127,39.917
-0.688,-0.479,0.824,-0.305,-16.174,37.170
-0.707,-0.455,0.840,-0.366,-14.160,33.264
-0.716,-0.435,0.885,-4.089,-13.367,28.748
-0.710,-0.421,0.899,-9.827,-9.583,23.987
-0.706,-0.401,0.900,-12.573,-4.822,19.592
-0.697,-0.391,0.895,-13.306,-1.099,14.771
-0.681,-0.383,0.880,-13.489,3.052,9.583
-0.661,-0.376,0.850,-12.268,7.324,4.761
-0.628,-0.382,0.832,-8.667,11.414,0.427
-0.597,-0.375,0.829,-4.761,14.893,-3.052
-0.553,-0.383,0.799,-2.808,19.043,-6.897
-0.519,-0.393,0.774,-3.357,21.179,-10.315
-0.472,-0.396,0.752,-4.578,22.339,-13.306
-0.422,-0.412,0.740,-4.944,23.315,-16.418
-0.377,-0.440,0.734,-4.333,23.865,-18.921
-0.362,-0.445,0.733,-3.845,25.269,-20.203
-0.344,-0.443,0.734,-1.099,27.588,-22.034
-0.329,-0.453,0.740,1.404,29.663,-24.292
-0.311,-0.457,0.755,3.113,30.212,-26.001
-0.292,-0.466,0.768,4.761,30.945,-27.039
-0.256,-0.460,0.788,6.348,31.555,-28.015
-0.199,-0.475,0.814,7.629,31.494,-29.663
-0.175,-0.481,0.846,7.019,30.701,-29.724
-0.170,-0.488,0.850,4.272,31.372,-29.724
-0.184,-0.505,0.828,-0.549,31.982,-30.640
-0.203,-0.517,0.816,-4.395,31.860,-31.738
-0.209,-0.517,0.795,-7.080,32.227,-32.898
-0.201,-0.545,0.755,-9.766,32.471,-34.363
-0.196,-0.567,0.736,-10.193,31.128,-34.302
-0.184,-0.576,0.738,-6.653,30.640,-34.180
-0.150,-0.575,0.755,-2.014,31.494,-35.156
-0.103,-0.585,0.791,1.099,31.616,-36.682
-0.070,-0.610,0.798,-0.854,31.616,-38.513
-0.051,-0.631,0.787,-3.845,31.982,-39.063
-0.048,-0.642,0.765,-6.165,33.264,-37.903
-0.058,-0.648,0.737,-6.592,34.912,-35.950
-0.074,-0.622,0.718,-6.348,35.034,-33.691
-0.069,-0.612,0.714,-5.920,34.119,-32.654
-0.044,-0.607,0.719,-4.333,32.776,-32.654
0.010,-0.566,0.731,-1.831,31.067,-32.410
0.068,-0.537,0.761,1.465,28.809,-33.508
0.134,-0.534,0.778,4.395,27.100,-36.194
0.185,-0.569,0.781,4.028,25.879,-38.147
0.207,-0.585,0.745,-0.244,25.574,-37.781
0.223,-0.592,0.705,-2.258,25.085,-35.767
0.256,-0.623,0.686,-1.892,22.888,-33.997
0.270,-0.636,0.708,-2.563,19.226,-30.945
0.285,-0.641,0.726,-1.648,16.602,-26.550
0.270,-0.635,0.731,-1.160,15.442,-21.545
0.250,-0.612,0.728,-0.793,13.123,-16.357
0.239,-0.589,0.720,-0.427,10.193,-12.207
0.236,-0.558,0.723,-0.427,6.592,-8.850
0.239,-0.525,0.739,0.488,2.625,-6.531
0.241,-0.520,0.759,0.671,-0.122,-6.348
0.256,-0.525,0.784,-0.977,-3.052,-6.958
0.273,-0.559,0.793,-3.601,-5.676,-7.324
0.285,-0.606,0.796,-5.005,-6.897,-6.287
0.298,-0.643,0.802,-5.371,-7.385,-3.906
0.303,-0.671,0.802,-4.944,-7.690,-0.366
0.311,-0.670,0.798,-5.493,-7.080,4.150
0.325,-0.659,0.798,-5.554,-8.118,8.545
0.340,-0.663,0.802,-5.676,-9.277,12.207
0.368,-0.675,0.792,-5.066,-9.277,15.503
0.383,-0.680,0.782,-4.333,-9.949,19.287
0.378,-0.681,0.780,-3.113,-11.902,23.743
0.367,-0.674,0.765,-2.502,-14.038,27.710

0.730,-0.711,0.696,8.667,42.480,-52.368
0.837,-0.719,0.704,7.324,37.659,-49.316
0.934,-0.747,0.712,5.798,32.898,-45.837
0.999,-0.804,0.714,4.089,27.161,-41.077
1.058,-0.839,0.711,2.197,21.790,-33.264
1.111,-0.871,0.686,0.732,16.357,-22.034
1.131,-0.881,0.683,-1.465,9.033,-7.751
1.100,-0.857,0.700,-1.892,1.282,7.935
1.032,-0.817,0.696,-0.977,-2.502,23.010
0.963,-0.757,0.673,1.343,-5.737,35.828
0.892,-0.675,0.665,1.953,-11.108,45.471
0.861,-0.601,0.669,1.465,-16.846,50.720
0.864,-0.566,0.677,0.732,-23.010,52.368
0.872,-0.571,0.686,-1.221,-31.128,53.528
0.864,-0.614,0.684,-3.052,-38.940,55.786
0.819,-0.680,0.666,-5.371,-46.082,59.753
0.762,-0.741,0.655,-8.728,-52.979,65.918
0.706,-0.782,0.653,-11.841,-58.899,72.510
0.660,-0.833,0.634,-15.198,-62.378,77.148
0.612,-0.869,0.612,-19.714,-65.857,80.933
0.563,-0.895,0.575,-21.973,-68.542,84.290
0.480,-0.922,0.531,-23.437,-68.481,86.975
0.360,-0.932,0.517,-21.851,-68.787,89.539
0.153,-0.966,0.565,-17.029,-69.519,91.003
-0.041,-0.960,0.565,-13.062,-67.505,91.370
-0.165,-0.961,0.566,-10.498,-67.444,91.309
-0.286,-0.990,0.618,-12.695,-72.571,94.238
-0.456,-0.932,0.666,-17.883,-75.806,103.699
-0.674,-0.819,0.649,-18.616,-70.923,113.403
-0.901,-0.739,0.625,-17.395,-65.002,117.188
-1.070,-0.678,0.659,-17.395,-65.002,115.601
-1.207,-0.640,0.713,-18.860,-64.514,111.755
-1.346,-0.597,0.776,-15.625,-59.937,106.323
-1.443,-0.547,0.821,-9.399,-52.795,98.328
-1.530,-0.488,0.855,-6.958,-45.593,87.952
-1.579,-0.442,0.881,-8.118,-39.978,75.256
-1.598,-0.409,0.904,-9.827,-35.400,60.974
-1.579,-0.389,0.906,-10.376,-30.273,47.852
-1.556,-0.355,0.909,-12.024,-25.940,37.354
-1.525,-0.322,0.931,-10.986,-21.362,28.503
-1.488,-0.302,0.933,-8.789,-12.939,19.409
-1.451,-0.266,0.936,-6.714,-4.333,11.353
-1.426,-0.221,0.939,-3.845,3.906,3.784
-1.379,-0.163,0.928,-1.343,12.390,-4.150
-1.334,-0.116,0.893,-1.160,19.592,-13.489
-1.272,-0.089,0.852,-3.845,25.146,-24.414
-1.205,-0.061,0.825,-4.761,29.358,-35.583
-1.114,-0.064,0.789,-3.540,34.363,-46.265
-1.032,-0.104,0.752,-1.770,38.940,-55.237
-0.964,-0.141,0.728,1.038,42.847,-61.890
-0.891,-0.199,0.690,2.930,48.096,-68.604
-0.828,-0.264,0.646,3.906,52.368,-74.158
-0.772,-0.310,0.600,3.845,54.443,-78.064
-0.737,-0.345,0.579,2.563,55.359,-81.787
-0.674,-0.376,0.540,3.479,56.091,-86.060
-0.614,-0.405,0.518,4.456,55.908,-90.820
-0.519,-0.453,0.532,8.728,54.382,-95.947
-0.417,-0.518,0.557,14.038,54.260,-100.281
-0.340,-0.577,0.570,18.860,55.847,-101.501
-0.273,-0.622,0.587,23.987,58.350,-102.234
-0.189,-0.686,0.584,28.503,60.364,-104.065
-0.122,-0.788,0.574,30.090,59.753,-105.713
-0.059,-0.890,0.571,29.419,56.885,-105.347
-0.005,-0.951,0.574,28.503,56.030,-103.394
0.039,-0.973,0.599,30.457,55.908,-99.060
0.095,-0.929,0.626,31.799,56.091,-93.933
0.178,-0.871,0.665,31.067,56.274,-91.003
0.275,-0.861,0.745,29.358,52.979,-92.041
0.394,-0.911,0.816,27.100,48.523,-95.337
0.512,-1.008,0.860,24.719,47.119,-97.595
0.624,-1.103,0.878,22.583,47.119,-95.459
0.768,-1.164,0.853,19.409,47.058,-88.806
0.962,-1.190,0.849,19.470,44.739,-79.651
1.117,-1.241,0.861,22.156,41.382,-68.787
1.255,-1.273,0.865,20.386,38.574,-55.847
1.377,-1.267,0.839,14.954,34.912,-40.710
1.449,-1.255,0.802,8.179,27.893,-24.231
1.483,-1.244,0.758,0.854,19.714,-8.606
1.517,-1.190,0.718,-3.479,11.414,7.507
1.545,-1.137,0.691,-4.578,3.540,23.254
1.556,-1.118,0.668,-6.409,-5.249,36.743
1.521,-1.094,0.648,-11.963,-15.381,50.903
1.451,-1.061,0.600,-21.118,-25.024,65.918
1.309,-1.028,0.551,-30.701,-35.034,80.566
1.143,-0.991,0.499,-36.804,-45.410,94.543
0.971,-0.940,0.457,-40.405,-54.199,106.995
0.819,-0.879,0.437,-38.086,-61.218,118.042
0.660,-0.825,0.442,-33.508,-67.383,126.343
0.505,-0.802,0.443,-29.358,-70.557,130.920
0.336,-0.820,0.449,-26.123,-72.327,132.507
0.147,-0.880,0.453,-29.602,-74.463,133.362
-0.039,-0.950,0.448,-32.837,-76.294,134.399
-0.243,-1.012,0.414,-34.729,-75.989,138.000
-0.427,-0.974,0.395,-34.851,-76.294,144.226
-0.589,-0.867,0.409,-31.006,-77.393,147.705
-0.725,-0.775,0.451,-25.513,-76.538,146.057
-0.846,-0.732,0.525,-18.127,-75.500,140.747
-0.981,-0.734,0.630,-12.024,-74.524,133.789
-1.135,-0.744,0.760,-8.118,-72.815,127.136
-1.262,-0.715,0.894,-3.479,-67.383,120.117
-1.349,-0.681,0.979,1.892,-56.458,110.535
-1.438,-0.627,1.016,0.793,-44.006,100.159
-1.489,-0.563,1.021,-4.456,-31.433,90.759
-1.517,-0.494,1.005,-10.620,-21.301,82.153
-1.548,-0.426,0.993,-21.790,-14.893,74.585
-1.605,-0.358,0.977,-33.203,-8.606,66.895
-1.646,-0.276,0.935,-35.522,0.671,58.350
-1.680,-0.195,0.871,-31.616,9.766,48.462
-1.690,-0.124,0.815,-25.574,15.808,36.255
-1.668,-0.039,0.780,-18.555,18.433,23.376
-1.625,0.054,0.797,-8.057,19.348,9.766
-1.567,0.121,0.841,4.944,21.484,-5.798
-1.474,0.136,0.884,15.625,24.719,-22.461
-1.382,0.114,0.985,21.362,25.635,-38.147
-1.257,0.040,1.016,20.203,32.104,-54.260
-1.136,-0.050,0.979,15.259,44.067,-68.359
-1.003,-0.133,0.907,6.775,50.537,-77.881
-0.923,-0.203,0.854,-6.714,50.781,-84.900
-0.807,-0.263,0.784,-18.860,48.950,-92.102

0.252,-1.008,0.871,14.404,43.213,-110.962
0.359,-1.065,0.920,17.273,40.894,-106.934
0.454,-1.092,0.976,20.325,40.344,-99.365
0.510,-1.109,0.984,22.705,42.725,-88.928
0.528,-1.099,0.961,23.010,44.739,-78.064
0.604,-1.069,0.926,21.606,41.992,-69.031
0.780,-1.057,0.920,21.851,35.339,-63.049
0.989,-1.112,0.918,22.217,27.466,-56.763
1.123,-1.236,0.938,18.433,24.414,-47.363
1.191,-1.290,0.889,11.047,25.452,-31.860
1.201,-1.296,0.776,1.526,28.320,-12.329
1.182,-1.268,0.635,-8.240,31.555,5.127
1.162,-1.228,0.550,-12.939,26.428,22.034
1.114,-1.177,0.552,-14.648,16.113,39.124
1.000,-1.084,0.553,-14.221,9.888,56.152
0.926,-0.947,0.528,-10.498,6.592,72.388
0.824,-0.804,0.494,-8.850,-0.122,84.167
0.716,-0.690,0.482,-10.010,-11.475,90.210
0.618,-0.612,0.474,-15.198,-25.024,92.285
0.551,-0.553,0.510,-21.484,-38.757,92.468
0.490,-0.540,0.557,-24.109,-51.270,91.736
0.430,-0.554,0.565,-24.231,-58.533,89.294
0.386,-0.584,0.569,-23.682,-63.416,87.646
0.334,-0.636,0.585,-21.484,-68.420,89.294
0.254,-0.669,0.606,-19.409,-70.374,91.919
0.218,-0.683,0.599,-15.137,-66.528,93.445
0.203,-0.673,0.606,-11.047,-61.646,96.069
0.148,-0.682,0.605,-9.521,-58.594,98.206
0.089,-0.666,0.589,-10.559,-55.847,99.304
0.032,-0.638,0.545,-16.418,-52.917,97.778
-0.012,-0.621,0.514,-22.583,-53.345,94.482
-0.059,-0.633,0.532,-24.292,-56.030,90.454
-0.151,-0.657,0.591,-21.118,-55.237,87.158
-0.256,-0.642,0.656,-12.390,-49.438,84.351
-0.318,-0.607,0.658,-3.235,-37.231,79.224
-0.319,-0.575,0.686,1.831,-28.076,72.754
-0.319,-0.587,0.692,5.249,-25.085,67.383
-0.314,-0.574,0.708,3.723,-26.123,65.247
-0.307,-0.567,0.739,1.099,-31.677,65.247
-0.315,-0.627,0.741,-4.089,-37.964,65.613
-0.351,-0.658,0.717,-15.503,-41.992,68.848
-0.395,-0.664,0.697,-23.804,-45.959,74.768
-0.429,-0.652,0.672,-24.902,-50.110,79.956
-0.484,-0.631,0.683,-23.560,-54.443,84.106
-0.540,-0.590,0.708,-18.921,-54.871,86.426
-0.579,-0.553,0.778,-8.667,-53.223,85.510
-0.641,-0.531,0.802,-0.793,-47.058,79.773
-0.668,-0.524,0.768,1.465,-36.560,69.702
-0.704,-0.533,0.752,2.319,-32.837,59.753
-0.761,-0.559,0.782,4.761,-36.194,51.575
-0.816,-0.578,0.823,6.287,-37.720,46.082
-0.849,-0.594,0.860,7.751,-35.889,41.382
-0.865,-0.620,0.895,7.568,-33.630,38.391
-0.887,-0.643,0.928,4.700,-31.494,37.109
-0.941,-0.641,0.948,2.380,-27.344,36.621
-0.983,-0.596,0.972,4.089,-20.996,36.621
-0.976,-0.559,0.987,7.324,-12.329,34.119
-0.978,-0.538,0.969,8.850,-2.808,30.701
-0.978,-0.506,0.931,7.874,4.333,26.978
-0.976,-0.479,0.880,3.967,9.705,22.156
-0.968,-0.473,0.847,0.183,13.611,16.174
-0.952,-0.476,0.814,-1.953,16.663,11.047
-0.932,-0.482,0.776,-3.906,19.043,7.141
-0.911,-0.483,0.747,-5.066,19.592,3.479
-0.889,-0.486,0.717,-4.456,19.653,0.122
-0.864,-0.490,0.703,-4.089,20.630,-2.930
-0.824,-0.497,0.706,-2.441,20.569,-5.493
-0.809,-0.506,0.706,-0.854,22.278,-6.653
-0.787,-0.485,0.691,0.305,27.283,-8.179
-0.766,-0.461,0.676,3.113,31.555,-9.827
-0.771,-0.443,0.678,4.578,32.776,-12.085
-0.768,-0.437,0.692,6.042,32.776,-15.808
-0.725,-0.445,0.721,7.812,33.020,-20.935
-0.688,-0.467,0.745,8.423,34.668,-25.391
-0.650,-0.491,0.746,8.057,39.368,-28.137
-0.639,-0.484,0.736,7.874,43.579,-29.236
-0.624,-0.469,0.741,6.958,43.274,-29.968
-0.588,-0.474,0.754,3.906,42.236,-32.349
-0.558,-0.484,0.740,-1.709,43.701,-35.461
-0.542,-0.474,0.730,-6.775,45.166,-38.635
-0.528,-0.461,0.717,-11.902,46.204,-42.725
-0.500,-0.451,0.707,-16.174,48.279,-48.340
-0.466,-0.470,0.688,-17.029,50.110,-54.443
-0.440,-0.485,0.668,-14.404,50.110,-59.570
-0.406,-0.503,0.670,-10.864,48.462,-62.744
-0.374,-0.527,0.688,-5.859,45.959,-64.453
-0.337,-0.551,0.701,-1.282,44.067,-63.721
-0.315,-0.565,0.716,1.953,44.128,-60.913
-0.298,-0.594,0.702,4.578,46.021,-57.495
-0.287,-0.608,0.666,3.235,47.058,-53.894
-0.309,-0.600,0.642,0.305,45.532,-51.819
-0.350,-0.589,0.595,-0.183,46.570,-54.504
-0.321,-0.568,0.539,0.244,48.340,-63.293
-0.269,-0.614,0.521,0.854,44.312,-74.280
-0.231,-0.686,0.534,-0.793,37.537,-82.825
-0.186,-0.718,0.584,1.587,31.555,-86.792
-0.144,-0.770,0.622,8.118,31.067,-88.013
-0.075,-0.818,0.679,15.320,35.522,-86.365
-0.090,-0.816,0.760,20.569,40.100,-82.397
-0.101,-0.817,0.757,24.475,49.316,-81.421
-0.042,-0.844,0.685,24.353,60.425,-85.022
0.013,-0.896,0.636,19.714,61.279,-87.463
0.023,-0.907,0.609,7.812,54.321,-86.060
0.057,-0.891,0.578,-4.272,47.974,-86.670
0.133,-0.844,0.547,-12.573,46.997,-90.149
0.234,-0.839,0.546,-10.742,49.438,-93.140
0.359,-0.849,0.562,-0.244,56.458,-98.450
0.522,-0.882,0.593,9.216,69.397,-102.173
0.594,-0.910,0.680,19.409,74.768,-100.708
0.671,-0.897,0.738,21.179,76.355,-99.304
0.797,-0.955,0.709,14.709,77.454,-100.220
0.879,-1.031,0.660,2.075,70.984,-96.863
0.920,-1.037,0.647,-8.423,58.655,-86.182
0.969,-1.019,0.613,-14.160,50.171,-73.303
0.981,-0.991,0.588,-15.747,44.556,-58.533
0.945,-0.928,0.583,-10.559,39.795,-43.091
0.944,-0.832,0.589,0.488,35.461,-29.602
0.950,-0.770,0.641,11.475,28.992,-19.897
0.962,-0.743,0.725,15.747,19.958,-13.611

0.989,-0.799,0.843,4.761,4.150,-7.446
0.993,-0.853,0.859,-4.517,-1.099,-3.235
0.989,-0.891,0.857,-11.780,-4.211,4.883
0.966,-0.898,0.849,-15.015,-5.981,17.151
0.916,-0.892,0.838,-15.686,-6.348,30.762
0.832,-0.879,0.815,-13.672,-5.371,43.945
0.747,-0.854,0.763,-9.644,-5.493,54.504
0.672,-0.838,0.711,-6.409,-9.583,60.974
0.620,-0.862,0.673,-1.465,-15.198,63.721
0.602,-0.882,0.673,2.747,-21.545,66.345
0.545,-0.896,0.677,5.554,-27.832,69.885
0.505,-0.855,0.682,9.521,-32.959,73.364
0.462,-0.840,0.659,11.902,-35.400,74.524
0.464,-0.844,0.626,8.240,-40.405,73.425
0.447,-0.920,0.641,-1.404,-48.462,73.730
0.394,-0.960,0.688,-10.193,-52.490,78.857
0.342,-0.957,0.703,-10.132,-48.279,87.402
0.265,-0.910,0.709,-6.042,-40.405,96.741
0.174,-0.815,0.684,-6.348,-36.377,104.065
0.134,-0.716,0.613,-13.367,-39.673,105.286
0.093,-0.658,0.563,-26.367,-50.232,101.074
0.111,-0.612,0.539,-38.635,-62.805,93.689
0.128,-0.584,0.540,-46.265,-72.632,86.426
0.084,-0.571,0.552,-46.082,-75.806,79.590
0.100,-0.602,0.576,-38.330,-72.205,73.181
0.107,-0.685,0.593,-34.363,-67.627,69.885
0.032,-0.729,0.596,-33.936,-64.392,75.439
-0.018,-0.702,0.594,-26.855,-61.829,86.609
-0.119,-0.611,0.610,-19.043,-59.265,97.351
-0.211,-0.519,0.626,-11.841,-56.458,102.905
-0.267,-0.472,0.641,-7.996,-56.396,102.905
-0.317,-0.452,0.635,-7.812,-59.509,99.731
-0.379,-0.468,0.620,-11.597,-63.110,93.689
-0.414,-0.498,0.604,-13.000,-66.528,87.158
-0.443,-0.528,0.595,-10.010,-68.481,80.261
-0.446,-0.593,0.595,-4.395,-68.726,72.815
-0.453,-0.700,0.610,-1.221,-67.871,66.956
-0.440,-0.800,0.627,-1.221,-66.467,65.491
-0.493,-0.851,0.657,-1.160,-62.134,68.359
-0.557,-0.879,0.686,0.244,-54.016,70.801
-0.633,-0.913,0.694,1.953,-43.213,71.472
-0.705,-0.906,0.718,3.296,-37.598,71.228
-0.794,-0.883,0.737,3.845,-34.668,69.824
-0.846,-0.867,0.769,2.808,-33.875,65.796
-0.877,-0.869,0.820,1.038,-33.691,62.378
-0.908,-0.856,0.832,-0.122,-30.762,60.730
-0.933,-0.810,0.831,0.488,-26.123,61.707
-0.974,-0.765,0.808,2.930,-21.973,63.171
-1.025,-0.710,0.835,3.357,-19.531,65.430
-1.087,-0.628,0.862,4.883,-18.311,66.040
-1.114,-0.531,0.848,4.944,-14.038,63.110
-1.144,-0.472,0.834,3.784,-9.888,57.251
-1.150,-0.420,0.818,0.854,-7.690,49.133
-1.142,-0.376,0.797,-0.793,-5.615,40.344
-1.114,-0.344,0.778,0.916,-1.404,32.166
-1.090,-0.327,0.765,5.493,4.150,25.574
-1.069,-0.304,0.746,7.874,9.277,20.081
-1.044,-0.301,0.725,7.812,12.146,15.442
-1.011,-0.329,0.690,5.737,12.817,11.902
-0.981,-0.328,0.679,2.869,11.108,10.681
-0.966,-0.307,0.646,2.502,11.414,8.850
-0.968,-0.275,0.632,6.897,13.550,5.188
-0.952,-0.259,0.637,14.099,15.137,-1.831
-0.924,-0.283,0.651,18.677,16.541,-11.475
-0.872,-0.331,0.680,21.545,16.479,-20.874
-0.823,-0.416,0.698,23.315,16.602,-27.893
-0.785,-0.478,0.709,21.484,16.663,-31.250
-0.756,-0.498,0.718,18.005,16.602,-32.043
-0.747,-0.525,0.689,13.184,18.127,-32.959
-0.729,-0.524,0.670,5.554,17.212,-33.386
-0.724,-0.515,0.658,1.770,13.489,-35.767
-0.710,-0.498,0.676,1.221,14.526,-39.673
-0.674,-0.500,0.696,1.892,23.560,-45.776
-0.625,-0.514,0.706,5.249,31.677,-51.453
-0.595,-0.505,0.758,8.301,35.278,-54.504
-0.579,-0.484,0.797,13.428,38.208,-55.969
-0.540,-0.489,0.822,16.663,41.382,-56.519
-0.561,-0.474,0.871,13.062,41.565,-56.091
-0.577,-0.470,0.919,6.714,45.349,-58.105
-0.525,-0.514,0.909,-3.906,54.016,-64.209
-0.499,-0.566,0.869,-25.635,59.021,-69.031
-0.469,-0.588,0.766,-58.167,57.312,-72.021
-0.438,-0.638,0.656,-86.853,51.331,-75.806
-0.398,-0.754,0.534,-92.224,46.143,-77.393
-0.348,-0.804,0.470,-75.073,45.288,-74.463
-0.306,-0.806,0.484,-42.542,48.340,-69.214
-0.254,-0.813,0.511,-3.418,52.856,-66.406
-0.177,-0.842,0.573,28.748,54.810,-66.833
-0.091,-0.824,0.595,48.035,56.458,-69.519
-0.044,-0.844,0.583,53.162,59.998,-77.820
0.018,-0.861,0.592,50.110,58.838,-87.158
0.082,-0.919,0.611,44.128,51.758,-93.201
0.091,-0.940,0.658,31.372,42.175,-95.581
0.101,-0.934,0.728,19.653,36.377,-97.961
0.147,-0.934,0.721,9.705,40.894,-99.976
0.199,-0.938,0.644,4.883,49.622,-98.938
0.290,-0.972,0.578,11.353,56.946,-98.022
0.369,-0.994,0.602,23.682,61.462,-97.656
0.494,-0.990,0.611,34.912,64.941,-98.083
0.656,-1.054,0.580,37.231,64.453,-100.281
0.758,-1.106,0.587,28.259,56.641,-101.501
0.879,-1.143,0.549,17.090,52.979,-101.563
0.964,-1.163,0.503,10.071,50.659,-97.717
1.002,-1.143,0.497,6.409,43.091,-89.722
1.011,-1.094,0.507,4.028,34.607,-80.322
1.013,-1.044,0.556,5.371,29.114,-69.824
1.007,-0.997,0.626,9.399,25.696,-57.922
0.978,-0.921,0.684,10.742,25.391,-44.495
0.943,-0.807,0.727,9.521,26.001,-31.677
0.956,-0.712,0.759,7.874,25.757,-23.071
0.977,-0.670,0.826,2.197,20.081,-18.921
1.003,-0.666,0.886,-7.935,11.902,-17.761
1.046,-0.731,0.897,-20.142,6.958,-17.822
1.031,-0.812,0.869,-30.334,5.188,-16.174
1.021,-0.891,0.824,-31.494,6.897,-12.329
1.007,-0.965,0.777,-26.917,9.155,-4.761
0.983,-1.012,0.728,-22.888,7.996,7.324
0.921,-1.046,0.699,-19.409,2.197,23.132
0.888,-0.999,0.680,-15.320,-3.418,40.833

0.824,-0.928,0.737,-0.793,-13.428,67.444
0.777,-0.909,0.773,1.343,-19.714,74.768
0.737,-0.905,0.767,-1.038,-26.733,77.576
0.705,-0.887,0.758,-5.005,-34.851,78.674
0.667,-0.888,0.756,-7.629,-41.260,78.064
0.626,-0.903,0.716,-12.512,-40.344,75.684
0.569,-0.956,0.631,-15.381,-38.391,73.792
0.519,-1.021,0.547,-17.761,-41.016,77.576
0.424,-1.064,0.461,-19.714,-48.035,88.257
0.306,-1.038,0.427,-18.311,-59.021,100.525
0.220,-0.968,0.446,-8.850,-66.833,108.643
0.139,-0.901,0.480,-3.418,-67.688,112.061
0.061,-0.824,0.490,-4.517,-68.970,114.197
-0.038,-0.751,0.497,-11.963,-75.439,117.371
-0.145,-0.665,0.508,-21.301,-82.581,118.835
-0.178,-0.602,0.505,-25.574,-85.449,115.295
-0.173,-0.612,0.471,-25.757,-82.581,109.375
-0.231,-0.633,0.446,-27.344,-82.886,107.422
-0.271,-0.629,0.504,-28.503,-87.952,108.337
-0.280,-0.629,0.529,-28.809,-84.351,109.680
-0.332,-0.643,0.481,-22.522,-73.792,111.511
-0.403,-0.657,0.413,-17.151,-66.833,112.427
-0.490,-0.661,0.431,-11.841,-67.749,108.093
-0.530,-0.692,0.483,-8.545,-67.932,96.558
-0.615,-0.785,0.528,-6.287,-64.331,82.825
-0.653,-0.883,0.567,-3.784,-61.035,73.425
-0.670,-0.979,0.627,0.793,-60.791,66.345
-0.722,-1.057,0.702,4.395,-60.974,62.927
-0.797,-1.107,0.805,7.874,-59.265,63.843
-0.834,-1.106,0.868,9.338,-52.002,68.237
-0.875,-1.077,0.887,8.606,-43.701,72.998
-0.931,-1.006,0.916,3.296,-36.865,78.979
-0.986,-0.927,0.896,-1.526,-29.053,82.153
-1.019,-0.885,0.843,-1.831,-20.203,81.726
-1.051,-0.831,0.828,-3.052,-13.916,82.825
-1.087,-0.744,0.809,-2.686,-5.615,84.106
-1.113,-0.654,0.743,-1.404,4.028,83.862
-1.142,-0.560,0.701,-1.404,8.240,82.458
-1.167,-0.475,0.677,-4.272,8.484,79.163
-1.177,-0.419,0.659,-6.836,8.728,71.899
-1.151,-0.381,0.668,-7.385,9.094,63.171
-1.097,-0.336,0.728,-9.827,9.094,55.054
-1.174,-0.385,0.740,-12.207,10.620,44.006
-1.093,-0.332,0.754,-23.560,13.794,35.767
-1.076,-0.329,0.743,-26.123,15.137,28.870
-1.085,-0.354,0.699,-23.071,17.700,21.545
-1.169,-0.368,0.685,-21.057,20.630,15.442
-1.187,-0.294,0.630,-20.081,22.095,10.132
-1.167,-0.223,0.591,-11.902,17.456,2.991
-1.142,-0.217,0.614,-3.784,10.010,-5.920
-1.110,-0.234,0.675,2.197,5.798,-15.076
-1.052,-0.263,0.729,10.681,5.493,-22.156
-0.994,-0.292,0.776,15.503,9.949,-25.391
-0.946,-0.308,0.811,18.738,17.456,-27.039
-0.938,-0.297,0.845,27.283,25.085,-29.236
-0.937,-0.307,0.814,30.212,33.325,-31.738
-0.946,-0.288,0.734,17.822,36.438,-36.072
-0.944,-0.323,0.694,2.197,31.860,-45.593
-0.927,-0.378,0.711,-7.812,26.428,-56.396
-0.926,-0.434,0.725,-9.216,30.396,-69.580
-0.890,-0.474,0.675,-5.066,41.260,-81.787
-0.824,-0.558,0.608,3.601,49.561,-93.140
-0.776,-0.629,0.601,11.292,51.086,-99.548
-0.731,-0.666,0.725,14.709,49.011,-103.210
-0.681,-0.747,0.844,10.803,52.490,-106.750
-0.633,-0.815,0.876,7.812,58.411,-109.741
-0.568,-0.895,0.845,2.502,60.059,-109.558
-0.528,-0.929,0.852,-8.545,57.068,-105.469
-0.499,-0.918,0.867,-19.287,55.115,-99.915
-0.506,-0.891,0.830,-25.391,59.021,-96.497
-0.483,-0.914,0.730,-22.156,66.956,-95.032
-0.472,-0.928,0.667,-14.893,70.313,-94.360
-0.487,-0.898,0.654,-5.615,68.604,-93.140
-0.507,-0.879,0.604,4.150,66.895,-93.994
-0.512,-0.865,0.567,12.329,63.049,-98.145
-0.503,-0.846,0.586,14.221,57.007,-103.455
-0.470,-0.831,0.624,8.301,51.941,-111.572
-0.441,-0.817,0.682,2.014,50.293,-120.422
-0.408,-0.848,0.734,-5.615,54.138,-127.991
-0.356,-0.919,0.612,-15.503,63.110,-133.423
-0.342,-0.959,0.495,-27.649,63.965,-133.728
-0.346,-0.948,0.384,-30.212,55.237,-132.446
-0.376,-0.909,0.347,-23.193,48.889,-136.108
-0.329,-0.913,0.333,-7.019,48.767,-140.320
-0.257,-0.993,0.293,9.888,54.504,-143.433
-0.109,-1.046,0.303,23.499,58.533,-145.630
-0.044,-1.049,0.364,31.189,59.875,-139.832
0.020,-1.041,0.373,34.180,67.810,-134.216
0.148,-1.085,0.294,38.086,76.355,-133.423
0.314,-1.117,0.272,35.889,73.181,-131.165
0.477,-1.158,0.385,29.907,60.242,-126.526
0.580,-1.193,0.597,19.775,47.668,-122.925
0.675,-1.235,0.705,9.155,47.119,-121.948
0.799,-1.270,0.702,4.272,59.631,-121.094
0.937,-1.266,0.724,8.362,73.792,-115.173
1.065,-1.306,0.630,12.024,85.632,-107.727
1.185,-1.299,0.547,13.062,90.393,-98.694
1.375,-1.297,0.523,13.855,87.952,-83.862
1.515,-1.312,0.547,10.254,79.407,-70.740
1.641,-1.306,0.548,3.296,67.810,-57.251
1.726,-1.290,0.538,-2.808,56.030,-43.396
1.805,-1.254,0.545,-3.235,45.715,-29.541
1.872,-1.185,0.565,-2.869,37.231,-15.930
1.905,-1.134,0.573,-2.319,32.471,-2.380
1.872,-1.120,0.578,-3.235,26.062,10.864
1.789,-1.125,0.547,-6.775,19.165,22.949
1.688,-1.132,0.477,-8.362,13.367,34.241
1.539,-1.140,0.419,-6.409,3.723,46.692
1.387,-1.151,0.327,-4.028,-10.864,59.570
1.227,-1.097,0.300,-0.916,-31.982,72.815
1.093,-1.007,0.313,5.249,-52.979,84.167
0.989,-0.999,0.350,7.202,-69.153,90.942
0.857,-1.008,0.469,6.653,-85.754,95.947
0.780,-1.034,0.575,0.305,-97.717,96.558
0.738,-1.099,0.667,-10.925,-101.929,92.896
0.708,-1.154,0.781,-21.362,-103.577,91.614
0.672,-1.224,0.830,-29.419,-96.741,92.529
0.643,-1.333,0.794,-33.325,-83.130,97.961
0.530,-1.412,0.720,-33.875,-72.815,112.427

0.190,-1.319,0.497,-17.273,-65.125,154.358
0.012,-1.214,0.439,-0.793,-66.711,167.664
-0.175,-1.092,0.432,6.714,-73.364,172.913
-0.240,-0.973,0.479,8.179,-84.473,171.631
-0.336,-0.954,0.537,5.615,-95.398,163.574
-0.396,-0.889,0.555,-5.554,-103.271,158.997
-0.481,-0.786,0.551,-14.648,-108.276,154.053
-0.549,-0.678,0.569,-21.973,-112.000,148.315
-0.630,-0.606,0.547,-29.114,-113.464,140.991
-0.644,-0.596,0.458,-37.292,-111.389,130.432
-0.639,-0.604,0.401,-40.283,-109.131,124.146
-0.684,-0.584,0.366,-38.513,-106.689,122.986
-0.743,-0.549,0.301,-33.691,-102.722,122.437
-0.808,-0.509,0.307,-28.503,-101.563,120.972
-0.871,-0.491,0.417,-19.287,-100.037,115.845
-0.957,-0.537,0.480,-9.644,-92.407,105.530
-1.027,-0.562,0.466,-5.737,-79.834,95.032
-1.053,-0.602,0.455,-2.197,-70.374,86.609
-1.133,-0.610,0.517,-2.441,-67.383,81.116
-1.205,-0.610,0.532,-7.385,-61.218,75.073
-1.271,-0.627,0.474,-13.062,-51.208,67.627
-1.305,-0.662,0.423,-14.832,-45.593,61.035
-1.318,-0.697,0.441,-12.268,-44.373,56.030
-1.357,-0.705,0.521,-4.639,-41.565,52.795
-1.356,-0.724,0.602,4.761,-36.377,49.744
-1.333,-0.732,0.672,9.888,-32.043,47.913
-1.258,-0.728,0.738,12.085,-28.748,47.852
-1.299,-0.710,0.779,14.038,-23.499,47.974
-1.321,-0.603,0.811,15.381,-15.808,50.110
-1.359,-0.506,0.793,14.709,-8.545,48.157
-1.374,-0.429,0.739,7.935,-3.723,41.626
-1.361,-0.395,0.703,0.305,-2.563,30.273
-1.320,-0.379,0.702,-6.714,-4.517,17.395
-1.286,-0.376,0.743,-11.658,-7.812,5.188
-1.217,-0.402,0.752,-12.634,-6.714,-5.066
-1.171,-0.403,0.750,-7.874,-1.038,-11.658
-1.125,-0.382,0.756,3.662,7.141,-15.503
-1.105,-0.332,0.789,15.076,15.320,-18.188
-1.086,-0.292,0.825,22.278,21.729,-21.729
-1.020,-0.318,0.843,23.926,28.503,-28.259
-0.963,-0.355,0.853,21.606,33.813,-33.325
-0.922,-0.358,0.839,18.311,40.039,-36.255
-0.872,-0.371,0.794,16.479,48.157,-39.001
-0.865,-0.379,0.747,13.367,53.711,-40.955
-0.843,-0.383,0.705,9.949,57.373,-44.312
-0.800,-0.409,0.668,8.484,58.777,-49.255
-0.756,-0.448,0.626,6.531,56.885,-53.467
-0.722,-0.474,0.601,4.333,53.284,-57.495
-0.671,-0.514,0.578,5.676,52.002,-62.988
-0.616,-0.565,0.556,8.667,53.467,-67.749
-0.578,-0.600,0.557,8.240,53.528,-70.679
-0.537,-0.642,0.575,5.798,53.467,-74.463
-0.471,-0.718,0.560,0.427,56.213,-79.285
-0.428,-0.795,0.531,-5.493,60.425,-82.520
-0.395,-0.830,0.503,-5.554,65.735,-83.679
-0.340,-0.866,0.476,-0.610,70.740,-83.679
-0.278,-0.891,0.481,3.662,72.144,-82.397
-0.244,-0.908,0.521,7.263,69.458,-79.285
-0.218,-0.906,0.552,9.338,67.139,-75.928
-0.156,-0.883,0.593,12.939,66.101,-73.853
-0.079,-0.879,0.643,15.320,64.636,-73.059
0.031,-0.920,0.684,15.686,62.561,-73.853
0.137,-0.955,0.726,13.550,59.753,-73.486
0.218,-0.978,0.755,9.155,59.753,-72.144
0.281,-1.026,0.733,5.493,62.988,-71.716
0.350,-1.070,0.669,0.854,65.796,-70.374
0.425,-1.093,0.607,0.122,67.017,-66.284
0.514,-1.094,0.585,3.357,66.040,-58.472
0.616,-1.056,0.600,8.179,65.308,-48.950
0.713,-0.998,0.637,13.794,65.979,-39.734
0.807,-0.940,0.689,17.883,65.857,-33.386
0.902,-0.930,0.711,15.503,64.209,-30.273
0.976,-0.953,0.679,6.714,59.753,-27.405
1.022,-0.962,0.614,-1.831,53.711,-22.766
1.074,-0.956,0.554,-6.531,45.776,-16.724
1.136,-0.973,0.542,-7.080,34.912,-10.498
1.175,-0.970,0.552,-6.226,24.963,-2.625
1.191,-0.937,0.547,-5.493,17.517,6.592
1.174,-0.897,0.551,-4.639,9.949,15.808
1.126,-0.876,0.553,-3.296,1.648,23.987
1.054,-0.846,0.561,-4.211,-6.592,31.860
0.970,-0.793,0.581,-6.958,-15.381,38.940
0.890,-0.765,0.584,-10.864,-22.705,44.739
0.800,-0.725,0.585,-15.381,-30.823,51.086
0.696,-0.661,0.593,-15.808,-37.842,56.763
0.616,-0.634,0.576,-11.414,-40.466,60.669
0.520,-0.622,0.572,-8.850,-45.288,64.026
0.429,-0.624,0.593,-8.606,-52.429,66.223
0.368,-0.631,0.634,-9.888,-58.655,67.871
0.308,-0.654,0.668,-12.146,-63.477,69.885
0.227,-0.678,0.658,-15.991,-66.223,72.388
0.139,-0.694,0.633,-19.470,-67.993,74.463
0.020,-0.733,0.620,-23.132,-68.787,75.562
-0.066,-0.770,0.607,-25.024,-68.115,75.989
-0.132,-0.782,0.593,-24.414,-66.162,76.050
-0.196,-0.782,0.598,-21.790,-62.561,76.111
-0.270,-0.758,0.592,-17.151,-56.335,77.148
-0.344,-0.714,0.602,-11.108,-51.270,77.271
-0.414,-0.713,0.635,-5.798,-48.767,74.585
-0.493,-0.736,0.701,-3.601,-47.913,70.374
-0.594,-0.758,0.770,-4.517,-46.570,66.345
-0.690,-0.756,0.801,-6.531,-41.687,62.988
-0.762,-0.733,0.799,-7.935,-35.889,59.875
-0.824,-0.697,0.808,-7.080,-32.104,57.068
-0.878,-0.652,0.809,-8.057,-29.907,54.749
-0.900,-0.636,0.828,-11.414,-29.785,52.063
-0.895,-0.638,0.866,-15.686,-30.701,50.659
-0.924,-0.615,0.887,-21.484,-29.785,52.429
-0.963,-0.562,0.854,-22.400,-24.902,54.810
-1.009,-0.513,0.814,-21.057,-18.555,54.321
-1.045,-0.458,0.772,-18.066,-12.817,50.842
-1.064,-0.407,0.743,-15.381,-7.629,44.373
-1.060,-0.370,0.705,-15.076,-3.906,35.339
-1.035,-0.363,0.672,-15.686,-2.380,25.391
-1.004,-0.345,0.663,-15.991,-1.892,15.320
-0.966,-0.325,0.652,-13.489,0.427,5.127
-0.923,-0.337,0.659,-10.620,2.686,-3.662
-0.886,-0.340,0.700,-8.606,4.211,-10.559
-0.853,-0.331,0.733,-8.484,5.554,-16.357

0.729,-0.911,0.624,15.564,20.996,-31.921
0.795,-0.939,0.652,14.832,15.869,-23.621
0.843,-0.949,0.673,14.221,12.573,-14.526
0.861,-0.958,0.677,13.306,9.460,-5.188
0.827,-0.955,0.674,11.230,5.249,4.089
0.763,-0.942,0.675,9.888,1.038,12.512
0.718,-0.927,0.688,11.902,-2.991,19.714
0.658,-0.905,0.721,12.634,-9.155,26.245
0.589,-0.881,0.756,9.521,-15.747,32.227
0.524,-0.848,0.774,5.249,-20.691,37.781
0.448,-0.816,0.780,1.099,-23.987,43.457
0.368,-0.794,0.778,-0.793,-25.391,48.096
0.284,-0.772,0.764,-0.793,-25.269,51.331
0.216,-0.753,0.756,1.892,-24.658,53.467
0.141,-0.747,0.754,2.502,-25.452,54.993
0.034,-0.747,0.745,0.061,-26.733,55.542
-0.051,-0.753,0.715,-1.160,-26.855,55.176
-0.138,-0.758,0.693,-2.075,-27.832,54.260
-0.222,-0.754,0.674,-3.723,-29.602,53.467
-0.286,-0.748,0.659,-3.479,-30.396,52.979
-0.336,-0.734,0.675,-2.563,-31.738,52.856
-0.395,-0.713,0.705,-1.709,-32.471,53.528
-0.457,-0.684,0.704,-1.404,-29.968,53.589
-0.513,-0.649,0.697,-0.916,-26.489,52.429
-0.566,-0.620,0.717,0.305,-24.841,49.622
-0.615,-0.598,0.745,0.732,-23.560,46.143
-0.658,-0.564,0.755,-0.122,-19.958,42.786
-0.708,-0.514,0.762,-1.587,-15.015,39.856
-0.736,-0.483,0.755,-3.113,-9.949,36.316
-0.769,-0.451,0.737,-6.897,-5.432,32.654
-0.810,-0.417,0.727,-11.353,-2.441,28.870
-0.843,-0.394,0.721,-12.268,1.038,23.560
-0.868,-0.378,0.718,-10.864,5.127,17.029
-0.895,-0.347,0.720,-7.751,8.972,10.132
-0.917,-0.328,0.716,-4.883,10.864,2.930
-0.898,-0.328,0.743,-0.854,10.254,-4.272
-0.875,-0.329,0.788,2.319,9.644,-11.047
-0.861,-0.325,0.815,5.188,12.146,-16.785
-0.839,-0.327,0.853,9.644,15.320,-22.644
-0.792,-0.356,0.900,12.573,18.066,-28.687
-0.734,-0.401,0.936,10.803,20.569,-34.546
-0.671,-0.462,0.950,6.042,24.658,-40.771
-0.608,-0.527,0.944,1.160,28.870,-46.021
-0.546,-0.590,0.902,-5.188,31.982,-50.842
-0.499,-0.663,0.843,-13.916,34.912,-56.030
-0.450,-0.732,0.784,-20.447,35.645,-60.791
-0.378,-0.794,0.735,-23.071,35.034,-63.721
-0.295,-0.841,0.704,-21.179,33.691,-63.721
-0.232,-0.873,0.666,-16.785,36.316,-61.340
-0.168,-0.877,0.627,-7.568,41.748,-57.800
-0.098,-0.856,0.632,2.991,44.800,-53.711
-0.023,-0.849,0.648,11.230,47.058,-51.392
0.062,-0.852,0.659,17.090,49.011,-49.377
0.137,-0.843,0.675,19.409,50.720,-46.082
0.178,-0.821,0.676,15.991,51.208,-43.091
0.231,-0.804,0.651,8.484,50.781,-42.725
0.303,-0.807,0.623,0.916,48.462,-43.640
0.381,-0.808,0.608,-3.906,44.556,-43.640
0.458,-0.801,0.603,-2.441,41.504,-41.321
0.549,-0.759,0.609,2.502,39.246,-37.354
0.658,-0.727,0.617,8.057,37.537,-33.325
0.747,-0.726,0.634,11.719,35.034,-29.175
0.825,-0.713,0.653,18.127,32.104,-23.254
0.895,-0.703,0.666,21.729,29.724,-16.785
0.940,-0.719,0.689,17.883,25.757,-11.597
0.958,-0.744,0.684,5.493,20.508,-6.653
0.980,-0.785,0.629,-6.836,14.709,-1.099
0.957,-0.816,0.603,-14.526,6.348,5.859
0.928,-0.814,0.582,-15.869,-2.380,14.160
0.866,-0.806,0.556,-14.709,-10.315,23.132
0.787,-0.781,0.524,-13.428,-17.761,31.006
0.731,-0.762,0.546,-6.470,-27.649,36.377
0.693,-0.759,0.629,0.000,-37.842,39.978
0.649,-0.799,0.692,2.380,-45.227,41.870
0.600,-0.835,0.733,-1.831,-50.415,44.189
0.527,-0.878,0.745,-10.193,-54.138,48.218
0.461,-0.916,0.735,-18.921,-56.580,52.979
0.388,-0.941,0.727,-25.818,-58.167,59.143
0.295,-0.943,0.716,-29.297,-57.861,65.857
0.187,-0.930,0.707,-28.809,-55.664,72.510
0.085,-0.889,0.695,-26.428,-51.819,77.393
-0.027,-0.868,0.689,-24.597,-47.974,78.979
-0.112,-0.847,0.674,-22.400,-47.180,79.346
-0.159,-0.816,0.653,-21.545,-48.462,78.674
-0.192,-0.814,0.644,-22.644,-51.147,76.416
-0.240,-0.815,0.649,-23.254,-53.101,75.806
-0.290,-0.810,0.648,-21.606,-51.025,76.233
-0.349,-0.813,0.641,-17.944,-46.021,76.660
-0.471,-0.829,0.644,-15.930,-41.931,78.247
-0.566,-0.789,0.617,-12.878,-38.330,79.041
-0.632,-0.747,0.567,-10.254,-35.278,77.271
-0.704,-0.732,0.528,-9.583,-35.095,74.524
-0.780,-0.693,0.502,-6.775,-37.598,72.449
-0.859,-0.645,0.499,-1.526,-39.307,69.946
-0.954,-0.621,0.520,3.906,-40.771,65.979
-1.047,-0.593,0.599,6.836,-41.687,60.181
-1.120,-0.565,0.696,7.751,-41.138,52.856
-1.180,-0.546,0.759,4.761,-37.781,44.067
-1.212,-0.544,0.816,-1.770,-34.180,34.729
-1.228,-0.531,0.871,-8.240,-30.273,26.550
-1.238,-0.491,0.910,-11.719,-24.353,19.470
-1.222,-0.439,0.932,-11.169,-17.700,13.367
-1.198,-0.380,0.951,-10.498,-11.780,8.057
-1.172,-0.331,0.986,-8.606,-5.493,2.869
-1.159,-0.274,1.012,-3.296,2.991,-1.404
-1.139,-0.212,1.019,6.287,14.038,-6.958
-1.108,-0.163,1.019,13.672,24.536,-14.954
-1.055,-0.140,1.009,13.855,32.471,-25.024
-0.998,-0.160,0.987,5.432,37.903,-35.706
-0.941,-0.206,0.924,-8.057,41.687,-45.959
-0.873,-0.265,0.821,-20.081,44.250,-54.016
-0.812,-0.321,0.728,-27.100,45.288,-59.204
-0.767,-0.386,0.613,-27.344,47.546,-62.256
-0.723,-0.419,0.501,-23.804,49.622,-64.819
-0.688,-0.444,0.451,-16.785,49.255,-68.359
-0.648,-0.478,0.413,-7.263,48.401,-73.120
-0.606,-0.510,0.404,0.244,46.387,-78.369
-0.531,-0.576,0.443,6.897,46.143,-83.740
-0.500,-0.634,0.511,13.977,47.058,-87.402

0.405,-1.176,0.726,19.836,73.425,-94.055
0.509,-1.198,0.732,14.038,70.740,-87.097
0.598,-1.212,0.763,9.155,67.383,-79.346
0.679,-1.202,0.792,7.202,68.420,-70.435
0.747,-1.176,0.770,9.277,70.862,-59.570
0.810,-1.125,0.761,12.695,68.909,-48.279
0.873,-1.086,0.762,17.334,64.880,-38.574
0.939,-1.057,0.764,19.104,61.523,-29.968
0.994,-1.043,0.754,17.395,57.495,-21.606
1.033,-1.007,0.745,12.939,50.415,-12.268
1.064,-0.964,0.695,5.859,43.518,-3.845
1.111,-0.926,0.649,0.549,35.156,3.174
1.130,-0.908,0.610,-6.409,25.818,10.742
1.108,-0.895,0.571,-12.695,17.212,19.287
1.066,-0.877,0.523,-15.869,10.132,27.466
1.000,-0.862,0.496,-15.869,2.930,36.682
0.901,-0.820,0.494,-15.564,-4.639,47.119
0.796,-0.752,0.507,-14.771,-12.329,55.908
0.715,-0.676,0.516,-13.550,-19.287,61.035
0.665,-0.631,0.534,-14.221,-28.320,63.049
0.599,-0.609,0.575,-17.151,-38.025,62.317
0.564,-0.615,0.593,-17.334,-43.213,60.791
0.524,-0.647,0.593,-16.052,-45.837,59.875
0.478,-0.672,0.596,-15.259,-47.729,61.890
0.414,-0.669,0.592,-13.794,-48.462,65.369
0.351,-0.666,0.580,-13.916,-49.011,68.359
0.285,-0.663,0.585,-14.160,-51.270,69.519
0.234,-0.647,0.592,-12.756,-53.345,69.580
0.175,-0.652,0.608,-10.193,-53.833,67.505
0.128,-0.655,0.640,-7.141,-54.626,65.735
0.076,-0.633,0.666,-2.625,-55.725,65.613
0.007,-0.616,0.681,0.671,-53.955,65.308
-0.019,-0.623,0.664,2.991,-50.354,63.538
-0.034,-0.638,0.641,-0.732,-49.683,63.599
-0.095,-0.621,0.633,-11.658,-54.199,66.589
-0.157,-0.596,0.617,-20.325,-57.678,67.749
-0.205,-0.608,0.600,-23.315,-57.983,64.514
-0.254,-0.644,0.595,-22.400,-56.335,59.753
-0.280,-0.670,0.583,-16.418,-52.979,55.542
-0.303,-0.689,0.576,-8.850,-49.194,52.307
-0.322,-0.708,0.596,-2.808,-47.546,49.255
-0.348,-0.726,0.630,-0.427,-46.509,47.363
-0.376,-0.737,0.653,2.686,-44.250,46.936
-0.427,-0.737,0.648,5.371,-41.321,46.753
-0.463,-0.733,0.648,5.798,-40.100,45.288
-0.461,-0.760,0.660,5.005,-41.382,42.297
-0.458,-0.843,0.697,3.906,-44.189,40.283
-0.507,-0.877,0.712,-2.258,-42.603,43.701
-0.537,-0.842,0.736,-4.578,-36.438,50.049
-0.598,-0.807,0.742,1.099,-30.457,55.237
-0.662,-0.752,0.729,0.488,-25.024,57.922
-0.711,-0.667,0.720,-1.465,-22.949,56.946
-0.773,-0.636,0.705,-1.770,-22.400,52.917
-0.815,-0.605,0.741,-3.540,-23.315,47.729
-0.835,-0.581,0.780,-2.075,-24.353,41.504
-0.843,-0.572,0.807,-1.648,-22.278,35.339
-0.831,-0.580,0.826,-2.747,-19.653,30.823
-0.846,-0.582,0.858,-5.249,-16.907,29.419
-0.881,-0.562,0.880,-4.822,-12.451,29.663
-0.927,-0.525,0.885,-2.808,-7.080,28.809
-0.946,-0.490,0.887,-2.136,-3.174,25.391
-0.945,-0.476,0.896,-5.920,-0.488,18.860
-0.933,-0.488,0.910,-10.315,2.563,10.986
-0.899,-0.497,0.886,-10.071,6.897,4.089
-0.875,-0.473,0.842,-11.536,11.169,-0.183
-0.850,-0.458,0.795,-9.949,15.015,-3.662
-0.812,-0.460,0.745,-5.188,18.738,-6.958
-0.779,-0.446,0.731,-1.343,18.494,-8.240
-0.743,-0.444,0.744,0.793,17.212,-8.423
-0.715,-0.460,0.734,0.977,18.433,-9.521
-0.696,-0.471,0.718,1.892,20.508,-10.193
-0.662,-0.482,0.730,4.211,21.545,-11.597
-0.635,-0.504,0.734,5.371,23.682,-14.282
-0.617,-0.525,0.725,5.127,27.222,-17.883
-0.592,-0.553,0.691,3.052,31.433,-22.461
-0.533,-0.589,0.672,0.977,34.180,-27.283
-0.485,-0.630,0.666,-0.977,33.997,-30.151
-0.454,-0.656,0.662,-2.136,33.508,-31.006
-0.387,-0.670,0.650,-1.038,33.569,-30.457
-0.369,-0.670,0.656,-1.160,32.532,-28.503
-0.350,-0.663,0.688,1.770,31.677,-25.635
-0.361,-0.615,0.746,9.827,33.813,-22.766
-0.363,-0.577,0.789,19.653,38.147,-23.621
-0.356,-0.560,0.809,27.100,43.335,-27.771
-0.326,-0.563,0.844,26.917,44.922,-32.837
-0.303,-0.559,0.904,19.836,43.396,-38.086
-0.280,-0.590,0.891,9.338,42.542,-42.847
-0.247,-0.641,0.824,-7.385,40.833,-46.021
-0.221,-0.673,0.773,-24.414,36.743,-46.631
-0.219,-0.668,0.703,-37.109,34.119,-45.776
-0.215,-0.640,0.615,-42.908,35.706,-44.006
-0.229,-0.622,0.558,-35.522,37.964,-41.809
-0.227,-0.569,0.533,-19.775,44.128,-40.955
-0.237,-0.504,0.527,-4.333,49.683,-41.565
-0.250,-0.462,0.581,3.540,48.279,-46.570
-0.217,-0.496,0.632,-1.099,46.143,-57.556
-0.172,-0.577,0.663,-15.381,43.030,-67.322
-0.123,-0.670,0.707,-28.015,36.743,-73.914
-0.135,-0.718,0.712,-33.203,36.804,-77.026
-0.134,-0.750,0.648,-28.137,44.006,-78.857
-0.118,-0.754,0.612,-21.545,48.096,-80.994
-0.110,-0.759,0.597,-10.498,49.622,-84.290
-0.079,-0.759,0.573,4.517,53.223,-89.050
-0.008,-0.775,0.587,19.897,55.664,-94.055
0.059,-0.854,0.655,32.227,51.880,-95.886
0.114,-0.908,0.719,33.508,47.974,-94.055
0.155,-0.934,0.754,28.870,48.828,-90.271
0.185,-0.948,0.728,23.987,54.871,-85.083
0.244,-0.930,0.656,18.921,60.486,-79.773
0.312,-0.894,0.605,10.010,59.875,-73.975
0.379,-0.891,0.598,-0.305,52.734,-69.580
0.438,-0.903,0.593,-10.803,45.776,-66.040
0.499,-0.891,0.543,-16.235,43.640,-60.669
0.538,-0.877,0.469,-12.573,45.105,-54.077
0.575,-0.831,0.411,-4.333,47.241,-48.462
0.621,-0.786,0.389,4.395,47.485,-45.593
0.677,-0.745,0.417,8.789,41.931,-45.166
0.741,-0.736,0.469,7.568,33.508,-46.387
0.823,-0.763,0.523,4.517,26.855,-48.889

0.917,-0.860,0.590,-9.399,14.038,-47.424
0.947,-0.903,0.618,-10.559,8.789,-41.748
0.956,-0.938,0.654,-8.240,4.944,-32.715
0.959,-0.942,0.687,-2.502,2.014,-22.522
0.919,-0.945,0.713,1.831,-0.061,-11.108
0.879,-0.930,0.724,5.981,-1.953,-0.061
0.845,-0.907,0.744,9.583,-3.967,9.644
0.829,-0.879,0.756,10.132,-5.981,17.578
0.797,-0.872,0.772,9.399,-6.897,24.231
0.765,-0.890,0.756,9.521,-7.019,30.823
0.712,-0.884,0.717,6.531,-9.827,39.246
0.642,-0.875,0.671,1.404,-18.311,46.936
0.564,-0.856,0.655,-5.310,-27.954,52.856
0.515,-0.841,0.662,-10.681,-36.804,57.251
0.462,-0.819,0.691,-14.587,-45.898,60.120
0.430,-0.801,0.709,-18.555,-52.917,62.012
0.427,-0.798,0.737,-23.682,-59.265,63.904
0.412,-0.797,0.770,-28.870,-65.613,66.345
0.371,-0.819,0.782,-34.241,-68.481,69.275
0.328,-0.844,0.776,-39.917,-67.993,71.655
0.262,-0.869,0.783,-45.044,-63.232,73.608
0.222,-0.863,0.745,-42.542,-54.565,76.721
0.194,-0.857,0.673,-36.987,-46.448,80.505
0.153,-0.862,0.584,-36.743,-43.396,83.069
0.105,-0.828,0.535,-38.025,-47.485,86.548
0.054,-0.779,0.523,-34.973,-53.589,90.454
-0.012,-0.713,0.519,-29.175,-56.885,90.881
-0.084,-0.638,0.513,-24.109,-57.495,89.355
-0.131,-0.596,0.506,-16.785,-58.838,85.693
-0.141,-0.587,0.544,-12.512,-62.927,80.872
-0.172,-0.572,0.609,-13.367,-67.261,76.843
-0.195,-0.557,0.643,-12.756,-65.430,73.975
-0.241,-0.550,0.633,-11.963,-58.960,71.411
-0.262,-0.539,0.646,-10.193,-55.054,69.031
-0.294,-0.549,0.656,-9.155,-52.368,67.261
-0.316,-0.564,0.656,-8.606,-49.500,65.735
-0.338,-0.570,0.650,-7.080,-47.058,63.965
-0.387,-0.591,0.633,-7.812,-44.861,64.209
-0.433,-0.609,0.624,-9.460,-44.250,64.026
-0.469,-0.625,0.626,-9.705,-44.373,62.805
-0.502,-0.663,0.634,-9.216,-42.908,59.753
-0.538,-0.697,0.647,-8.179,-41.077,57.129
-0.557,-0.701,0.651,-4.517,-39.795,55.298
-0.567,-0.740,0.653,-0.793,-38.940,53.711
-0.575,-0.788,0.668,1.770,-39.124,54.077
-0.594,-0.818,0.709,2.747,-39.185,56.091
-0.609,-0.804,0.750,5.493,-36.682,59.692
-0.627,-0.773,0.770,7.629,-31.067,64.392
-0.663,-0.743,0.787,8.057,-25.452,66.772
-0.682,-0.701,0.817,6.714,-21.606,67.261
-0.693,-0.667,0.835,4.150,-17.761,65.674
-0.690,-0.635,0.819,0.549,-12.512,62.866
-0.699,-0.606,0.792,-2.625,-8.728,61.035
-0.703,-0.573,0.779,-3.601,-6.958,59.448
-0.710,-0.525,0.759,-3.662,-4.883,57.556
-0.729,-0.490,0.758,-0.549,-1.953,55.603
-0.750,-0.463,0.738,3.296,1.221,53.345
-0.782,-0.434,0.737,4.822,1.831,51.147
-0.823,-0.403,0.756,4.761,0.305,47.241
-0.855,-0.406,0.750,2.380,0.122,40.344
-0.878,-0.412,0.756,-0.366,-0.549,32.104
-0.875,-0.430,0.785,-0.244,-2.258,23.743
-0.871,-0.447,0.818,-0.305,-1.465,15.747
-0.845,-0.457,0.830,-0.183,2.808,8.911
-0.826,-0.461,0.824,0.610,7.507,4.883
-0.824,-0.456,0.824,1.038,10.620,2.747
-0.843,-0.454,0.811,1.526,12.512,1.465
-0.856,-0.435,0.805,0.916,12.146,0.671
-0.829,-0.428,0.796,2.136,10.925,-0.793
-0.834,-0.428,0.780,2.075,10.254,-1.343
-0.845,-0.383,0.804,5.127,8.240,-2.747
-0.848,-0.340,0.823,10.254,8.911,-7.690
-0.827,-0.332,0.817,12.024,13.184,-16.357
-0.789,-0.348,0.799,12.024,15.991,-26.550
-0.760,-0.404,0.778,10.559,16.663,-36.987
-0.707,-0.460,0.753,6.287,15.320,-45.410
-0.641,-0.536,0.731,0.916,11.353,-50.537
-0.607,-0.588,0.713,-4.883,6.409,-51.208
-0.597,-0.595,0.691,-7.690,4.150,-49.683
-0.587,-0.597,0.662,-6.714,5.981,-48.950
-0.552,-0.605,0.644,-3.418,11.658,-49.316
-0.540,-0.623,0.647,-1.404,17.517,-49.622
-0.535,-0.601,0.726,6.653,20.508,-49.072
-0.500,-0.590,0.783,15.503,24.841,-52.368
-0.461,-0.604,0.776,15.259,32.898,-57.983
-0.436,-0.609,0.765,10.132,37.659,-61.951
-0.393,-0.604,0.752,5.554,38.452,-64.758
-0.351,-0.649,0.720,-0.549,39.856,-67.627
-0.312,-0.667,0.676,-9.033,39.612,-67.749
-0.317,-0.654,0.660,-17.395,36.133,-66.223
-0.340,-0.618,0.650,-19.714,35.339,-66.284
-0.363,-0.585,0.627,-17.029,39.124,-70.496
-0.350,-0.577,0.581,-14.954,43.152,-77.881
-0.338,-0.605,0.541,-10.803,44.067,-83.923
-0.311,-0.627,0.544,-2.136,41.931,-86.243
-0.299,-0.639,0.581,10.498,40.894,-86.365
-0.285,-0.680,0.635,23.560,44.128,-85.754
-0.257,-0.757,0.634,29.480,48.828,-85.449
-0.206,-0.811,0.621,32.898,49.683,-83.008
-0.177,-0.883,0.625,35.034,46.204,-78.491
-0.186,-0.888,0.706,34.729,42.297,-71.594
-0.217,-0.873,0.808,32.959,45.288,-66.589
-0.190,-0.879,0.847,27.161,59.448,-65.186
-0.130,-0.898,0.795,12.573,79.773,-66.101
-0.118,-0.889,0.723,-4.761,93.933,-66.101
-0.092,-0.859,0.650,-18.005,95.398,-66.040
-0.064,-0.902,0.583,-27.100,91.309,-71.472
-0.002,-0.958,0.509,-34.546,87.769,-78.552
0.074,-0.991,0.425,-33.386,83.740,-81.909
0.136,-1.009,0.409,-26.306,82.458,-80.322
0.190,-1.029,0.388,-16.113,88.806,-75.439
0.234,-1.011,0.372,-0.916,96.436,-68.481
0.243,-0.956,0.395,11.841,101.990,-60.120
0.223,-0.838,0.514,26.550,100.098,-54.077
0.287,-0.770,0.633,35.278,93.933,-55.420
0.343,-0.800,0.640,22.644,88.379,-60.181
0.358,-0.818,0.626,-1.526,79.651,-61.768
0.401,-0.809,0.607,-14.465,69.275,-61.279
0.461,-0.830,0.589,-15.015,59.387,-58.716

0.626,-0.702,0.723,17.578,28.137,-30.457
0.652,-0.713,0.743,12.878,21.362,-32.898
0.683,-0.734,0.749,11.230,14.893,-33.630
0.724,-0.764,0.736,9.033,11.230,-33.508
0.763,-0.795,0.719,4.822,11.841,-31.982
0.807,-0.841,0.692,4.944,12.634,-27.283
0.836,-0.879,0.672,9.094,10.742,-19.531
0.815,-0.888,0.662,10.193,6.409,-9.155
0.779,-0.859,0.639,8.972,2.136,2.075
0.736,-0.810,0.632,8.423,-1.892,10.681
0.703,-0.790,0.608,7.568,-6.775,15.747
0.664,-0.792,0.581,6.165,-13.672,17.395
0.641,-0.804,0.582,3.113,-21.912,17.883
0.618,-0.839,0.589,-1.892,-27.954,19.409
0.571,-0.859,0.604,-6.531,-32.715,23.499
0.516,-0.847,0.629,-8.972,-35.706,30.029
0.473,-0.840,0.624,-9.827,-34.180,35.339
0.428,-0.834,0.624,-10.254,-33.447,41.565
0.359,-0.825,0.640,-10.193,-35.278,49.133
0.311,-0.804,0.634,-10.254,-36.621,56.091
0.249,-0.807,0.644,-9.216,-37.842,62.134
0.146,-0.771,0.687,-6.958,-41.443,66.284
0.077,-0.745,0.688,-5.371,-43.640,66.345
0.022,-0.718,0.661,-9.583,-47.241,63.110
-0.016,-0.696,0.676,-14.526,-54.932,58.533
-0.042,-0.698,0.705,-18.982,-61.096,54.382
-0.049,-0.707,0.721,-21.912,-61.890,51.331
-0.057,-0.707,0.745,-23.193,-60.547,51.025
-0.073,-0.700,0.757,-24.841,-57.251,52.734
-0.102,-0.692,0.764,-25.879,-51.514,55.359
-0.136,-0.685,0.754,-25.024,-44.983,57.861
-0.157,-0.660,0.700,-23.682,-40.161,60.303
-0.192,-0.639,0.657,-24.414,-40.100,62.500
-0.222,-0.621,0.635,-25.757,-44.128,63.232
-0.251,-0.589,0.645,-27.649,-48.218,62.134
-0.278,-0.574,0.669,-27.527,-49.744,59.082
-0.273,-0.581,0.659,-26.550,-48.950,54.626
-0.271,-0.587,0.656,-27.405,-49.011,51.636
-0.277,-0.595,0.672,-27.893,-50.293,50.476
-0.277,-0.606,0.669,-27.771,-50.232,50.354
-0.303,-0.612,0.662,-28.076,-49.683,51.697
-0.312,-0.602,0.645,-26.672,-49.683,53.711
-0.315,-0.593,0.650,-24.292,-50.354,54.932
-0.325,-0.600,0.652,-22.400,-49.194,55.298
-0.337,-0.613,0.628,-20.935,-46.448,55.786
-0.379,-0.600,0.640,-19.043,-44.373,56.030
-0.436,-0.597,0.640,-15.076,-43.152,55.664
-0.459,-0.573,0.632,-13.733,-40.527,55.176
-0.465,-0.564,0.639,-10.376,-40.344,53.284
-0.477,-0.555,0.667,-10.376,-41.748,52.002
-0.495,-0.542,0.694,-10.864,-42.786,50.903
-0.489,-0.543,0.716,-8.911,-41.687,49.316
-0.488,-0.536,0.751,-6.958,-40.039,48.157
-0.489,-0.523,0.770,-5.859,-37.048,48.157
-0.476,-0.531,0.791,-3.784,-33.569,48.157
-0.458,-0.532,0.822,-3.296,-30.579,47.791
-0.460,-0.547,0.839,-4.089,-26.123,47.668
-0.444,-0.535,0.837,-3.479,-21.423,46.509
-0.431,-0.526,0.804,-5.127,-16.479,44.312
-0.415,-0.524,0.760,-6.714,-12.939,42.236
-0.408,-0.512,0.739,-6.287,-11.536,40.527
-0.405,-0.499,0.736,-4.333,-10.132,38.452
-0.396,-0.490,0.730,-1.526,-9.155,35.645
-0.399,-0.476,0.738,1.404,-9.399,33.142
-0.386,-0.480,0.728,3.479,-10.132,30.151
-0.388,-0.494,0.738,4.578,-12.024,27.710
-0.393,-0.509,0.753,4.883,-13.428,26.733
-0.410,-0.508,0.751,4.578,-13.367,26.672
-0.430,-0.493,0.730,2.991,-13.428,26.917
-0.445,-0.475,0.740,0.488,-15.869,26.062
-0.454,-0.466,0.773,-0.549,-17.700,23.987
-0.453,-0.470,0.804,-1.892,-16.296,21.118
-0.456,-0.475,0.822,-4.211,-13.062,18.005
-0.454,-0.479,0.827,-4.700,-9.460,15.198
-0.447,-0.493,0.845,-4.028,-6.531,12.573
-0.461,-0.515,0.857,-4.150,-3.601,10.315
-0.459,-0.531,0.832,-1.709,-1.770,9.399
-0.457,-0.542,0.825,-0.793,-2.747,9.644
-0.464,-0.541,0.837,0.000,-4.272,10.010
-0.468,-0.538,0.848,1.648,-3.235,9.949
-0.484,-0.532,0.871,2.136,-2.014,9.155
-0.501,-0.520,0.874,0.671,0.305,6.653
-0.483,-0.523,0.860,2.319,3.601,2.930
-0.463,-0.543,0.859,2.991,5.615,-0.366
-0.440,-0.554,0.863,2.075,6.104,-1.770
-0.438,-0.542,0.870,0.183,7.080,-1.892
-0.425,-0.539,0.852,0.916,9.521,-1.709
-0.424,-0.537,0.837,1.465,10.864,-1.587
-0.421,-0.529,0.829,0.366,10.864,-1.831
-0.410,-0.524,0.824,-0.732,11.963,-3.235
-0.408,-0.515,0.834,-0.977,13.367,-5.310
-0.382,-0.524,0.829,1.038,16.479,-8.240
-0.358,-0.524,0.820,0.610,20.142,-10.864
-0.337,-0.528,0.806,-1.892,21.545,-12.451
-0.308,-0.524,0.765,-4.395,21.423,-13.489
-0.300,-0.535,0.749,-5.249,20.386,-14.404
-0.282,-0.540,0.729,-4.395,19.409,-14.893
-0.252,-0.556,0.720,-4.150,18.982,-15.015
-0.241,-0.569,0.709,-5.798,19.165,-14.465
-0.245,-0.565,0.700,-7.568,18.738,-12.878
-0.252,-0.543,0.691,-6.104,18.372,-12.207
-0.246,-0.528,0.698,-1.770,19.653,-14.099
-0.236,-0.541,0.707,0.854,22.705,-16.968
-0.214,-0.549,0.734,2.380,23.926,-19.653
-0.195,-0.567,0.757,0.916,24.780,-21.729
-0.181,-0.584,0.766,-2.686,25.696,-22.461
-0.180,-0.600,0.749,-5.432,26.123,-22.400
-0.189,-0.600,0.734,-6.775,26.245,-21.851
-0.185,-0.598,0.716,-5.798,26.306,-21.790
-0.178,-0.596,0.697,-4.395,24.902,-22.461
-0.172,-0.599,0.708,-1.709,22.827,-22.034
-0.188,-0.579,0.724,2.197,22.217,-22.156
-0.201,-0.558,0.724,6.897,22.949,-23.926
-0.192,-0.549,0.741,9.338,21.912,-25.330
-0.186,-0.561,0.780,8.545,17.944,-27.405
-0.164,-0.577,0.805,6.226,16.174,-28.015
-0.153,-0.578,0.817,3.052,18.250,-26.123
-0.172,-0.575,0.789,0.183,23.621,-23.499
-0.190,-0.549,0.762,0.366,28.870,-22.034

-0.669,-0.803,0.677,-9.094,-54.199,55.237
-0.733,-0.817,0.684,-13.428,-50.049,57.556
-0.808,-0.773,0.691,-16.052,-44.067,61.096
-0.848,-0.731,0.693,-15.869,-38.025,61.646
-0.894,-0.706,0.716,-16.113,-35.645,59.875
-0.951,-0.673,0.741,-19.714,-34.912,58.411
-0.981,-0.634,0.759,-21.423,-32.227,56.580
-1.020,-0.597,0.777,-20.630,-28.564,55.359
-1.074,-0.532,0.812,-19.287,-23.804,54.504
-1.098,-0.458,0.828,-15.259,-17.883,51.270
-1.107,-0.409,0.821,-13.611,-12.207,46.326
-1.133,-0.386,0.813,-14.465,-9.033,41.687
-1.131,-0.344,0.829,-19.470,-8.179,37.231
-1.137,-0.313,0.827,-20.935,-7.568,31.616
-1.102,-0.291,0.828,-14.160,-6.714,25.757
-1.054,-0.282,0.852,-4.028,-5.432,21.240
-1.026,-0.260,0.904,8.057,-4.089,19.348
-1.037,-0.217,0.936,20.508,-1.343,17.761
-1.000,-0.176,0.956,28.748,1.892,13.916
-0.995,-0.176,0.975,26.245,3.418,7.385
-0.963,-0.182,0.976,16.663,3.357,-0.610
-0.930,-0.199,0.950,5.188,3.418,-9.460
-0.895,-0.259,0.878,-4.333,4.517,-18.127
-0.853,-0.306,0.829,-10.742,4.822,-24.597
-0.817,-0.336,0.781,-14.526,3.906,-29.785
-0.795,-0.394,0.771,-14.709,6.653,-33.264
-0.769,-0.438,0.780,-9.155,14.893,-36.194
-0.748,-0.471,0.800,4.761,25.146,-37.598
-0.706,-0.503,0.799,19.714,35.767,-38.147
-0.700,-0.542,0.803,27.161,42.053,-36.987
-0.681,-0.548,0.823,27.954,45.776,-34.241
-0.674,-0.559,0.813,21.057,49.988,-34.119
-0.661,-0.559,0.786,12.695,54.871,-37.842
-0.622,-0.576,0.757,8.484,58.777,-43.213
-0.597,-0.579,0.739,3.723,62.073,-48.889
-0.562,-0.596,0.693,0.732,64.514,-54.626
-0.538,-0.617,0.680,0.610,65.430,-58.899
-0.516,-0.622,0.671,5.066,67.444,-63.232
-0.468,-0.638,0.643,10.559,73.120,-70.740
-0.404,-0.673,0.644,15.991,76.233,-77.271
-0.353,-0.727,0.672,18.127,75.500,-80.811
-0.303,-0.755,0.687,17.639,76.355,-82.336
-0.266,-0.773,0.707,15.930,78.491,-82.031
-0.246,-0.775,0.700,11.414,82.031,-81.177
-0.219,-0.779,0.669,4.700,84.045,-79.773
-0.171,-0.778,0.603,-4.333,82.947,-78.369
-0.176,-0.758,0.550,-11.353,78.125,-75.623
-0.160,-0.742,0.483,-11.597,73.547,-73.608
-0.140,-0.722,0.419,-7.507,67.810,-73.181
-0.082,-0.712,0.385,2.319,63.110,-73.914
-0.028,-0.767,0.383,17.090,60.120,-75.500
0.020,-0.837,0.429,30.396,57.251,-77.026
0.045,-0.913,0.481,40.588,55.786,-77.393
0.083,-0.966,0.505,42.419,56.763,-77.209
0.127,-0.963,0.490,34.851,58.411,-75.745
0.144,-0.955,0.467,25.391,58.411,-73.181
0.148,-0.923,0.457,15.747,57.922,-70.129
0.170,-0.880,0.445,12.085,59.875,-68.054
0.190,-0.808,0.432,12.085,61.218,-67.627
0.172,-0.780,0.435,13.733,61.829,-62.317
0.210,-0.809,0.419,18.372,65.186,-64.087
0.290,-0.844,0.465,21.851,62.256,-68.665
0.345,-0.883,0.531,22.156,54.688,-70.984
0.413,-0.950,0.574,23.254,51.086,-72.144
0.505,-0.993,0.601,22.461,50.415,-71.533
0.564,-1.022,0.669,20.752,47.791,-67.383
0.590,-1.021,0.762,16.418,46.204,-59.265
0.624,-0.986,0.805,7.690,48.523,-50.598
0.654,-0.939,0.759,-2.014,52.979,-41.687
0.633,-0.874,0.697,-9.705,53.894,-31.982
0.609,-0.793,0.637,-12.024,52.063,-25.208
0.607,-0.714,0.582,-8.301,52.795,-20.752
0.587,-0.669,0.520,-0.732,51.880,-17.883
0.581,-0.635,0.498,8.057,48.096,-16.785
0.583,-0.630,0.526,16.846,42.114,-17.639
0.604,-0.658,0.560,19.287,34.119,-19.470
0.598,-0.711,0.606,17.090,24.536,-20.325
0.584,-0.754,0.625,10.315,17.334,-20.752
0.559,-0.782,0.635,3.662,12.695,-19.958
0.525,-0.801,0.636,0.488,8.484,-17.578
0.490,-0.814,0.647,-0.916,3.357,-14.465
0.455,-0.852,0.680,-1.404,-1.465,-10.681
0.399,-0.875,0.717,-3.235,-6.226,-4.761
0.343,-0.866,0.741,-3.845,-7.629,2.014
0.275,-0.857,0.759,-3.418,-4.150,8.789
0.197,-0.852,0.755,-3.235,-1.892,15.259
0.110,-0.830,0.770,-5.615,-2.319,19.653
0.058,-0.797,0.746,-8.728,-1.709,20.996
-0.006,-0.761,0.733,-8.850,-3.357,22.583
-0.067,-0.698,0.724,-8.972,-8.118,24.109
-0.108,-0.652,0.717,-7.874,-12.451,23.804
-0.148,-0.624,0.717,-7.874,-15.808,23.193
-0.178,-0.597,0.724,-7.080,-18.188,22.888
-0.222,-0.583,0.720,-4.272,-17.639,23.071
-0.275,-0.551,0.728,0.793,-16.174,24.231
-0.327,-0.526,0.747,3.967,-14.893,23.987
-0.359,-0.516,0.770,2.930,-13.855,21.118
-0.362,-0.528,0.789,-0.244,-14.587,17.639
-0.357,-0.540,0.804,-4.639,-15.320,14.526
-0.339,-0.552,0.806,-7.568,-13.794,12.024
-0.327,-0.569,0.827,-7.080,-10.437,10.132
-0.312,-0.573,0.809,-6.714,-5.493,8.911
-0.307,-0.581,0.767,-8.545,-2.625,9.216
-0.300,-0.571,0.753,-9.583,-3.662,9.338
-0.286,-0.574,0.759,-8.972,-4.333,9.460
-0.272,-0.577,0.772,-7.080,-2.747,8.911
-0.247,-0.588,0.782,-3.601,-0.732,7.996
-0.241,-0.582,0.782,-1.892,1.099,7.751
-0.235,-0.569,0.760,-1.892,4.150,7.446
-0.224,-0.561,0.744,-1.038,5.371,7.019
-0.216,-0.562,0.729,-1.709,4.456,6.226
-0.220,-0.555,0.705,-2.991,3.601,4.883
-0.197,-0.569,0.671,-2.258,5.310,2.625
-0.177,-0.581,0.664,0.122,5.859,0.610
-0.156,-0.587,0.668,1.648,5.493,0.000
-0.134,-0.589,0.673,2.625,5.005,0.488
-0.114,-0.571,0.686,4.272,4.333,1.099
-0.092,-0.575,0.694,7.690,3.662,0.793
-0.069,-0.585,0.714,8.545,4.883,-0.977

0.485,-0.937,0.768,-1.404,-11.230,15.808
0.553,-0.956,0.757,-2.380,-13.184,19.714
0.599,-0.964,0.746,-4.700,-15.991,24.963
0.635,-0.973,0.735,-8.179,-20.386,30.823
0.659,-0.969,0.707,-13.672,-25.452,36.255
0.677,-0.960,0.671,-18.799,-29.724,42.542
0.674,-0.957,0.645,-21.484,-33.081,49.622
0.651,-0.927,0.608,-22.095,-35.095,57.190
0.579,-0.891,0.581,-21.179,-35.950,63.721
0.536,-0.844,0.555,-17.151,-36.804,67.993
0.481,-0.813,0.536,-13.977,-37.598,69.702
0.421,-0.774,0.513,-13.428,-37.170,70.862
0.373,-0.709,0.493,-12.878,-38.086,71.960
0.315,-0.673,0.497,-12.146,-41.199,71.533
0.252,-0.665,0.479,-13.916,-44.922,69.641
0.208,-0.633,0.467,-18.860,-49.744,67.383
0.207,-0.620,0.489,-21.423,-54.810,63.477
0.201,-0.636,0.539,-23.437,-59.448,59.265
0.150,-0.686,0.536,-26.855,-60.303,56.030
0.118,-0.696,0.527,-26.428,-57.922,54.016
0.087,-0.699,0.496,-22.034,-55.847,53.711
0.069,-0.718,0.452,-21.973,-55.359,54.382
0.007,-0.711,0.452,-25.085,-60.059,57.922
-0.032,-0.709,0.448,-24.780,-62.866,61.279
-0.072,-0.702,0.466,-24.475,-63.171,64.758
-0.104,-0.690,0.503,-23.376,-63.843,68.665
-0.186,-0.701,0.522,-19.958,-61.096,71.655
-0.262,-0.680,0.474,-13.000,-55.664,73.608
-0.330,-0.651,0.451,-6.287,-53.894,73.914
-0.391,-0.619,0.490,-2.625,-57.312,71.594
-0.425,-0.590,0.508,-2.686,-57.678,65.552
-0.473,-0.606,0.503,-5.737,-54.626,57.617
-0.508,-0.631,0.524,-8.484,-54.321,51.208
-0.557,-0.673,0.576,-13.672,-55.908,47.485
-0.600,-0.759,0.628,-16.235,-58.838,44.617
-0.588,-0.800,0.688,-18.555,-59.387,47.729
-0.632,-0.836,0.751,-17.456,-57.617,52.063
-0.642,-0.846,0.782,-18.005,-49.927,58.472
-0.701,-0.823,0.798,-16.968,-42.786,64.880
-0.756,-0.754,0.796,-16.541,-37.292,69.031
-0.818,-0.685,0.785,-17.212,-33.081,70.129
-0.849,-0.610,0.778,-19.348,-31.494,67.932
-0.872,-0.562,0.777,-21.851,-31.494,61.157
-0.879,-0.532,0.793,-25.269,-34.912,53.467
-0.877,-0.522,0.822,-27.100,-39.185,46.448
-0.869,-0.524,0.856,-26.733,-41.931,40.588
-0.856,-0.527,0.876,-25.330,-42.419,35.522
-0.847,-0.534,0.872,-23.010,-40.344,32.043
-0.861,-0.519,0.887,-22.583,-36.438,31.372
-0.873,-0.483,0.905,-20.874,-29.724,31.311
-0.857,-0.461,0.918,-19.653,-19.531,30.029
-0.874,-0.439,0.936,-20.386,-11.719,27.588
-0.892,-0.407,0.954,-21.545,-7.690,25.513
-0.900,-0.366,0.952,-21.790,-4.150,22.888
-0.906,-0.345,0.930,-18.188,-0.977,18.433
-0.902,-0.333,0.913,-17.578,3.296,14.526
-0.895,-0.318,0.919,-12.207,4.089,11.780
-0.901,-0.302,0.904,-4.578,4.333,9.644
-0.920,-0.299,0.916,0.610,5.066,6.653
-0.894,-0.275,0.944,8.484,6.653,2.502
-0.880,-0.272,0.930,13.672,11.902,-2.869
-0.881,-0.287,0.907,11.414,16.541,-8.606
-0.869,-0.296,0.921,5.676,16.541,-15.137
-0.848,-0.315,0.928,-0.610,16.602,-23.071
-0.833,-0.366,0.876,-11.658,19.470,-29.968
-0.798,-0.411,0.833,-21.362,19.043,-33.813
-0.784,-0.431,0.807,-25.391,16.663,-36.682
-0.767,-0.450,0.774,-24.292,20.813,-37.354
-0.752,-0.455,0.744,-16.785,29.114,-36.316
-0.746,-0.447,0.740,-4.028,36.011,-35.645
-0.733,-0.436,0.751,8.057,39.673,-35.706
-0.729,-0.417,0.802,17.456,43.396,-37.720
-0.692,-0.427,0.810,28.198,50.598,-41.199
-0.674,-0.437,0.809,31.860,58.228,-44.128
-0.639,-0.436,0.817,28.381,62.378,-47.241
-0.618,-0.437,0.815,20.325,65.735,-51.331
-0.588,-0.454,0.788,11.292,69.885,-55.908
-0.543,-0.489,0.739,2.258,73.181,-60.059
-0.481,-0.525,0.675,-6.653,72.754,-65.674
-0.447,-0.552,0.631,-13.000,73.303,-71.289
-0.413,-0.599,0.563,-11.536,79.285,-76.355
-0.384,-0.633,0.507,-4.211,84.778,-81.238
-0.310,-0.659,0.461,6.104,86.731,-85.510
-0.256,-0.708,0.437,15.198,84.595,-90.210
-0.230,-0.753,0.427,17.517,78.796,-94.604
-0.199,-0.788,0.425,20.264,73.608,-99.304
-0.162,-0.802,0.467,24.292,70.740,-102.844
-0.070,-0.874,0.496,26.428,70.679,-107.910
-0.000,-0.960,0.500,20.691,70.251,-111.389
0.064,-0.985,0.502,13.000,69.458,-110.840
0.144,-1.014,0.487,8.179,71.899,-108.704
0.229,-1.060,0.485,5.127,72.510,-106.506
0.302,-1.090,0.490,3.540,68.604,-101.868
0.372,-1.106,0.476,1.953,66.406,-96.313
0.431,-1.123,0.456,3.418,67.444,-89.478
0.468,-1.106,0.454,8.301,70.496,-81.177
0.522,-1.041,0.444,14.648,73.730,-73.242
0.574,-0.973,0.450,18.433,74.036,-66.467
0.641,-0.929,0.499,21.301,68.115,-62.134
0.707,-0.924,0.569,22.461,59.570,-61.096
0.777,-0.928,0.626,19.592,52.795,-59.082
0.833,-0.941,0.659,14.709,49.316,-55.786
0.883,-0.949,0.664,10.254,47.485,-50.964
0.917,-0.964,0.643,7.141,46.753,-45.349
0.971,-0.983,0.599,6.470,44.983,-39.673
1.016,-0.993,0.577,6.409,40.039,-33.508
1.067,-0.999,0.579,6.714,33.936,-26.367
1.098,-1.009,0.588,9.399,26.978,-17.212
1.088,-1.004,0.598,11.230,19.714,-6.409
1.053,-0.975,0.602,11.414,12.756,3.113
1.025,-0.956,0.602,9.033,6.836,10.986
0.995,-0.941,0.609,4.333,1.099,17.273
0.976,-0.940,0.609,0.854,-4.333,23.254
0.937,-0.932,0.617,-2.808,-10.315,29.480
0.901,-0.921,0.592,-7.202,-13.916,36.438
0.851,-0.914,0.560,-9.888,-17.944,44.312
0.778,-0.889,0.530,-12.024,-22.644,52.307
0.708,-0.851,0.510,-10.681,-26.306,58.838
0.662,-0.825,0.505,-8.423,-30.212,62.927

-0.513,-0.783,0.756,-8.240,-50.964,115.234
-0.592,-0.706,0.710,-7.019,-43.518,118.652
-0.670,-0.632,0.657,-7.812,-40.833,114.929
-0.731,-0.586,0.630,-12.207,-43.579,108.154
-0.753,-0.545,0.618,-15.808,-50.293,98.450
-0.757,-0.529,0.627,-19.409,-58.167,88.623
-0.785,-0.534,0.656,-21.606,-66.345,80.444
-0.820,-0.525,0.674,-22.034,-72.693,74.463
-0.869,-0.511,0.677,-20.325,-74.829,70.313
-0.944,-0.505,0.701,-19.104,-72.693,66.895
-1.016,-0.481,0.711,-18.127,-66.772,63.660
-1.052,-0.433,0.719,-16.357,-61.584,59.937
-1.113,-0.378,0.742,-17.456,-59.082,55.298
-1.157,-0.331,0.782,-15.930,-56.335,48.584
-1.185,-0.290,0.830,-11.658,-48.340,40.405
-1.222,-0.243,0.879,-4.578,-38.452,32.043
-1.236,-0.192,0.942,4.883,-31.494,23.865
-1.252,-0.167,1.008,10.681,-27.405,16.113
-1.247,-0.141,1.085,14.282,-23.987,8.545
-1.237,-0.138,1.130,18.005,-18.250,1.404
-1.218,-0.135,1.145,18.494,-10.681,-5.493
-1.191,-0.139,1.164,18.005,-5.310,-11.658
-1.170,-0.147,1.181,15.198,-1.709,-17.578
-1.149,-0.143,1.178,10.559,3.296,-23.987
-1.159,-0.128,1.179,6.470,9.827,-30.457
-1.152,-0.139,1.156,4.944,19.470,-39.124
-1.091,-0.165,1.115,3.845,32.104,-48.828
-1.057,-0.190,1.053,2.075,42.236,-56.396
-1.004,-0.200,0.993,3.174,48.950,-61.768
-0.944,-0.241,0.940,7.690,55.603,-67.383
-0.884,-0.303,0.876,9.949,62.500,-71.838
-0.824,-0.363,0.808,9.399,68.298,-73.547
-0.787,-0.424,0.755,9.399,72.937,-74.524
-0.751,-0.478,0.694,8.972,79.712,-75.623
-0.705,-0.531,0.640,9.583,85.388,-77.332
-0.650,-0.593,0.610,11.719,86.487,-80.750
-0.571,-0.660,0.607,10.681,84.656,-86.670
-0.483,-0.736,0.610,6.104,82.336,-94.238
-0.354,-0.849,0.600,0.732,82.520,-102.966
-0.224,-0.974,0.568,-7.202,83.984,-109.131
-0.104,-1.089,0.516,-15.137,84.290,-109.741
-0.010,-1.176,0.452,-21.362,84.839,-105.469
0.077,-1.215,0.389,-21.606,86.914,-97.534
0.181,-1.184,0.366,-14.771,91.003,-87.219
0.258,-1.107,0.380,-5.005,94.543,-77.454
0.365,-1.031,0.422,9.827,92.957,-72.571
0.448,-0.991,0.490,18.188,88.135,-71.289
0.525,-0.990,0.533,16.785,81.909,-71.716
0.581,-0.997,0.549,9.277,74.585,-72.205
0.611,-0.987,0.541,-0.366,67.017,-70.801
0.642,-0.963,0.523,-7.446,61.707,-67.261
0.672,-0.922,0.515,-10.620,56.946,-61.707
0.696,-0.887,0.519,-10.559,51.819,-55.420
0.734,-0.859,0.517,-8.850,46.570,-49.072
0.767,-0.811,0.544,-4.272,41.138,-43.579
0.804,-0.774,0.586,4.333,37.354,-38.391
0.876,-0.744,0.639,14.282,34.485,-34.607
0.894,-0.752,0.663,19.104,31.067,-33.203
0.918,-0.789,0.650,19.836,26.672,-34.058
0.996,-0.847,0.616,15.747,21.179,-32.471
1.046,-0.920,0.609,12.695,11.536,-28.625
1.060,-0.969,0.620,9.827,2.319,-19.958
1.037,-0.999,0.626,8.484,-1.709,-8.728
0.985,-1.006,0.610,7.141,-3.662,3.235
0.896,-0.974,0.574,3.296,-6.104,15.503
0.797,-0.915,0.539,-0.732,-7.263,25.024
0.713,-0.858,0.505,-2.808,-6.897,31.555
0.675,-0.783,0.494,-1.038,-7.812,36.682
0.598,-0.752,0.494,-1.526,-10.620,39.673
0.535,-0.727,0.503,-3.052,-14.465,41.138
0.483,-0.720,0.504,-3.479,-20.203,42.786
0.422,-0.714,0.516,-5.188,-28.931,44.983
0.374,-0.723,0.544,-8.240,-38.330,46.875
0.321,-0.733,0.591,-12.451,-46.692,49.622
0.262,-0.739,0.645,-15.320,-52.368,53.833
0.200,-0.729,0.693,-16.479,-53.467,59.326
0.137,-0.708,0.705,-18.005,-52.673,65.430
0.081,-0.693,0.708,-19.409,-52.063,69.458
0.027,-0.689,0.715,-20.996,-50.720,71.350
-0.019,-0.688,0.708,-21.423,-47.913,72.388
-0.070,-0.693,0.698,-21.301,-45.105,73.120
-0.133,-0.704,0.689,-21.057,-43.030,74.036
-0.193,-0.705,0.693,-18.738,-42.480,75.745
-0.222,-0.708,0.698,-16.052,-42.297,77.332
-0.245,-0.705,0.710,-15.137,-43.457,79.468
-0.274,-0.685,0.725,-13.733,-44.067,82.825
-0.314,-0.651,0.719,-10.620,-40.955,85.999
-0.357,-0.608,0.691,-4.822,-37.354,88.684
-0.415,-0.563,0.657,-0.061,-36.255,89.111
-0.461,-0.519,0.665,2.563,-37.842,86.304
-0.501,-0.524,0.708,4.456,-41.931,80.322
-0.538,-0.538,0.802,5.737,-46.570,73.608
-0.560,-0.566,0.879,6.348,-46.570,67.566
-0.586,-0.566,0.904,4.028,-39.856,62.866
-0.602,-0.541,0.892,0.122,-31.128,58.350
-0.624,-0.514,0.880,-2.808,-25.513,54.504
-0.655,-0.488,0.875,-5.737,-21.973,50.476
-0.640,-0.463,0.884,-8.301,-17.029,45.837
-0.684,-0.452,0.892,-8.118,-14.404,41.565
-0.683,-0.431,0.897,-7.324,-11.719,39.917
-0.729,-0.434,0.918,-3.845,-9.338,36.316
-0.775,-0.419,0.925,-0.732,-6.836,33.447
-0.793,-0.393,0.934,2.380,-4.150,28.076
-0.797,-0.382,0.947,4.272,-2.930,21.240
-0.789,-0.376,0.956,5.798,-0.793,14.526
-0.775,-0.365,0.965,7.446,2.563,8.728
-0.762,-0.357,0.982,8.728,6.042,4.089
-0.752,-0.350,0.995,8.667,9.094,-0.305
-0.729,-0.347,0.994,9.521,13.000,-4.700
-0.699,-0.353,1.002,9.644,16.418,-8.850
-0.684,-0.358,1.009,7.202,18.494,-12.817
-0.661,-0.364,0.986,3.723,22.156,-17.700
-0.629,-0.384,0.928,1.587,26.123,-23.621
-0.590,-0.402,0.879,0.854,27.466,-29.785
-0.554,-0.417,0.863,0.671,26.367,-35.461
-0.501,-0.443,0.838,0.916,26.001,-41.077
-0.442,-0.465,0.814,2.197,26.855,-45.288
-0.382,-0.492,0.779,4.272,28.381,-48.340
-0.320,-0.516,0.740,5.432,29.480,-50.171

0.724,-0.804,0.764,4.272,20.447,-30.457
0.808,-0.869,0.765,-0.122,17.151,-29.358
0.854,-0.954,0.737,-6.042,15.198,-25.269
0.912,-0.990,0.705,-7.141,12.695,-16.235
0.932,-1.015,0.661,-7.629,11.475,-5.310
0.937,-1.014,0.623,-5.066,9.766,6.287
0.961,-0.974,0.611,-0.427,5.249,17.395
0.965,-0.924,0.618,2.258,-0.305,25.818
0.950,-0.902,0.618,2.625,-5.859,32.227
0.894,-0.897,0.597,-1.282,-11.963,37.537
0.780,-0.896,0.559,-9.155,-18.799,42.603
0.666,-0.901,0.527,-16.418,-25.085,46.875
0.561,-0.901,0.500,-21.484,-31.433,50.659
0.450,-0.886,0.485,-23.254,-37.537,56.030
0.321,-0.852,0.486,-21.545,-41.809,62.988
0.178,-0.797,0.498,-18.433,-43.274,69.946
-0.018,-0.758,0.510,-15.869,-43.701,75.378
-0.239,-0.729,0.536,-12.268,-44.678,78.918
-0.437,-0.680,0.597,-7.019,-46.326,79.712
-0.624,-0.627,0.682,-1.465,-47.302,77.820
-0.786,-0.564,0.788,4.822,-46.265,74.524
-0.930,-0.479,0.895,10.132,-42.969,70.862
-1.072,-0.400,0.940,7.874,-36.926,65.430
-1.200,-0.334,0.934,-1.526,-31.799,56.824
-1.317,-0.293,0.902,-12.756,-29.602,47.913
-1.423,-0.227,0.882,-21.729,-26.917,38.940
-1.539,-0.190,0.888,-21.362,-21.973,28.748
-1.587,-0.103,0.915,-11.292,-15.564,19.409
-1.657,-0.057,0.944,-5.310,-9.033,7.080
-1.633,-0.027,0.970,-1.831,-4.578,-7.751
-1.578,-0.051,0.975,2.869,-1.038,-23.315
-1.489,-0.067,0.988,5.676,3.296,-38.086
-1.343,-0.112,1.007,11.108,9.949,-51.941
-1.133,-0.172,1.041,15.137,17.761,-65.063
-0.868,-0.234,1.084,16.602,24.231,-76.599
-0.565,-0.315,1.105,14.771,30.579,-87.646
-0.201,-0.421,1.103,12.878,36.377,-97.534
0.163,-0.558,1.076,9.094,39.978,-105.347
0.543,-0.748,0.993,3.296,42.603,-110.901
0.927,-0.979,0.888,-0.732,43.030,-111.877
1.283,-1.237,0.804,-2.808,39.551,-107.910
1.602,-1.518,0.725,-6.531,33.997,-98.938
1.877,-1.758,0.644,-14.526,27.771,-82.458
2.070,-1.847,0.561,-23.010,23.804,-56.458
2.151,-1.772,0.446,-26.489,24.841,-21.423
2.046,-1.598,0.269,-27.771,27.771,17.334
1.828,-1.382,0.143,-27.893,24.963,52.490
1.561,-1.164,0.088,-23.560,15.259,78.918
1.289,-0.916,0.101,-14.832,1.648,95.581
0.975,-0.744,0.135,-9.583,-12.573,105.103
0.669,-0.630,0.194,-7.751,-28.076,107.056
0.379,-0.574,0.292,-5.859,-44.250,103.699
0.087,-0.590,0.409,-5.676,-57.251,97.900
-0.182,-0.616,0.538,-6.042,-65.552,93.018
-0.418,-0.638,0.666,-4.944,-67.932,89.111
-0.636,-0.642,0.772,-4.700,-65.430,85.938
-0.831,-0.621,0.850,-5.859,-59.570,82.703
-1.013,-0.577,0.893,-7.507,-52.551,78.735
-1.171,-0.527,0.935,-9.338,-46.021,72.998
-1.307,-0.489,0.981,-10.986,-40.039,63.904
-1.421,-0.453,1.061,-7.751,-35.034,54.993
-1.486,-0.411,1.159,-2.686,-26.367,46.021
-1.554,-0.380,1.227,3.784,-14.465,36.682
-1.555,-0.313,1.248,8.728,0.854,30.457
-1.563,-0.274,1.222,13.977,16.785,21.851
-1.520,-0.202,1.195,14.526,28.198,13.184
-1.490,-0.157,1.130,7.751,34.668,1.648
-1.435,-0.127,1.010,-3.174,39.063,-11.963
-1.340,-0.119,0.895,-10.620,41.382,-27.100
-1.211,-0.138,0.805,-11.475,42.358,-40.894
-1.074,-0.171,0.718,-7.935,44.861,-52.002
-0.919,-0.202,0.648,-2.869,47.729,-60.730
-0.732,-0.238,0.620,5.371,49.011,-69.397
-0.496,-0.289,0.628,14.893,49.500,-78.552
-0.233,-0.365,0.643,20.935,49.255,-86.487
0.002,-0.460,0.639,21.790,48.950,-91.797
0.268,-0.534,0.606,19.470,47.791,-95.093
0.588,-0.633,0.558,15.137,43.030,-98.083
0.934,-0.770,0.557,10.010,33.630,-99.915
1.256,-0.938,0.570,6.531,23.254,-97.839
1.544,-1.142,0.568,5.371,15.869,-89.661
1.760,-1.349,0.562,3.052,10.315,-75.806
1.902,-1.525,0.555,-2.625,4.944,-57.312
1.942,-1.631,0.537,-9.033,1.465,-33.936
1.915,-1.611,0.466,-15.747,2.136,-6.409
1.762,-1.509,0.387,-21.301,2.686,23.071
1.535,-1.363,0.360,-22.217,0.366,50.598
1.264,-1.190,0.336,-20.081,-2.380,73.547
0.999,-0.995,0.344,-15.564,-9.399,89.905
0.728,-0.843,0.370,-12.817,-20.386,97.778
0.459,-0.747,0.445,-12.329,-33.752,98.633
0.184,-0.705,0.562,-12.573,-46.814,95.825
-0.078,-0.711,0.690,-13.428,-55.542,90.637
-0.285,-0.717,0.808,-12.573,-59.998,85.327
-0.455,-0.716,0.896,-13.184,-59.998,81.055
-0.624,-0.704,0.948,-15.381,-56.824,78.430
-0.774,-0.668,0.968,-16.418,-51.941,76.904
-0.897,-0.624,0.964,-16.968,-45.654,73.547
-1.018,-0.575,0.958,-17.944,-39.612,69.519
-1.132,-0.553,0.932,-20.142,-34.912,65.002
-1.237,-0.489,0.954,-21.362,-33.325,61.157
-1.335,-0.422,0.982,-16.907,-28.748,55.359
-1.378,-0.366,1.000,-9.888,-17.639,47.668
-1.402,-0.309,1.029,-2.869,-7.019,39.246
-1.414,-0.244,1.063,2.441,1.465,31.006
-1.395,-0.181,1.077,6.592,10.681,22.583
-1.385,-0.127,1.042,4.150,20.508,12.207
-1.333,-0.053,0.998,-0.549,26.733,0.183
-1.282,-0.030,0.914,-9.766,30.518,-14.465
-1.211,-0.038,0.842,-16.968,31.982,-30.090
-1.101,-0.069,0.776,-16.724,33.081,-43.579
-0.965,-0.110,0.716,-13.916,35.400,-55.054
-0.841,-0.163,0.677,-7.507,37.415,-63.782
-0.705,-0.218,0.656,0.671,39.795,-71.716
-0.551,-0.311,0.629,7.019,41.382,-80.505
-0.397,-0.441,0.607,8.545,40.710,-88.623
-0.258,-0.556,0.587,6.958,39.978,-94.971
-0.064,-0.648,0.564,4.456,42.725,-99.121
0.174,-0.690,0.552,3.784,44.312,-99.731

0.884,-0.925,0.687,11.902,35.645,-97.046
1.073,-1.072,0.719,7.507,30.273,-92.041
1.204,-1.205,0.725,-0.977,25.391,-80.688
1.322,-1.280,0.707,-9.094,22.217,-65.308
1.434,-1.305,0.679,-14.160,20.813,-47.852
1.509,-1.305,0.663,-16.785,18.005,-29.541
1.538,-1.284,0.674,-18.372,13.489,-10.437
1.517,-1.252,0.673,-19.287,8.423,6.653
1.438,-1.222,0.627,-22.827,3.052,22.400
1.301,-1.194,0.543,-29.846,-0.671,36.011
1.184,-1.130,0.464,-29.602,-5.371,49.866
1.021,-1.061,0.423,-25.330,-11.230,62.744
0.833,-0.966,0.417,-20.813,-17.639,73.059
0.626,-0.860,0.448,-16.602,-21.912,79.773
0.404,-0.783,0.483,-13.245,-23.193,83.252
0.189,-0.715,0.542,-11.230,-24.231,85.022
-0.002,-0.663,0.617,-7.751,-24.658,82.764
-0.191,-0.632,0.709,-5.676,-18.921,76.050
-0.367,-0.635,0.793,-10.132,-9.705,68.176
-0.564,-0.626,0.849,-13.550,-4.272,62.439
-0.687,-0.589,0.859,-10.925,-1.587,56.763
-0.754,-0.543,0.896,-7.996,0.000,51.575
-0.832,-0.501,0.928,-5.310,-0.244,49.500
-0.924,-0.450,0.978,-2.808,-2.258,50.049
-1.021,-0.385,1.032,3.662,-3.235,51.514
-1.091,-0.313,1.087,11.292,-1.465,50.842
-1.158,-0.253,1.128,16.479,1.587,47.424
-1.213,-0.179,1.171,19.470,5.310,41.565
-1.218,-0.115,1.192,19.104,7.874,31.982
-1.206,-0.084,1.198,10.803,7.385,21.484
-1.180,-0.075,1.192,-2.930,5.554,11.475
-1.138,-0.083,1.137,-13.733,6.592,2.319
-1.100,-0.082,1.059,-16.846,9.766,-5.127
-1.054,-0.071,0.992,-12.573,13.611,-12.085
-0.998,-0.074,0.950,-5.310,17.273,-19.531
-0.929,-0.091,0.940,1.160,19.348,-26.611
-0.848,-0.104,0.924,3.967,20.447,-33.325
-0.787,-0.150,0.896,4.272,21.790,-40.283
-0.723,-0.206,0.866,3.906,24.292,-47.852
-0.644,-0.272,0.846,2.808,26.306,-55.664
-0.571,-0.357,0.808,0.061,26.611,-62.683
-0.500,-0.439,0.771,-2.136,25.574,-67.505
-0.420,-0.517,0.721,-3.235,24.048,-69.702
-0.341,-0.574,0.691,-2.686,22.644,-69.092
-0.260,-0.600,0.661,0.488,21.912,-66.223
-0.185,-0.615,0.650,5.066,22.827,-63.171
-0.182,-0.625,0.625,9.583,23.560,-61.340
-0.168,-0.626,0.591,10.742,23.499,-61.462
-0.151,-0.644,0.573,13.123,24.109,-62.805
-0.119,-0.658,0.577,14.709,25.513,-63.660
-0.099,-0.678,0.612,17.029,24.841,-64.636
-0.027,-0.661,0.690,17.517,24.597,-63.171
0.030,-0.670,0.759,18.433,25.513,-61.768
0.067,-0.703,0.812,20.386,26.550,-65.674
0.122,-0.748,0.830,18.494,29.358,-70.068
0.230,-0.806,0.810,15.381,32.166,-73.608
0.339,-0.882,0.783,9.399,31.067,-74.768
0.453,-0.941,0.771,6.653,27.710,-72.205
0.587,-0.972,0.783,6.958,26.184,-66.833
0.692,-1.001,0.766,6.714,26.978,-59.509
0.825,-0.987,0.751,6.226,27.893,-49.805
0.944,-0.978,0.737,5.798,27.039,-40.649
1.023,-1.004,0.723,3.967,25.330,-32.288
1.067,-1.036,0.704,-0.732,22.827,-23.865
1.115,-1.068,0.649,-5.798,21.362,-15.869
1.160,-1.104,0.591,-9.216,17.822,-8.484
1.177,-1.141,0.557,-12.695,11.414,-0.488
1.157,-1.149,0.532,-16.418,4.944,10.071
1.085,-1.113,0.522,-16.907,-1.160,22.705
1.013,-1.044,0.503,-16.113,-5.493,35.217
0.909,-0.981,0.477,-16.296,-9.705,47.241
0.784,-0.908,0.479,-15.625,-16.785,58.167
0.660,-0.797,0.500,-11.047,-25.452,65.796
0.553,-0.722,0.520,-6.897,-30.701,68.420
0.460,-0.681,0.542,-5.859,-36.133,67.688
0.378,-0.667,0.583,-9.094,-43.213,65.674
0.305,-0.683,0.640,-12.939,-50.171,62.500
0.228,-0.685,0.695,-15.991,-56.030,60.364
0.164,-0.686,0.719,-18.616,-57.007,58.472
0.113,-0.705,0.734,-22.156,-51.636,55.847
0.082,-0.710,0.736,-26.367,-42.847,54.260
0.041,-0.701,0.727,-26.001,-38.757,56.396
-0.004,-0.684,0.726,-24.597,-38.818,60.059
-0.057,-0.691,0.733,-24.231,-38.940,62.988
-0.078,-0.689,0.725,-24.109,-38.879,66.467
-0.111,-0.660,0.717,-26.428,-38.269,70.374
-0.179,-0.626,0.716,-28.870,-36.560,74.341
-0.218,-0.581,0.691,-27.039,-34.302,78.064
-0.261,-0.522,0.668,-22.400,-34.119,80.444
-0.302,-0.481,0.660,-18.311,-35.095,80.872
-0.341,-0.450,0.693,-15.015,-37.842,78.796
-0.380,-0.420,0.740,-13.855,-39.612,75.562
-0.409,-0.404,0.774,-13.977,-38.757,70.862
-0.431,-0.405,0.789,-13.733,-36.682,65.247
-0.438,-0.401,0.802,-12.146,-35.095,59.875
-0.450,-0.421,0.806,-12.024,-33.386,56.396
-0.470,-0.427,0.815,-12.085,-31.860,53.101
-0.487,-0.431,0.818,-11.230,-30.273,50.781
-0.510,-0.451,0.830,-10.681,-28.137,48.645
-0.539,-0.469,0.840,-10.193,-26.672,46.814
-0.578,-0.479,0.843,-10.254,-24.414,44.983
-0.620,-0.482,0.833,-9.094,-21.912,42.419
-0.649,-0.465,0.822,-6.897,-19.897,37.903
-0.663,-0.463,0.812,-5.066,-18.127,32.288
-0.685,-0.471,0.824,-3.357,-18.066,27.771
-0.712,-0.468,0.837,-0.427,-17.212,24.902
-0.718,-0.452,0.834,3.235,-14.343,23.682
-0.744,-0.424,0.828,5.127,-11.780,22.827
-0.778,-0.395,0.840,6.653,-9.277,21.301
-0.805,-0.367,0.860,8.423,-6.958,18.433
-0.805,-0.347,0.862,8.484,-4.150,14.832
-0.816,-0.324,0.874,6.470,-2.441,10.925
-0.814,-0.307,0.896,5.127,-0.977,6.531
-0.812,-0.314,0.920,4.944,0.793,1.404
-0.802,-0.312,0.949,3.906,3.174,-3.723
-0.798,-0.296,0.959,1.526,6.531,-9.644
-0.783,-0.287,0.955,0.732,10.925,-15.686
-0.763,-0.301,0.949,1.709,14.221,-21.118
-0.724,-0.295,0.964,2.991,15.747,-25.513

-0.674,-0.392,0.940,-0.183,29.907,-38.940
-0.644,-0.431,0.915,-3.357,33.691,-42.969
-0.621,-0.461,0.876,-6.714,37.109,-45.227
-0.579,-0.503,0.825,-6.531,40.466,-47.424
-0.530,-0.543,0.781,-2.502,42.358,-48.462
-0.491,-0.576,0.744,3.357,42.908,-48.279
-0.472,-0.589,0.705,8.423,44.434,-47.607
-0.427,-0.589,0.668,14.587,46.936,-47.058
-0.413,-0.607,0.654,23.682,47.485,-47.180
-0.376,-0.629,0.651,32.471,46.326,-47.302
-0.336,-0.639,0.676,38.879,44.373,-46.814
-0.316,-0.647,0.718,43.335,43.030,-45.532
-0.307,-0.650,0.752,45.288,44.067,-43.335
-0.276,-0.644,0.776,42.419,46.387,-43.030
-0.266,-0.644,0.791,33.752,47.913,-45.532
-0.249,-0.622,0.813,21.057,50.110,-50.171
-0.212,-0.616,0.802,6.958,54.382,-56.641
-0.205,-0.625,0.760,-8.423,57.983,-62.744
-0.183,-0.634,0.686,-21.118,60.730,-66.711
-0.157,-0.631,0.607,-27.283,62.134,-68.298
-0.148,-0.627,0.536,-26.123,62.195,-68.176
-0.137,-0.645,0.494,-20.142,60.913,-68.176
-0.121,-0.644,0.520,-11.108,56.396,-67.322
-0.070,-0.622,0.568,-1.648,51.575,-66.711
-0.055,-0.661,0.642,4.944,47.302,-68.604
-0.016,-0.680,0.705,5.676,45.105,-70.801
0.033,-0.715,0.763,5.371,41.138,-71.655
0.068,-0.761,0.794,0.000,37.292,-72.266
0.109,-0.778,0.815,-6.104,38.452,-74.524
0.191,-0.792,0.789,-8.667,44.312,-76.843
0.277,-0.804,0.766,-8.545,52.185,-77.759
0.369,-0.814,0.737,-5.981,56.213,-75.256
0.449,-0.831,0.710,0.549,56.824,-70.068
0.529,-0.805,0.693,4.944,58.289,-63.904
0.624,-0.798,0.704,9.338,58.044,-58.167
0.751,-0.776,0.722,14.038,55.054,-52.551
0.896,-0.793,0.760,20.081,49.988,-49.377
1.017,-0.829,0.795,24.414,42.236,-48.035
1.110,-0.904,0.795,21.912,34.546,-46.936
1.205,-0.997,0.745,12.756,28.198,-44.800
1.278,-1.072,0.682,0.061,20.935,-39.063
1.351,-1.139,0.601,-12.817,13.489,-29.907
1.392,-1.181,0.510,-23.437,7.141,-16.785
1.360,-1.199,0.436,-29.724,1.648,0.122
1.293,-1.174,0.368,-28.992,-1.709,20.447
1.187,-1.129,0.339,-23.132,-2.625,40.466
1.067,-1.024,0.287,-15.442,-2.930,59.448
0.939,-0.906,0.253,-9.949,-5.798,74.280
0.816,-0.804,0.255,-6.470,-14.954,82.703
0.719,-0.713,0.305,-5.371,-29.480,85.388
0.630,-0.683,0.382,-7.507,-44.678,83.618
0.541,-0.687,0.458,-11.902,-57.068,80.078
0.453,-0.703,0.527,-16.479,-66.284,77.332
0.362,-0.717,0.586,-20.142,-71.472,76.965
0.279,-0.698,0.641,-22.217,-73.792,77.637
0.203,-0.694,0.682,-25.452,-72.998,77.759
0.143,-0.702,0.718,-26.672,-72.693,76.843
0.094,-0.721,0.758,-27.832,-74.219,75.989
0.063,-0.749,0.761,-31.189,-73.975,75.684
0.011,-0.765,0.801,-33.020,-72.571,76.416
-0.033,-0.777,0.811,-28.381,-68.481,78.125
-0.068,-0.769,0.807,-22.522,-62.073,80.566
-0.108,-0.751,0.802,-19.287,-54.810,83.069
-0.146,-0.721,0.795,-15.808,-49.744,85.754
-0.184,-0.679,0.788,-11.536,-45.837,88.257
-0.237,-0.635,0.772,-9.827,-41.992,89.478
-0.278,-0.606,0.746,-10.315,-38.940,89.783
-0.319,-0.557,0.752,-10.193,-38.330,89.111
-0.365,-0.538,0.740,-8.362,-38.330,87.219
-0.416,-0.503,0.754,-8.362,-39.246,83.557
-0.452,-0.502,0.766,-6.287,-39.917,77.026
-0.467,-0.501,0.784,-5.310,-38.757,68.909
-0.422,-0.495,0.793,-8.789,-36.987,61.768
-0.476,-0.559,0.774,-15.137,-36.438,55.725
-0.437,-0.597,0.761,-23.865,-35.217,52.185
-0.448,-0.626,0.739,-28.076,-34.851,50.842
-0.498,-0.628,0.717,-31.860,-33.875,52.673
-0.529,-0.600,0.698,-29.480,-31.067,56.396
-0.563,-0.572,0.675,-24.597,-29.175,58.289
-0.613,-0.539,0.661,-20.691,-29.602,58.777
-0.659,-0.500,0.663,-15.137,-30.823,57.312
-0.694,-0.468,0.686,-8.179,-30.884,53.650
-0.720,-0.442,0.727,-0.671,-30.640,48.767
-0.738,-0.434,0.773,3.784,-29.480,43.762
-0.761,-0.423,0.819,5.188,-27.771,39.307
-0.768,-0.396,0.855,5.493,-25.391,35.645
-0.764,-0.373,0.874,4.822,-22.583,32.776
-0.774,-0.344,0.879,2.625,-19.592,31.372
-0.797,-0.311,0.870,-1.709,-16.113,30.273
-0.831,-0.288,0.868,-4.517,-13.184,28.503
-0.857,-0.251,0.866,-4.150,-10.376,26.611
-0.862,-0.220,0.883,-1.221,-7.019,22.827
-0.873,-0.200,0.902,1.892,-3.235,17.944
-0.883,-0.187,0.931,5.554,0.977,12.451
-0.877,-0.175,0.961,11.353,5.493,6.531
-0.865,-0.162,0.990,16.235,11.292,0.610
-0.865,-0.166,1.002,18.188,17.883,-5.310
-0.841,-0.178,1.008,17.334,23.254,-11.658
-0.818,-0.188,1.007,14.038,25.513,-17.639
-0.796,-0.210,0.995,9.277,28.198,-22.827
-0.782,-0.242,0.965,6.348,32.471,-27.710
-0.768,-0.285,0.923,6.470,36.560,-32.104
-0.732,-0.324,0.891,7.507,39.001,-35.583
-0.709,-0.350,0.862,7.751,38.757,-38.330
-0.689,-0.387,0.842,8.972,38.330,-40.955
-0.650,-0.422,0.829,10.376,39.124,-44.617
-0.612,-0.457,0.831,11.292,39.917,-49.133
-0.587,-0.503,0.833,13.000,41.626,-53.162
-0.550,-0.550,0.825,14.954,45.532,-56.458
-0.507,-0.588,0.817,16.785,50.598,-59.753
-0.459,-0.614,0.823,16.541,54.871,-62.622
-0.433,-0.658,0.815,15.564,60.425,-66.162
-0.377,-0.674,0.823,13.794,64.819,-69.092
-0.356,-0.706,0.818,7.385,69.092,-72.449
-0.338,-0.727,0.782,-1.526,73.608,-76.355
-0.287,-0.740,0.721,-7.141,75.073,-78.247
-0.256,-0.749,0.649,-13.672,75.134,-80.811
-0.232,-0.736,0.601,-16.968,72.937,-82.520
-0.184,-0.716,0.598,-11.475,69.702,-83.313

0.643,-0.735,0.673,8.545,47.180,-52.185
0.747,-0.732,0.654,9.277,44.617,-48.584
0.826,-0.753,0.642,9.399,41.138,-45.471
0.935,-0.760,0.635,10.132,39.490,-43.823
1.042,-0.787,0.618,13.306,37.354,-42.908
1.129,-0.847,0.607,14.587,31.616,-41.138
1.201,-0.918,0.612,11.963,24.048,-37.170
1.230,-1.008,0.603,6.165,17.151,-29.907
1.242,-1.087,0.571,-2.014,13.123,-19.165
1.217,-1.123,0.521,-10.193,9.949,-5.554
1.148,-1.102,0.458,-17.822,5.737,9.827
1.046,-1.044,0.380,-23.743,1.160,23.743
0.970,-0.978,0.331,-25.269,-5.188,34.851
0.898,-0.917,0.327,-23.865,-13.733,43.518
0.825,-0.856,0.341,-18.066,-22.949,51.453
0.752,-0.803,0.375,-12.085,-32.227,58.533
0.664,-0.774,0.421,-9.338,-41.931,63.110
0.570,-0.752,0.480,-10.254,-51.514,66.345
0.479,-0.715,0.542,-13.550,-59.448,67.993
0.406,-0.721,0.597,-16.785,-64.087,68.970
0.341,-0.720,0.649,-18.677,-66.956,68.420
0.276,-0.721,0.714,-20.325,-70.190,70.129
0.219,-0.719,0.787,-23.132,-71.411,72.693
0.180,-0.724,0.850,-25.146,-71.167,72.998
0.154,-0.757,0.890,-26.611,-69.641,73.059
0.119,-0.771,0.902,-28.564,-66.101,74.036
0.075,-0.803,0.890,-28.442,-61.218,75.500
0.044,-0.809,0.870,-26.733,-56.458,77.637
0.027,-0.806,0.836,-26.733,-51.697,80.444
-0.014,-0.786,0.822,-27.588,-48.950,83.984
-0.059,-0.761,0.810,-27.832,-46.204,90.088
-0.121,-0.754,0.776,-26.978,-41.443,94.421
-0.140,-0.693,0.757,-21.667,-37.170,98.083
-0.178,-0.640,0.750,-16.296,-33.997,101.074
-0.232,-0.570,0.747,-12.268,-32.715,104.492
-0.292,-0.492,0.740,-7.812,-30.884,105.713
-0.342,-0.430,0.729,-4.089,-26.733,103.394
-0.390,-0.382,0.717,-1.221,-22.888,98.877
-0.418,-0.341,0.717,2.075,-21.790,93.018
-0.458,-0.315,0.717,3.235,-23.132,86.365
-0.488,-0.284,0.718,3.235,-24.353,78.613
-0.475,-0.288,0.697,3.357,-23.682,70.740
-0.465,-0.307,0.695,0.061,-24.780,64.453
-0.494,-0.307,0.699,-5.066,-28.992,61.340
-0.533,-0.301,0.703,-7.874,-31.799,58.899
-0.575,-0.288,0.706,-8.911,-32.288,56.458
-0.602,-0.304,0.712,-8.240,-31.677,53.528
-0.628,-0.331,0.727,-7.996,-31.738,50.842
-0.677,-0.333,0.759,-7.324,-33.386,48.889
-0.731,-0.327,0.807,-4.150,-34.241,46.570
-0.781,-0.321,0.877,-1.038,-34.668,42.419
-0.824,-0.312,0.959,1.099,-34.729,36.316
-0.834,-0.306,1.024,-1.709,-32.898,27.466
-0.831,-0.304,1.066,-9.705,-31.677,18.188
-0.821,-0.303,1.087,-18.677,-30.762,10.437
-0.805,-0.305,1.073,-22.583,-26.550,4.333
-0.791,-0.299,1.047,-22.339,-20.020,0.366
-0.795,-0.288,1.022,-18.555,-13.977,-0.549
-0.797,-0.271,1.004,-11.047,-8.423,-0.732
-0.797,-0.258,0.990,-2.319,-2.563,-1.526
-0.800,-0.255,0.986,6.348,2.563,-3.052
-0.807,-0.242,0.979,13.977,7.324,-5.188
-0.808,-0.238,0.958,20.569,12.329,-8.911
-0.789,-0.245,0.932,25.940,16.602,-13.428
-0.762,-0.269,0.904,30.457,18.372,-18.127
-0.733,-0.299,0.892,33.203,18.921,-22.034
-0.720,-0.333,0.882,35.095,20.203,-24.170
-0.696,-0.355,0.869,35.767,22.278,-26.489
-0.687,-0.361,0.862,34.302,24.292,-29.541
-0.667,-0.392,0.837,29.114,27.893,-34.363
-0.648,-0.423,0.803,23.254,29.968,-39.429
-0.613,-0.456,0.781,18.616,28.870,-43.518
-0.578,-0.489,0.784,14.160,27.771,-47.302
-0.557,-0.522,0.792,10.559,29.053,-50.537
-0.534,-0.553,0.786,9.583,32.654,-52.979
-0.506,-0.565,0.761,9.644,36.682,-54.443
-0.495,-0.568,0.743,11.841,38.574,-55.176
-0.443,-0.585,0.719,17.029,40.894,-55.786
-0.405,-0.598,0.713,23.743,43.213,-56.213
-0.359,-0.599,0.733,30.212,44.617,-56.519
-0.328,-0.604,0.785,35.278,46.997,-56.519
-0.305,-0.598,0.863,35.645,50.659,-57.129
-0.289,-0.593,0.917,26.001,54.016,-60.425
-0.260,-0.604,0.929,10.437,56.946,-66.406
-0.212,-0.638,0.904,-6.104,57.434,-72.144
-0.187,-0.683,0.864,-20.691,56.091,-76.904
-0.152,-0.725,0.817,-28.137,57.251,-79.529
-0.126,-0.733,0.741,-27.527,61.279,-80.017
-0.092,-0.740,0.659,-20.630,65.857,-78.369
-0.031,-0.720,0.613,-9.033,69.214,-78.003
0.040,-0.711,0.594,1.465,69.336,-76.050
0.103,-0.715,0.606,8.362,68.848,-73.669
0.185,-0.724,0.653,16.418,66.589,-73.547
0.270,-0.747,0.706,20.630,63.049,-74.402
0.351,-0.782,0.741,18.555,60.181,-76.050
0.436,-0.828,0.753,12.634,58.594,-77.576
0.514,-0.866,0.748,4.517,58.167,-76.904
0.595,-0.894,0.711,-3.540,59.204,-73.242
0.666,-0.902,0.652,-8.667,60.974,-66.467
0.709,-0.858,0.594,-9.949,62.439,-57.739
0.770,-0.775,0.546,-6.531,62.439,-50.476
0.860,-0.728,0.535,1.465,57.129,-47.119
0.942,-0.736,0.565,9.827,46.143,-46.387
1.025,-0.776,0.604,14.526,34.973,-46.265
1.108,-0.826,0.628,15.015,26.245,-44.739
1.192,-0.888,0.639,12.207,18.372,-41.016
1.259,-0.965,0.636,6.226,11.841,-34.363
1.280,-1.039,0.587,-2.930,7.812,-24.475
1.292,-1.042,0.550,-9.216,2.991,-11.841
1.278,-1.058,0.504,-12.451,-2.319,0.244
1.234,-1.074,0.440,-19.653,-5.981,12.451
1.173,-1.027,0.389,-21.973,-11.536,25.452
1.098,-0.985,0.364,-20.935,-20.386,39.246
0.994,-0.944,0.369,-20.691,-29.663,50.842
0.883,-0.912,0.385,-19.714,-37.903,60.852
0.765,-0.863,0.414,-16.907,-44.617,68.787
0.664,-0.825,0.443,-14.099,-49.072,74.280
0.581,-0.796,0.496,-11.780,-54.688,78.247
0.500,-0.774,0.563,-11.353,-62.561,80.322

-0.808,-0.456,0.802,-0.916,-39.673,51.575
-0.810,-0.438,0.829,-0.366,-37.537,47.424
-0.825,-0.419,0.859,0.427,-34.546,44.800
-0.844,-0.400,0.886,0.977,-30.823,42.542
-0.877,-0.368,0.919,0.122,-27.649,41.016
-0.913,-0.341,0.948,-0.610,-24.292,38.635
-0.922,-0.312,0.973,0.977,-20.264,34.607
-0.938,-0.289,1.012,4.333,-17.090,29.907
-0.934,-0.258,1.052,8.667,-12.939,25.024
-0.923,-0.240,1.089,15.076,-7.507,20.325
-0.909,-0.228,1.114,20.508,-1.709,15.625
-0.891,-0.182,1.135,22.888,4.456,10.864
-0.883,-0.174,1.120,21.179,11.414,4.089
-0.866,-0.180,1.094,17.761,17.090,-2.930
-0.848,-0.190,1.075,13.428,20.447,-9.949
-0.838,-0.215,1.057,9.155,24.780,-16.479
-0.823,-0.252,1.026,7.019,29.846,-20.996
-0.806,-0.273,0.992,5.859,33.752,-24.170
-0.805,-0.280,0.929,4.395,37.476,-27.222
-0.800,-0.297,0.857,4.150,40.649,-31.372
-0.776,-0.335,0.807,6.409,41.016,-36.926
-0.732,-0.383,0.777,9.644,40.039,-43.091
-0.680,-0.425,0.764,14.465,39.917,-48.523
-0.631,-0.452,0.769,21.545,42.664,-52.063
-0.583,-0.471,0.786,26.978,47.058,-54.382
-0.541,-0.484,0.800,28.076,52.246,-57.495
-0.500,-0.498,0.812,26.245,56.946,-61.218
-0.475,-0.505,0.831,20.935,60.547,-66.284
-0.431,-0.528,0.838,12.878,63.843,-72.876
-0.380,-0.573,0.820,5.371,65.369,-80.017
-0.314,-0.621,0.776,-0.610,64.941,-86.243
-0.245,-0.672,0.730,-4.639,63.354,-91.187
-0.180,-0.734,0.692,-4.700,61.768,-95.032
-0.109,-0.784,0.663,-2.380,61.523,-96.619
-0.044,-0.834,0.647,0.488,61.768,-95.032
-0.005,-0.862,0.644,1.465,62.927,-91.919
0.050,-0.864,0.629,1.343,66.162,-87.219
0.089,-0.848,0.605,0.122,68.970,-82.764
0.107,-0.834,0.590,-2.136,68.604,-79.224
0.116,-0.817,0.584,-3.662,66.162,-76.477
0.129,-0.797,0.574,-4.150,63.782,-74.890
0.165,-0.790,0.572,-3.906,60.669,-74.036
0.211,-0.785,0.580,-2.808,56.152,-73.364
0.269,-0.785,0.599,0.061,51.758,-72.876
0.342,-0.794,0.638,4.578,48.401,-72.449
0.421,-0.817,0.673,9.094,45.959,-71.594
0.489,-0.851,0.704,10.803,44.739,-69.702
0.550,-0.869,0.714,7.690,44.678,-67.261
0.614,-0.896,0.693,2.319,45.288,-63.660
0.674,-0.919,0.659,-3.479,45.349,-58.960
0.715,-0.913,0.616,-7.812,45.471,-53.650
0.779,-0.889,0.592,-6.531,45.959,-47.363
0.845,-0.865,0.586,-1.099,43.091,-40.588
0.899,-0.847,0.601,3.479,37.598,-33.997
0.949,-0.834,0.613,6.592,32.349,-28.015
0.999,-0.840,0.624,7.996,27.161,-23.132
1.048,-0.871,0.627,6.592,22.400,-19.043
1.088,-0.922,0.606,3.113,17.883,-13.367
1.125,-0.945,0.580,-2.563,12.512,-5.127
1.075,-1.009,0.509,-11.108,7.935,4.150
1.048,-0.983,0.446,-14.221,1.404,17.151
0.985,-0.948,0.389,-17.639,-5.310,29.297
0.919,-0.911,0.346,-20.020,-11.902,38.940
0.853,-0.866,0.324,-19.348,-18.433,46.631
0.779,-0.810,0.326,-17.761,-27.039,53.955
0.706,-0.755,0.353,-15.503,-35.583,58.960
0.633,-0.735,0.406,-11.719,-43.884,61.646
0.561,-0.736,0.469,-10.681,-51.697,63.171
0.493,-0.741,0.521,-12.451,-58.472,64.209
0.421,-0.743,0.575,-15.564,-64.148,66.040
0.355,-0.749,0.618,-17.700,-68.176,67.505
0.300,-0.769,0.657,-19.165,-69.336,68.848
0.245,-0.769,0.710,-20.081,-68.970,70.679
0.175,-0.808,0.751,-20.508,-67.444,72.876
0.134,-0.788,0.794,-18.066,-65.796,76.660
0.080,-0.790,0.816,-16.907,-64.148,80.200
0.016,-0.788,0.839,-17.639,-63.049,83.374
-0.042,-0.771,0.848,-17.517,-60.791,85.999
-0.080,-0.746,0.840,-16.785,-56.519,87.585
-0.112,-0.720,0.830,-17.334,-52.490,88.623
-0.158,-0.690,0.823,-16.541,-49.561,90.027
-0.205,-0.661,0.808,-14.526,-46.448,91.125
-0.259,-0.621,0.781,-13.245,-42.725,91.431
-0.306,-0.576,0.760,-13.000,-39.612,90.576
-0.376,-0.556,0.751,-12.146,-39.246,88.257
-0.414,-0.532,0.751,-11.108,-39.795,85.083
-0.461,-0.523,0.747,-9.583,-38.635,81.909
-0.502,-0.519,0.748,-7.080,-37.903,77.209
-0.540,-0.516,0.766,-5.859,-37.659,72.815
-0.573,-0.519,0.779,-5.371,-37.354,68.726
-0.605,-0.520,0.779,-7.996,-36.865,65.308
-0.639,-0.510,0.782,-10.437,-37.720,62.317
-0.674,-0.495,0.780,-12.268,-38.330,58.838
-0.703,-0.482,0.780,-13.000,-38.391,54.688
-0.730,-0.471,0.793,-11.475,-38.086,50.598
-0.750,-0.462,0.813,-8.118,-36.865,47.363
-0.762,-0.453,0.825,-3.723,-33.081,44.495
-0.769,-0.433,0.827,-0.305,-27.832,41.870
-0.775,-0.405,0.834,1.099,-24.170,39.246
-0.785,-0.379,0.840,1.526,-21.545,36.133
-0.778,-0.347,0.842,1.160,-19.104,32.715
-0.786,-0.323,0.844,0.183,-16.418,29.053
-0.792,-0.303,0.852,-1.160,-13.855,24.658
-0.795,-0.292,0.866,-1.526,-11.719,20.081
-0.798,-0.279,0.884,-1.282,-9.521,15.930
-0.789,-0.258,0.906,1.892,-6.592,12.634
-0.779,-0.233,0.919,6.226,-2.380,8.667
-0.774,-0.214,0.927,9.460,3.052,3.662
-0.762,-0.210,0.932,12.207,7.446,-1.282
-0.746,-0.228,0.950,14.160,9.705,-6.287
-0.729,-0.240,0.966,15.076,12.756,-11.230
-0.709,-0.249,0.966,15.137,18.250,-15.808
-0.701,-0.258,0.957,13.855,23.193,-20.447
-0.699,-0.264,0.948,12.268,25.879,-25.452
-0.680,-0.286,0.939,10.620,27.771,-31.860
-0.657,-0.327,0.938,8.606,28.931,-38.391
-0.625,-0.370,0.924,7.141,31.250,-43.945
-0.585,-0.415,0.893,5.554,34.302,-47.729
-0.554,-0.447,0.867,3.784,36.926,-50.171

0.546,-0.896,0.709,6.653,75.806,-72.205
0.652,-0.934,0.668,3.296,81.543,-68.848
0.751,-0.955,0.604,0.000,86.304,-63.782
0.838,-0.960,0.545,-3.113,84.900,-57.129
0.900,-0.937,0.474,-7.996,81.055,-50.659
0.945,-0.890,0.399,-12.573,76.172,-44.495
0.987,-0.844,0.330,-15.320,68.298,-38.147
1.023,-0.814,0.294,-14.343,56.946,-32.837
1.060,-0.818,0.276,-7.996,44.739,-29.114
1.101,-0.840,0.278,-1.221,33.386,-24.414
1.136,-0.858,0.291,3.784,22.095,-18.005
1.148,-0.886,0.313,7.812,11.414,-10.559
1.148,-0.932,0.322,8.423,2.380,-2.869
1.110,-0.953,0.314,4.333,-5.615,5.981
1.058,-0.952,0.277,-2.258,-13.367,15.320
0.986,-0.939,0.242,-8.850,-20.996,23.499
0.909,-0.916,0.220,-12.817,-28.503,29.663
0.851,-0.900,0.225,-13.306,-35.583,34.790
0.777,-0.879,0.277,-10.925,-45.105,39.551
0.702,-0.845,0.346,-8.606,-54.504,45.410
0.624,-0.827,0.407,-4.517,-62.073,50.110
0.557,-0.816,0.473,-0.732,-69.214,53.833
0.498,-0.828,0.552,2.441,-75.989,56.580
0.432,-0.857,0.629,4.883,-80.688,59.692
0.355,-0.860,0.692,5.127,-82.275,64.087
0.279,-0.853,0.735,2.869,-80.933,67.871
0.207,-0.841,0.772,-1.526,-78.674,70.618
0.151,-0.819,0.788,-7.141,-75.684,72.388
0.115,-0.796,0.791,-11.780,-71.350,73.914
0.074,-0.778,0.786,-13.977,-68.176,75.623
0.024,-0.755,0.766,-16.663,-65.918,77.576
-0.029,-0.730,0.741,-17.639,-64.392,78.857
-0.070,-0.718,0.717,-16.174,-63.477,79.590
-0.108,-0.709,0.707,-14.038,-63.599,80.200
-0.150,-0.689,0.712,-11.292,-64.453,80.872
-0.190,-0.666,0.724,-8.057,-64.514,81.604
-0.233,-0.640,0.744,-5.859,-63.660,82.031
-0.277,-0.611,0.764,-5.432,-62.744,81.726
-0.316,-0.582,0.774,-7.385,-61.462,80.566
-0.351,-0.564,0.778,-9.888,-59.937,78.735
-0.383,-0.555,0.789,-11.536,-58.655,77.454
-0.414,-0.533,0.799,-12.634,-56.885,76.843
-0.483,-0.540,0.797,-12.207,-54.138,76.294
-0.519,-0.526,0.806,-11.353,-50.354,75.867
-0.558,-0.523,0.809,-8.301,-46.448,74.768
-0.578,-0.522,0.818,-6.042,-43.640,72.205
-0.596,-0.517,0.820,-4.944,-40.894,69.580
-0.618,-0.500,0.807,-4.944,-38.025,66.528
-0.641,-0.476,0.774,-5.859,-34.180,63.171
-0.674,-0.454,0.751,-6.653,-32.776,58.838
-0.708,-0.435,0.726,-7.568,-32.776,53.223
-0.729,-0.427,0.716,-7.812,-33.508,46.631
-0.740,-0.429,0.744,-6.165,-34.851,40.649
-0.753,-0.433,0.785,-2.441,-35.583,36.011
-0.759,-0.424,0.822,0.977,-34.241,32.776
-0.758,-0.411,0.857,4.333,-31.067,30.457
-0.765,-0.400,0.882,7.202,-27.100,28.931
-0.776,-0.384,0.907,9.338,-23.499,27.527
-0.786,-0.364,0.939,11.047,-19.531,25.818
-0.786,-0.345,0.961,11.902,-14.404,22.827
-0.781,-0.329,0.979,9.766,-9.460,18.188
-0.781,-0.310,0.994,6.409,-5.798,12.817
-0.783,-0.298,0.994,3.296,-2.136,7.080
-0.764,-0.303,0.990,1.953,2.258,0.916
-0.736,-0.313,0.985,1.282,6.958,-4.089
-0.712,-0.317,0.972,1.282,12.329,-8.240
-0.698,-0.317,0.946,2.197,17.639,-11.414
-0.677,-0.330,0.917,3.540,21.667,-14.587
-0.657,-0.334,0.897,4.150,23.682,-17.944
-0.644,-0.348,0.878,4.211,25.146,-22.095
-0.618,-0.376,0.847,4.822,28.748,-26.489
-0.578,-0.406,0.828,6.042,31.433,-30.762
-0.548,-0.431,0.822,6.226,32.349,-33.936
-0.524,-0.466,0.809,6.836,34.729,-36.499
-0.493,-0.501,0.790,8.057,39.124,-38.208
-0.460,-0.528,0.774,9.888,42.297,-39.612
-0.430,-0.543,0.761,11.353,44.800,-40.344
-0.397,-0.560,0.750,13.733,47.852,-41.382
-0.359,-0.579,0.742,17.029,50.354,-42.664
-0.322,-0.594,0.749,19.592,51.453,-44.312
-0.305,-0.613,0.747,21.973,52.307,-46.570
-0.275,-0.631,0.748,23.437,52.734,-50.049
-0.250,-0.653,0.768,21.851,52.124,-54.260
-0.226,-0.674,0.792,18.250,51.941,-57.129
-0.205,-0.692,0.799,14.343,55.054,-58.716
-0.179,-0.692,0.786,9.399,59.937,-59.875
-0.172,-0.663,0.783,4.456,63.843,-59.875
-0.155,-0.647,0.779,0.610,66.650,-61.890
-0.137,-0.657,0.772,-2.625,66.467,-66.284
-0.108,-0.672,0.765,-5.615,63.416,-70.557
-0.087,-0.697,0.754,-7.507,61.462,-73.608
-0.054,-0.723,0.734,-6.592,62.012,-74.646
-0.017,-0.750,0.701,-5.310,63.416,-73.486
0.017,-0.765,0.674,-6.409,63.599,-70.496
0.058,-0.778,0.671,-6.287,62.073,-67.322
0.097,-0.794,0.676,-4.028,61.584,-64.087
0.139,-0.814,0.681,-1.892,62.866,-60.242
0.180,-0.820,0.687,-1.038,63.721,-55.969
0.215,-0.826,0.683,-1.099,64.697,-51.636
0.251,-0.825,0.665,-2.380,66.101,-46.936
0.281,-0.808,0.641,-4.089,67.383,-42.053
0.315,-0.774,0.618,-4.944,68.787,-37.964
0.359,-0.735,0.591,-3.662,69.763,-35.950
0.432,-0.703,0.568,-2.319,69.336,-36.621
0.511,-0.687,0.548,-1.526,66.528,-39.368
0.603,-0.711,0.533,-1.038,62.073,-42.786
0.687,-0.750,0.527,-1.465,55.420,-45.227
0.772,-0.802,0.521,-2.441,48.157,-45.898
0.850,-0.852,0.520,-4.761,41.199,-44.556
0.928,-0.903,0.511,-8.240,34.241,-41.016
0.999,-0.945,0.485,-10.559,28.076,-35.400
1.072,-0.968,0.458,-11.230,22.339,-28.076
1.129,-0.991,0.435,-10.498,15.930,-19.531
1.145,-1.012,0.407,-8.606,8.850,-9.766
1.129,-1.016,0.371,-7.996,2.502,1.282
1.084,-0.999,0.325,-9.277,-2.502,13.184
1.007,-0.963,0.285,-11.353,-9.827,24.475
0.918,-0.923,0.266,-12.939,-20.081,33.325
0.840,-0.880,0.275,-12.878,-30.273,39.795

-0.817,-0.383,0.809,6.958,-22.705,25.696
-0.806,-0.375,0.820,6.653,-19.287,20.325
-0.799,-0.375,0.835,5.737,-16.113,15.076
-0.795,-0.384,0.864,5.249,-13.000,10.071
-0.783,-0.398,0.905,5.249,-9.888,5.432
-0.773,-0.401,0.948,6.104,-6.836,1.343
-0.774,-0.396,0.978,7.263,-2.319,-1.709
-0.769,-0.391,0.989,8.484,3.906,-5.066
-0.752,-0.381,0.993,10.315,9.766,-9.338
-0.734,-0.380,0.993,11.292,14.709,-13.916
-0.718,-0.390,0.984,11.169,19.226,-18.677
-0.698,-0.410,0.966,11.108,23.315,-23.254
-0.670,-0.441,0.948,10.559,26.855,-27.832
-0.637,-0.475,0.939,8.789,29.053,-31.433
-0.614,-0.495,0.936,6.897,31.250,-33.936
-0.589,-0.508,0.918,5.615,35.889,-36.011
-0.564,-0.513,0.880,4.272,42.114,-37.842
-0.541,-0.514,0.845,3.479,46.509,-40.100
-0.509,-0.512,0.815,3.601,49.744,-43.152
-0.475,-0.520,0.791,4.639,52.307,-46.936
-0.430,-0.537,0.772,5.859,53.833,-50.781
-0.388,-0.554,0.761,7.629,54.565,-54.504
-0.349,-0.581,0.756,9.888,55.908,-58.350
-0.309,-0.615,0.750,10.864,57.739,-62.317
-0.274,-0.660,0.751,10.864,58.716,-64.331
-0.245,-0.679,0.758,9.033,59.143,-63.965
-0.222,-0.693,0.767,8.301,61.707,-62.866
-0.202,-0.693,0.761,7.141,66.467,-61.829
-0.183,-0.683,0.745,4.944,69.885,-61.646
-0.172,-0.670,0.723,1.831,71.411,-63.049
-0.155,-0.656,0.686,-1.892,72.266,-65.613
-0.121,-0.647,0.642,-5.371,72.327,-68.726
-0.073,-0.650,0.612,-7.751,70.740,-70.984
-0.038,-0.661,0.617,-7.935,66.956,-72.205
-0.001,-0.682,0.631,-5.249,64.148,-72.754
0.014,-0.698,0.640,-1.648,64.575,-72.083
0.027,-0.704,0.650,2.075,65.796,-70.984
0.038,-0.723,0.650,5.249,67.017,-69.824
0.055,-0.744,0.651,6.165,68.115,-68.909
0.084,-0.752,0.654,6.104,68.787,-67.444
0.128,-0.747,0.656,5.188,69.641,-65.308
0.184,-0.738,0.636,2.991,70.923,-63.110
0.235,-0.728,0.622,0.671,70.984,-61.096
0.293,-0.720,0.629,-0.427,69.153,-59.875
0.355,-0.714,0.631,-0.732,66.467,-58.838
0.417,-0.706,0.637,-0.732,63.782,-58.472
0.494,-0.710,0.643,0.061,61.096,-58.960
0.583,-0.723,0.648,0.671,58.655,-59.448
0.677,-0.758,0.646,1.343,55.603,-59.631
0.784,-0.810,0.648,2.014,50.781,-59.570
0.900,-0.873,0.637,1.160,44.678,-58.716
1.009,-0.957,0.613,-0.366,37.659,-56.702
1.103,-1.036,0.592,-1.648,30.396,-51.941
1.168,-1.101,0.549,-4.517,24.719,-43.274
1.210,-1.139,0.499,-9.216,20.264,-31.494
1.225,-1.157,0.448,-13.550,15.015,-17.700
1.204,-1.151,0.401,-18.494,8.057,-3.357
1.146,-1.132,0.350,-21.240,0.000,10.071
1.088,-1.105,0.323,-21.484,-8.118,22.766
1.021,-1.076,0.305,-19.897,-17.639,34.241
0.944,-1.052,0.311,-18.005,-27.405,43.579
0.856,-1.033,0.336,-15.808,-36.682,51.697
0.780,-1.014,0.370,-14.343,-44.678,58.533
0.696,-1.003,0.414,-13.184,-52.673,64.453
0.605,-0.986,0.469,-13.916,-60.242,69.763
0.519,-0.963,0.519,-15.137,-65.796,74.341
0.434,-0.938,0.563,-17.639,-69.336,78.308
0.363,-0.903,0.614,-18.982,-72.083,81.604
0.305,-0.880,0.675,-18.127,-72.327,83.984
0.242,-0.873,0.721,-16.785,-70.679,86.304
0.182,-0.864,0.740,-17.090,-68.176,89.233
0.124,-0.850,0.744,-18.005,-65.247,91.431
0.082,-0.824,0.735,-18.982,-62.622,92.957
0.046,-0.802,0.720,-20.691,-60.059,93.933
0.015,-0.780,0.694,-22.644,-58.411,94.727
-0.026,-0.754,0.675,-24.475,-57.556,96.130
-0.071,-0.725,0.655,-24.841,-55.908,98.022
-0.130,-0.689,0.638,-24.597,-54.260,100.891
-0.192,-0.651,0.640,-22.278,-53.528,103.455
-0.254,-0.615,0.655,-16.968,-52.246,105.835
-0.313,-0.577,0.674,-9.766,-49.561,106.934
-0.366,-0.539,0.696,-3.479,-45.898,106.506
-0.421,-0.510,0.711,0.610,-42.480,104.675
-0.462,-0.484,0.710,2.563,-39.490,101.379
-0.506,-0.471,0.719,-0.122,-37.964,96.802
-0.530,-0.476,0.724,-5.371,-38.879,89.966
-0.536,-0.493,0.713,-13.794,-40.039,85.632
-0.557,-0.495,0.716,-18.372,-41.016,81.482
-0.577,-0.483,0.710,-20.203,-39.368,79.468
-0.616,-0.468,0.703,-19.165,-36.255,77.209
-0.663,-0.442,0.695,-16.174,-33.752,74.219
-0.702,-0.423,0.682,-12.146,-31.982,69.031
-0.730,-0.418,0.684,-9.155,-32.104,62.134
-0.761,-0.429,0.708,-6.287,-34.058,54.504
-0.792,-0.449,0.760,-3.418,-35.156,47.852
-0.817,-0.461,0.806,-0.732,-34.241,42.542
-0.828,-0.455,0.834,2.075,-31.128,39.001
-0.842,-0.433,0.862,4.333,-28.137,37.109
-0.866,-0.403,0.887,6.836,-25.146,35.706
-0.880,-0.369,0.913,8.972,-21.667,33.508
-0.892,-0.334,0.943,11.230,-17.273,30.518
-0.897,-0.296,0.972,14.343,-12.329,26.917
-0.902,-0.254,1.000,15.808,-7.874,22.339
-0.908,-0.220,1.020,15.991,-3.418,16.052
-0.932,-0.206,1.021,15.198,1.465,7.996
-0.951,-0.193,1.013,15.015,4.150,0.366
-0.930,-0.185,1.028,18.372,4.700,-7.263
-0.938,-0.218,1.027,12.268,10.925,-18.433
-0.906,-0.260,1.025,10.742,15.137,-27.100
-0.887,-0.288,1.023,10.437,18.005,-33.813
-0.877,-0.329,1.003,7.935,22.278,-39.063
-0.851,-0.372,0.975,7.080,26.062,-44.006
-0.824,-0.423,0.932,6.775,28.748,-48.706
-0.800,-0.474,0.886,7.019,30.823,-52.246
-0.759,-0.516,0.842,7.141,32.898,-55.420
-0.739,-0.554,0.804,7.019,34.790,-57.861
-0.713,-0.596,0.782,8.362,37.964,-61.279
-0.661,-0.637,0.763,10.803,42.603,-65.674
-0.599,-0.665,0.748,13.184,46.631,-68.848

-0.506,-0.731,0.768,22.705,56.702,-70.374
-0.480,-0.704,0.766,31.311,65.247,-70.862
-0.480,-0.700,0.763,35.156,72.571,-71.594
-0.452,-0.693,0.769,34.241,78.064,-76.660
-0.398,-0.696,0.783,28.137,81.665,-85.510
-0.344,-0.715,0.769,12.878,82.642,-95.947
-0.291,-0.746,0.743,-4.761,81.116,-106.934
-0.209,-0.776,0.676,-19.531,80.078,-116.150
-0.156,-0.808,0.595,-30.212,79.712,-121.887
-0.068,-0.844,0.490,-31.982,79.895,-125.183
0.023,-0.870,0.410,-27.771,79.529,-125.000
0.189,-0.863,0.352,-17.700,78.247,-122.131
0.321,-0.886,0.358,-3.723,77.942,-120.544
0.537,-0.930,0.367,12.268,77.454,-119.324
0.722,-1.021,0.403,25.208,72.510,-115.784
0.880,-1.100,0.451,32.898,67.871,-108.093
1.037,-1.155,0.485,37.048,67.200,-97.290
1.194,-1.172,0.505,37.476,66.650,-85.510
1.369,-1.148,0.519,35.278,64.331,-74.768
1.552,-1.142,0.551,34.729,57.434,-67.993
1.714,-1.191,0.595,32.776,46.143,-64.087
1.878,-1.254,0.650,25.696,34.485,-60.974
2.057,-1.305,0.661,15.625,23.499,-57.434
2.224,-1.373,0.642,2.197,14.709,-51.025
2.368,-1.431,0.596,-9.827,5.737,-39.856
2.419,-1.540,0.543,-21.484,-3.418,-23.743
2.421,-1.644,0.469,-31.311,-10.986,-3.479
2.356,-1.698,0.347,-42.725,-18.250,23.987
2.212,-1.673,0.208,-51.758,-27.161,56.213
1.987,-1.602,0.080,-56.274,-37.048,88.257
1.724,-1.490,-0.003,-55.603,-46.265,115.540
1.411,-1.371,-0.062,-49.744,-55.542,137.207
1.066,-1.247,-0.103,-42.664,-68.115,152.527
0.734,-1.123,-0.114,-38.757,-82.520,161.011
0.430,-1.049,-0.068,-36.194,-98.999,161.011
0.122,-1.010,0.051,-37.231,-116.516,155.762
-0.152,-1.003,0.190,-40.833,-129.395,148.010
-0.407,-1.013,0.314,-46.997,-135.315,139.282
-0.634,-1.040,0.418,-53.223,-135.559,132.812
-0.813,-1.022,0.502,-57.190,-130.798,129.456
-0.947,-0.977,0.571,-54.138,-122.375,127.502
-1.045,-0.921,0.625,-46.570,-110.962,127.686
-1.120,-0.844,0.666,-36.194,-98.572,126.892
-1.190,-0.795,0.708,-26.672,-87.402,125.610
-1.263,-0.751,0.756,-20.447,-76.843,124.207
-1.344,-0.715,0.791,-15.930,-64.209,122.620
-1.383,-0.663,0.808,-14.954,-51.147,120.972
-1.532,-0.633,0.794,-11.902,-40.527,116.089
-1.552,-0.549,0.776,-12.207,-31.494,113.464
-1.616,-0.496,0.759,-6.836,-27.161,103.943
-1.648,-0.434,0.758,-7.385,-25.085,95.032
-1.646,-0.318,0.790,-4.395,-25.940,85.693
-1.651,-0.251,0.802,-5.432,-23.376,72.998
-1.649,-0.208,0.785,-8.850,-20.325,61.035
-1.630,-0.081,0.809,-7.141,-20.142,52.185
-1.622,0.000,0.829,-2.869,-17.395,42.419
-1.597,0.064,0.889,3.906,-12.817,32.288
-1.576,0.146,0.995,14.282,-11.292,23.804
-1.557,0.191,1.059,21.851,-6.897,13.977
-1.517,0.199,1.100,24.231,2.380,1.099
-1.451,0.210,1.123,26.489,10.132,-12.146
-1.416,0.196,1.135,25.879,15.808,-24.963
-1.357,0.170,1.106,24.719,24.353,-37.964
-1.285,0.121,1.041,24.048,33.813,-50.659
-1.234,0.081,0.990,20.935,40.588,-62.012
-1.198,0.037,0.938,16.357,45.044,-73.425
-1.156,-0.037,0.850,10.559,50.903,-86.304
-1.110,-0.130,0.745,5.005,55.725,-99.976
-1.044,-0.238,0.655,2.075,58.472,-114.380
-0.974,-0.356,0.596,2.441,59.692,-126.587
-0.911,-0.481,0.563,5.859,60.791,-136.780
-0.821,-0.606,0.542,11.475,63.782,-145.508
-0.699,-0.704,0.524,16.846,67.383,-151.855
-0.585,-0.849,0.500,18.372,70.435,-155.151
-0.475,-0.966,0.500,22.095,71.960,-152.710
-0.373,-1.083,0.498,28.198,75.439,-148.437
-0.276,-1.164,0.484,34.424,81.482,-144.348
-0.229,-1.227,0.494,35.339,88.013,-136.108
-0.200,-1.242,0.509,32.532,96.008,-127.136
-0.167,-1.239,0.534,25.879,104.126,-121.033
-0.123,-1.211,0.546,12.329,108.704,-116.699
-0.046,-1.179,0.548,-5.310,110.168,-114.075
0.044,-1.131,0.554,-21.362,110.291,-112.305
0.170,-1.054,0.552,-31.799,110.107,-110.046
0.320,-0.970,0.560,-32.654,109.924,-110.657
0.519,-0.951,0.598,-24.170,107.605,-113.159
0.736,-0.995,0.667,-13.794,101.868,-116.882
0.962,-1.080,0.708,-4.822,95.398,-118.713
1.195,-1.181,0.713,1.526,92.407,-116.577
1.446,-1.258,0.697,7.019,88.867,-111.511
1.677,-1.339,0.669,11.353,82.886,-101.685
1.877,-1.415,0.646,13.672,74.402,-90.942
2.049,-1.515,0.617,10.315,65.918,-80.627
2.155,-1.630,0.594,3.540,52.856,-67.139
2.251,-1.724,0.560,-6.226,37.170,-49.316
2.270,-1.826,0.492,-21.301,24.048,-31.250
2.217,-1.883,0.401,-35.950,10.925,-7.324
2.111,-1.855,0.293,-43.091,0.549,22.583
1.929,-1.773,0.173,-45.471,-7.629,54.871
1.695,-1.659,0.099,-41.321,-17.822,83.923
1.442,-1.540,0.052,-32.166,-29.724,109.253
1.177,-1.394,0.039,-22.400,-42.969,129.944
0.942,-1.252,0.054,-14.465,-57.556,145.081
0.723,-1.114,0.110,-8.728,-72.327,155.090
0.542,-1.009,0.162,-4.761,-84.961,159.668
0.365,-0.925,0.237,-2.380,-96.313,161.255
0.189,-0.842,0.322,-1.221,-105.408,160.461
0.037,-0.804,0.402,-1.038,-111.206,157.043
-0.096,-0.794,0.469,-5.493,-114.624,152.588
-0.223,-0.780,0.538,-14.160,-116.882,148.193
-0.320,-0.777,0.574,-23.437,-116.699,142.822
-0.400,-0.771,0.587,-30.396,-114.197,137.939
-0.467,-0.756,0.592,-33.264,-110.901,134.460
-0.522,-0.731,0.588,-33.081,-107.544,131.287
-0.565,-0.726,0.586,-30.884,-104.797,128.418
-0.631,-0.726,0.607,-26.978,-102.234,125.610
-0.710,-0.730,0.643,-21.790,-98.389,124.573
-0.795,-0.726,0.677,-15.747,-92.590,124.634
-0.862,-0.708,0.717,-9.766,-85.815,123.840

-0.960,-0.629,0.782,-4.822,-73.669,124.268
-1.014,-0.597,0.811,0.244,-67.810,124.207
-1.074,-0.555,0.818,-1.587,-60.120,128.479
-1.197,-0.501,0.813,2.991,-52.612,128.357
-1.277,-0.411,0.793,4.944,-43.335,128.235
-1.398,-0.334,0.783,7.080,-37.476,120.972
-1.498,-0.248,0.778,5.249,-36.072,107.727
-1.562,-0.181,0.779,3.845,-37.109,90.759
-1.591,-0.136,0.802,1.221,-38.940,71.655
-1.575,-0.125,0.843,0.061,-39.429,52.917
-1.536,-0.122,0.906,3.052,-39.246,36.804
-1.473,-0.107,0.965,8.362,-35.400,25.513
-1.432,-0.081,1.018,15.869,-28.076,17.212
-1.398,-0.049,1.081,24.963,-19.287,10.498
-1.360,-0.017,1.146,32.471,-10.376,4.028
-1.335,-0.020,1.192,36.987,-1.343,-3.479
-1.305,-0.040,1.215,34.546,10.315,-13.733
-1.255,-0.055,1.211,30.457,20.935,-24.963
-1.205,-0.071,1.182,22.583,29.480,-36.804
-1.152,-0.101,1.112,12.329,38.940,-49.438
-1.089,-0.153,1.009,3.479,48.950,-61.768
-1.022,-0.213,0.896,-4.211,55.542,-72.693
-0.962,-0.262,0.798,-10.193,58.655,-81.543
-0.895,-0.323,0.711,-12.085,61.157,-88.379
-0.826,-0.383,0.629,-10.498,64.697,-93.323
-0.770,-0.445,0.551,-5.981,67.688,-96.008
-0.721,-0.501,0.485,1.099,70.313,-97.412
-0.669,-0.545,0.442,10.193,72.937,-98.450
-0.632,-0.586,0.430,20.142,75.378,-99.548
-0.609,-0.637,0.426,28.259,77.576,-100.647
-0.591,-0.687,0.430,34.485,78.735,-101.990
-0.586,-0.751,0.448,38.452,79.041,-103.577
-0.587,-0.797,0.481,39.307,79.102,-106.262
-0.575,-0.834,0.514,38.879,80.078,-109.802
-0.543,-0.864,0.537,35.156,82.886,-113.037
-0.498,-0.879,0.553,26.855,85.632,-115.356
-0.451,-0.887,0.573,18.311,88.867,-117.676
-0.394,-0.912,0.571,10.559,93.140,-120.117
-0.319,-0.920,0.566,3.784,97.229,-121.582
-0.215,-0.908,0.563,1.587,101.624,-122.498
-0.071,-0.906,0.542,3.113,106.140,-124.329
0.128,-0.939,0.513,6.531,108.215,-127.197
0.373,-1.016,0.527,13.733,104.553,-131.531
0.621,-1.121,0.586,21.484,98.267,-135.254
0.839,-1.270,0.637,25.208,94.055,-134.766
0.998,-1.421,0.646,21.912,93.445,-128.418
1.155,-1.520,0.633,19.043,93.750,-116.882
1.322,-1.572,0.591,20.081,91.614,-100.464
1.494,-1.567,0.555,21.423,86.304,-85.999
1.651,-1.537,0.522,17.883,77.576,-72.754
1.802,-1.524,0.529,11.230,64.209,-61.401
1.947,-1.535,0.560,8.118,47.974,-50.964
2.006,-1.594,0.567,-1.526,34.363,-38.269
1.986,-1.600,0.572,-10.620,21.973,-20.142
1.952,-1.557,0.533,-16.541,12.146,4.272
1.812,-1.498,0.440,-28.687,7.935,29.968
1.603,-1.384,0.341,-40.344,1.404,55.359
1.407,-1.252,0.252,-46.509,-5.981,76.294
1.213,-1.124,0.184,-48.157,-15.686,91.919
1.033,-0.994,0.166,-43.945,-29.785,103.271
0.887,-0.899,0.185,-35.156,-44.250,108.765
0.757,-0.830,0.259,-25.574,-58.167,110.474
0.648,-0.810,0.346,-18.677,-70.557,109.619
0.544,-0.825,0.427,-16.846,-79.590,107.727
0.434,-0.846,0.471,-19.775,-84.534,106.750
0.327,-0.858,0.484,-24.780,-85.266,106.873
0.221,-0.855,0.494,-29.968,-84.473,107.971
0.139,-0.835,0.498,-33.447,-84.290,108.765
0.070,-0.830,0.508,-33.142,-85.083,109.192
0.010,-0.833,0.517,-31.860,-86.426,110.352
-0.050,-0.811,0.528,-30.701,-88.013,113.159
-0.134,-0.781,0.533,-28.870,-87.341,116.394
-0.220,-0.735,0.530,-26.184,-85.327,119.080
-0.327,-0.703,0.538,-22.095,-83.740,120.117
-0.446,-0.676,0.559,-17.151,-82.520,120.239
-0.534,-0.629,0.578,-12.451,-79.956,119.202
-0.632,-0.604,0.590,-7.690,-77.271,116.577
-0.703,-0.543,0.626,-2.075,-75.134,114.319
-0.796,-0.501,0.634,-0.977,-70.129,109.863
-0.856,-0.467,0.640,-0.244,-65.735,104.492
-0.899,-0.427,0.688,-1.770,-63.721,98.694
-0.998,-0.421,0.745,-0.366,-64.270,90.515
-1.017,-0.397,0.777,-2.136,-58.960,86.548
-1.071,-0.388,0.807,0.854,-52.856,79.834
-1.092,-0.350,0.836,1.709,-47.913,73.059
-1.100,-0.328,0.860,4.333,-45.044,64.026
-1.086,-0.322,0.888,2.808,-43.335,54.810
-1.121,-0.336,0.913,-0.427,-42.908,46.387
-1.169,-0.347,0.909,-3.784,-38.940,39.490
-1.198,-0.352,0.891,-6.042,-31.677,32.593
-1.219,-0.355,0.878,-7.812,-26.855,25.574
-1.237,-0.356,0.880,-9.521,-23.193,18.494
-1.244,-0.358,0.907,-8.728,-20.081,12.146
-1.229,-0.365,0.938,-4.700,-15.625,6.714
-1.205,-0.360,0.970,0.488,-9.521,2.808
-1.192,-0.343,0.979,6.531,-2.502,-0.366
-1.163,-0.315,0.971,10.986,5.554,-3.784
-1.119,-0.284,0.960,15.320,12.512,-8.484
-1.078,-0.279,0.940,18.921,18.188,-13.367
-1.017,-0.233,0.936,22.217,22.522,-17.334
-0.995,-0.242,0.897,23.743,28.564,-22.400
-0.950,-0.249,0.852,20.813,36.316,-28.625
-0.901,-0.256,0.810,20.081,39.673,-34.851
-0.849,-0.268,0.773,16.785,40.833,-41.748
-0.782,-0.298,0.737,14.343,42.542,-48.218
-0.722,-0.327,0.716,13.916,44.556,-53.223
-0.659,-0.352,0.705,15.259,47.485,-57.922
-0.595,-0.379,0.713,17.822,50.476,-63.171
-0.532,-0.413,0.732,20.874,53.040,-69.275
-0.454,-0.457,0.761,22.583,55.725,-75.562
-0.397,-0.525,0.786,20.203,58.044,-82.092
-0.340,-0.597,0.779,13.489,60.730,-88.196
-0.278,-0.669,0.727,5.127,62.378,-92.773
-0.244,-0.738,0.691,-3.540,60.974,-94.971
-0.201,-0.800,0.644,-9.399,60.730,-94.604
-0.149,-0.839,0.592,-12.817,62.805,-92.285
-0.073,-0.839,0.535,-11.353,66.528,-87.891
0.004,-0.830,0.491,-6.104,69.763,-82.642
0.073,-0.820,0.477,3.174,70.374,-77.820

0.709,-0.850,0.622,8.972,55.908,-56.580
0.793,-0.855,0.675,13.062,49.133,-53.894
0.867,-0.868,0.730,17.090,42.908,-50.720
0.932,-0.891,0.769,18.555,38.696,-45.959
0.994,-0.918,0.800,18.616,34.363,-39.917
1.042,-0.944,0.816,17.151,30.029,-33.081
1.080,-0.948,0.823,13.794,26.794,-25.574
1.094,-0.983,0.784,7.202,24.658,-18.372
1.099,-0.965,0.731,-1.343,20.508,-10.437
1.073,-0.971,0.673,-7.507,12.451,-1.587
1.005,-0.967,0.613,-15.198,5.127,6.653
0.926,-0.968,0.560,-21.423,-0.916,14.526
0.842,-0.969,0.518,-25.879,-7.629,22.644
0.740,-0.953,0.485,-28.809,-15.808,31.433
0.642,-0.927,0.467,-28.320,-23.865,39.795
0.552,-0.903,0.467,-24.414,-31.677,47.058
0.466,-0.885,0.497,-19.348,-40.039,53.162
0.389,-0.866,0.542,-13.672,-46.997,58.411
0.326,-0.844,0.585,-9.216,-52.002,63.232
0.261,-0.826,0.620,-7.019,-54.626,66.956
0.197,-0.801,0.647,-7.446,-55.908,70.007
0.133,-0.773,0.675,-8.362,-56.458,71.960
0.075,-0.749,0.699,-10.010,-56.213,72.815
0.019,-0.745,0.709,-14.404,-55.115,72.510
-0.027,-0.740,0.719,-19.836,-55.237,72.327
-0.062,-0.736,0.732,-22.888,-55.298,72.754
-0.093,-0.725,0.745,-23.437,-53.650,73.853
-0.127,-0.701,0.741,-21.729,-50.537,76.111
-0.155,-0.668,0.731,-17.822,-47.180,78.552
-0.184,-0.643,0.722,-13.916,-44.312,80.444
-0.226,-0.621,0.716,-11.169,-41.992,81.970
-0.271,-0.594,0.710,-9.277,-40.405,82.642
-0.302,-0.572,0.694,-8.362,-38.635,81.726
-0.330,-0.555,0.698,-8.545,-38.513,80.261
-0.355,-0.539,0.710,-9.644,-38.940,78.613
-0.364,-0.519,0.713,-11.536,-38.086,76.782
-0.376,-0.495,0.727,-13.306,-36.926,75.134
-0.405,-0.463,0.734,-13.794,-34.607,74.036
-0.427,-0.432,0.726,-13.611,-30.579,72.388
-0.473,-0.425,0.717,-13.184,-27.710,69.275
-0.501,-0.414,0.721,-12.024,-27.161,65.186
-0.522,-0.420,0.732,-10.498,-26.123,60.303
-0.528,-0.432,0.748,-8.789,-25.696,54.443
-0.534,-0.435,0.761,-8.057,-25.085,50.110
-0.536,-0.423,0.761,-7.141,-23.071,46.387
-0.541,-0.411,0.746,-6.470,-20.569,42.419
-0.553,-0.399,0.733,-7.507,-19.592,38.269
-0.567,-0.390,0.732,-8.240,-19.836,33.203
-0.576,-0.394,0.737,-7.629,-18.982,27.649
-0.580,-0.406,0.758,-5.371,-18.372,22.217
-0.572,-0.423,0.789,-2.075,-18.555,17.395
-0.561,-0.429,0.823,1.404,-17.822,13.489
-0.548,-0.428,0.846,5.188,-14.771,10.864
-0.549,-0.427,0.863,8.606,-10.803,9.216
-0.559,-0.423,0.884,11.475,-7.751,7.935
-0.564,-0.414,0.908,13.000,-5.066,6.104
-0.561,-0.421,0.934,12.695,-3.113,3.357
-0.566,-0.426,0.961,10.620,-1.465,0.366
-0.564,-0.431,0.974,9.705,1.770,-2.258
-0.555,-0.441,0.979,9.644,6.775,-5.493
-0.543,-0.451,0.982,9.155,10.864,-8.850
-0.531,-0.458,0.973,9.094,15.076,-11.780
-0.513,-0.463,0.948,9.155,19.836,-15.137
-0.490,-0.476,0.922,8.484,23.621,-18.738
-0.471,-0.492,0.907,7.568,25.208,-22.461
-0.436,-0.506,0.894,7.263,26.855,-25.940
-0.397,-0.522,0.885,7.507,29.114,-28.992
-0.366,-0.539,0.873,6.958,31.128,-30.823
-0.346,-0.553,0.860,5.859,33.875,-31.982
-0.329,-0.564,0.844,4.761,36.865,-32.837
-0.314,-0.574,0.828,4.517,39.734,-33.508
-0.300,-0.579,0.815,5.676,42.419,-33.997
-0.277,-0.582,0.808,7.019,44.739,-34.607
-0.257,-0.589,0.816,8.850,46.448,-35.828
-0.214,-0.598,0.824,11.658,48.218,-37.170
-0.170,-0.613,0.822,13.123,50.598,-38.147
-0.127,-0.627,0.819,11.963,53.223,-38.391
-0.096,-0.637,0.808,9.216,55.603,-37.781
-0.072,-0.643,0.774,4.639,59.082,-36.316
-0.054,-0.634,0.726,-0.671,62.561,-34.851
-0.035,-0.613,0.684,-4.639,63.660,-33.264
-0.040,-0.588,0.624,-6.592,63.477,-32.776
-0.057,-0.570,0.574,-8.301,61.462,-34.851
-0.042,-0.550,0.553,-10.559,57.922,-35.400
-0.040,-0.547,0.561,-8.545,52.795,-35.583
-0.039,-0.545,0.581,-3.174,48.035,-37.354
-0.032,-0.551,0.616,2.258,45.593,-38.452
-0.025,-0.559,0.653,7.568,44.922,-39.551
-0.004,-0.580,0.688,12.390,44.922,-41.077
0.017,-0.606,0.712,14.832,43.823,-42.358
0.047,-0.638,0.721,13.977,42.786,-43.640
0.088,-0.669,0.718,10.437,43.152,-44.861
0.143,-0.701,0.712,7.080,44.128,-45.959
0.201,-0.728,0.696,3.723,45.105,-45.898
0.234,-0.747,0.677,-0.244,45.593,-44.678
0.270,-0.753,0.641,-2.869,45.593,-42.725
0.303,-0.757,0.609,-4.883,44.800,-40.649
0.329,-0.766,0.597,-5.981,41.504,-38.818
0.362,-0.777,0.601,-5.859,36.926,-36.316
0.390,-0.778,0.605,-4.517,32.654,-32.715
0.430,-0.775,0.599,-2.441,29.602,-27.405
0.465,-0.770,0.600,2.991,26.062,-24.231
0.493,-0.770,0.621,6.714,20.935,-20.996
0.513,-0.770,0.659,8.362,15.015,-18.982
0.543,-0.780,0.694,7.751,10.620,-17.456
0.571,-0.795,0.708,4.211,7.935,-14.893
0.592,-0.816,0.700,-1.892,6.592,-11.475
0.594,-0.834,0.681,-7.874,5.005,-7.263
0.574,-0.837,0.651,-13.123,2.563,-2.686
0.539,-0.843,0.615,-16.663,-0.244,1.038
0.504,-0.849,0.589,-18.188,-4.700,4.639
0.471,-0.844,0.582,-17.700,-10.437,9.155
0.441,-0.837,0.583,-14.099,-15.320,14.465
0.414,-0.823,0.594,-8.789,-19.348,20.752
0.382,-0.806,0.616,-3.235,-22.827,26.917
0.349,-0.780,0.646,0.793,-25.696,32.227
0.312,-0.760,0.668,1.282,-27.771,35.706
0.282,-0.743,0.679,-0.549,-28.992,37.476
0.245,-0.734,0.674,-3.967,-31.250,37.720

0.573,-0.807,0.695,-4.639,21.851,-24.780
0.640,-0.835,0.690,-9.705,17.151,-24.475
0.697,-0.884,0.684,-14.221,12.451,-23.010
0.738,-0.935,0.659,-19.226,9.155,-19.287
0.760,-0.975,0.620,-24.475,7.324,-12.939
0.760,-0.996,0.561,-28.625,5.432,-5.615
0.770,-0.986,0.490,-30.640,2.747,1.465
0.796,-0.970,0.438,-29.724,-1.709,8.911
0.831,-0.986,0.414,-25.330,-8.972,15.198
0.861,-0.998,0.415,-20.203,-17.639,22.217
0.897,-0.979,0.415,-15.625,-25.085,29.541
0.932,-0.966,0.419,-11.902,-31.982,36.682
0.949,-0.978,0.437,-9.399,-39.490,42.786
0.951,-0.990,0.453,-9.949,-46.265,48.584
0.925,-1.009,0.453,-13.489,-51.514,55.664
0.864,-1.022,0.436,-19.287,-56.091,64.636
0.785,-1.006,0.419,-25.330,-59.326,74.219
0.681,-1.001,0.384,-29.480,-60.181,83.557
0.528,-0.982,0.343,-32.532,-61.829,93.079
0.358,-0.943,0.315,-32.349,-65.674,102.173
0.188,-0.898,0.299,-27.405,-69.336,109.192
0.024,-0.840,0.329,-19.287,-74.951,115.112
-0.148,-0.793,0.406,-10.071,-81.482,118.469
-0.327,-0.750,0.500,-0.549,-85.571,119.690
-0.495,-0.704,0.611,7.141,-86.487,120.361
-0.705,-0.660,0.727,11.536,-85.083,119.629
-0.889,-0.591,0.815,10.559,-81.116,116.821
-1.038,-0.505,0.893,5.249,-77.026,109.192
-1.119,-0.440,0.943,-3.235,-73.853,96.008
-1.197,-0.433,0.958,-15.503,-69.885,79.102
-1.263,-0.442,0.971,-25.452,-66.406,64.453
-1.292,-0.454,0.986,-26.855,-61.584,54.688
-1.320,-0.418,0.987,-23.682,-53.040,49.377
-1.339,-0.420,0.994,-15.930,-44.189,45.654
-1.349,-0.386,1.008,-8.789,-36.316,44.067
-1.367,-0.346,1.010,-1.892,-27.588,42.114
-1.367,-0.302,0.990,4.517,-17.761,39.307
-1.359,-0.257,0.969,10.254,-9.338,35.217
-1.345,-0.213,0.944,14.282,-3.235,29.419
-1.323,-0.178,0.930,17.517,1.465,20.935
-1.267,-0.156,0.926,20.630,6.287,10.742
-1.194,-0.154,0.919,23.987,12.024,0.977
-1.126,-0.159,0.905,27.222,17.700,-6.775
-1.076,-0.159,0.891,31.677,23.926,-13.062
-1.042,-0.150,0.905,37.048,30.884,-18.982
-1.023,-0.143,0.913,38.147,38.513,-27.100
-0.984,-0.153,0.901,32.349,44.739,-38.757
-0.941,-0.185,0.867,22.522,48.828,-52.734
-0.877,-0.240,0.827,13.306,51.392,-67.200
-0.812,-0.303,0.799,6.775,52.795,-79.834
-0.745,-0.375,0.751,3.784,55.237,-89.478
-0.604,-0.434,0.698,2.869,57.922,-95.581
-0.629,-0.497,0.663,4.211,58.105,-99.854
-0.573,-0.541,0.643,5.615,59.570,-103.760
-0.501,-0.566,0.613,6.775,64.087,-105.713
-0.440,-0.598,0.590,9.521,66.467,-106.567
-0.391,-0.636,0.573,13.977,68.848,-110.962
-0.284,-0.670,0.574,15.137,71.838,-113.464
-0.237,-0.736,0.584,16.846,72.937,-116.943
-0.195,-0.826,0.588,15.320,73.669,-120.300
-0.124,-0.929,0.581,11.414,76.294,-121.155
-0.038,-1.004,0.576,16.479,75.867,-122.009
0.068,-1.042,0.586,19.348,75.684,-119.751
0.153,-1.128,0.578,19.287,77.576,-117.371
0.263,-1.193,0.603,19.409,77.637,-112.549
0.387,-1.220,0.616,19.653,75.745,-103.271
0.496,-1.232,0.596,14.404,76.538,-93.445
0.625,-1.236,0.573,9.155,76.416,-84.717
0.783,-1.211,0.594,8.301,73.181,-77.332
0.910,-1.268,0.600,7.324,68.115,-72.693
1.082,-1.281,0.625,10.437,59.875,-68.115
1.276,-1.315,0.654,11.292,50.476,-64.270
1.372,-1.449,0.648,4.333,42.847,-61.096
1.493,-1.552,0.640,-3.174,35.400,-52.856
1.590,-1.647,0.597,-11.597,29.419,-39.429
1.646,-1.715,0.515,-21.484,24.963,-23.987
1.648,-1.717,0.398,-34.485,20.935,-2.075
1.604,-1.625,0.257,-43.640,16.052,24.353
1.523,-1.522,0.133,-47.302,10.254,49.072
1.397,-1.418,0.028,-47.363,1.831,70.801
1.243,-1.303,-0.034,-42.725,-8.911,89.233
1.120,-1.166,-0.052,-34.729,-23.499,104.431
0.959,-1.060,-0.018,-30.884,-39.124,114.075
0.793,-0.987,0.018,-29.175,-53.833,119.690
0.633,-0.917,0.070,-29.541,-67.139,122.620
0.475,-0.877,0.126,-30.029,-78.308,125.671
0.311,-0.836,0.205,-30.884,-86.914,127.136
0.146,-0.814,0.305,-28.198,-94.177,128.113
-0.014,-0.792,0.408,-24.109,-97.412,129.150
-0.157,-0.759,0.506,-19.714,-97.229,129.578
-0.293,-0.724,0.591,-17.212,-95.947,129.395
-0.418,-0.694,0.660,-17.273,-94.299,127.502
-0.539,-0.706,0.705,-16.785,-92.285,124.268
-0.587,-0.635,0.775,-14.648,-89.966,121.094
-0.652,-0.638,0.797,-15.381,-85.693,115.784
-0.715,-0.642,0.827,-17.639,-81.787,110.229
-0.759,-0.638,0.853,-17.395,-78.186,105.286
-0.784,-0.625,0.869,-17.334,-73.547,100.586
-0.828,-0.625,0.877,-18.738,-68.359,97.107
-0.846,-0.592,0.882,-19.226,-62.683,93.262
-0.871,-0.569,0.863,-21.362,-54.749,91.675
-0.891,-0.535,0.848,-20.569,-49.072,88.745
-0.913,-0.495,0.841,-18.799,-45.776,86.304
-0.960,-0.487,0.832,-15.625,-42.603,82.947
-0.978,-0.402,0.850,-9.033,-38.879,80.139
-1.034,-0.362,0.831,-4.272,-32.288,75.500
-1.077,-0.304,0.805,-0.793,-25.818,70.007
-1.126,-0.278,0.784,5.676,-21.973,63.416
-1.119,-0.193,0.812,12.634,-20.874,55.603
-1.133,-0.168,0.819,13.977,-19.531,44.434
-1.140,-0.154,0.845,11.108,-18.127,33.203
-1.138,-0.153,0.887,10.925,-16.541,22.766
-1.119,-0.161,0.941,11.902,-13.184,12.939
-1.108,-0.164,0.985,13.428,-7.690,4.517
-1.100,-0.167,1.001,13.611,-1.221,-2.625
-1.103,-0.175,0.995,12.268,4.578,-10.254
-1.088,-0.172,0.964,11.536,9.888,-18.799
-1.046,-0.200,0.913,12.146,15.259,-28.198
-1.010,-0.224,0.869,11.475,20.142,-37.415

-0.911,-0.290,0.827,22.217,27.344,-49.316
-0.867,-0.323,0.787,28.748,33.142,-52.185
-0.836,-0.358,0.741,36.194,39.124,-53.284
-0.840,-0.362,0.757,45.410,44.312,-52.979
-0.833,-0.353,0.771,53.711,51.819,-54.199
-0.828,-0.350,0.745,52.856,59.753,-59.937
-0.818,-0.358,0.713,47.302,64.575,-69.519
-0.802,-0.381,0.695,39.795,67.078,-82.092
-0.806,-0.391,0.644,28.076,68.909,-97.473
-0.784,-0.430,0.547,21.606,70.984,-113.708
-0.734,-0.505,0.446,21.423,71.411,-128.723
-0.701,-0.533,0.367,22.766,68.481,-138.489
-0.631,-0.608,0.325,28.015,62.500,-141.663
-0.588,-0.768,0.337,40.222,56.030,-138.672
-0.491,-0.872,0.385,50.964,52.490,-143.799
-0.398,-0.996,0.426,63.477,52.307,-145.691
-0.291,-1.114,0.495,71.899,56.702,-141.724
-0.198,-1.203,0.574,73.792,64.575,-131.775
-0.113,-1.258,0.646,74.646,76.355,-119.507
0.022,-1.274,0.661,68.787,91.248,-108.582
0.205,-1.261,0.644,60.974,101.807,-102.356
0.436,-1.281,0.649,51.636,103.943,-103.333
0.689,-1.376,0.661,38.574,99.731,-108.887
0.925,-1.522,0.668,21.118,94.055,-113.708
1.160,-1.680,0.638,2.380,91.125,-113.770
1.391,-1.813,0.568,-11.719,91.919,-107.239
1.616,-1.922,0.507,-17.822,93.567,-95.581
1.832,-1.982,0.467,-18.982,96.130,-78.552
1.959,-2.011,0.396,-17.639,95.032,-58.350
2.038,-2.013,0.360,-18.311,82.336,-36.194
2.035,-1.996,0.340,-22.827,62.683,-12.512
1.933,-1.914,0.297,-32.410,46.143,13.977
1.767,-1.789,0.206,-41.870,35.828,41.809
1.571,-1.632,0.105,-49.927,28.625,66.162
1.350,-1.476,0.031,-52.551,16.541,84.229
1.156,-1.301,0.029,-57.129,1.892,100.464
0.949,-1.165,0.046,-59.082,-14.099,112.305
0.817,-1.018,0.078,-55.786,-30.334,118.286
0.694,-0.931,0.138,-50.232,-46.753,119.629
0.588,-0.889,0.216,-45.715,-60.059,116.638
0.475,-0.892,0.317,-42.664,-70.374,111.572
0.385,-0.910,0.435,-37.109,-78.064,106.445
0.303,-0.961,0.524,-36.255,-78.857,102.783
0.191,-0.990,0.570,-47.729,-72.205,102.356
0.115,-0.987,0.560,-59.814,-63.049,104.553
0.034,-0.974,0.536,-68.665,-59.021,109.497
-0.057,-0.963,0.522,-77.148,-59.753,116.028
-0.153,-0.920,0.501,-79.529,-60.364,123.352
-0.238,-0.854,0.491,-73.853,-59.875,130.798
-0.335,-0.773,0.486,-64.270,-58.289,137.268
-0.449,-0.688,0.500,-50.537,-55.786,141.663
-0.533,-0.597,0.524,-34.607,-53.528,141.541
-0.606,-0.510,0.571,-23.865,-54.871,135.925
-0.698,-0.433,0.630,-14.343,-57.861,127.380
-0.707,-0.375,0.700,-13.794,-59.570,122.620
-0.805,-0.383,0.736,-13.611,-59.631,112.976
-0.847,-0.353,0.760,-19.653,-56.152,102.966
-0.919,-0.348,0.767,-21.240,-53.284,91.980
-0.951,-0.325,0.779,-22.034,-53.345,81.848
-0.968,-0.353,0.792,-21.729,-56.763,71.167
-0.985,-0.376,0.813,-24.719,-61.401,60.608
-1.016,-0.381,0.811,-26.489,-63.293,55.298
-1.043,-0.357,0.799,-24.353,-61.157,53.650
-1.068,-0.332,0.780,-18.188,-56.580,52.185
-1.106,-0.309,0.767,-12.085,-51.086,50.293
-1.140,-0.285,0.769,-4.944,-47.668,47.119
-1.174,-0.262,0.793,2.625,-46.692,41.931
-1.224,-0.247,0.843,7.812,-45.654,35.645
-1.248,-0.229,0.892,12.939,-42.236,28.564
-1.238,-0.213,0.922,18.616,-36.316,21.790
-1.244,-0.207,0.941,20.874,-29.053,14.954
-1.233,-0.180,0.961,22.705,-22.095,8.728
-1.208,-0.161,0.983,25.391,-14.954,2.869
-1.177,-0.139,1.017,27.161,-8.423,-2.258
-1.121,-0.110,1.049,30.090,-3.418,-6.348
-1.093,-0.114,1.063,28.137,1.526,-10.193
-1.078,-0.099,1.062,23.987,9.094,-14.771
-1.040,-0.092,1.028,21.423,19.470,-19.287
-1.005,-0.100,0.967,16.418,29.602,-25.452
-0.980,-0.122,0.896,7.324,35.645,-32.532
-0.953,-0.150,0.828,-3.174,36.682,-39.551
-0.930,-0.187,0.781,-12.390,34.668,-46.875
-0.901,-0.243,0.725,-17.517,33.813,-53.528
-0.871,-0.305,0.683,-19.226,34.668,-58.594
-0.844,-0.354,0.660,-15.686,38.208,-62.744
-0.816,-0.383,0.630,-7.385,44.312,-64.453
-0.800,-0.421,0.623,4.395,50.293,-65.002
-0.765,-0.446,0.613,15.320,55.847,-67.322
-0.716,-0.486,0.633,21.790,58.838,-70.190
-0.705,-0.530,0.683,22.644,59.265,-74.585
-0.687,-0.575,0.701,20.630,62.134,-79.651
-0.612,-0.603,0.738,19.470,66.101,-83.496
-0.587,-0.674,0.762,12.634,69.885,-88.745
-0.568,-0.750,0.755,3.296,73.975,-94.727
-0.505,-0.769,0.741,-3.540,77.026,-99.365
-0.473,-0.814,0.700,-10.864,81.421,-104.187
-0.437,-0.844,0.664,-13.916,85.938,-108.459
-0.413,-0.882,0.640,-6.165,90.210,-113.159
-0.357,-0.918,0.613,8.118,94.666,-118.835
-0.288,-0.971,0.589,22.339,101.135,-123.108
-0.224,-1.012,0.582,31.982,106.384,-121.704
-0.170,-1.034,0.581,36.011,109.802,-116.516
-0.091,-1.017,0.557,36.011,114.929,-110.107
0.002,-0.995,0.506,33.997,120.483,-105.042
0.148,-0.925,0.477,31.860,122.437,-102.295
0.367,-0.885,0.471,30.518,119.019,-106.934
0.557,-0.940,0.502,26.245,110.291,-116.089
0.765,-1.017,0.542,22.583,97.168,-123.169
0.965,-1.120,0.585,24.231,85.327,-127.991
1.130,-1.240,0.590,29.175,78.735,-129.028
1.319,-1.341,0.575,32.959,73.120,-126.221
1.527,-1.438,0.579,36.011,63.293,-124.695
1.727,-1.585,0.547,32.654,50.232,-126.587
1.900,-1.787,0.583,26.184,30.823,-126.526
2.063,-1.961,0.597,16.724,12.512,-119.568
2.132,-2.107,0.593,3.052,1.160,-103.577
2.130,-2.179,0.550,-9.827,-2.319,-75.684
2.062,-2.170,0.468,-24.902,-1.160,-36.255
1.928,-2.032,0.336,-38.757,2.075,10.498

1.449,-1.636,0.070,-54.688,5.981,92.285
1.171,-1.413,-0.031,-59.021,0.854,120.483
0.927,-1.201,-0.082,-57.678,-11.475,139.099
0.717,-1.055,-0.119,-53.040,-27.649,147.522
0.614,-0.877,-0.095,-44.189,-47.058,149.353
0.521,-0.806,-0.043,-40.833,-67.017,144.165
0.404,-0.837,0.065,-42.542,-87.158,134.888
0.331,-0.852,0.197,-42.114,-104.553,127.930
0.262,-0.874,0.330,-38.940,-114.746,125.854
0.184,-0.902,0.423,-34.363,-116.455,127.014
0.095,-0.906,0.484,-33.569,-112.915,129.822
-0.016,-0.884,0.542,-36.255,-109.619,134.949
-0.142,-0.856,0.584,-41.138,-105.103,139.587
-0.263,-0.811,0.606,-45.288,-98.938,142.517
-0.379,-0.766,0.617,-45.837,-93.079,143.555
-0.471,-0.725,0.620,-42.908,-89.294,142.273
-0.535,-0.697,0.642,-36.743,-89.172,139.709
-0.590,-0.680,0.693,-29.053,-89.966,136.719
-0.613,-0.647,0.729,-22.156,-87.708,133.423
-0.653,-0.622,0.769,-14.587,-84.534,130.615
-0.689,-0.611,0.794,-8.057,-79.956,127.869
-0.716,-0.558,0.827,-3.540,-74.219,125.671
-0.757,-0.545,0.831,-0.916,-67.261,122.375
-0.806,-0.549,0.800,-2.014,-58.838,117.126
-0.818,-0.509,0.797,-7.996,-52.429,112.427
-0.873,-0.469,0.780,-8.240,-48.706,105.347
-0.907,-0.465,0.725,-12.573,-43.030,104.248
-0.940,-0.371,0.702,-7.202,-40.039,97.473
-0.941,-0.350,0.675,-5.005,-36.865,90.393
-1.004,-0.344,0.686,-1.770,-36.255,80.261
-1.029,-0.327,0.712,1.587,-38.452,72.144
-1.067,-0.320,0.757,3.357,-40.100,65.186
-1.067,-0.308,0.790,5.615,-37.354,58.411
-1.078,-0.297,0.817,8.850,-32.593,50.903
-1.057,-0.279,0.819,9.155,-27.405,44.312
-1.077,-0.284,0.815,5.676,-23.865,38.391
-1.075,-0.227,0.822,3.235,-22.339,31.921
-1.098,-0.223,0.830,2.502,-19.714,23.987
-1.109,-0.216,0.843,1.587,-16.663,16.235
-1.107,-0.221,0.850,4.883,-13.550,9.644
-1.109,-0.223,0.861,9.399,-9.033,4.150
-1.110,-0.216,0.868,15.869,-3.967,0.244
-1.111,-0.199,0.882,21.912,0.610,-3.784
-1.093,-0.185,0.883,26.672,5.981,-9.155
-1.062,-0.179,0.892,27.344,10.071,-15.320
-1.044,-0.173,0.897,24.048,13.000,-21.545
-1.022,-0.170,0.899,20.691,16.968,-27.832
-0.988,-0.197,0.880,18.616,21.301,-34.119
-0.986,-0.219,0.856,12.939,25.513,-40.833
-0.956,-0.237,0.823,10.071,28.442,-47.302
-0.927,-0.263,0.794,9.216,31.372,-54.321
-0.893,-0.289,0.764,9.827,34.973,-60.913
-0.863,-0.327,0.744,13.733,37.842,-66.589
-0.844,-0.359,0.733,19.287,40.405,-71.167
-0.817,-0.405,0.730,25.879,44.617,-76.416
-0.781,-0.448,0.734,32.166,48.828,-81.238
-0.745,-0.494,0.741,38.635,53.101,-85.449
-0.698,-0.534,0.756,44.556,58.533,-88.867
-0.653,-0.574,0.756,50.293,64.880,-92.163
-0.628,-0.621,0.748,53.589,70.679,-95.886
-0.578,-0.661,0.741,49.622,75.562,-99.854
-0.541,-0.712,0.727,41.809,79.529,-105.042
-0.501,-0.766,0.702,31.128,83.252,-110.168
-0.467,-0.816,0.661,18.433,87.524,-115.112
-0.418,-0.875,0.592,7.996,92.590,-119.995
-0.365,-0.929,0.525,0.366,97.656,-122.498
-0.295,-0.973,0.454,-2.625,101.013,-122.253
-0.226,-1.007,0.390,-1.770,102.417,-119.080
-0.172,-1.046,0.366,3.174,102.356,-113.708
-0.112,-1.067,0.370,13.550,102.783,-107.178
-0.015,-1.076,0.373,27.649,103.333,-100.159
0.092,-1.079,0.393,41.077,102.905,-94.116
0.246,-1.080,0.439,55.298,100.281,-89.783
0.432,-1.104,0.530,69.641,94.360,-87.708
0.650,-1.151,0.647,80.261,86.731,-88.562
0.881,-1.209,0.743,82.764,81.116,-89.905
1.131,-1.258,0.814,75.745,77.209,-90.332
1.330,-1.401,0.827,59.814,73.608,-91.248
1.505,-1.520,0.837,43.884,67.871,-90.271
1.688,-1.615,0.807,30.640,61.462,-84.351
1.819,-1.741,0.763,13.062,55.359,-77.637
1.926,-1.868,0.697,-4.150,47.241,-68.604
1.984,-1.961,0.617,-21.790,38.879,-53.711
1.998,-1.969,0.500,-39.063,34.180,-30.029
1.932,-1.881,0.347,-53.955,31.677,1.831
1.761,-1.755,0.180,-66.101,27.588,35.767
1.536,-1.588,0.031,-72.876,20.508,66.956
1.285,-1.398,-0.101,-73.303,10.071,93.689
1.052,-1.210,-0.177,-65.796,-4.395,113.586
0.840,-1.039,-0.211,-52.246,-23.499,124.756
0.697,-0.902,-0.137,-34.302,-46.021,131.104
0.557,-0.806,-0.032,-23.315,-66.711,129.456
0.432,-0.773,0.098,-18.188,-84.351,122.314
0.370,-0.774,0.244,-15.259,-99.487,113.770
0.322,-0.820,0.401,-16.724,-110.962,105.957
0.253,-0.865,0.528,-23.987,-115.601,101.074
0.167,-0.885,0.592,-34.729,-112.854,100.098
0.069,-0.887,0.623,-47.668,-106.873,101.318
-0.024,-0.875,0.630,-59.082,-101.257,103.699
-0.117,-0.859,0.622,-66.467,-96.497,106.445
-0.181,-0.837,0.606,-68.176,-92.102,109.680
-0.239,-0.805,0.590,-63.965,-88.501,113.770
-0.295,-0.762,0.572,-55.420,-84.961,118.835
-0.347,-0.709,0.557,-42.725,-81.726,123.596
-0.400,-0.643,0.555,-29.236,-78.674,127.686
-0.448,-0.585,0.570,-16.357,-75.928,130.615
-0.515,-0.550,0.592,-5.737,-72.693,130.981
-0.566,-0.472,0.629,3.418,-69.153,128.845
-0.606,-0.431,0.650,9.155,-65.002,123.840
-0.697,-0.441,0.657,6.348,-58.350,114.136
-0.718,-0.400,0.684,0.488,-54.443,104.919
-0.782,-0.418,0.699,-0.061,-53.833,91.919
-0.757,-0.454,0.724,-9.399,-52.917,84.229
-0.800,-0.500,0.764,-13.367,-54.138,75.562
-0.814,-0.521,0.781,-18.738,-50.720,73.486
-0.870,-0.553,0.789,-17.090,-44.373,72.327
-0.944,-0.557,0.792,-12.451,-37.537,74.158
-1.020,-0.519,0.795,-5.127,-30.701,77.454
-1.076,-0.463,0.786,1.343,-22.583,78.369

-1.147,-0.365,0.790,12.451,-14.587,69.824
-1.163,-0.304,0.785,12.634,-13.977,60.364
-1.171,-0.271,0.785,6.592,-11.841,49.866
-1.161,-0.244,0.785,3.235,-10.925,37.537
-1.140,-0.209,0.809,2.075,-12.756,25.330
-1.123,-0.195,0.824,0.427,-11.230,15.503
-1.107,-0.201,0.830,1.343,-7.019,6.836
-1.093,-0.205,0.846,4.578,-3.174,0.488
-1.089,-0.189,0.856,7.629,1.160,-4.150
-1.081,-0.168,0.848,13.000,6.653,-9.216
-1.075,-0.158,0.840,18.860,11.292,-15.564
-1.052,-0.159,0.841,22.400,15.137,-23.376
-1.014,-0.171,0.848,23.560,18.738,-32.288
-0.984,-0.202,0.866,22.705,21.790,-40.955
-0.986,-0.232,0.885,20.569,25.452,-48.523
-0.968,-0.272,0.894,17.944,30.273,-56.946
-0.950,-0.321,0.895,14.343,34.546,-65.674
-0.923,-0.380,0.887,9.705,38.330,-73.608
-0.872,-0.435,0.869,6.348,43.030,-80.505
-0.834,-0.481,0.844,4.333,48.767,-85.266
-0.797,-0.519,0.801,4.700,57.312,-88.440
-0.760,-0.563,0.750,7.080,66.223,-90.942
-0.730,-0.589,0.706,10.315,71.472,-92.529
-0.698,-0.608,0.663,14.893,75.317,-94.971
-0.684,-0.625,0.619,22.095,79.956,-99.854
-0.627,-0.647,0.570,28.992,84.900,-104.126
-0.574,-0.690,0.533,34.729,88.501,-108.276
-0.504,-0.729,0.510,37.842,89.783,-111.023
-0.453,-0.782,0.494,39.185,91.675,-111.938
-0.394,-0.822,0.483,39.246,95.459,-111.816
-0.340,-0.853,0.465,38.208,99.121,-110.291
-0.295,-0.879,0.440,36.377,102.112,-108.337
-0.238,-0.899,0.403,32.288,106.201,-104.736
-0.198,-0.912,0.355,29.480,109.741,-100.342
-0.167,-0.917,0.293,29.419,112.671,-95.032
-0.132,-0.920,0.243,33.630,116.089,-89.966
-0.063,-0.917,0.240,42.664,118.469,-88.196
0.077,-0.945,0.281,54.871,117.188,-89.783
0.266,-1.025,0.371,61.218,111.084,-94.727
0.489,-1.133,0.497,62.744,100.647,-100.281
0.714,-1.239,0.588,61.096,93.689,-102.295
0.938,-1.329,0.637,58.289,94.971,-101.074
1.184,-1.415,0.630,54.871,96.313,-99.854
1.466,-1.495,0.649,56.702,86.182,-97.351
1.763,-1.568,0.733,50.110,72.144,-98.389
1.941,-1.782,0.751,35.156,58.594,-101.135
2.124,-1.990,0.752,18.860,43.396,-98.633
2.209,-2.223,0.713,0.854,30.090,-91.187
2.236,-2.378,0.611,-24.170,23.254,-73.303
2.164,-2.432,0.490,-47.974,20.996,-41.199
2.014,-2.311,0.317,-63.293,21.851,0.732
1.779,-2.120,0.155,-70.923,20.569,43.640
1.510,-1.903,0.012,-71.655,15.320,78.735
1.249,-1.665,-0.077,-67.505,4.517,105.835
1.019,-1.448,-0.116,-61.340,-12.634,124.084
0.816,-1.252,-0.100,-53.345,-33.081,133.301
0.691,-1.073,-0.041,-43.213,-53.528,136.414
0.552,-0.983,0.034,-42.786,-69.031,132.874
0.442,-0.941,0.112,-45.715,-82.886,126.953
0.355,-0.910,0.212,-48.584,-94.727,121.826
0.260,-0.895,0.314,-50.903,-102.478,118.958
0.166,-0.881,0.395,-53.284,-105.103,118.958
0.058,-0.858,0.445,-56.763,-104.370,120.728
-0.055,-0.821,0.468,-59.753,-102.478,123.108
-0.155,-0.784,0.469,-60.120,-99.548,124.146
-0.256,-0.756,0.453,-59.326,-96.558,124.084
-0.309,-0.676,0.472,-54.688,-96.313,123.413
-0.369,-0.639,0.474,-50.903,-94.849,119.995
-0.424,-0.598,0.475,-49.805,-94.116,116.333
-0.489,-0.573,0.494,-43.274,-95.581,112.915
-0.504,-0.500,0.523,-33.386,-95.276,109.924
-0.557,-0.482,0.536,-27.954,-91.980,103.882
-0.593,-0.464,0.562,-22.522,-90.210,98.145
-0.600,-0.487,0.617,-18.738,-89.844,93.018
-0.659,-0.505,0.681,-21.118,-90.210,90.271
-0.743,-0.519,0.700,-24.292,-85.022,89.905
-0.806,-0.515,0.703,-26.489,-74.036,90.393
-0.860,-0.492,0.687,-23.926,-64.819,87.463
-0.902,-0.482,0.651,-26.733,-57.800,87.402
-0.921,-0.428,0.635,-23.743,-54.932,82.825
-0.929,-0.412,0.622,-22.400,-52.734,79.224
-0.981,-0.393,0.622,-23.865,-51.208,72.144
-1.017,-0.386,0.621,-22.339,-50.171,67.139
-1.029,-0.318,0.636,-16.541,-49.133,62.439
-1.018,-0.287,0.636,-11.780,-46.265,56.580
-1.045,-0.273,0.680,-6.653,-43.762,50.171
-1.024,-0.223,0.730,-0.183,-41.077,45.166
-1.039,-0.219,0.778,6.226,-36.987,39.673
-1.044,-0.209,0.830,8.545,-31.189,35.034
-1.051,-0.189,0.879,10.559,-26.917,31.250
-1.064,-0.155,0.925,11.902,-22.034,28.076
-1.074,-0.126,0.939,14.526,-13.794,23.987
-1.061,-0.084,0.957,20.386,-5.920,19.897
-1.069,-0.049,0.962,23.193,1.892,13.245
-1.062,-0.032,0.950,25.085,9.827,5.493
-1.069,-0.035,0.943,26.489,15.076,-2.991
-1.048,-0.039,0.950,28.198,18.677,-12.024
-1.039,-0.070,0.950,26.733,25.085,-22.339
-1.015,-0.111,0.937,25.085,31.311,-31.555
-0.991,-0.153,0.906,21.423,36.743,-40.100
-0.969,-0.193,0.862,16.052,41.748,-47.974
-0.951,-0.236,0.817,10.803,45.349,-55.481
-0.943,-0.297,0.776,7.019,48.279,-63.232
-0.926,-0.360,0.736,5.554,52.124,-70.190
-0.905,-0.416,0.705,7.751,56.580,-75.989
-0.894,-0.475,0.683,12.634,61.829,-79.895
-0.876,-0.537,0.660,18.127,67.383,-82.642
-0.841,-0.582,0.637,21.790,71.838,-85.815
-0.798,-0.623,0.617,24.597,75.928,-89.233
-0.760,-0.666,0.588,28.320,80.078,-92.285
-0.711,-0.691,0.566,32.898,84.839,-94.849
-0.667,-0.724,0.549,37.598,90.576,-97.534
-0.607,-0.764,0.537,41.809,96.436,-99.670
-0.546,-0.793,0.530,43.030,101.685,-100.281
-0.490,-0.826,0.529,41.992,107.117,-100.708
-0.432,-0.866,0.516,38.757,112.732,-101.685
-0.377,-0.906,0.495,33.142,117.371,-102.112
-0.304,-0.952,0.452,26.550,122.131,-102.356
-0.226,-0.997,0.397,20.386,126.160,-101.990

0.885,-1.233,0.553,55.176,99.121,-108.948
1.128,-1.336,0.636,58.044,93.872,-110.901
1.398,-1.386,0.740,59.448,85.388,-108.704
1.659,-1.430,0.832,54.688,73.486,-107.239
1.867,-1.563,0.881,39.063,61.096,-111.023
2.083,-1.700,0.898,20.813,47.607,-113.281
2.275,-1.882,0.912,5.249,32.410,-110.229
2.379,-2.098,0.906,-10.986,18.555,-102.417
2.387,-2.278,0.843,-31.555,11.658,-83.435
2.299,-2.332,0.694,-54.260,15.442,-48.340
2.124,-2.228,0.454,-72.754,24.841,-0.427
1.871,-2.039,0.212,-82.153,30.212,48.218
1.563,-1.814,-0.022,-84.778,29.480,89.661
1.279,-1.564,-0.196,-80.078,19.958,121.826
1.038,-1.323,-0.358,-69.519,1.770,143.433
0.935,-1.042,-0.360,-46.997,-24.963,151.855
0.824,-0.901,-0.326,-32.410,-51.025,146.851
0.708,-0.863,-0.227,-30.151,-76.111,134.338
0.609,-0.877,-0.086,-33.203,-98.877,122.070
0.523,-0.883,0.055,-39.612,-114.746,113.586
0.438,-0.893,0.138,-49.927,-121.155,109.192
0.321,-0.898,0.188,-62.988,-123.779,108.521
0.195,-0.882,0.224,-74.036,-125.610,111.145
0.082,-0.858,0.255,-77.332,-125.488,116.211
-0.026,-0.824,0.308,-74.036,-125.061,121.765
-0.144,-0.816,0.364,-66.223,-124.634,126.221
-0.237,-0.751,0.430,-55.115,-123.596,130.859
-0.331,-0.702,0.461,-45.654,-119.568,134.033
-0.447,-0.683,0.478,-38.147,-115.906,135.193
-0.510,-0.591,0.523,-29.358,-114.990,135.010
-0.586,-0.552,0.534,-26.733,-111.206,129.089
-0.645,-0.532,0.548,-26.367,-107.239,119.019
-0.696,-0.525,0.572,-25.452,-104.736,108.093
-0.783,-0.540,0.608,-27.832,-102.295,96.924
-0.786,-0.542,0.665,-30.457,-97.473,87.769
-0.879,-0.581,0.665,-30.518,-90.637,78.552
-0.831,-0.587,0.673,-32.349,-82.581,72.693
-0.847,-0.637,0.677,-32.654,-78.918,70.679
-0.861,-0.638,0.705,-34.363,-78.857,71.472
-0.929,-0.603,0.703,-32.654,-75.562,76.904
-1.002,-0.562,0.688,-27.832,-66.772,82.031
-1.075,-0.516,0.663,-21.240,-56.335,87.463
-1.156,-0.472,0.663,-14.709,-49.500,91.675
-1.243,-0.414,0.658,-8.789,-43.945,92.834
-1.310,-0.332,0.673,-0.427,-38.818,89.539
-1.334,-0.269,0.697,9.827,-36.499,81.482
-1.382,-0.231,0.762,14.832,-35.278,69.519
-1.382,-0.181,0.824,16.052,-32.471,56.519
-1.380,-0.156,0.865,16.296,-29.236,43.579
-1.365,-0.144,0.884,13.000,-24.963,33.752
-1.342,-0.097,0.910,10.681,-21.179,25.574
-1.330,-0.084,0.935,10.681,-17.273,17.761
-1.305,-0.073,0.980,13.062,-11.658,11.047
-1.262,-0.071,1.015,21.423,-6.409,6.287
-1.244,-0.039,1.076,25.757,-0.488,3.723
-1.269,-0.013,1.121,32.288,7.446,0.854
-1.255,-0.015,1.132,40.771,18.677,-2.808
-1.222,0.025,1.146,47.119,29.175,-9.460
-1.206,0.014,1.125,43.091,38.147,-19.226
-1.179,-0.005,1.094,34.546,44.312,-30.518
-1.130,-0.030,1.052,25.146,49.011,-42.236
-1.103,-0.076,0.993,14.771,53.040,-54.016
-1.077,-0.125,0.919,6.226,58.167,-65.491
-1.032,-0.196,0.824,1.038,64.880,-76.050
-0.979,-0.271,0.741,-1.831,67.932,-84.595
-0.929,-0.343,0.670,-2.563,67.444,-90.759
-0.875,-0.409,0.605,-0.427,68.054,-94.177
-0.830,-0.459,0.544,6.165,70.618,-95.337
-0.776,-0.505,0.489,17.578,74.524,-95.947
-0.723,-0.548,0.468,30.090,77.148,-96.619
-0.674,-0.593,0.484,42.114,77.820,-98.145
-0.622,-0.684,0.509,52.307,79.529,-100.342
-0.548,-0.774,0.522,52.979,82.886,-101.440
-0.522,-0.837,0.541,49.255,85.388,-99.915
-0.508,-0.881,0.547,47.668,90.210,-99.060
-0.482,-0.920,0.513,41.077,100.586,-100.952
-0.440,-0.971,0.444,30.579,109.375,-104.797
-0.384,-1.032,0.383,20.691,109.680,-107.422
-0.332,-1.087,0.322,15.930,106.262,-109.375
-0.284,-1.138,0.251,19.470,106.018,-111.267
-0.212,-1.190,0.188,28.198,108.215,-109.863
-0.144,-1.215,0.178,36.804,108.521,-103.699
-0.090,-1.213,0.178,42.847,107.117,-95.032
-0.048,-1.193,0.187,44.434,109.436,-85.999
0.020,-1.161,0.192,43.518,116.394,-79.346
0.141,-1.104,0.236,42.542,120.972,-76.782
0.292,-1.079,0.331,43.030,120.117,-80.383
0.467,-1.111,0.442,42.664,112.427,-87.158
0.680,-1.180,0.535,35.278,105.469,-94.360
0.924,-1.257,0.595,31.921,101.501,-101.746
1.222,-1.321,0.670,33.325,96.130,-106.995
1.497,-1.442,0.727,35.034,88.257,-112.122
1.781,-1.568,0.808,35.461,75.623,-116.760
2.060,-1.734,0.893,34.668,56.641,-117.676
2.270,-1.950,0.976,25.635,35.950,-112.671
2.392,-2.134,1.003,9.277,22.156,-96.252
2.419,-2.246,0.940,-8.606,21.912,-65.369
2.328,-2.221,0.760,-27.893,30.090,-23.926
2.166,-2.032,0.491,-47.607,37.903,21.301
1.927,-1.817,0.230,-63.171,38.086,61.768
1.656,-1.592,0.028,-71.533,30.640,93.262
1.393,-1.378,-0.129,-73.608,16.418,116.394
1.154,-1.147,-0.214,-69.214,-3.662,131.531
0.953,-0.934,-0.258,-63.354,-25.513,138.550
0.777,-0.785,-0.285,-64.636,-46.387,135.559
0.631,-0.696,-0.250,-66.162,-70.007,126.343
0.530,-0.671,-0.162,-65.796,-93.445,113.831
0.453,-0.722,-0.047,-65.674,-112.427,102.478
0.367,-0.778,0.085,-64.392,-127.136,96.924
0.289,-0.821,0.204,-62.195,-134.277,96.741
0.170,-0.834,0.294,-60.852,-133.850,101.746
0.051,-0.836,0.355,-59.387,-129.150,109.009
-0.064,-0.831,0.412,-56.824,-124.695,115.356
-0.174,-0.814,0.463,-54.565,-121.704,120.300
-0.269,-0.790,0.506,-52.307,-118.652,122.681
-0.338,-0.780,0.559,-48.279,-115.540,122.498
-0.396,-0.770,0.601,-46.326,-111.877,121.948
-0.454,-0.760,0.617,-46.570,-106.567,121.460
-0.483,-0.750,0.618,-46.387,-101.013,120.789

-0.807,-0.651,0.694,-30.273,-60.242,129.822
-0.869,-0.611,0.709,-26.917,-50.354,133.423
-0.953,-0.563,0.711,-15.869,-42.480,129.028
-0.975,-0.508,0.718,-9.949,-37.537,123.962
-1.023,-0.477,0.732,-6.897,-36.316,112.488
-1.049,-0.442,0.738,-8.972,-36.072,101.074
-1.072,-0.410,0.759,-9.094,-35.950,90.576
-1.072,-0.382,0.754,-6.104,-34.119,80.872
-1.075,-0.367,0.760,-4.639,-31.921,72.754
-1.114,-0.362,0.782,-0.427,-32.837,63.171
-1.146,-0.336,0.813,3.418,-34.424,56.519
-1.177,-0.306,0.837,7.385,-34.546,50.598
-1.201,-0.292,0.864,9.766,-32.715,45.959
-1.218,-0.267,0.893,9.827,-30.884,44.312
-1.250,-0.222,0.905,8.911,-26.733,42.358
-1.266,-0.166,0.910,9.033,-18.860,37.903
-1.273,-0.128,0.932,12.756,-11.963,31.006
-1.240,-0.084,0.979,18.433,-6.470,22.766
-1.212,-0.042,1.023,19.470,1.709,12.878
-1.177,-0.030,1.022,20.569,10.925,3.174
-1.149,-0.053,1.036,16.357,20.386,-5.554
-1.107,-0.060,1.035,14.832,31.860,-14.099
-1.066,-0.069,0.994,14.648,45.715,-21.729
-1.007,-0.096,0.934,15.320,54.199,-26.855
-0.980,-0.130,0.886,16.724,53.589,-31.372
-0.954,-0.165,0.835,17.456,51.025,-36.621
-0.901,-0.211,0.762,20.874,53.406,-42.053
-0.851,-0.280,0.675,30.273,63.538,-47.974
-0.781,-0.341,0.621,44.250,75.195,-52.673
-0.746,-0.433,0.606,60.303,81.055,-57.739
-0.690,-0.472,0.641,76.233,79.590,-60.730
-0.650,-0.481,0.732,82.947,74.829,-63.232
-0.636,-0.483,0.823,76.477,70.923,-67.627
-0.624,-0.499,0.850,59.387,69.946,-75.256
-0.552,-0.545,0.815,34.241,69.580,-86.731
-0.498,-0.597,0.802,7.507,63.843,-97.534
-0.448,-0.656,0.786,-10.742,59.143,-106.384
-0.384,-0.724,0.729,-19.836,62.195,-112.305
-0.349,-0.775,0.654,-24.597,64.026,-113.708
-0.338,-0.807,0.580,-23.254,65.552,-110.657
-0.319,-0.804,0.505,-11.414,73.669,-107.666
-0.265,-0.808,0.455,9.216,82.703,-106.506
-0.183,-0.851,0.447,29.724,84.839,-107.971
-0.083,-0.896,0.481,45.227,77.698,-109.558
0.056,-0.951,0.547,56.274,69.031,-111.633
0.171,-1.014,0.650,63.477,65.125,-114.441
0.215,-1.119,0.713,61.890,66.162,-117.004
0.263,-1.204,0.699,50.293,72.571,-118.774
0.333,-1.246,0.641,34.058,78.186,-114.685
0.397,-1.232,0.550,15.137,84.778,-108.948
0.450,-1.255,0.448,1.282,91.003,-102.966
0.591,-1.202,0.421,2.258,88.379,-95.886
0.757,-1.173,0.440,11.658,80.933,-89.172
0.958,-1.188,0.495,25.757,70.679,-84.656
1.095,-1.272,0.560,37.537,59.509,-78.918
1.224,-1.305,0.636,47.241,51.819,-66.162
1.312,-1.308,0.662,52.673,47.241,-49.988
1.378,-1.292,0.648,49.011,42.358,-34.180
1.417,-1.282,0.629,39.429,36.499,-21.973
1.469,-1.276,0.612,26.062,29.846,-11.353
1.498,-1.270,0.581,8.850,24.963,-0.305
1.497,-1.250,0.524,-8.911,23.010,11.963
1.399,-1.211,0.441,-23.193,23.132,26.794
1.281,-1.104,0.357,-28.442,20.935,44.006
1.120,-0.978,0.229,-31.433,18.188,58.044
0.964,-0.850,0.119,-30.884,8.728,65.979
0.845,-0.761,0.089,-26.550,-7.812,66.223
0.761,-0.728,0.129,-19.592,-27.832,60.852
0.720,-0.740,0.237,-15.503,-49.011,53.345
0.653,-0.767,0.398,-14.221,-66.772,47.119
0.633,-0.800,0.500,-14.893,-75.684,42.969
0.541,-0.818,0.598,-20.081,-79.834,41.626
0.468,-0.792,0.650,-25.757,-77.881,40.283
0.402,-0.819,0.627,-32.715,-70.496,36.438
0.304,-0.850,0.586,-42.114,-66.589,32.593
0.252,-0.852,0.533,-50.049,-64.697,30.701
0.157,-0.874,0.470,-53.650,-62.805,30.640
0.042,-0.823,0.410,-48.645,-59.143,32.043
-0.084,-0.744,0.336,-34.058,-58.289,33.325
-0.212,-0.650,0.311,-23.315,-66.895,30.884
-0.277,-0.609,0.339,-14.709,-80.994,24.231
-0.220,-0.695,0.436,-9.277,-95.032,16.296
-0.155,-0.798,0.582,-11.597,-111.450,17.761
-0.164,-0.874,0.682,-10.803,-120.544,31.311
-0.244,-0.897,0.734,-4.272,-115.479,51.514
-0.363,-0.821,0.738,0.732,-103.210,73.730
-0.486,-0.771,0.741,3.723,-89.783,89.966
-0.618,-0.710,0.781,-0.793,-81.970,98.694
-0.747,-0.644,0.790,-8.667,-73.547,100.342
-0.852,-0.599,0.766,-21.667,-60.791,98.877
-0.927,-0.574,0.745,-31.372,-52.734,91.980
-0.981,-0.538,0.699,-41.931,-46.021,85.144
-1.018,-0.515,0.640,-48.462,-39.917,76.965
-1.020,-0.485,0.596,-53.528,-38.513,70.557
-1.029,-0.485,0.580,-54.321,-39.673,65.796
-1.038,-0.471,0.597,-47.546,-40.344,63.782
-1.065,-0.431,0.623,-37.537,-38.330,64.209
-1.087,-0.388,0.660,-26.428,-35.522,65.125
-1.108,-0.343,0.709,-18.982,-34.668,64.392
-1.116,-0.289,0.765,-15.015,-34.180,62.195
-1.164,-0.247,0.815,-14.709,-31.799,57.800
-1.177,-0.193,0.849,-16.968,-27.832,50.293
-1.179,-0.159,0.857,-19.470,-22.888,40.771
-1.187,-0.128,0.864,-23.254,-16.907,30.518
-1.166,-0.125,0.856,-21.179,-8.728,18.494
-1.125,-0.136,0.853,-14.771,-1.953,8.179
-1.094,-0.140,0.863,-7.812,2.075,0.671
-1.060,-0.154,0.885,0.488,5.554,-4.333
-1.038,-0.170,0.902,8.484,9.583,-8.545
-1.027,-0.175,0.908,13.855,14.648,-12.695
-1.009,-0.175,0.902,16.602,20.569,-17.822
-0.976,-0.198,0.882,14.771,25.574,-24.109
-0.950,-0.228,0.859,8.545,26.855,-30.884
-0.920,-0.267,0.846,3.357,26.978,-36.987
-0.865,-0.315,0.841,-2.502,28.687,-42.786
-0.819,-0.352,0.833,-8.545,31.555,-45.776
-0.791,-0.384,0.798,-11.536,36.377,-47.852
-0.740,-0.399,0.761,-9.888,42.236,-49.561
-0.697,-0.434,0.722,-4.822,46.631,-51.697

0.460,-1.180,0.766,33.203,65.735,-95.093
0.576,-1.262,0.846,29.175,61.096,-92.407
0.680,-1.351,0.894,17.517,61.218,-87.097
0.786,-1.422,0.880,3.479,59.998,-79.834
0.910,-1.431,0.864,-5.554,57.129,-68.298
1.047,-1.396,0.810,-11.597,55.359,-53.833
1.177,-1.341,0.738,-14.832,53.101,-37.781
1.272,-1.285,0.632,-19.043,53.833,-21.667
1.335,-1.218,0.529,-20.386,54.504,-7.385
1.368,-1.151,0.458,-21.179,50.476,5.127
1.357,-1.098,0.364,-24.841,42.664,17.090
1.316,-1.032,0.274,-30.884,30.579,28.015
1.236,-0.980,0.182,-37.903,17.456,36.499
1.155,-0.930,0.098,-41.992,4.333,43.213
1.089,-0.886,0.058,-42.114,-10.620,48.950
1.020,-0.840,0.064,-37.659,-29.968,53.284
0.957,-0.819,0.100,-30.273,-50.598,57.373
0.889,-0.831,0.161,-21.362,-69.580,62.012
0.820,-0.807,0.257,-10.742,-88.074,68.604
0.711,-0.770,0.293,-5.859,-103.088,75.500
0.567,-0.819,0.443,0.366,-115.540,80.078
0.455,-0.794,0.521,-0.122,-121.155,85.632
0.315,-0.778,0.598,-6.897,-120.728,91.309
0.217,-0.778,0.646,-11.902,-114.624,95.032
0.139,-0.780,0.660,-12.024,-102.661,98.938
0.047,-0.754,0.665,-16.113,-92.957,102.295
-0.038,-0.721,0.649,-19.653,-83.984,105.164
-0.107,-0.692,0.656,-16.418,-74.951,106.506
-0.175,-0.685,0.683,-15.137,-65.979,106.506
-0.258,-0.676,0.694,-16.357,-60.242,106.750
-0.317,-0.658,0.721,-15.869,-57.129,105.530
-0.374,-0.660,0.738,-13.977,-54.321,102.844
-0.424,-0.659,0.752,-13.367,-51.514,100.464
-0.464,-0.663,0.757,-15.137,-48.584,97.839
-0.509,-0.669,0.760,-19.226,-44.189,93.506
-0.542,-0.677,0.755,-25.513,-37.292,89.233
-0.627,-0.723,0.720,-28.137,-30.518,86.121
-0.646,-0.718,0.721,-32.104,-23.804,87.158
-0.703,-0.710,0.704,-31.921,-20.630,88.135
-0.742,-0.682,0.669,-33.081,-19.409,88.379
-0.785,-0.652,0.623,-34.668,-18.921,88.684
-0.859,-0.601,0.582,-34.729,-20.874,87.524
-0.927,-0.534,0.537,-30.823,-23.376,85.388
-0.990,-0.480,0.494,-27.832,-27.039,79.895
-1.035,-0.432,0.482,-26.794,-34.851,71.899
-1.097,-0.417,0.526,-23.437,-45.166,63.049
-1.118,-0.406,0.588,-19.470,-52.795,54.321
-1.144,-0.389,0.670,-15.320,-57.251,46.997
-1.152,-0.369,0.725,-10.071,-57.617,40.894
-1.151,-0.351,0.786,-3.784,-56.091,36.316
-1.183,-0.324,0.850,5.188,-53.284,32.166
-1.203,-0.300,0.887,13.611,-45.288,27.954
-1.212,-0.260,0.908,19.409,-33.752,22.278
-1.215,-0.247,0.914,22.522,-23.865,16.357
-1.211,-0.224,0.938,25.085,-19.897,9.644
-1.214,-0.204,0.980,26.123,-18.005,2.502
-1.190,-0.179,1.012,27.771,-13.550,-4.333
-1.154,-0.166,1.039,28.687,-4.944,-11.902
-1.124,-0.170,1.048,26.794,5.615,-18.372
-1.074,-0.167,1.040,26.367,16.174,-24.170
-1.039,-0.168,1.034,24.292,25.818,-27.649
-1.023,-0.161,1.006,21.240,34.058,-31.067
-0.993,-0.152,0.968,17.090,41.992,-35.767
-0.958,-0.144,0.928,11.230,47.119,-41.626
-0.935,-0.141,0.881,5.005,50.232,-48.462
-0.913,-0.156,0.821,0.549,54.260,-56.702
-0.877,-0.184,0.752,-1.160,59.753,-66.528
-0.821,-0.226,0.696,-0.427,64.026,-75.745
-0.779,-0.281,0.661,2.502,65.491,-83.252
-0.736,-0.348,0.635,7.202,66.589,-88.867
-0.687,-0.408,0.615,12.878,68.848,-92.834
-0.633,-0.466,0.593,17.822,71.960,-95.825
-0.591,-0.530,0.580,22.949,73.486,-99.548
-0.551,-0.604,0.595,28.137,71.289,-105.286
-0.478,-0.674,0.636,28.320,67.932,-111.267
-0.429,-0.787,0.652,25.696,66.223,-117.126
-0.361,-0.869,0.676,23.682,68.604,-118.103
-0.305,-0.954,0.690,25.330,74.707,-115.356
-0.249,-1.019,0.683,27.405,81.360,-113.098
-0.158,-1.040,0.691,24.292,87.219,-109.680
-0.061,-1.062,0.680,21.606,89.722,-106.323
0.012,-1.125,0.680,17.639,90.515,-104.919
0.120,-1.177,0.672,13.855,94.299,-103.699
0.220,-1.231,0.662,11.475,99.426,-103.394
0.327,-1.275,0.654,9.827,100.220,-101.868
0.455,-1.309,0.634,7.874,98.694,-98.938
0.579,-1.319,0.623,3.967,96.436,-95.581
0.715,-1.319,0.611,-0.854,94.238,-90.515
0.852,-1.328,0.591,-4.578,91.064,-83.862
0.996,-1.347,0.578,-7.751,84.778,-73.914
1.119,-1.352,0.568,-11.230,75.562,-59.326
1.212,-1.333,0.567,-11.292,67.566,-41.260
1.295,-1.277,0.563,-5.920,63.416,-21.973
1.328,-1.199,0.551,-2.686,58.838,-2.502
1.330,-1.115,0.531,-3.174,49.622,13.855
1.325,-1.048,0.519,-7.629,36.316,27.893
1.288,-0.991,0.525,-13.306,22.339,39.917
1.225,-0.924,0.535,-18.921,11.841,51.819
1.122,-0.863,0.510,-23.804,6.714,63.293
1.044,-0.795,0.443,-26.611,3.052,74.036
0.982,-0.740,0.399,-26.917,-5.310,84.412
0.851,-0.670,0.351,-25.391,-18.433,91.797
0.763,-0.624,0.335,-16.174,-31.494,93.567
0.712,-0.604,0.389,-3.113,-47.791,93.079
0.643,-0.631,0.439,2.808,-63.782,91.187
0.573,-0.664,0.481,3.296,-75.378,88.806
0.468,-0.697,0.514,1.709,-82.275,87.402
0.377,-0.734,0.519,-0.732,-83.679,86.853
0.278,-0.759,0.552,-5.066,-79.895,86.731
0.164,-0.793,0.581,-7.690,-75.989,87.402
0.044,-0.796,0.641,-5.371,-72.388,90.881
-0.083,-0.765,0.728,-3.540,-63.110,92.407
-0.162,-0.726,0.764,-6.348,-50.842,90.820
-0.227,-0.696,0.763,-13.184,-42.908,87.158
-0.275,-0.673,0.716,-20.935,-38.940,81.848
-0.322,-0.660,0.661,-26.184,-36.316,76.599
-0.362,-0.641,0.593,-29.358,-33.813,73.730
-0.393,-0.598,0.533,-29.419,-31.799,71.594
-0.435,-0.559,0.474,-29.297,-31.921,69.397

-0.962,-0.444,0.894,8.850,-46.570,57.251
-1.006,-0.441,0.996,8.667,-41.809,53.650
-1.032,-0.377,1.042,-3.540,-40.771,47.302
-1.081,-0.342,1.023,-24.597,-40.710,42.908
-1.143,-0.292,0.987,-41.565,-42.603,37.170
-1.204,-0.264,0.962,-48.096,-41.443,32.410
-1.275,-0.205,0.973,-43.823,-37.537,26.062
-1.327,-0.142,1.036,-29.480,-30.762,20.874
-1.387,-0.085,1.115,-11.780,-21.057,17.334
-1.401,0.025,1.172,7.324,-9.216,13.367
-1.422,0.104,1.228,23.193,2.869,6.470
-1.413,0.143,1.253,31.677,16.052,-3.235
-1.364,0.169,1.272,32.410,26.672,-18.555
-1.320,0.168,1.268,25.757,34.180,-37.048
-1.255,0.165,1.266,13.855,38.452,-54.504
-1.206,0.157,1.267,2.197,38.696,-69.641
-1.146,0.130,1.211,-5.127,40.161,-82.458
-1.058,0.116,1.137,-12.085,44.250,-93.872
-0.980,0.083,1.087,-17.761,45.654,-103.516
-0.909,0.060,1.027,-17.639,46.326,-111.511
-0.821,0.034,0.964,-12.024,49.683,-117.493
-0.742,0.000,0.912,-3.113,58.167,-125.305
-0.651,-0.048,0.836,5.615,65.491,-134.094
-0.570,-0.167,0.762,12.817,68.481,-141.968
-0.448,-0.300,0.711,15.808,66.345,-149.963
-0.289,-0.453,0.665,19.226,59.204,-158.203
-0.109,-0.647,0.611,24.353,52.673,-165.955
0.099,-0.902,0.543,27.283,49.255,-170.959
0.287,-1.150,0.518,27.039,44.617,-172.424
0.483,-1.377,0.515,38.086,33.813,-158.936
0.703,-1.588,0.503,51.453,19.226,-135.315
0.870,-1.739,0.592,44.800,20.813,-117.554
1.037,-1.779,0.668,45.837,20.752,-86.670
1.152,-1.763,0.682,45.410,27.527,-53.345
1.081,-1.806,0.624,23.682,40.466,-27.466
1.118,-1.801,0.620,-3.906,47.729,-5.554
1.191,-1.814,0.613,-16.602,47.485,4.517
1.264,-1.810,0.586,-32.715,41.748,11.292
1.317,-1.765,0.536,-54.810,38.208,19.531
1.335,-1.700,0.482,-54.871,30.212,32.837
1.344,-1.533,0.450,-45.532,22.522,46.082
1.216,-1.503,0.530,-46.143,14.709,64.697
1.342,-1.176,0.659,-41.199,8.301,92.102
1.219,-1.108,0.547,-11.169,10.498,90.210
1.064,-1.104,0.471,-12.390,1.465,80.811
0.999,-1.072,0.460,-13.550,-11.902,82.153
0.871,-1.007,0.427,-12.207,-19.592,86.487
0.658,-0.938,0.383,-9.827,-17.151,91.309
0.486,-0.858,0.365,-4.761,-12.451,97.412
0.319,-0.826,0.351,-2.502,-15.076,101.196
0.133,-0.834,0.379,-2.380,-24.536,100.464
-0.009,-0.804,0.433,-0.061,-32.898,98.877
-0.148,-0.779,0.475,1.892,-38.147,97.046
-0.323,-0.774,0.500,-1.465,-43.457,93.811
-0.493,-0.746,0.552,-4.639,-50.842,87.097
-0.557,-0.808,0.497,-6.348,-57.312,78.979
-0.615,-0.808,0.508,-6.714,-65.918,78.369
-0.730,-0.713,0.575,7.446,-68.115,80.811
-0.818,-0.607,0.598,17.334,-62.622,86.182
-0.877,-0.506,0.622,19.775,-54.932,91.675
-1.021,-0.433,0.642,29.480,-50.415,91.553
-1.064,-0.300,0.688,35.706,-44.373,88.379
-1.143,-0.203,0.743,40.344,-40.649,79.651
-1.205,-0.132,0.798,38.147,-37.720,66.101
-1.267,-0.073,0.853,33.752,-34.363,50.232
-1.298,-0.021,0.902,31.860,-31.189,36.682
-1.305,0.011,0.960,31.067,-28.809,28.076
-1.322,0.057,1.011,31.311,-27.222,22.034
-1.320,0.079,1.048,31.921,-21.912,14.709
-1.332,0.094,1.101,29.358,-16.052,3.845
-1.331,0.121,1.164,24.353,-13.794,-8.362
-1.315,0.133,1.200,15.015,-12.329,-20.386
-1.323,0.122,1.199,3.235,-10.803,-29.419
-1.337,0.132,1.176,-4.883,-7.935,-33.997
-1.375,0.140,1.128,-6.653,-4.211,-34.973
-1.394,0.145,1.091,-2.747,1.465,-37.109
-1.394,0.146,1.037,3.418,8.301,-43.030
-1.360,0.126,0.950,7.202,15.259,-50.415
-1.306,0.088,0.869,10.620,20.325,-61.218
-1.253,0.017,0.802,15.076,23.193,-73.853
-1.203,-0.085,0.760,19.592,25.208,-86.853
-1.136,-0.190,0.747,24.780,27.649,-98.450
-1.085,-0.290,0.742,27.588,31.494,-108.093
-1.006,-0.401,0.714,29.175,38.635,-115.784
-0.886,-0.528,0.682,28.503,45.898,-119.629
-0.803,-0.625,0.654,24.109,47.546,-118.469
-0.728,-0.678,0.632,19.409,47.363,-116.028
-0.676,-0.706,0.585,16.052,49.744,-112.793
-0.641,-0.741,0.516,15.076,53.955,-108.826
-0.617,-0.785,0.512,19.836,56.641,-107.300
-0.579,-0.822,0.546,28.625,59.143,-106.812
-0.530,-0.874,0.602,36.804,64.392,-104.553
-0.457,-0.888,0.659,45.288,73.242,-100.037
-0.294,-0.900,0.670,53.101,84.351,-93.201
-0.168,-0.969,0.631,64.819,95.032,-89.111
0.086,-1.061,0.575,67.932,98.633,-88.440
0.353,-1.099,0.546,64.331,100.342,-89.233
0.530,-1.151,0.461,58.655,97.046,-84.717
0.728,-1.234,0.304,48.462,96.313,-82.642
0.924,-1.312,0.140,43.823,92.957,-83.374
1.081,-1.421,0.011,45.105,80.566,-87.097
1.200,-1.610,-0.056,47.302,61.218,-90.210
1.314,-1.850,0.004,48.462,35.706,-91.980
1.372,-2.076,0.165,47.791,5.981,-88.379
1.426,-2.260,0.344,41.565,-17.090,-75.378
1.378,-2.400,0.528,30.273,-29.602,-52.124
1.255,-2.431,0.662,18.799,-33.081,-20.874
1.112,-2.363,0.737,6.287,-26.794,13.428
1.006,-2.153,0.697,-8.179,-15.625,46.631
0.940,-1.925,0.526,-24.658,-5.737,74.768
0.872,-1.698,0.355,-39.063,-4.822,92.957
0.798,-1.463,0.276,-43.884,-13.794,102.295
0.700,-1.275,0.297,-40.039,-24.475,112.000
0.575,-1.159,0.336,-33.325,-27.039,121.704
0.445,-1.060,0.370,-27.466,-22.156,130.981
0.321,-0.936,0.384,-24.292,-21.240,138.733
0.176,-0.807,0.394,-26.123,-25.208,140.991
0.080,-0.695,0.373,-31.738,-29.541,135.193
0.006,-0.633,0.361,-38.879,-35.095,122.986

-0.917,-0.490,0.951,-17.761,-61.768,23.499
-0.922,-0.542,1.075,-19.287,-52.307,21.179
-0.917,-0.552,1.112,-24.353,-35.950,26.794
-0.934,-0.495,1.103,-28.442,-19.348,36.682
-0.992,-0.400,1.071,-29.968,-6.775,47.852
-1.109,-0.313,1.069,-29.297,-3.174,53.772
-1.202,-0.208,1.102,-27.954,-7.324,51.941
-1.295,-0.128,1.107,-27.527,-11.963,43.152
-1.371,-0.076,1.102,-25.146,-12.268,30.884
-1.412,-0.043,1.109,-18.250,-8.972,18.738
-1.425,-0.034,1.131,-6.653,-2.258,5.371
-1.389,-0.063,1.116,5.066,8.606,-9.583
-1.304,-0.117,1.089,15.564,18.433,-24.597
-1.209,-0.171,1.069,21.606,23.437,-37.415
-1.120,-0.239,1.040,22.949,24.414,-47.363
-1.026,-0.319,1.038,22.461,23.254,-54.016
-0.970,-0.367,1.061,20.874,24.719,-55.969
-0.933,-0.389,1.046,17.822,31.250,-53.223
-0.862,-0.421,1.006,14.099,41.443,-50.537
-0.795,-0.437,0.948,9.033,50.659,-48.523
-0.721,-0.407,0.864,5.127,56.458,-47.424
-0.632,-0.391,0.748,0.793,61.157,-49.866
-0.559,-0.407,0.668,-0.061,60.852,-56.763
-0.501,-0.431,0.631,4.578,55.603,-66.345
-0.456,-0.514,0.634,10.193,49.072,-76.965
-0.349,-0.622,0.647,15.991,42.297,-87.585
-0.204,-0.755,0.662,19.043,37.964,-94.482
-0.089,-0.882,0.685,19.348,36.560,-92.590
0.026,-0.963,0.685,18.005,41.565,-82.275
0.156,-1.012,0.645,14.771,51.453,-69.214
0.279,-1.035,0.574,9.216,58.838,-57.312
0.395,-1.048,0.489,1.465,60.852,-48.462
0.500,-1.014,0.402,-6.653,57.739,-41.016
0.584,-0.990,0.304,-12.817,52.979,-34.668
0.651,-0.999,0.238,-13.123,43.762,-33.142
0.788,-0.980,0.191,-11.841,40.344,-31.189
0.899,-1.026,0.155,-4.517,35.278,-31.006
1.049,-1.090,0.137,-0.549,28.320,-31.311
1.163,-1.187,0.164,1.282,17.151,-31.494
1.283,-1.308,0.172,2.258,5.188,-28.931
1.358,-1.431,0.226,2.625,-5.798,-19.836
1.329,-1.466,0.307,2.625,-14.893,-1.404
1.209,-1.422,0.376,-0.427,-17.578,22.400
1.104,-1.319,0.373,-6.042,-14.709,45.837
0.975,-1.215,0.333,-11.414,-12.939,64.453
0.844,-1.075,0.297,-14.465,-17.456,77.820
0.717,-0.968,0.262,-16.602,-25.330,84.473
0.563,-0.911,0.259,-17.029,-33.813,85.022
0.385,-0.857,0.337,-11.536,-44.739,82.031
0.212,-0.831,0.458,-7.080,-54.749,79.224
0.015,-0.822,0.550,-6.958,-59.998,77.759
-0.139,-0.803,0.612,-6.897,-61.951,77.820
-0.280,-0.761,0.677,-5.249,-63.110,78.125
-0.431,-0.710,0.750,-3.845,-62.439,79.590
-0.539,-0.661,0.803,-2.441,-59.387,80.933
-0.641,-0.640,0.858,-0.977,-55.481,79.651
-0.716,-0.611,0.889,-0.427,-51.636,79.468
-0.791,-0.580,0.900,1.465,-48.462,81.421
-0.914,-0.486,0.964,4.639,-45.837,84.229
-1.022,-0.378,1.001,7.080,-41.870,84.412
-1.122,-0.279,1.026,6.104,-35.278,81.787
-1.195,-0.178,1.045,5.981,-30.090,74.646
-1.245,-0.115,1.047,3.418,-25.513,64.819
-1.288,-0.079,1.059,1.038,-21.423,50.537
-1.314,-0.067,1.066,-0.061,-19.104,36.377
-1.320,-0.077,1.074,1.221,-15.625,20.996
-1.339,-0.090,1.091,3.540,-9.583,8.057
-1.354,-0.099,1.101,7.080,-1.343,-1.160
-1.339,-0.128,1.112,11.414,7.751,-9.705
-1.312,-0.177,1.151,14.038,14.038,-20.020
-1.247,-0.270,1.173,13.794,18.921,-31.372
-1.149,-0.378,1.165,9.094,23.193,-40.405
-1.084,-0.448,1.147,2.808,25.146,-43.274
-1.040,-0.461,1.104,-0.671,31.738,-40.161
-0.995,-0.442,1.040,-2.625,43.030,-33.813
-0.951,-0.414,0.944,-3.174,54.932,-28.809
-0.884,-0.368,0.829,-0.916,63.660,-26.733
-0.798,-0.328,0.732,3.235,67.749,-28.992
-0.712,-0.316,0.658,6.958,67.627,-35.583
-0.627,-0.342,0.616,9.827,65.002,-44.434
-0.535,-0.412,0.583,11.780,62.195,-54.138
-0.416,-0.503,0.568,13.184,59.143,-63.232
-0.292,-0.602,0.558,13.062,55.847,-69.580
-0.159,-0.697,0.528,8.545,54.810,-72.388
-0.012,-0.802,0.474,2.380,56.091,-71.655
0.069,-0.883,0.426,-0.610,58.655,-69.214
0.327,-0.906,0.364,-1.343,62.256,-63.293
0.478,-0.985,0.263,1.587,60.730,-61.707
0.759,-1.053,0.180,-3.845,56.702,-63.660
0.969,-1.155,0.074,-4.150,46.692,-65.735
1.191,-1.247,0.013,-1.526,31.982,-65.369
1.371,-1.318,0.026,4.211,19.714,-58.838
1.484,-1.372,0.084,9.033,10.681,-46.143
1.536,-1.408,0.139,10.071,5.676,-28.076
1.554,-1.427,0.193,9.399,2.258,-10.681
1.539,-1.413,0.238,5.981,-2.563,3.540
1.497,-1.398,0.270,0.671,-9.644,15.869
1.424,-1.370,0.309,-5.127,-18.005,27.588
1.309,-1.331,0.350,-10.254,-26.306,39.063
1.134,-1.283,0.391,-15.015,-33.264,51.208
0.921,-1.189,0.423,-17.700,-37.964,65.125
0.724,-1.097,0.432,-17.395,-38.147,77.332
0.547,-1.026,0.445,-16.785,-38.147,84.595
0.362,-0.970,0.481,-16.663,-43.579,86.243
0.196,-0.933,0.529,-18.127,-52.002,82.336
0.030,-0.909,0.595,-19.958,-60.791,76.294
-0.122,-0.885,0.657,-20.752,-66.162,71.716
-0.277,-0.850,0.709,-20.996,-66.650,69.641
-0.426,-0.815,0.760,-20.447,-63.721,69.397
-0.540,-0.771,0.808,-19.104,-58.655,69.397
-0.640,-0.702,0.840,-17.700,-53.040,69.336
-0.730,-0.647,0.859,-16.663,-46.692,68.970
-0.799,-0.581,0.879,-15.198,-40.222,67.993
-0.862,-0.509,0.887,-12.573,-34.912,67.261
-0.906,-0.453,0.888,-10.742,-31.311,64.758
-0.925,-0.411,0.894,-8.362,-29.724,59.753
-1.015,-0.367,0.931,-6.958,-28.015,54.932
-1.050,-0.323,0.962,-5.432,-25.269,48.523
-1.111,-0.286,1.004,-2.808,-21.301,42.236

-1.206,-0.213,1.086,-1.221,-13.000,28.259
-1.224,-0.205,1.112,-0.977,-8.179,18.616
-1.246,-0.188,1.135,-0.854,-2.686,12.207
-1.250,-0.170,1.129,-1.831,5.066,8.667
-1.243,-0.169,1.100,-2.441,14.221,4.578
-1.218,-0.163,1.073,-3.418,21.240,-1.099
-1.186,-0.162,1.027,-6.897,24.536,-9.338
-1.144,-0.189,0.984,-9.827,25.085,-19.348
-1.095,-0.221,0.966,-9.888,26.123,-27.954
-1.065,-0.227,0.961,-7.202,29.724,-33.142
-1.039,-0.226,0.930,-4.883,37.354,-34.912
-1.003,-0.223,0.894,-2.258,45.715,-37.231
-0.948,-0.252,0.845,3.540,52.002,-42.480
-0.863,-0.289,0.795,4.944,57.312,-49.988
-0.758,-0.361,0.736,5.920,61.279,-59.204
-0.643,-0.447,0.692,6.042,62.073,-67.688
-0.529,-0.524,0.662,5.432,61.279,-73.547
-0.423,-0.581,0.636,4.028,61.707,-76.538
-0.334,-0.628,0.620,3.723,64.087,-76.294
-0.235,-0.691,0.597,3.174,67.505,-73.975
-0.209,-0.761,0.594,2.808,69.397,-69.641
-0.039,-0.765,0.583,3.479,70.679,-62.378
-0.029,-0.806,0.516,8.728,70.435,-60.242
0.158,-0.810,0.426,4.211,76.111,-60.547
0.299,-0.865,0.299,3.967,77.942,-65.247
0.502,-0.921,0.218,7.080,72.327,-71.960
0.701,-0.994,0.170,10.864,64.514,-77.209
0.882,-1.094,0.161,12.756,57.678,-83.130
1.075,-1.217,0.162,13.733,51.331,-85.205
1.239,-1.349,0.188,14.099,41.870,-82.520
1.362,-1.470,0.236,13.062,29.114,-75.073
1.436,-1.543,0.285,10.620,15.625,-61.951
1.438,-1.574,0.329,7.141,6.470,-41.443
1.353,-1.533,0.384,4.028,1.526,-15.503
1.277,-1.410,0.371,0.427,-1.099,10.010
1.199,-1.338,0.329,-7.935,-2.930,28.992
1.124,-1.291,0.286,-14.465,-7.996,41.565
1.026,-1.238,0.269,-16.541,-17.334,50.903
0.906,-1.179,0.289,-15.808,-28.564,58.960
0.748,-1.135,0.354,-14.832,-39.185,65.857
0.586,-1.092,0.436,-14.587,-48.767,70.923
0.426,-1.048,0.514,-14.648,-56.274,75.378
0.265,-0.983,0.555,-15.747,-60.120,81.970
0.106,-0.935,0.580,-17.822,-61.890,89.233
-0.056,-0.867,0.634,-19.287,-64.514,93.140
-0.203,-0.802,0.698,-20.081,-67.322,93.140
-0.336,-0.734,0.745,-22.705,-68.298,91.858
-0.446,-0.665,0.777,-25.269,-66.956,91.309
-0.572,-0.577,0.811,-28.137,-66.528,90.637
-0.715,-0.468,0.832,-30.762,-65.308,91.309
-0.838,-0.375,0.837,-31.006,-60.669,90.149
-0.915,-0.313,0.826,-26.794,-53.284,83.740
-0.978,-0.280,0.870,-18.250,-44.983,72.876
-1.026,-0.259,0.928,-8.362,-38.086,61.035
-1.055,-0.216,0.953,-2.747,-30.396,50.781
-1.079,-0.176,0.932,-1.038,-22.766,43.518
-1.146,-0.133,0.937,0.549,-17.883,38.635
-1.188,-0.098,0.977,4.456,-14.709,32.104
-1.199,-0.070,1.013,7.019,-11.169,19.714
-1.189,-0.082,1.025,4.822,-9.766,4.578
-1.168,-0.126,1.020,1.465,-9.644,-9.338
-1.131,-0.155,1.024,0.732,-7.446,-19.897
-1.091,-0.171,1.022,2.563,-0.916,-26.123
-1.058,-0.194,1.007,4.517,8.789,-29.175
-1.012,-0.246,0.964,5.676,17.578,-31.006
-0.955,-0.311,0.930,5.432,20.020,-34.058
-0.890,-0.368,0.935,5.127,16.479,-38.452
-0.832,-0.408,0.959,2.991,13.489,-42.969
-0.779,-0.448,0.960,-0.610,13.245,-44.678
-0.748,-0.482,0.948,-5.371,19.104,-42.664
-0.687,-0.497,0.892,-6.470,29.602,-40.039
-0.610,-0.495,0.833,-4.883,41.077,-39.734
-0.476,-0.501,0.765,-3.418,49.316,-41.931
-0.406,-0.555,0.720,-0.671,51.514,-46.936
-0.311,-0.601,0.697,2.197,48.645,-55.298
-0.170,-0.637,0.644,1.831,51.697,-59.692
-0.050,-0.703,0.588,5.920,52.917,-62.378
0.120,-0.750,0.532,9.399,56.030,-60.791
0.303,-0.789,0.453,14.648,61.523,-57.861
0.485,-0.835,0.367,18.921,67.200,-55.176
0.660,-0.877,0.290,22.705,68.970,-54.077
0.847,-0.946,0.221,25.513,63.843,-58.350
1.033,-1.054,0.154,26.123,53.223,-68.115
1.219,-1.206,0.131,26.611,41.138,-77.881
1.368,-1.373,0.149,26.245,25.330,-81.909
1.470,-1.550,0.187,21.729,7.324,-77.942
1.512,-1.678,0.242,13.733,-11.902,-63.782
1.472,-1.755,0.328,6.775,-30.457,-39.978
1.337,-1.751,0.435,0.244,-42.969,-10.254
1.136,-1.677,0.539,-7.202,-47.974,21.362
0.927,-1.573,0.623,-15.869,-47.668,50.964
0.711,-1.445,0.660,-24.963,-44.678,75.684
0.503,-1.295,0.637,-34.180,-41.382,95.459
0.306,-1.140,0.587,-40.833,-39.978,111.572
0.140,-0.985,0.565,-42.664,-40.771,122.375
-0.041,-0.837,0.568,-39.978,-43.091,127.075
-0.215,-0.702,0.587,-36.560,-46.143,127.075
-0.362,-0.588,0.608,-33.203,-50.537,122.681
-0.481,-0.479,0.645,-29.236,-56.824,115.234
-0.605,-0.412,0.708,-25.879,-62.073,104.431
-0.708,-0.366,0.781,-23.743,-64.270,91.309
-0.761,-0.340,0.824,-22.339,-61.157,77.881
-0.796,-0.337,0.830,-22.034,-53.955,67.139
-0.807,-0.345,0.821,-20.691,-45.349,59.875
-0.815,-0.348,0.816,-17.273,-37.170,54.382
-0.826,-0.331,0.827,-13.977,-30.579,49.011
-0.836,-0.307,0.827,-11.719,-27.100,42.969
-0.869,-0.320,0.850,-10.681,-25.574,34.180
-0.909,-0.326,0.875,-9.155,-25.085,24.963
-0.922,-0.314,0.875,-6.104,-26.978,18.555
-0.938,-0.298,0.901,0.366,-28.748,15.015
-0.952,-0.290,0.935,4.578,-23.987,11.963
-0.971,-0.268,0.943,9.216,-15.930,8.423
-0.976,-0.269,0.983,13.550,-6.226,5.310
-0.952,-0.266,0.971,11.719,0.854,1.892
-0.931,-0.305,0.939,3.784,4.333,-2.625
-0.899,-0.368,0.945,-3.540,6.714,-9.827
-0.856,-0.414,0.932,-8.301,11.108,-16.907
-0.807,-0.496,0.879,-12.207,15.015,-21.606

-0.692,-0.656,0.887,-19.592,12.634,-24.902
-0.630,-0.698,0.901,-16.541,14.343,-26.550
-0.537,-0.772,0.869,-19.409,21.179,-25.024
-0.376,-0.831,0.785,-26.489,29.846,-19.348
-0.296,-0.926,0.774,-45.898,48.096,-8.850
-0.203,-0.987,0.718,-66.528,71.899,6.104
-0.215,-0.955,0.683,-71.899,90.820,23.804
-0.253,-0.859,0.685,-58.350,97.229,36.865
-0.275,-0.702,0.729,-41.260,94.543,39.307
-0.245,-0.526,0.735,-35.400,94.543,36.560
-0.130,-0.396,0.695,-30.457,92.102,20.874
0.046,-0.336,0.614,-29.968,89.294,-1.343
0.239,-0.274,0.522,-21.729,85.144,-27.039
0.542,-0.211,0.454,-2.930,82.703,-50.049
0.860,-0.215,0.316,13.245,79.224,-65.857
1.134,-0.330,0.191,19.165,65.186,-69.397
1.285,-0.455,0.104,23.499,40.894,-64.148
1.373,-0.636,0.094,33.325,16.357,-58.899
1.452,-0.833,0.110,37.781,-3.906,-54.443
1.461,-0.989,0.104,33.386,-25.146,-47.852
1.395,-1.098,0.117,29.663,-45.776,-37.048
1.278,-1.218,0.174,28.687,-61.218,-22.278
1.133,-1.336,0.186,31.860,-72.449,-5.188
0.994,-1.378,0.303,40.527,-84.839,10.620
0.848,-1.355,0.443,41.931,-94.055,23.926
0.705,-1.382,0.537,28.625,-95.703,43.091
0.498,-1.426,0.569,14.648,-89.600,64.453
0.355,-1.402,0.536,15.991,-76.660,88.623
0.151,-1.296,0.597,21.362,-60.364,113.953
-0.020,-1.131,0.651,15.564,-51.208,128.906
-0.161,-0.970,0.643,-5.310,-55.725,126.587
-0.297,-0.836,0.605,-31.555,-67.932,114.075
-0.410,-0.736,0.569,-48.950,-78.003,101.746
-0.512,-0.657,0.589,-52.979,-83.862,93.750
-0.649,-0.575,0.686,-45.288,-87.097,91.858
-0.816,-0.512,0.837,-30.212,-83.191,92.773
-0.971,-0.401,1.009,-18.738,-71.899,92.102
-1.031,-0.257,1.115,-13.733,-58.838,86.243
-1.131,-0.122,1.138,-10.559,-48.279,74.890
-1.165,-0.063,1.160,-11.047,-35.156,65.918
-1.193,-0.030,1.116,-6.042,-28.809,53.284
-1.184,-0.069,1.100,5.981,-23.621,42.114
-1.126,-0.098,1.111,15.198,-17.090,29.846
-1.188,-0.211,1.137,16.846,-14.221,23.926
-1.224,-0.278,1.179,18.860,-6.470,21.851
-1.194,-0.301,1.169,16.052,5.127,15.442
-1.145,-0.320,1.105,5.737,12.085,7.202
-1.084,-0.315,1.014,-5.615,11.719,0.854
-1.065,-0.336,0.901,-13.977,7.996,-1.709
-1.042,-0.387,0.832,-12.512,5.249,-1.465
-1.012,-0.445,0.822,-0.610,9.033,2.380
-1.002,-0.525,0.805,14.709,22.766,10.193
-0.946,-0.595,0.802,28.076,45.593,19.104
-0.929,-0.621,0.863,36.987,68.970,25.818
-0.895,-0.592,0.919,38.025,83.435,25.024
-0.848,-0.564,0.938,22.278,88.440,12.329
-0.754,-0.520,0.924,-3.418,85.327,-7.996
-0.644,-0.504,0.890,-24.475,74.402,-31.189
-0.511,-0.487,0.827,-36.987,65.063,-49.927
-0.404,-0.466,0.773,-38.452,59.021,-59.753
-0.315,-0.451,0.736,-31.189,56.335,-61.096
-0.237,-0.464,0.699,-19.958,60.913,-61.584
-0.101,-0.486,0.712,-10.925,67.566,-65.552
0.049,-0.514,0.696,-10.193,67.993,-73.730
0.290,-0.539,0.624,-15.747,63.110,-85.083
0.439,-0.616,0.518,-15.015,52.490,-98.633
0.673,-0.687,0.436,-15.198,44.067,-102.173
0.849,-0.803,0.361,-5.188,40.283,-94.421
0.999,-0.897,0.353,14.099,44.861,-70.862
1.099,-0.967,0.390,37.231,58.899,-35.645
1.142,-0.974,0.421,57.495,73.242,-2.869
1.199,-0.910,0.410,67.017,82.581,18.250
1.305,-0.837,0.352,58.289,76.294,19.531
1.435,-0.812,0.278,37.109,54.321,2.319
1.559,-0.851,0.185,16.602,27.710,-19.958
1.686,-0.965,0.118,4.211,6.470,-35.645
1.804,-1.104,0.058,-2.991,-9.033,-43.579
1.858,-1.259,0.042,-7.080,-24.841,-41.138
1.846,-1.406,0.036,-8.057,-39.673,-26.672
1.788,-1.481,0.043,-8.545,-50.415,-2.319
1.704,-1.506,0.029,-8.545,-58.960,26.245
1.511,-1.465,0.041,-10.376,-68.909,56.458
1.260,-1.395,0.048,-13.672,-77.087,85.449
0.950,-1.293,0.091,-17.578,-82.458,108.093
0.642,-1.176,0.159,-19.531,-87.769,123.047
0.352,-1.070,0.252,-19.104,-94.116,130.615
0.061,-1.010,0.367,-16.663,-100.098,131.775
-0.193,-0.979,0.482,-14.404,-102.600,127.869
-0.408,-0.933,0.601,-12.329,-102.600,121.582
-0.560,-0.894,0.687,-10.620,-99.670,115.234
-0.704,-0.870,0.753,-12.024,-94.299,110.901
-0.844,-0.851,0.798,-13.245,-88.318,109.009
-0.954,-0.811,0.828,-12.817,-80.872,107.971
-1.020,-0.724,0.873,-13.489,-72.754,107.361
-1.201,-0.710,0.878,-15.137,-66.223,104.431
-1.247,-0.647,0.920,-14.771,-57.617,102.295
-1.336,-0.588,0.946,-12.329,-45.959,96.619
-1.384,-0.516,0.985,-9.766,-34.668,91.125
-1.456,-0.450,1.040,-5.005,-25.818,84.778
-1.485,-0.397,1.109,-0.061,-13.855,74.951
-1.490,-0.358,1.161,3.174,0.671,64.392
-1.496,-0.313,1.215,4.883,12.390,53.101
-1.448,-0.277,1.224,3.784,20.935,39.795
-1.399,-0.269,1.212,-0.305,22.705,24.170
-1.355,-0.278,1.210,-6.348,21.057,10.010
-1.297,-0.303,1.204,-13.550,22.034,-0.671
-1.247,-0.317,1.147,-21.423,24.353,-8.545
-1.178,-0.334,1.060,-26.123,27.283,-14.099
-1.112,-0.351,0.986,-24.719,30.945,-17.578
-1.055,-0.371,0.952,-19.104,35.828,-18.555
-1.020,-0.386,0.928,-13.000,43.030,-20.081
-0.934,-0.384,0.888,-8.240,51.697,-23.926
-0.864,-0.404,0.862,-7.080,55.237,-31.006
-0.813,-0.428,0.856,-8.911,55.847,-40.405
-0.718,-0.446,0.824,-10.803,59.082,-50.842
-0.642,-0.474,0.779,-14.832,63.721,-60.425
-0.576,-0.518,0.753,-16.968,67.139,-69.824
-0.484,-0.563,0.723,-18.127,70.129,-80.505
-0.370,-0.615,0.674,-18.616,71.472,-90.881

1.108,-0.842,0.400,11.902,77.209,-88.806
1.304,-0.946,0.304,3.113,76.233,-89.478
1.505,-1.026,0.191,-3.723,70.557,-89.966
1.687,-1.086,0.116,-7.324,61.829,-85.938
1.828,-1.126,0.065,-5.615,51.453,-79.834
1.958,-1.172,0.038,-1.160,37.964,-69.397
2.010,-1.257,0.032,2.869,21.973,-55.664
1.993,-1.343,0.031,5.066,8.545,-37.537
1.930,-1.392,0.028,6.042,-0.793,-15.503
1.843,-1.385,0.023,3.967,-11.902,7.690
1.701,-1.326,0.028,-0.977,-26.672,28.748
1.509,-1.248,0.037,-5.005,-41.870,47.729
1.257,-1.161,0.073,-7.996,-54.932,64.819
0.990,-1.058,0.143,-6.714,-66.528,78.735
0.709,-0.954,0.230,-2.258,-75.806,88.562
0.482,-0.878,0.320,2.991,-82.764,92.468
0.268,-0.845,0.411,5.310,-89.050,91.125
0.068,-0.842,0.494,3.845,-95.581,86.853
-0.104,-0.857,0.568,1.404,-100.220,82.764
-0.257,-0.865,0.642,-0.916,-101.074,80.322
-0.399,-0.870,0.699,-3.418,-98.755,80.627
-0.544,-0.868,0.735,-7.446,-95.093,82.581
-0.676,-0.833,0.769,-10.925,-90.454,84.106
-0.789,-0.779,0.792,-11.963,-84.534,84.351
-0.875,-0.714,0.805,-10.437,-77.820,83.130
-0.950,-0.662,0.836,-8.423,-72.266,81.604
-1.039,-0.613,0.887,-5.859,-68.298,79.590
-1.087,-0.543,0.988,-3.052,-62.256,77.209
-1.236,-0.537,1.045,-1.038,-53.955,73.181
-1.253,-0.476,1.116,-0.122,-43.945,70.862
-1.333,-0.449,1.152,1.770,-33.752,66.589
-1.329,-0.385,1.203,0.916,-24.414,60.486
-1.366,-0.343,1.219,-1.892,-16.113,52.734
-1.366,-0.284,1.214,-6.409,-8.850,40.771
-1.374,-0.233,1.187,-10.681,-3.540,27.649
-1.360,-0.206,1.155,-12.268,2.014,12.146
-1.320,-0.203,1.123,-12.268,9.766,-2.136
-1.259,-0.217,1.100,-10.620,16.907,-13.855
-1.205,-0.224,1.095,-7.935,22.888,-21.790
-1.190,-0.213,1.086,-4.395,29.236,-26.794
-1.151,-0.214,1.063,-1.953,39.063,-32.410
-1.095,-0.232,1.016,-2.686,50.293,-41.321
-1.036,-0.259,0.957,-5.798,58.716,-52.917
-0.933,-0.296,0.901,-10.620,62.683,-65.430
-0.876,-0.337,0.843,-14.954,63.782,-78.491
-0.782,-0.386,0.786,-16.602,64.636,-89.050
-0.695,-0.457,0.738,-16.052,66.589,-97.351
-0.592,-0.524,0.713,-12.329,70.007,-104.858
-0.487,-0.596,0.691,-6.348,74.219,-109.192
-0.359,-0.663,0.679,-0.305,79.346,-110.229
-0.229,-0.738,0.632,3.357,83.862,-111.023
-0.101,-0.810,0.573,3.723,84.900,-112.244
0.037,-0.890,0.512,1.648,81.665,-113.159
0.182,-0.930,0.480,-2.136,76.965,-112.854
0.301,-0.996,0.450,-0.793,73.792,-113.708
0.483,-1.006,0.446,3.052,71.716,-115.601
0.672,-1.033,0.412,2.869,72.327,-110.474
0.857,-1.077,0.385,5.432,72.083,-105.835
1.032,-1.145,0.357,8.606,69.153,-97.595
1.187,-1.208,0.333,9.094,64.148,-87.341
1.318,-1.257,0.302,7.141,58.899,-77.026
1.461,-1.277,0.260,4.883,54.382,-65.247
1.612,-1.275,0.211,2.625,49.255,-52.734
1.725,-1.272,0.169,1.831,41.321,-39.795
1.812,-1.269,0.139,2.319,31.860,-24.719
1.857,-1.303,0.113,2.502,20.691,-8.362
1.808,-1.338,0.080,0.244,6.226,7.324
1.720,-1.359,0.072,-1.648,-7.690,24.536
1.596,-1.353,0.069,-3.174,-19.592,41.443
1.441,-1.312,0.081,-2.563,-28.564,58.350
1.304,-1.260,0.089,-3.479,-34.241,73.364
1.143,-1.194,0.116,-5.066,-44.922,82.336
0.962,-1.110,0.168,-5.249,-60.059,88.928
0.786,-1.033,0.220,-5.920,-71.716,94.543
0.601,-0.991,0.267,-7.324,-78.552,98.267
0.405,-0.950,0.310,-8.667,-85.205,100.464
0.219,-0.926,0.374,-8.972,-91.858,101.318
0.039,-0.910,0.443,-6.836,-97.412,101.074
-0.137,-0.890,0.515,-5.127,-99.792,101.135
-0.290,-0.864,0.572,-2.563,-99.060,101.563
-0.414,-0.847,0.620,0.122,-96.375,101.318
-0.553,-0.844,0.674,0.061,-93.689,100.952
-0.705,-0.827,0.749,-1.221,-91.064,102.173
-0.827,-0.800,0.821,-0.305,-84.900,103.027
-0.924,-0.765,0.869,0.122,-76.538,102.539
-1.063,-0.732,0.920,-2.136,-71.289,100.586
-1.188,-0.696,0.951,-6.165,-69.092,96.680
-1.282,-0.647,0.981,-11.536,-68.909,91.675
-1.419,-0.596,1.053,-15.869,-68.970,84.656
-1.443,-0.507,1.120,-15.564,-64.270,75.867
-1.452,-0.432,1.153,-15.808,-57.495,68.542
-1.449,-0.376,1.161,-15.686,-49.744,58.411
-1.435,-0.324,1.176,-16.357,-41.382,51.147
-1.435,-0.271,1.188,-15.137,-33.081,44.250
-1.425,-0.213,1.191,-12.878,-22.705,38.452
-1.405,-0.172,1.168,-9.399,-10.437,31.006
-1.366,-0.147,1.139,-7.324,-1.343,21.790
-1.320,-0.141,1.108,-5.615,5.188,11.169
-1.258,-0.134,1.083,-3.723,13.062,0.122
-1.196,-0.150,1.043,-2.014,20.935,-11.292
-1.112,-0.182,0.997,-4.089,26.855,-25.452
-1.023,-0.214,0.946,-6.958,31.616,-41.565
-0.929,-0.255,0.910,-9.827,38.574,-56.152
-0.828,-0.310,0.846,-11.353,47.668,-67.200
-0.713,-0.346,0.775,-11.414,55.176,-73.486
-0.608,-0.365,0.740,-8.972,57.312,-76.172
-0.523,-0.398,0.726,-6.531,57.434,-76.721
-0.469,-0.428,0.710,-6.409,59.937,-75.317
-0.416,-0.444,0.693,-6.653,65.735,-72.815
-0.380,-0.454,0.669,-6.714,72.449,-71.289
-0.355,-0.475,0.649,-5.554,78.674,-71.838
-0.302,-0.507,0.624,-3.784,84.045,-75.623
-0.229,-0.557,0.605,-3.418,86.426,-83.130
-0.157,-0.632,0.586,-6.470,85.571,-90.820
-0.089,-0.727,0.552,-10.864,84.595,-96.619
-0.028,-0.814,0.516,-14.343,84.290,-98.938
0.032,-0.878,0.482,-17.273,84.595,-97.168
0.107,-0.893,0.466,-20.752,84.229,-91.858
0.244,-0.844,0.491,-21.057,82.092,-84.534

0.595,-0.925,0.530,-1.831,58.594,-41.138
0.595,-0.890,0.554,0.122,54.932,-34.424
0.584,-0.836,0.571,2.563,54.138,-25.269
0.569,-0.767,0.570,2.319,54.382,-15.259
0.552,-0.675,0.571,2.991,51.208,-8.362
0.570,-0.603,0.568,7.019,46.875,-6.714
0.624,-0.591,0.557,11.536,42.542,-10.742
0.695,-0.647,0.545,14.648,36.560,-18.066
0.774,-0.738,0.524,16.541,28.748,-26.184
0.875,-0.829,0.501,17.273,20.813,-32.410
0.970,-0.925,0.475,16.541,13.062,-35.889
1.038,-1.016,0.437,13.000,4.700,-33.813
1.111,-1.110,0.395,9.583,-3.845,-27.039
1.140,-1.160,0.373,10.559,-11.902,-17.334
1.130,-1.169,0.372,13.367,-14.587,-1.770
1.116,-1.155,0.356,17.090,-9.644,16.113
1.072,-1.139,0.346,19.958,-7.263,32.654
0.998,-1.113,0.348,19.714,-13.428,47.302
0.911,-1.050,0.354,14.648,-24.414,55.359
0.841,-1.004,0.349,8.362,-36.011,55.786
0.796,-0.992,0.341,-0.488,-46.204,52.979
0.714,-0.999,0.347,-8.789,-53.589,51.453
0.618,-0.995,0.381,-11.414,-55.664,53.528
0.542,-0.993,0.429,-8.057,-55.115,58.472
0.445,-0.979,0.485,-4.517,-55.969,64.697
0.368,-0.958,0.540,-1.892,-59.265,69.763
0.296,-0.938,0.586,-2.380,-63.782,73.669
0.219,-0.934,0.609,-3.601,-70.435,75.073
0.141,-0.931,0.615,-6.409,-77.026,74.951
0.049,-0.928,0.606,-12.573,-82.764,74.219
-0.020,-0.896,0.591,-16.785,-86.975,72.937
-0.064,-0.862,0.567,-20.935,-89.050,70.068
-0.126,-0.829,0.555,-26.062,-91.125,66.772
-0.206,-0.765,0.619,-27.344,-92.773,62.622
-0.242,-0.720,0.560,-24.292,-92.285,57.495
-0.182,-0.696,0.486,-33.020,-86.914,63.110
-0.263,-0.664,0.440,-31.067,-88.745,50.842
-0.289,-0.631,0.428,-33.752,-97.656,41.016
-0.348,-0.625,0.453,-36.560,-107.544,30.579
-0.382,-0.652,0.499,-41.321,-113.159,27.588
-0.402,-0.680,0.579,-38.025,-114.868,32.043
-0.409,-0.668,0.688,-27.588,-112.305,45.044
-0.522,-0.718,0.760,-14.099,-105.286,62.561
-0.568,-0.666,0.892,-0.610,-95.459,82.642
-0.649,-0.624,0.987,10.620,-84.900,99.121
-0.717,-0.565,1.051,10.803,-73.853,106.812
-0.791,-0.517,1.066,1.526,-64.636,107.788
-0.859,-0.460,1.062,-10.254,-58.838,101.257
-0.905,-0.409,1.051,-21.301,-54.199,91.797
-0.901,-0.366,1.018,-29.846,-49.072,80.750
-0.908,-0.346,0.997,-34.607,-45.410,71.045
-0.895,-0.326,0.996,-33.752,-43.030,64.575
-0.884,-0.317,1.002,-27.893,-38.513,60.547
-0.884,-0.308,1.017,-19.592,-31.372,58.472
-0.896,-0.291,1.007,-8.728,-21.729,57.678
-0.890,-0.267,0.986,1.404,-11.719,57.434
-0.896,-0.255,0.955,10.681,-2.869,57.312
-0.902,-0.245,0.924,20.813,3.967,55.664
-0.922,-0.247,0.901,28.809,10.315,51.575
-0.952,-0.251,0.871,30.579,15.686,45.593
-0.964,-0.265,0.851,29.236,18.066,37.170
-1.011,-0.302,0.853,26.001,17.822,25.208
-1.013,-0.341,0.872,19.043,18.738,11.169
-1.012,-0.377,0.860,8.850,21.484,-2.563
-1.024,-0.388,0.825,-2.502,24.048,-13.489
-0.998,-0.381,0.788,-9.094,25.818,-22.827
-0.970,-0.399,0.747,-11.719,26.123,-30.334
-0.927,-0.427,0.728,-11.902,22.766,-35.034
-0.896,-0.450,0.740,-9.949,16.785,-36.865
-0.899,-0.496,0.761,-7.263,10.132,-36.133
-0.926,-0.508,0.813,-4.211,5.981,-34.302
-0.945,-0.503,0.858,1.892,7.568,-31.738
-0.935,-0.478,0.895,6.592,16.663,-30.518
-0.929,-0.466,0.900,7.019,28.198,-31.738
-0.923,-0.443,0.892,3.296,38.574,-35.156
-0.917,-0.425,0.871,-1.587,47.119,-40.039
-0.879,-0.408,0.818,-4.517,54.565,-44.250
-0.817,-0.407,0.753,-4.883,60.181,-48.096
-0.778,-0.421,0.709,-3.906,61.401,-53.894
-0.728,-0.456,0.711,-1.221,57.800,-60.181
-0.659,-0.504,0.747,0.488,55.176,-63.904
-0.635,-0.535,0.778,2.136,57.129,-63.354
-0.606,-0.559,0.786,4.395,65.613,-60.059
-0.587,-0.582,0.803,5.615,75.745,-57.922
-0.665,-0.587,0.831,7.202,84.412,-61.401
-0.673,-0.596,0.813,6.409,96.741,-71.350
-0.604,-0.610,0.769,-1.526,108.215,-84.106
-0.541,-0.635,0.729,-12.268,107.971,-99.365
-0.486,-0.683,0.695,-20.142,100.830,-114.441
-0.406,-0.742,0.654,-23.560,99.365,-124.756
-0.316,-0.796,0.578,-23.560,104.431,-126.221
-0.234,-0.823,0.499,-22.705,109.924,-118.958
-0.168,-0.819,0.426,-18.677,111.206,-107.544
-0.102,-0.815,0.366,-11.475,107.178,-96.497
-0.049,-0.821,0.346,-5.432,98.206,-88.684
-0.056,-0.844,0.354,0.732,87.646,-85.815
0.000,-0.894,0.371,5.798,83.069,-88.074
0.058,-0.972,0.410,8.118,83.313,-94.604
0.124,-1.055,0.491,10.193,83.313,-101.624
0.184,-1.104,0.552,12.268,89.844,-108.948
0.370,-1.153,0.552,13.367,106.750,-116.150
0.538,-1.196,0.525,11.353,119.507,-118.713
0.679,-1.213,0.492,11.780,120.178,-112.549
0.832,-1.190,0.456,16.907,117.615,-97.473
0.987,-1.148,0.410,24.475,118.896,-83.008
1.149,-1.104,0.361,34.851,121.155,-69.946
1.349,-1.053,0.300,47.729,121.460,-61.523
1.540,-1.046,0.225,57.678,119.324,-61.523
1.708,-1.143,0.122,57.861,115.723,-65.369
1.873,-1.277,0.023,47.119,106.323,-70.435
1.979,-1.391,-0.068,30.762,86.975,-74.768
2.008,-1.483,-0.184,13.000,62.561,-74.951
2.036,-1.560,-0.297,-0.916,36.316,-66.833
2.064,-1.596,-0.352,-12.085,9.155,-51.270
1.998,-1.546,-0.352,-19.104,-17.090,-26.978
1.852,-1.434,-0.329,-19.775,-36.987,5.432
1.648,-1.300,-0.306,-16.968,-49.866,38.879
1.412,-1.160,-0.265,-13.428,-63.171,65.491
1.161,-1.032,-0.191,-8.179,-79.956,82.581

-0.525,-1.050,0.533,-18.921,-101.868,100.830
-0.592,-1.040,0.590,-17.029,-103.088,108.154
-0.678,-1.002,0.657,-7.690,-99.487,118.774
-0.780,-0.949,0.731,5.676,-90.942,130.493
-0.792,-0.859,0.840,14.343,-81.909,142.883
-0.929,-0.828,0.918,22.156,-73.181,149.231
-0.933,-0.748,1.016,23.437,-60.852,154.724
-0.975,-0.694,1.063,21.851,-46.326,150.818
-1.001,-0.630,1.062,9.399,-33.325,141.724
-1.027,-0.572,1.015,-6.409,-26.489,128.479
-1.056,-0.515,0.975,-21.240,-26.978,111.450
-1.056,-0.469,0.939,-33.997,-31.372,92.712
-1.053,-0.453,0.910,-42.725,-36.316,73.853
-1.040,-0.451,0.890,-44.861,-37.415,58.289
-0.987,-0.451,0.872,-40.527,-31.616,47.058
-0.959,-0.456,0.850,-29.358,-23.071,38.330
-0.924,-0.462,0.849,-17.151,-16.235,33.752
-0.915,-0.464,0.856,-5.493,-12.634,32.410
-0.922,-0.459,0.857,5.493,-7.935,32.532
-0.955,-0.445,0.853,15.015,-0.854,32.654
-0.983,-0.429,0.842,22.766,5.859,31.677
-0.990,-0.406,0.834,25.208,8.606,29.236
-1.030,-0.402,0.852,21.729,7.324,22.583
-1.041,-0.390,0.886,15.320,5.066,13.000
-1.003,-0.390,0.907,9.094,3.113,1.221
-0.937,-0.426,0.907,2.258,0.488,-7.874
-0.918,-0.422,0.917,-5.432,-1.282,-13.245
-0.901,-0.433,0.905,-12.268,-1.892,-14.771
-0.887,-0.437,0.886,-10.376,-0.122,-13.306
-0.898,-0.424,0.882,-3.723,3.052,-11.963
-0.899,-0.411,0.899,3.906,6.226,-12.085
-0.904,-0.420,0.908,7.935,11.780,-15.137
-0.889,-0.424,0.906,6.775,18.860,-20.569
-0.884,-0.443,0.890,2.808,26.001,-27.527
-0.864,-0.463,0.865,-3.357,36.255,-34.180
-0.823,-0.498,0.823,-7.935,48.035,-41.138
-0.738,-0.539,0.810,-10.315,52.490,-46.631
-0.680,-0.563,0.805,-15.198,48.645,-49.805
-0.642,-0.566,0.784,-20.142,44.495,-50.293
-0.598,-0.557,0.775,-22.705,44.067,-48.706
-0.582,-0.534,0.778,-20.996,46.570,-46.936
-0.576,-0.512,0.780,-17.639,54.871,-44.739
-0.581,-0.485,0.759,-13.367,68.115,-42.664
-0.596,-0.439,0.755,-9.460,80.383,-42.969
-0.586,-0.407,0.756,-9.399,88.135,-48.462
-0.612,-0.420,0.730,-15.442,91.003,-60.181
-0.571,-0.447,0.695,-24.536,89.111,-75.806
-0.526,-0.484,0.660,-28.320,81.665,-90.881
-0.449,-0.552,0.609,-31.006,73.792,-101.746
-0.385,-0.632,0.572,-31.128,67.749,-110.779
-0.347,-0.694,0.568,-26.978,62.256,-115.723
-0.308,-0.770,0.573,-18.188,63.660,-116.150
-0.255,-0.822,0.575,-9.644,74.585,-112.427
-0.219,-0.859,0.552,0.244,90.393,-106.995
-0.181,-0.893,0.530,8.301,102.844,-104.248
-0.179,-0.921,0.520,14.587,109.253,-106.018
-0.159,-0.927,0.509,17.700,113.342,-109.619
-0.078,-0.940,0.477,17.700,118.164,-113.159
-0.007,-0.981,0.450,13.550,120.850,-115.723
0.079,-1.006,0.389,3.723,120.911,-115.356
0.129,-1.038,0.322,-7.507,117.432,-113.220
0.277,-0.999,0.220,-20.691,112.183,-107.605
0.312,-0.985,0.124,-22.583,103.210,-105.713
0.473,-0.905,0.085,-21.851,93.018,-100.403
0.596,-0.882,0.132,-8.606,84.717,-101.624
0.697,-0.965,0.250,14.771,80.688,-106.995
0.822,-1.028,0.352,35.400,84.167,-107.117
0.968,-1.069,0.422,47.546,90.759,-101.929
1.090,-1.146,0.475,51.392,91.187,-96.069
1.163,-1.218,0.524,48.889,83.923,-89.844
1.231,-1.264,0.537,43.701,77.820,-82.153
1.331,-1.287,0.508,36.194,76.721,-74.402
1.450,-1.281,0.420,28.931,75.439,-66.040
1.570,-1.308,0.319,26.123,69.458,-58.716
1.647,-1.362,0.246,26.489,58.228,-52.307
1.688,-1.427,0.189,28.809,46.692,-45.471
1.681,-1.496,0.145,27.588,34.912,-37.231
1.625,-1.542,0.088,18.250,21.362,-27.100
1.529,-1.532,0.012,3.906,7.385,-15.320
1.425,-1.479,-0.081,-9.521,-5.249,-3.845
1.333,-1.408,-0.148,-19.470,-17.578,5.920
1.230,-1.326,-0.158,-23.071,-32.776,15.808
1.112,-1.258,-0.138,-23.804,-47.913,26.855
0.995,-1.175,-0.074,-22.766,-61.829,40.283
0.872,-1.062,0.010,-18.372,-75.073,54.321
0.779,-0.962,0.089,-11.902,-83.130,66.284
0.735,-0.911,0.167,-7.324,-87.952,74.219
0.677,-0.893,0.257,-7.629,-96.375,78.308
0.621,-0.880,0.335,-11.780,-105.957,80.383
0.552,-0.876,0.386,-20.264,-109.741,80.933
0.466,-0.908,0.403,-31.311,-109.985,80.688
0.365,-0.935,0.405,-42.480,-111.877,81.970
0.268,-0.926,0.409,-47.852,-115.967,84.534
0.234,-0.897,0.465,-40.588,-119.995,85.938
0.243,-0.894,0.580,-26.733,-122.498,86.975
0.255,-0.910,0.716,-11.902,-122.803,88.318
0.265,-0.969,0.833,-0.427,-122.070,89.294
0.242,-1.023,0.918,1.831,-120.361,89.905
0.201,-1.053,0.921,-7.690,-112.183,92.041
0.146,-1.047,0.798,-25.024,-100.159,94.971
0.079,-1.021,0.629,-47.424,-88.684,94.727
0.008,-1.000,0.444,-67.505,-81.848,90.881
-0.068,-0.974,0.296,-81.543,-82.031,88.074
-0.170,-0.924,0.207,-83.923,-86.121,90.271
-0.272,-0.851,0.180,-72.937,-89.172,98.145
-0.404,-0.781,0.206,-52.734,-88.074,109.924
-0.542,-0.699,0.280,-26.245,-85.144,123.474
-0.654,-0.623,0.386,2.258,-81.848,134.949
-0.785,-0.567,0.512,26.672,-78.369,142.212
-0.879,-0.506,0.646,45.288,-72.144,143.311
-0.907,-0.446,0.782,51.025,-64.941,138.123
-1.027,-0.481,0.852,42.114,-61.340,125.183
-1.021,-0.460,0.935,25.757,-61.890,110.352
-1.073,-0.499,0.967,6.165,-62.317,95.154
-1.117,-0.540,0.979,-13.550,-60.120,76.721
-1.149,-0.598,0.960,-30.396,-55.542,60.242
-1.174,-0.654,0.927,-41.687,-48.645,44.434
-1.163,-0.682,0.890,-47.791,-38.940,34.363
-1.120,-0.695,0.845,-47.974,-27.588,30.029

-1.050,-0.666,0.782,-32.776,-13.184,35.278
-1.029,-0.623,0.788,-20.813,-9.216,41.138
-1.032,-0.583,0.810,-8.484,-5.981,44.800
-1.032,-0.536,0.847,0.244,-5.676,47.119
-1.044,-0.487,0.874,6.470,-6.836,47.424
-1.050,-0.438,0.886,10.437,-7.141,46.326
-1.107,-0.393,0.891,13.428,-5.676,44.312
-1.139,-0.339,0.909,19.409,-3.967,39.612
-1.110,-0.266,0.948,23.132,-3.479,32.166
-1.080,-0.223,0.990,20.203,-3.479,20.386
-1.059,-0.191,1.030,11.841,-2.441,7.507
-1.019,-0.195,1.033,7.080,-0.793,-4.150
-0.995,-0.195,1.036,-0.916,3.052,-13.123
-0.946,-0.188,1.032,-2.808,11.047,-21.118
-0.926,-0.212,1.004,-0.793,21.118,-27.344
-0.901,-0.235,0.982,0.000,29.480,-32.043
-0.872,-0.228,0.973,1.404,33.936,-36.377
-0.858,-0.239,0.972,2.808,36.316,-41.321
-0.833,-0.275,0.959,0.916,40.039,-47.302
-0.810,-0.304,0.932,-3.601,43.579,-54.749
-0.781,-0.327,0.907,-7.324,45.837,-63.538
-0.750,-0.361,0.876,-9.460,49.194,-72.205
-0.723,-0.401,0.836,-10.498,53.711,-79.163
-0.699,-0.456,0.793,-10.681,58.044,-84.900
-0.666,-0.519,0.753,-9.644,60.791,-90.027
-0.636,-0.578,0.721,-8.606,60.364,-93.750
-0.582,-0.630,0.707,-7.324,58.350,-95.520
-0.560,-0.673,0.697,-3.784,56.641,-94.727
-0.487,-0.758,0.689,1.038,57.800,-90.149
-0.423,-0.781,0.708,8.057,60.486,-79.590
-0.426,-0.760,0.734,17.334,66.345,-64.209
-0.438,-0.742,0.749,25.330,80.322,-52.734
-0.423,-0.742,0.753,27.161,94.666,-45.776
-0.447,-0.715,0.746,19.165,100.708,-44.250
-0.473,-0.672,0.723,3.723,104.065,-49.988
-0.477,-0.646,0.606,-12.695,108.337,-61.707
-0.450,-0.620,0.477,-28.015,108.582,-79.163
-0.452,-0.628,0.365,-35.156,104.431,-99.670
-0.411,-0.660,0.283,-31.372,98.328,-118.530
-0.350,-0.738,0.250,-20.142,91.919,-130.798
-0.302,-0.835,0.266,-6.531,86.304,-135.254
-0.267,-0.927,0.305,7.202,85.266,-132.874
-0.234,-0.996,0.342,18.616,91.248,-125.000
-0.169,-1.034,0.339,24.719,100.098,-114.258
-0.105,-1.026,0.339,23.254,102.783,-103.455
-0.111,-1.063,0.345,20.935,99.792,-97.595
-0.083,-1.069,0.353,20.264,95.093,-95.215
0.008,-1.047,0.351,14.893,101.501,-89.539
0.096,-1.044,0.311,15.686,111.145,-87.280
0.200,-1.009,0.286,17.578,116.882,-85.693
0.315,-0.993,0.281,21.179,118.164,-86.731
0.481,-1.015,0.313,27.649,115.234,-91.797
0.677,-1.065,0.368,32.410,109.497,-97.534
0.869,-1.127,0.425,33.569,102.844,-101.929
1.044,-1.198,0.473,32.776,97.900,-103.516
1.204,-1.270,0.502,31.799,94.116,-101.379
1.355,-1.323,0.508,31.677,91.431,-96.069
1.489,-1.380,0.497,31.006,88.745,-89.294
1.561,-1.445,0.457,28.687,85.022,-82.214
1.611,-1.510,0.413,25.146,78.979,-74.097
1.672,-1.566,0.349,21.301,71.716,-65.063
1.679,-1.623,0.252,12.756,63.477,-57.861
1.676,-1.645,0.141,-1.953,54.749,-49.988
1.646,-1.640,0.002,-20.020,47.913,-38.757
1.604,-1.606,-0.140,-34.241,40.649,-25.818
1.554,-1.547,-0.251,-42.664,27.222,-9.827
1.475,-1.469,-0.307,-44.495,6.653,8.240
1.364,-1.360,-0.333,-39.063,-14.160,30.029
1.247,-1.259,-0.324,-28.748,-32.227,54.321
1.130,-1.165,-0.300,-16.174,-48.401,77.454
0.999,-1.084,-0.259,-2.502,-64.209,97.046
0.899,-1.030,-0.205,10.132,-78.796,112.183
0.797,-0.996,-0.142,18.066,-94.055,121.765
0.690,-0.944,-0.049,21.057,-106.750,126.587
0.552,-0.896,0.071,21.362,-114.197,126.953
0.433,-0.861,0.210,17.273,-119.934,121.155
0.320,-0.839,0.347,5.554,-127.747,107.849
0.231,-0.859,0.458,-12.451,-134.338,89.966
0.181,-0.912,0.535,-29.480,-140.320,73.364
0.137,-0.984,0.599,-41.809,-143.860,63.782
0.094,-1.046,0.644,-46.631,-140.808,62.622
0.074,-1.090,0.672,-41.748,-135.498,69.763
0.041,-1.113,0.723,-32.532,-132.202,81.604
-0.006,-1.104,0.773,-23.071,-126.709,94.971
-0.062,-1.092,0.807,-14.954,-118.347,107.788
-0.109,-1.055,0.825,-9.644,-111.389,119.019
-0.183,-1.007,0.844,-6.775,-105.835,126.099
-0.229,-0.955,0.838,-8.789,-98.694,129.211
-0.264,-0.913,0.809,-16.052,-92.773,128.296
-0.292,-0.883,0.765,-27.832,-90.088,122.803
-0.298,-0.857,0.698,-43.518,-86.731,114.014
-0.299,-0.825,0.609,-58.411,-81.787,105.591
-0.301,-0.798,0.522,-67.932,-75.806,99.731
-0.336,-0.767,0.449,-69.763,-69.885,96.985
-0.371,-0.726,0.391,-62.988,-65.063,98.816
-0.442,-0.672,0.373,-50.171,-62.073,104.065
-0.519,-0.615,0.395,-32.227,-59.692,109.863
-0.578,-0.551,0.447,-11.414,-58.655,114.502
-0.646,-0.486,0.521,7.812,-58.472,116.638
-0.716,-0.437,0.591,22.827,-57.007,113.708
-0.784,-0.412,0.647,31.372,-54.932,104.675
-0.832,-0.402,0.680,32.166,-54.749,90.942
-0.846,-0.395,0.783,23.193,-57.068,75.012
-0.913,-0.508,0.814,5.920,-59.326,59.326
-0.862,-0.519,0.866,-10.559,-58.105,49.133
-0.878,-0.557,0.853,-24.536,-50.354,45.471
-0.877,-0.563,0.835,-32.532,-41.016,44.189
-0.858,-0.553,0.807,-34.119,-33.630,45.471
-0.873,-0.529,0.790,-32.288,-30.701,45.044
-0.890,-0.496,0.758,-27.832,-29.480,43.762
-0.892,-0.461,0.739,-20.447,-29.236,41.443
-0.903,-0.441,0.747,-9.094,-30.823,36.560
-0.934,-0.439,0.770,0.732,-31.189,29.724
-0.979,-0.443,0.822,6.104,-31.982,24.475
-0.984,-0.423,0.883,10.864,-33.752,22.522
-0.989,-0.407,0.932,14.526,-34.546,19.470
-0.993,-0.385,0.957,12.085,-32.593,16.541
-0.987,-0.357,0.960,7.996,-29.846,13.672
-0.977,-0.335,0.939,4.333,-26.367,10.132

-0.954,-0.281,0.959,-2.808,-17.090,4.028
-0.960,-0.281,0.971,0.000,-11.230,1.648
-0.930,-0.260,1.004,-2.991,-2.991,2.014
-0.954,-0.234,1.020,2.197,5.798,2.747
-0.968,-0.211,1.019,9.521,17.334,2.930
-0.959,-0.199,1.003,14.771,28.931,1.953
-0.949,-0.194,0.992,15.930,36.499,-3.479
-0.932,-0.188,0.986,12.512,40.833,-13.550
-0.911,-0.197,0.962,5.371,43.823,-25.940
-0.878,-0.241,0.923,-3.113,46.265,-39.063
-0.827,-0.303,0.889,-12.329,46.143,-52.429
-0.816,-0.367,0.852,-20.935,43.579,-62.866
-0.806,-0.425,0.810,-25.208,44.312,-68.787
-0.774,-0.480,0.763,-23.499,50.049,-71.533
-0.738,-0.533,0.723,-17.639,55.115,-72.510
-0.710,-0.569,0.713,-10.071,57.434,-71.838
-0.682,-0.585,0.713,-1.526,60.242,-71.350
-0.634,-0.623,0.702,5.005,66.711,-70.496
-0.582,-0.652,0.698,10.498,72.998,-69.092
-0.536,-0.674,0.692,15.137,77.576,-66.772
-0.517,-0.689,0.704,17.944,81.482,-62.256
-0.524,-0.684,0.720,20.874,86.243,-57.983
-0.543,-0.670,0.748,22.644,93.384,-56.946
-0.561,-0.654,0.772,21.057,100.586,-59.998
-0.550,-0.636,0.779,15.137,105.347,-67.200
-0.529,-0.652,0.761,4.150,106.384,-77.332
-0.503,-0.673,0.728,-8.667,104.675,-88.318
-0.455,-0.703,0.683,-19.043,103.577,-98.267
-0.409,-0.718,0.627,-26.794,104.431,-105.713
-0.357,-0.724,0.564,-28.015,106.812,-109.192
-0.294,-0.758,0.501,-21.301,110.229,-111.328
-0.227,-0.798,0.472,-10.559,112.061,-111.450
-0.158,-0.837,0.455,2.136,112.305,-109.314
-0.060,-0.888,0.437,12.817,112.427,-104.980
0.001,-0.939,0.447,20.935,112.122,-100.037
-0.013,-1.003,0.426,30.029,108.398,-99.976
0.055,-1.024,0.398,23.926,110.840,-94.788
0.114,-1.060,0.335,17.700,117.432,-90.881
0.173,-1.085,0.277,13.794,119.446,-90.027
0.234,-1.100,0.233,10.620,115.051,-89.050
0.317,-1.106,0.207,8.606,109.619,-88.623
0.419,-1.099,0.187,10.742,104.492,-87.830
0.532,-1.084,0.170,14.832,100.220,-86.670
0.651,-1.067,0.172,18.677,93.567,-85.999
0.774,-1.071,0.201,21.484,83.557,-84.717
0.900,-1.088,0.256,24.048,72.876,-83.130
1.019,-1.122,0.305,27.222,65.063,-81.482
1.139,-1.169,0.346,29.236,61.523,-78.125
1.237,-1.214,0.367,28.809,62.134,-72.998
1.348,-1.241,0.353,26.917,67.261,-67.627
1.472,-1.286,0.322,25.085,76.416,-61.829
1.606,-1.332,0.255,22.888,87.219,-54.810
1.686,-1.371,0.184,22.156,97.778,-44.067
1.696,-1.376,0.082,27.710,105.042,-28.870
1.697,-1.365,0.006,38.940,96.497,-9.094
1.613,-1.328,-0.044,45.471,72.144,9.338
1.488,-1.263,-0.058,43.884,44.067,23.804
1.382,-1.204,-0.074,35.034,21.851,31.433
1.283,-1.153,-0.093,19.897,1.648,31.189
1.219,-1.125,-0.129,-0.183,-17.639,25.696
1.139,-1.115,-0.148,-21.484,-36.987,19.409
1.040,-1.103,-0.135,-37.170,-55.481,16.418
0.976,-1.108,-0.115,-44.006,-73.608,18.433
0.886,-1.117,-0.074,-46.326,-95.398,25.330
0.784,-1.115,0.022,-41.748,-116.821,35.706
0.668,-1.117,0.131,-30.823,-127.991,48.645
0.574,-1.111,0.234,-17.029,-130.127,61.890
0.478,-1.119,0.333,-5.127,-130.859,71.289
0.406,-1.127,0.418,-2.136,-132.446,76.233
0.351,-1.130,0.482,-8.667,-135.437,77.087
0.305,-1.134,0.545,-22.034,-138.550,74.890
0.252,-1.133,0.591,-37.048,-139.099,72.205
0.212,-1.141,0.630,-52.917,-137.268,70.862
0.188,-1.141,0.640,-68.115,-134.888,71.289
0.151,-1.138,0.633,-80.688,-132.019,73.669
0.099,-1.133,0.619,-88.318,-126.221,78.979
0.041,-1.117,0.590,-88.684,-116.333,88.440
-0.011,-1.051,0.549,-81.177,-105.225,100.708
-0.055,-0.962,0.498,-67.566,-98.206,112.854
-0.106,-0.889,0.477,-55.542,-96.313,121.033
-0.160,-0.822,0.443,-47.791,-97.717,125.183
-0.218,-0.761,0.412,-41.748,-98.328,125.732
-0.284,-0.713,0.383,-39.856,-96.375,123.535
-0.350,-0.687,0.361,-42.480,-92.468,118.835
-0.427,-0.669,0.361,-47.729,-87.585,112.366
-0.471,-0.658,0.369,-49.255,-84.229,106.384
-0.501,-0.624,0.401,-45.349,-85.815,101.624
-0.527,-0.577,0.453,-37.109,-88.989,98.450
-0.574,-0.551,0.492,-28.809,-89.844,97.473
-0.665,-0.518,0.535,-19.836,-88.867,96.313
-0.737,-0.460,0.571,-6.592,-87.280,94.421
-0.865,-0.407,0.609,6.653,-86.670,91.736
-0.882,-0.333,0.700,12.939,-86.670,89.050
-1.015,-0.351,0.730,17.395,-85.266,83.191
-1.028,-0.292,0.798,21.667,-78.979,76.782
-1.033,-0.285,0.809,23.010,-70.496,70.190
-1.029,-0.283,0.830,21.362,-66.589,59.265
-1.027,-0.293,0.860,15.381,-69.153,46.082
-1.009,-0.315,0.912,8.911,-74.768,30.701
-1.014,-0.363,0.949,4.639,-79.163,15.747
-1.044,-0.393,0.952,0.977,-80.261,7.751
-1.032,-0.380,0.947,-7.568,-73.120,11.169
-1.024,-0.369,0.909,-9.583,-60.974,16.235
-1.020,-0.347,0.869,-12.329,-49.622,22.339
-1.024,-0.319,0.855,-15.076,-43.213,30.029
-1.070,-0.284,0.851,-10.742,-40.649,36.865
-1.096,-0.245,0.853,-1.892,-34.241,42.358
-1.118,-0.216,0.852,4.333,-23.499,45.837
-1.111,-0.173,0.846,8.972,-16.479,47.485
-1.150,-0.146,0.887,13.794,-13.794,45.288
-1.119,-0.135,0.923,16.968,-8.423,39.001
-1.142,-0.114,0.977,14.099,0.061,27.832
-1.124,-0.123,1.003,4.456,5.615,15.808
-1.113,-0.142,1.023,-1.160,9.460,2.441
-1.048,-0.161,1.026,-8.850,15.808,-7.874
-1.020,-0.181,1.010,-13.672,22.278,-17.395
-1.000,-0.184,0.991,-15.076,27.527,-23.437
-0.976,-0.200,0.975,-13.367,33.325,-25.940
-0.950,-0.215,0.970,-8.484,37.964,-27.161

-0.901,-0.272,0.971,1.099,41.077,-26.245
-0.909,-0.298,0.978,3.357,42.908,-26.367
-0.911,-0.320,0.981,3.601,49.072,-28.320
-0.886,-0.346,0.962,0.488,57.190,-32.227
-0.855,-0.385,0.937,-6.592,62.073,-38.269
-0.850,-0.431,0.919,-16.174,63.049,-45.410
-0.829,-0.469,0.892,-25.024,65.491,-52.673
-0.789,-0.498,0.858,-29.297,69.153,-58.228
-0.765,-0.521,0.822,-27.344,73.425,-62.073
-0.732,-0.529,0.769,-20.447,80.139,-63.965
-0.697,-0.525,0.721,-10.498,88.013,-64.575
-0.668,-0.540,0.679,0.732,95.215,-65.247
-0.636,-0.566,0.668,9.644,100.342,-65.613
-0.616,-0.578,0.685,17.090,104.614,-67.322
-0.569,-0.591,0.693,20.386,109.924,-71.045
-0.532,-0.608,0.690,17.883,112.976,-76.172
-0.499,-0.620,0.683,12.146,112.854,-82.520
-0.474,-0.634,0.679,6.470,112.915,-90.088
-0.439,-0.656,0.670,3.479,114.990,-97.778
-0.398,-0.686,0.659,4.028,117.737,-104.248
-0.347,-0.732,0.646,5.798,119.446,-108.643
-0.308,-0.781,0.632,7.324,119.751,-110.962
-0.279,-0.818,0.594,8.850,120.117,-110.779
-0.238,-0.833,0.531,10.681,121.826,-108.887
-0.176,-0.842,0.470,10.986,122.253,-108.032
-0.120,-0.868,0.428,10.498,118.286,-109.741
-0.070,-0.916,0.400,10.620,111.511,-112.244
-0.012,-0.973,0.395,11.536,105.774,-113.342
0.068,-1.010,0.388,11.658,103.027,-112.244
0.079,-1.067,0.363,14.404,102.600,-111.633
0.154,-1.081,0.325,13.672,105.103,-106.873
0.207,-1.127,0.270,12.085,108.826,-101.868
0.280,-1.156,0.230,11.902,108.276,-99.304
0.377,-1.172,0.212,11.536,103.882,-94.177
0.455,-1.179,0.211,13.794,98.938,-89.050
0.555,-1.166,0.217,18.005,96.924,-82.397
0.675,-1.147,0.223,22.217,95.886,-75.439
0.786,-1.132,0.243,25.269,91.553,-70.251
0.886,-1.127,0.268,27.283,83.923,-66.284
0.984,-1.136,0.297,26.611,76.111,-62.561
1.067,-1.162,0.326,23.926,69.702,-60.425
1.160,-1.214,0.329,18.799,64.514,-59.265
1.243,-1.246,0.332,12.695,57.312,-57.190
1.326,-1.262,0.317,8.301,49.988,-53.711
1.395,-1.268,0.291,4.150,45.105,-48.767
1.454,-1.278,0.259,1.282,42.542,-41.687
1.505,-1.298,0.217,-1.160,37.170,-33.020
1.519,-1.320,0.186,-4.456,25.452,-22.949
1.490,-1.331,0.146,-9.521,11.963,-10.498
1.425,-1.318,0.099,-14.465,0.916,4.272
1.346,-1.289,0.059,-17.334,-9.277,20.020
1.249,-1.248,0.029,-20.325,-21.851,35.583
1.111,-1.194,0.016,-24.170,-34.668,49.500
0.982,-1.136,0.015,-24.719,-46.814,61.035
0.865,-1.080,0.036,-22.644,-58.533,69.641
0.745,-1.038,0.084,-19.897,-70.801,75.806
0.644,-1.001,0.144,-16.785,-81.482,81.177
0.544,-0.973,0.212,-13.000,-91.003,85.388
0.462,-0.953,0.284,-10.254,-99.792,88.501
0.392,-0.943,0.357,-8.301,-107.727,90.515
0.333,-0.947,0.446,-6.897,-114.685,91.309
0.275,-0.955,0.534,-7.629,-118.164,92.346
0.222,-0.952,0.600,-10.254,-116.516,94.299
0.178,-0.946,0.644,-13.489,-113.220,96.008
0.125,-0.941,0.666,-17.883,-111.328,97.900
0.078,-0.914,0.671,-21.912,-110.291,100.586
0.040,-0.881,0.664,-23.376,-108.154,103.027
-0.009,-0.855,0.644,-22.522,-103.455,104.858
-0.047,-0.830,0.615,-20.569,-98.267,107.300
-0.079,-0.803,0.584,-19.470,-96.191,110.046
-0.125,-0.773,0.556,-18.555,-97.107,111.755
-0.178,-0.746,0.538,-18.311,-99.609,112.122
-0.233,-0.714,0.545,-16.724,-102.234,112.549
-0.303,-0.690,0.560,-12.329,-102.905,112.488
-0.354,-0.668,0.565,-9.155,-101.013,112.915
-0.400,-0.636,0.572,-5.371,-100.098,112.793
-0.443,-0.590,0.591,-2.869,-100.159,111.328
-0.485,-0.551,0.608,-0.977,-98.022,108.582
-0.519,-0.528,0.629,-0.183,-95.032,105.042
-0.562,-0.508,0.656,1.953,-93.506,101.440
-0.603,-0.495,0.663,4.822,-92.163,98.083
-0.622,-0.467,0.700,4.761,-89.905,95.032
-0.685,-0.442,0.741,9.155,-86.304,88.562
-0.690,-0.433,0.755,4.211,-80.383,88.928
-0.766,-0.442,0.773,5.920,-78.003,82.520
-0.770,-0.432,0.793,2.930,-78.247,79.041
-0.809,-0.446,0.828,0.732,-79.163,71.960
-0.831,-0.462,0.848,-3.052,-77.881,65.308
-0.867,-0.480,0.847,-7.263,-73.792,61.157
-0.913,-0.478,0.836,-7.263,-68.237,57.434
-0.954,-0.475,0.826,-3.418,-59.692,53.894
-0.973,-0.470,0.828,0.488,-51.453,50.110
-0.979,-0.479,0.846,3.967,-45.349,46.448
-0.978,-0.490,0.882,8.179,-41.138,43.030
-0.964,-0.486,0.929,12.878,-36.194,40.833
-0.938,-0.483,0.948,14.893,-29.785,38.818
-0.931,-0.476,0.953,13.855,-23.071,36.133
-0.932,-0.462,0.943,10.376,-17.090,33.325
-0.939,-0.445,0.936,5.005,-12.085,29.175
-0.960,-0.426,0.948,-0.977,-8.057,24.353
-0.998,-0.404,0.957,-4.700,-3.296,19.104
-0.976,-0.379,0.971,-6.592,2.380,12.939
-0.972,-0.358,0.985,-7.935,7.324,7.263
-0.986,-0.341,0.990,-8.484,12.085,2.747
-0.982,-0.318,0.982,-3.296,18.250,-0.549
-0.949,-0.294,0.970,4.272,26.428,-4.089
-0.917,-0.286,0.954,8.606,33.142,-8.972
-0.899,-0.281,0.947,9.094,36.499,-15.381
-0.886,-0.282,0.943,8.118,38.086,-23.376
-0.876,-0.293,0.944,6.042,39.978,-31.616
-0.850,-0.311,0.940,3.906,42.908,-40.039
-0.810,-0.342,0.927,1.343,46.143,-47.668
-0.785,-0.386,0.904,-2.441,47.974,-53.101
-0.770,-0.417,0.871,-5.981,49.622,-56.519
-0.743,-0.434,0.820,-8.301,53.772,-58.594
-0.714,-0.444,0.766,-9.583,58.899,-59.509
-0.689,-0.454,0.716,-9.460,63.721,-60.242
-0.660,-0.469,0.677,-7.812,67.505,-60.486
-0.650,-0.494,0.653,-4.639,70.740,-60.974

0.785,-1.066,0.310,35.461,92.957,-58.594
0.899,-1.077,0.349,45.349,84.778,-55.359
1.004,-1.113,0.371,51.208,76.660,-54.565
1.117,-1.145,0.395,51.453,68.787,-55.725
1.214,-1.194,0.402,44.678,59.692,-57.373
1.309,-1.244,0.395,35.400,50.049,-57.190
1.387,-1.293,0.372,25.757,40.833,-55.298
1.442,-1.342,0.342,17.212,31.982,-50.964
1.477,-1.384,0.306,8.179,25.269,-43.152
1.507,-1.413,0.269,-1.892,19.653,-32.776
1.513,-1.434,0.219,-14.832,12.756,-19.958
1.490,-1.424,0.152,-29.907,4.883,-4.944
1.430,-1.378,0.066,-42.542,-2.686,11.047
1.358,-1.314,-0.018,-52.002,-11.353,27.100
1.266,-1.248,-0.085,-57.495,-22.644,41.992
1.166,-1.175,-0.143,-58.777,-36.133,56.091
1.051,-1.100,-0.158,-55.481,-51.636,67.749
0.936,-1.038,-0.142,-48.035,-67.627,76.965
0.825,-0.992,-0.091,-39.124,-83.008,84.839
0.708,-0.959,-0.019,-29.602,-97.534,91.431
0.610,-0.934,0.057,-20.264,-109.619,96.619
0.515,-0.914,0.139,-12.756,-119.629,100.708
0.416,-0.902,0.221,-8.850,-126.526,103.638
0.313,-0.894,0.302,-6.287,-131.104,106.201
0.223,-0.869,0.373,-4.456,-133.545,107.422
0.149,-0.853,0.443,-3.845,-133.911,107.300
0.068,-0.853,0.513,-5.066,-133.118,105.164
-0.005,-0.863,0.565,-8.911,-131.287,101.990
-0.059,-0.860,0.591,-13.489,-129.639,98.938
-0.099,-0.849,0.613,-18.127,-128.601,96.924
-0.139,-0.840,0.622,-21.484,-126.892,96.436
-0.174,-0.838,0.623,-21.057,-122.559,98.022
-0.207,-0.829,0.631,-17.456,-117.554,101.440
-0.242,-0.814,0.640,-12.024,-113.159,106.323
-0.277,-0.793,0.636,-7.385,-108.337,111.267
-0.318,-0.758,0.620,-3.174,-103.821,116.577
-0.382,-0.723,0.617,1.038,-99.609,120.178
-0.434,-0.691,0.614,3.723,-95.398,121.521
-0.480,-0.659,0.614,5.005,-92.651,120.178
-0.512,-0.625,0.618,4.700,-90.576,116.272
-0.538,-0.602,0.622,2.563,-88.745,110.413
-0.550,-0.579,0.632,0.793,-87.769,103.943
-0.562,-0.561,0.649,-0.549,-86.792,96.924
-0.585,-0.548,0.670,-1.465,-85.693,90.149
-0.620,-0.542,0.680,-1.343,-83.191,83.679
-0.658,-0.540,0.689,-0.610,-79.529,77.454
-0.704,-0.547,0.692,-0.244,-75.623,71.716
-0.776,-0.571,0.695,0.183,-72.815,66.223
-0.807,-0.583,0.703,0.793,-70.068,62.317
-0.854,-0.599,0.715,4.028,-66.711,56.519
-0.882,-0.624,0.725,5.066,-61.218,51.941
-0.876,-0.631,0.729,5.066,-55.420,48.401
-0.875,-0.632,0.729,5.066,-51.025,45.410
-0.878,-0.620,0.728,4.211,-47.729,42.480
-0.871,-0.602,0.724,3.784,-43.762,40.039
-0.876,-0.593,0.722,4.272,-39.917,36.743
-0.906,-0.586,0.728,4.761,-38.025,33.630
-0.940,-0.577,0.737,4.517,-36.255,32.471
-0.951,-0.551,0.764,2.441,-33.264,32.715
-0.984,-0.527,0.781,4.761,-28.320,30.151
-0.985,-0.513,0.786,5.493,-21.606,29.846
-0.985,-0.490,0.802,8.179,-16.235,28.748
-0.975,-0.468,0.813,11.414,-12.756,27.283
-0.975,-0.447,0.828,13.794,-10.437,23.743
-0.976,-0.427,0.838,15.076,-7.324,18.127
-0.977,-0.407,0.852,14.893,-3.113,11.963
-0.980,-0.394,0.866,15.442,1.343,5.432
-0.971,-0.393,0.888,17.273,6.287,-0.427
-0.965,-0.401,0.916,18.738,10.864,-4.883
-0.959,-0.399,0.932,19.897,15.320,-8.789
-0.955,-0.408,0.949,21.790,20.386,-12.573
-0.949,-0.416,0.967,23.193,25.940,-16.907
-0.938,-0.428,0.978,23.254,32.593,-22.278
-0.915,-0.442,0.970,21.179,40.588,-28.809
-0.895,-0.462,0.949,17.517,47.852,-36.255
-0.875,-0.493,0.926,11.963,53.833,-44.250
-0.859,-0.521,0.896,7.385,59.631,-51.941
-0.845,-0.548,0.857,4.578,66.101,-58.777
-0.832,-0.574,0.809,3.906,72.998,-65.063
-0.817,-0.593,0.756,5.188,79.224,-69.946
-0.785,-0.614,0.699,9.338,85.083,-74.219
-0.733,-0.638,0.652,16.296,90.881,-76.111
-0.680,-0.660,0.616,25.879,96.741,-74.890
-0.634,-0.681,0.587,37.048,102.234,-71.289
-0.587,-0.684,0.568,46.936,107.727,-65.369
-0.573,-0.684,0.557,55.420,112.915,-59.937
-0.562,-0.692,0.551,60.181,117.981,-57.434
-0.541,-0.708,0.542,58.105,123.352,-58.594
-0.525,-0.732,0.522,50.720,126.526,-64.026
-0.492,-0.759,0.508,39.917,128.479,-71.045
-0.461,-0.794,0.489,26.855,129.944,-78.125
-0.425,-0.841,0.463,15.015,130.615,-84.839
-0.393,-0.892,0.425,6.348,131.348,-89.844
-0.351,-0.931,0.387,1.587,132.385,-92.407
-0.289,-0.963,0.357,2.014,133.423,-92.468
-0.221,-0.999,0.322,4.395,135.437,-90.088
-0.157,-1.033,0.278,5.249,136.780,-86.182
-0.094,-1.041,0.234,5.981,136.169,-80.994
-0.063,-1.040,0.193,7.385,135.925,-75.500
-0.035,-1.032,0.137,9.521,139.465,-70.129
-0.008,-1.012,0.077,11.475,142.517,-65.796
0.014,-0.992,0.047,12.573,140.442,-62.805
0.042,-0.985,0.035,12.512,134.827,-60.425
0.058,-0.998,0.037,13.123,128.662,-58.777
0.096,-0.998,0.063,15.747,124.268,-57.678
0.177,-0.987,0.091,18.738,120.239,-54.077
0.242,-0.974,0.125,24.536,116.272,-52.246
0.329,-0.977,0.165,31.860,111.755,-51.941
0.448,-0.999,0.221,38.513,106.628,-52.917
0.591,-1.024,0.285,42.236,100.586,-53.833
0.734,-1.037,0.330,42.175,95.886,-54.016
0.872,-1.021,0.345,39.307,94.543,-53.406
0.989,-1.018,0.324,34.790,95.093,-52.979
1.085,-1.030,0.285,27.954,92.407,-54.199
1.180,-1.078,0.233,19.165,85.754,-58.105
1.281,-1.156,0.193,11.353,75.867,-65.125
1.387,-1.255,0.168,4.639,64.575,-72.205
1.459,-1.384,0.151,-0.610,52.490,-77.271
1.532,-1.510,0.118,-7.629,40.833,-77.087

1.555,-1.756,0.038,-28.198,21.484,-62.988
1.550,-1.803,-0.037,-42.786,15.930,-47.729
1.498,-1.807,-0.137,-55.359,9.949,-27.344
1.429,-1.751,-0.245,-64.453,3.357,-4.639
1.338,-1.662,-0.338,-70.618,-4.028,17.151
1.226,-1.549,-0.415,-72.815,-13.855,37.170
1.095,-1.421,-0.447,-69.275,-28.687,57.007
0.961,-1.282,-0.429,-59.082,-47.791,75.256
0.853,-1.142,-0.366,-45.898,-67.261,89.966
0.718,-1.040,-0.275,-33.752,-84.290,100.952
0.581,-0.974,-0.172,-21.362,-98.877,107.300
0.465,-0.947,-0.048,-12.573,-111.206,110.107
0.338,-0.946,0.080,-5.737,-121.887,108.337
0.238,-0.942,0.206,-4.089,-128.601,104.492
0.153,-0.957,0.308,-7.629,-130.920,98.816
0.076,-0.969,0.404,-15.198,-131.775,92.407
0.019,-0.982,0.484,-26.062,-132.385,85.815
-0.027,-0.996,0.539,-39.246,-131.897,79.407
-0.075,-1.003,0.577,-51.392,-130.005,75.256
-0.104,-1.000,0.587,-59.692,-125.549,73.730
-0.126,-0.993,0.594,-63.904,-120.300,74.890
-0.162,-0.992,0.601,-64.453,-116.211,77.820
-0.195,-0.981,0.612,-62.927,-111.450,83.252
-0.221,-0.959,0.619,-58.289,-106.018,90.088
-0.230,-0.923,0.628,-50.720,-101.929,96.558
-0.249,-0.884,0.624,-44.800,-99.182,102.722
-0.268,-0.829,0.609,-40.405,-97.046,108.337
-0.281,-0.768,0.589,-36.743,-94.238,112.976
-0.302,-0.702,0.549,-34.485,-90.820,115.601
-0.319,-0.631,0.511,-33.508,-88.440,116.821
-0.365,-0.566,0.476,-33.630,-86.731,115.723
-0.419,-0.510,0.449,-34.973,-84.412,112.732
-0.460,-0.467,0.424,-36.987,-82.581,106.873
-0.499,-0.443,0.430,-39.673,-83.740,98.022
-0.553,-0.452,0.462,-41.687,-86.853,87.463
-0.585,-0.473,0.515,-39.673,-89.478,78.003
-0.595,-0.493,0.592,-31.616,-91.125,71.716
-0.600,-0.506,0.662,-21.973,-89.539,69.702
-0.604,-0.505,0.707,-13.367,-83.801,70.679
-0.634,-0.512,0.740,-5.981,-77.087,72.510
-0.669,-0.502,0.766,0.244,-70.740,73.608
-0.708,-0.478,0.780,4.211,-63.049,73.486
-0.744,-0.458,0.783,7.751,-57.495,70.190
-0.833,-0.459,0.793,7.690,-54.810,63.538
-0.769,-0.409,0.803,1.160,-54.321,55.969
-0.852,-0.441,0.792,-2.319,-55.908,44.128
-0.827,-0.455,0.802,-8.423,-53.650,39.124
-0.854,-0.486,0.808,-5.676,-48.035,33.630
-0.848,-0.493,0.820,-1.038,-41.687,32.410
-0.863,-0.487,0.832,4.639,-35.950,32.166
-0.874,-0.470,0.838,9.216,-30.884,32.227
-0.883,-0.446,0.827,13.000,-25.757,32.288
-0.874,-0.423,0.813,16.602,-20.996,30.945
-0.868,-0.408,0.795,18.921,-16.785,28.503
-0.876,-0.391,0.787,20.508,-13.977,24.963
-0.882,-0.376,0.783,23.193,-11.108,20.203
-0.884,-0.366,0.781,25.818,-7.874,14.648
-0.883,-0.358,0.795,28.015,-5.615,10.010
-0.880,-0.355,0.818,30.701,-3.357,4.944
-0.881,-0.360,0.847,33.142,-0.305,-0.854
-0.891,-0.379,0.881,33.569,3.052,-7.690
-0.899,-0.400,0.909,32.410,5.798,-14.343
-0.894,-0.425,0.929,31.616,8.850,-20.996
-0.887,-0.467,0.942,29.907,13.306,-27.588
-0.864,-0.512,0.947,26.306,18.982,-33.081
-0.846,-0.550,0.943,23.010,25.085,-37.415
-0.829,-0.579,0.926,20.508,31.494,-39.856
-0.825,-0.604,0.897,19.287,38.147,-41.565
-0.809,-0.626,0.873,18.921,44.556,-43.579
-0.776,-0.638,0.845,20.264,50.171,-45.410
-0.751,-0.649,0.825,21.973,55.176,-46.082
-0.721,-0.657,0.809,24.414,61.157,-45.654
-0.693,-0.657,0.784,27.649,68.237,-43.640
-0.672,-0.650,0.755,30.029,74.707,-40.466
-0.657,-0.634,0.725,31.982,80.444,-37.537
-0.630,-0.607,0.697,33.752,85.510,-35.583
-0.612,-0.601,0.667,35.522,89.783,-35.522
-0.594,-0.595,0.651,36.987,93.323,-38.269
-0.584,-0.601,0.639,38.086,96.436,-45.288
-0.563,-0.612,0.629,36.560,101.318,-54.077
-0.542,-0.639,0.613,32.715,107.849,-62.561
-0.509,-0.681,0.584,26.550,115.356,-70.190
-0.460,-0.731,0.547,17.151,121.643,-76.416
-0.422,-0.762,0.496,5.554,125.000,-80.811
-0.400,-0.789,0.448,-4.944,127.930,-82.458
-0.397,-0.811,0.394,-11.963,132.507,-82.031
-0.403,-0.827,0.337,-14.099,138.367,-81.604
-0.385,-0.836,0.299,-12.573,142.700,-82.031
-0.358,-0.850,0.270,-10.315,144.348,-83.130
-0.330,-0.867,0.252,-8.545,144.775,-83.374
-0.304,-0.878,0.230,-6.653,145.996,-81.604
-0.269,-0.885,0.207,-5.127,148.682,-77.820
-0.227,-0.890,0.177,-4.456,151.123,-72.327
-0.197,-0.891,0.148,-5.798,151.794,-65.369
-0.196,-0.892,0.110,-8.423,153.381,-57.434
-0.168,-0.878,0.067,-10.193,156.128,-48.340
-0.152,-0.853,0.018,-10.071,159.668,-42.175
-0.052,-0.790,0.004,-5.615,161.926,-38.696
0.094,-0.731,0.031,5.127,160.767,-40.771
0.206,-0.794,0.095,21.606,155.762,-48.401
0.380,-0.870,0.182,35.034,150.513,-54.260
0.579,-0.934,0.250,48.584,146.606,-58.533
0.796,-1.003,0.310,59.753,143.250,-62.927
1.052,-1.104,0.347,67.017,139.709,-69.519
1.302,-1.237,0.343,69.519,132.629,-77.759
1.498,-1.380,0.296,65.063,124.390,-86.609
1.649,-1.561,0.201,52.490,118.286,-96.497
1.792,-1.771,0.106,30.701,108.521,-105.896
1.909,-1.943,0.021,5.066,90.271,-111.206
1.982,-2.082,-0.065,-19.775,70.007,-109.192
1.995,-2.202,-0.181,-41.199,55.481,-96.436
1.935,-2.274,-0.323,-58.289,47.974,-71.228
1.837,-2.266,-0.482,-64.880,41.626,-38.330
1.725,-2.176,-0.625,-63.965,30.090,-3.418
1.563,-2.057,-0.705,-58.655,12.939,28.809
1.405,-1.904,-0.735,-49.011,-6.531,57.678
1.240,-1.728,-0.707,-37.170,-28.503,81.299
1.104,-1.529,-0.625,-24.475,-51.941,100.525
0.998,-1.329,-0.532,-14.465,-74.524,113.831

0.765,-1.008,-0.344,-9.338,-109.070,122.986
0.655,-0.885,-0.264,-11.780,-121.216,119.690
0.570,-0.801,-0.196,-17.761,-129.578,111.755
0.488,-0.762,-0.159,-29.968,-137.634,99.487
0.425,-0.737,-0.148,-46.387,-147.400,85.693
0.347,-0.747,-0.150,-60.364,-156.433,72.693
0.258,-0.782,-0.157,-70.007,-163.269,62.439
0.183,-0.817,-0.142,-73.730,-168.518,57.190
0.088,-0.873,-0.085,-70.557,-174.316,56.885
-0.031,-0.934,0.001,-63.049,-179.626,61.768
-0.151,-0.971,0.113,-50.903,-182.983,70.313
-0.267,-0.990,0.248,-37.292,-183.044,79.651
-0.384,-0.997,0.387,-26.489,-178.772,86.975
-0.458,-0.976,0.505,-22.888,-170.288,91.309
-0.488,-0.938,0.563,-25.024,-161.316,93.323
-0.500,-0.878,0.592,-33.691,-153.198,93.262
-0.504,-0.819,0.574,-46.997,-144.958,92.285
-0.493,-0.754,0.533,-59.937,-136.780,91.919
-0.498,-0.692,0.489,-71.655,-129.395,92.285
-0.526,-0.639,0.445,-79.346,-122.620,93.689
-0.565,-0.587,0.412,-79.651,-116.943,97.046
-0.614,-0.543,0.406,-68.970,-114.258,103.027
-0.662,-0.500,0.445,-50.171,-112.915,110.962
-0.711,-0.474,0.507,-26.184,-111.816,120.544
-0.756,-0.460,0.589,-2.136,-110.168,129.333
-0.778,-0.447,0.693,17.456,-108.093,135.559
-0.797,-0.437,0.794,30.212,-106.018,139.465
-0.849,-0.417,0.875,34.729,-101.746,140.930
-0.898,-0.416,0.957,34.790,-95.215,138.855
-0.960,-0.389,1.016,29.358,-86.670,133.301
-0.919,-0.339,1.099,15.259,-78.064,125.732
-1.060,-0.395,1.087,0.793,-70.007,113.770
-1.050,-0.355,1.059,-11.536,-58.167,104.553
-1.080,-0.354,0.990,-15.747,-47.607,91.248
-1.116,-0.370,0.952,-20.020,-42.847,71.350
-1.118,-0.405,0.916,-21.240,-42.053,52.063
-1.162,-0.447,0.903,-18.066,-42.725,33.081
-1.192,-0.485,0.892,-13.245,-38.879,19.226
-1.204,-0.516,0.885,-9.033,-30.029,11.719
-1.217,-0.535,0.878,-5.249,-20.386,9.888
-1.219,-0.532,0.885,-0.854,-13.428,11.230
-1.239,-0.510,0.900,4.028,-8.850,14.038
-1.258,-0.474,0.926,8.240,-3.967,19.165
-1.292,-0.430,0.949,15.259,1.709,24.536
-1.336,-0.379,0.953,23.743,9.033,28.381
-1.375,-0.329,0.955,30.518,14.832,31.677
-1.454,-0.283,0.959,37.537,17.334,32.410
-1.500,-0.254,0.967,44.922,20.874,27.893
-1.488,-0.243,0.979,47.119,27.466,16.357
-1.533,-0.224,1.047,41.626,34.546,-1.038
-1.555,-0.192,1.097,35.583,47.058,-24.780
-1.450,-0.215,1.086,21.545,69.275,-52.368
-1.185,-0.217,1.064,0.305,84.595,-79.041
-1.445,-0.341,0.968,-13.000,87.646,-105.774
-1.320,-0.314,1.030,-35.095,83.984,-122.925
-1.257,-0.341,1.002,-42.908,86.853,-135.376
-1.225,-0.366,0.929,-44.067,98.267,-147.583
-1.093,-0.374,0.845,-44.373,112.305,-152.954
-1.048,-0.413,0.739,-37.109,125.610,-163.330
-0.820,-0.418,0.663,-29.541,137.329,-171.570
-0.752,-0.490,0.521,-16.785,140.137,-184.448
-0.612,-0.548,0.460,-12.878,134.644,-190.613
-0.560,-0.653,0.400,0.488,132.996,-199.524
-0.506,-0.792,0.351,14.160,142.151,-207.581
-0.444,-0.977,0.310,22.888,155.151,-213.196
-0.314,-1.199,0.304,25.269,162.598,-219.299
-0.198,-1.419,0.298,25.940,158.691,-224.426
0.016,-1.551,0.339,29.358,147.705,-221.252
0.171,-1.677,0.422,39.978,140.686,-213.013
0.436,-1.763,0.440,52.429,139.893,-202.087
0.730,-1.844,0.427,56.641,145.874,-188.171
1.015,-1.985,0.378,61.157,147.644,-177.063
1.296,-2.156,0.275,58.105,145.325,-168.823
1.541,-2.370,0.115,49.805,139.343,-162.842
1.812,-2.569,-0.109,35.889,130.859,-156.006
2.053,-2.783,-0.395,21.301,119.080,-145.081
2.281,-3.001,-0.717,2.747,101.013,-128.601
2.481,-3.168,-0.994,-16.724,72.998,-104.004
2.614,-3.249,-1.169,-32.654,36.621,-67.139
2.622,-3.239,-1.239,-41.687,-0.488,-18.616
2.516,-3.102,-1.214,-44.983,-33.630,36.743
2.314,-2.896,-1.139,-46.387,-62.378,93.994
2.054,-2.629,-1.037,-46.753,-89.600,142.578
1.770,-2.319,-0.920,-48.889,-115.967,180.786
1.491,-2.007,-0.843,-55.054,-137.451,207.825
1.192,-1.738,-0.820,-66.345,-156.921,225.891
0.837,-1.512,-0.833,-81.116,-177.795,239.685
0.346,-1.297,-0.838,-89.966,-200.378,252.258
-0.313,-1.095,-0.782,-84.900,-218.872,267.822
-0.965,-0.922,-0.564,-63.049,-229.553,282.532
-1.729,-0.791,-0.189,-26.978,-234.314,294.800
-2.544,-0.630,0.306,20.264,-229.858,312.378
-3.275,-0.437,0.869,77.820,-212.097,326.111
-3.929,-0.232,1.562,125.000,-185.181,316.833
-4.000,-0.007,2.374,143.616,-155.823,279.846
-4.000,0.158,3.174,134.888,-122.131,216.003
-4.000,0.250,3.729,95.093,-83.435,130.981
-4.000,0.356,3.900,25.513,-43.152,41.992
-4.000,0.421,3.689,-49.133,-0.793,-35.767
-4.000,0.490,3.103,-111.511,47.852,-92.041
-3.661,0.604,2.290,-152.710,95.947,-129.578
-3.017,0.757,1.466,-170.654,131.958,-158.325
-2.190,0.695,0.706,-160.950,155.396,-189.270
-0.942,0.373,0.117,-139.404,169.495,-226.685
0.399,-0.351,-0.377,-96.130,166.626,-268.921
1.813,-1.510,-0.809,-54.199,153.320,-286.011
3.069,-2.906,-1.281,-25.208,145.142,-264.893
4.000,-4.000,-1.767,-11.658,137.390,-213.379
4.000,-4.000,-2.089,-16.663,111.450,-145.386
4.000,-4.000,-2.175,-38.391,57.983,-66.895
4.000,-4.000,-2.123,-65.918,-5.493,34.241
4.000,-3.877,-2.073,-88.684,-65.613,156.555
2.819,-2.582,-1.991,-91.675,-120.972,280.945
0.764,-1.067,-1.673,-64.758,-167.908,384.521
-1.263,0.187,-0.939,-7.263,-201.355,435.547
-2.974,0.870,0.277,64.209,-222.412,416.992
-4.000,0.927,1.775,128.784,-223.572,356.384
-4.000,0.713,3.124,181.152,-190.186,287.598
-4.000,0.362,3.989,215.332,-123.718,216.064

-4.000,-0.310,4.000,123.840,-22.400,35.706
-4.000,-0.456,4.000,27.039,26.855,-38.574
-4.000,-0.446,3.668,-62.622,94.604,-97.778
-4.000,-0.349,2.622,-123.901,162.170,-142.639
-3.359,-0.345,1.422,-158.020,218.567,-192.017
-1.933,-0.414,0.124,-174.866,245.178,-249.573
-0.590,-0.863,-0.922,-169.189,240.479,-308.716
0.978,-1.557,-1.514,-130.005,223.877,-341.980
2.346,-2.340,-1.779,-73.608,208.679,-331.909
3.632,-3.151,-1.805,-21.912,189.453,-294.067
4.000,-3.891,-1.721,-7.141,146.423,-241.699
4.000,-4.000,-1.732,-32.349,91.003,-178.101
4.000,-4.000,-1.838,-66.223,36.255,-99.854
4.000,-3.790,-1.934,-85.876,-7.751,-4.761
4.000,-2.980,-2.121,-88.013,-51.147,103.210
3.546,-1.909,-2.160,-72.876,-102.783,211.243
1.864,-0.842,-1.879,-28.809,-154.907,302.612
0.230,-0.004,-1.242,34.973,-194.519,359.619
-1.150,0.422,-0.383,101.135,-217.651,367.615
-2.347,0.493,0.559,149.231,-224.243,336.670
-3.284,0.362,1.451,173.645,-211.609,288.879
-3.916,0.058,2.191,175.293,-182.373,233.032
-4.000,-0.341,2.818,157.471,-148.560,177.124
-4.000,-0.698,3.335,126.526,-109.436,125.305
-4.000,-0.854,3.642,99.121,-56.030,80.444
-4.000,-0.874,3.713,67.505,8.362,39.490
-4.000,-0.829,3.483,24.414,66.956,-0.488
-4.000,-0.620,3.028,-24.109,120.911,-45.288
-3.819,-0.423,2.339,-74.341,169.250,-101.196
-2.865,-0.142,1.468,-122.803,201.111,-167.969
-1.863,-0.118,0.611,-161.255,208.313,-242.554
-0.738,-0.475,-0.083,-157.166,197.632,-309.509
0.502,-1.064,-0.595,-135.315,186.523,-339.661
1.708,-1.675,-0.969,-86.182,189.026,-336.182
2.862,-2.442,-1.274,-39.063,184.937,-311.157
3.854,-3.240,-1.511,-23.621,152.466,-270.081
4.000,-3.718,-1.695,-28.870,103.027,-209.961
4.000,-3.838,-1.774,-28.137,62.866,-128.967
4.000,-3.603,-1.682,-14.832,32.104,-29.724
4.000,-3.066,-1.477,-1.099,-1.831,75.439
3.651,-2.262,-1.249,3.113,-39.917,169.556
2.623,-1.459,-1.184,3.052,-79.590,239.868
1.445,-0.785,-1.042,11.780,-120.911,285.278
0.305,-0.307,-0.646,42.480,-158.813,308.350
-0.759,-0.093,-0.042,83.923,-187.622,306.946
-1.675,-0.079,0.596,119.141,-199.829,285.767
-2.445,-0.193,1.198,136.658,-195.801,253.113
-3.049,-0.347,1.712,131.531,-183.228,213.745
-3.575,-0.476,2.170,111.511,-166.443,171.509
-3.997,-0.567,2.544,92.651,-139.343,136.963
-4.000,-0.622,2.835,80.933,-97.839,111.755
-4.000,-0.592,3.051,70.313,-47.546,87.219
-4.000,-0.464,3.217,57.373,7.324,57.251
-4.000,-0.405,2.998,37.415,63.904,12.756
-3.798,-0.208,2.714,-23.010,108.337,-39.795
-3.436,-0.162,2.178,-73.547,135.864,-108.276
-2.714,-0.133,1.553,-115.723,155.518,-168.762
-1.750,-0.186,0.903,-148.621,175.964,-221.069
-0.911,-0.495,0.217,-151.184,181.641,-274.231
0.128,-0.852,-0.322,-139.282,176.575,-302.734
1.282,-1.378,-0.835,-106.689,173.462,-306.946
2.348,-1.978,-1.186,-65.552,166.138,-301.147
3.295,-2.615,-1.334,-29.175,141.418,-271.973
3.995,-3.228,-1.299,-7.935,102.966,-224.792
4.000,-3.660,-1.236,-8.667,60.181,-164.062
4.000,-3.780,-1.185,-18.738,16.174,-88.379
4.000,-3.496,-1.131,-26.855,-21.240,-0.793
4.000,-2.988,-1.159,-32.227,-51.025,88.928
3.426,-2.333,-1.170,-33.386,-81.848,170.715
2.298,-1.627,-1.113,-26.611,-120.911,238.281
1.005,-0.940,-0.955,-9.521,-155.212,291.443
-0.229,-0.474,-0.568,26.855,-181.824,317.383
-1.286,-0.238,0.021,70.740,-199.158,311.096
-2.116,-0.170,0.651,103.394,-202.881,281.982
-2.747,-0.211,1.269,119.202,-194.519,241.211
-3.191,-0.299,1.789,120.483,-173.889,195.435
-3.474,-0.464,2.226,108.398,-142.212,151.123
-3.800,-0.597,2.600,88.989,-105.347,120.667
-4.000,-0.689,2.896,78.674,-56.641,106.384
-4.000,-0.649,3.088,77.148,6.165,99.060
-3.798,-0.439,3.021,65.063,71.716,79.773
-3.821,-0.324,2.667,31.494,119.690,36.011
-3.353,-0.125,2.319,-29.602,149.658,-11.230
-2.937,-0.009,1.657,-71.960,179.993,-70.007
-2.189,0.038,0.933,-107.422,195.129,-124.268
-1.467,-0.038,0.377,-130.188,181.885,-176.270
-0.686,-0.266,-0.021,-124.634,158.691,-218.628
0.045,-0.654,-0.291,-91.125,145.020,-233.765
0.808,-0.952,-0.454,-48.950,140.259,-224.243
1.582,-1.225,-0.632,-13.550,137.512,-203.003
2.270,-1.527,-0.731,4.578,123.596,-190.857
2.847,-1.901,-0.780,-0.916,100.891,-179.626
3.387,-2.277,-0.876,-19.714,76.782,-165.771
3.840,-2.594,-0.956,-35.522,49.561,-141.174
4.000,-2.766,-0.985,-40.039,21.851,-93.933
3.994,-2.693,-0.980,-30.701,-1.953,-20.874
3.658,-2.398,-0.947,-14.343,-26.794,60.303
2.997,-1.955,-0.876,-2.380,-57.129,134.949
2.152,-1.462,-0.763,7.080,-89.539,194.397
1.190,-1.022,-0.557,19.348,-119.385,231.873
0.219,-0.727,-0.198,39.368,-145.020,248.535
-0.654,-0.582,0.255,61.951,-161.499,245.972
-1.374,-0.551,0.709,77.881,-167.786,228.760
-1.947,-0.559,1.162,85.083,-165.955,204.041
-2.474,-0.575,1.580,86.548,-152.588,177.124
-2.870,-0.595,1.878,83.130,-127.258,150.940
-3.153,-0.622,2.067,71.411,-99.243,122.253
-3.331,-0.622,2.229,51.636,-73.914,90.393
-3.227,-0.568,2.342,31.006,-47.058,59.631
-3.504,-0.565,2.335,18.860,-12.695,31.372
-3.227,-0.379,2.326,-3.418,27.832,13.550
-3.064,-0.327,2.116,-15.015,64.880,-9.949
-2.804,-0.211,1.909,-31.982,89.233,-37.476
-2.468,-0.107,1.560,-53.406,114.319,-64.758
-2.003,-0.057,1.104,-73.181,136.780,-101.135
-1.436,-0.072,0.695,-86.365,143.127,-141.846
-0.701,-0.195,0.357,-91.492,138.062,-180.420
-0.038,-0.521,0.089,-80.139,127.625,-211.304
0.626,-0.864,-0.076,-57.922,120.422,-219.604

2.003,-1.412,-0.418,-4.456,127.747,-184.326
2.691,-1.747,-0.516,4.272,111.694,-172.668
3.167,-2.146,-0.605,-5.920,80.078,-159.912
3.529,-2.461,-0.696,-19.348,50.842,-133.362
3.790,-2.644,-0.759,-23.987,26.672,-92.773
3.844,-2.663,-0.772,-23.315,2.197,-38.330
3.653,-2.457,-0.768,-21.606,-21.851,26.550
3.151,-2.133,-0.767,-15.320,-46.875,92.773
2.520,-1.729,-0.697,-8.789,-69.275,157.349
1.675,-1.354,-0.582,3.357,-92.957,207.947
0.734,-1.002,-0.374,21.057,-113.464,242.615
-0.183,-0.748,-0.076,48.035,-125.916,257.690
-0.924,-0.615,0.214,71.289,-136.719,248.474
-1.540,-0.565,0.569,79.102,-151.733,221.863
-2.075,-0.587,1.006,81.909,-160.156,188.354
-2.479,-0.641,1.467,89.722,-149.841,159.607
-2.740,-0.700,1.821,95.642,-122.620,138.428
-2.966,-0.699,2.088,88.318,-92.773,121.765
-3.216,-0.635,2.328,72.266,-64.880,105.225
-3.167,-0.506,2.460,53.223,-29.175,83.740
-3.456,-0.400,2.316,30.945,9.033,51.392
-3.300,-0.163,2.209,-8.972,38.391,15.381
-3.071,-0.052,1.937,-36.255,61.951,-25.879
-2.781,0.001,1.639,-53.833,79.712,-69.641
-2.309,0.024,1.229,-76.111,102.051,-102.478
-1.801,0.013,0.821,-85.327,118.286,-137.146
-1.267,-0.059,0.497,-81.787,121.582,-162.781
-0.720,-0.213,0.241,-66.895,124.268,-181.763
-0.054,-0.421,0.050,-50.171,131.042,-196.716
0.513,-0.691,-0.064,-31.677,130.310,-210.571
1.148,-1.012,-0.178,-22.034,126.404,-215.271
1.825,-1.438,-0.265,-13.184,120.667,-222.778
2.492,-1.975,-0.355,-9.338,106.323,-223.633
3.001,-2.503,-0.417,-11.108,86.792,-205.750
3.439,-2.907,-0.506,-12.207,71.838,-166.626
3.805,-3.129,-0.593,-12.207,55.176,-112.793
3.941,-3.067,-0.642,-15.137,31.189,-47.302
3.687,-2.792,-0.722,-16.907,1.892,23.865
3.219,-2.368,-0.785,-25.146,-22.705,100.403
2.447,-1.831,-0.855,-23.132,-50.354,169.373
1.460,-1.260,-0.823,-9.399,-85.327,226.318
0.451,-0.776,-0.619,17.334,-117.920,260.986
-0.424,-0.493,-0.177,52.734,-144.592,259.705
-1.089,-0.405,0.358,78.674,-161.072,229.065
-1.536,-0.427,0.845,81.665,-164.917,183.838
-1.859,-0.482,1.215,65.979,-161.316,137.939
-2.097,-0.543,1.468,43.701,-151.001,102.722
-2.317,-0.587,1.660,25.330,-131.775,81.970
-2.558,-0.577,1.789,15.625,-104.675,73.914
-2.791,-0.499,1.915,15.625,-72.327,74.707
-2.979,-0.399,2.045,22.766,-36.377,74.341
-3.140,-0.335,2.131,28.992,0.610,64.941
-3.107,-0.193,2.204,22.766,34.302,44.556
-2.964,-0.151,2.147,2.380,66.040,14.587
-2.765,-0.146,2.010,-19.470,85.632,-27.466
-2.428,-0.160,1.731,-51.575,108.032,-62.134
-2.042,-0.161,1.351,-76.965,131.042,-98.511
-1.559,-0.161,0.918,-94.482,144.897,-129.639
-0.978,-0.204,0.532,-99.915,146.851,-157.959
-0.391,-0.379,0.242,-86.792,141.113,-184.875
0.238,-0.604,0.083,-65.369,135.376,-205.139
0.964,-0.902,-0.077,-43.823,132.629,-212.585
1.717,-1.266,-0.212,-27.771,126.526,-221.497
2.427,-1.765,-0.379,-23.865,110.657,-223.145
2.972,-2.342,-0.549,-27.100,86.670,-208.435
3.392,-2.823,-0.691,-26.855,63.416,-168.884
3.694,-3.082,-0.775,-19.531,43.030,-107.483
3.772,-3.050,-0.810,-14.221,23.193,-32.654
3.613,-2.710,-0.858,-16.113,1.831,41.931
3.202,-2.274,-0.955,-24.353,-25.085,105.103
2.676,-1.758,-1.031,-33.997,-52.307,159.729
1.896,-1.235,-0.992,-28.687,-86.792,202.454
0.995,-0.793,-0.813,-9.277,-120.056,232.849
0.036,-0.497,-0.482,25.269,-142.883,245.056
-0.749,-0.356,-0.006,62.683,-154.968,235.046
-1.339,-0.334,0.514,86.609,-160.645,206.116
-1.775,-0.373,1.001,91.675,-159.668,168.274
-2.107,-0.446,1.402,84.656,-149.475,132.385
-2.362,-0.539,1.724,71.655,-130.005,103.760
-2.595,-0.615,1.985,58.594,-104.736,84.839
-2.794,-0.627,2.206,48.767,-73.486,75.073
-2.945,-0.576,2.354,40.588,-34.790,69.153
-2.978,-0.485,2.395,29.541,6.409,60.547
-2.790,-0.367,2.304,12.329,42.664,44.617
-2.898,-0.313,2.080,-4.761,70.679,18.921
-2.601,-0.167,1.911,-33.752,94.177,-6.226
-2.425,-0.127,1.648,-41.504,112.610,-37.537
-2.061,-0.108,1.383,-52.917,127.563,-62.805
-1.704,-0.123,1.062,-65.674,137.695,-91.370
-1.294,-0.136,0.778,-76.477,136.658,-120.728
-0.883,-0.191,0.507,-78.979,130.676,-143.127
-0.410,-0.309,0.270,-69.824,128.967,-160.339
0.101,-0.456,0.094,-51.453,127.258,-176.147
0.652,-0.688,-0.094,-34.363,123.901,-187.256
1.230,-0.980,-0.258,-20.630,118.958,-198.730
1.797,-1.392,-0.401,-14.771,106.934,-203.918
2.292,-1.862,-0.505,-16.846,89.905,-200.867
2.739,-2.259,-0.574,-18.311,72.571,-183.594
3.112,-2.558,-0.633,-14.893,56.641,-148.376
3.355,-2.683,-0.696,-10.376,40.100,-96.924
3.350,-2.624,-0.729,-2.502,22.034,-36.133
3.138,-2.330,-0.731,1.404,1.099,26.123
2.834,-1.986,-0.785,-5.432,-16.174,81.482
2.405,-1.620,-0.768,-9.033,-46.387,119.934
1.796,-1.279,-0.688,-12.268,-84.106,150.818
1.091,-1.014,-0.523,-3.479,-115.662,175.293
0.381,-0.843,-0.230,17.883,-140.137,189.697
-0.297,-0.769,0.171,42.358,-157.593,194.031
-0.852,-0.758,0.559,62.073,-161.682,191.223
-1.302,-0.750,0.911,74.524,-154.236,184.937
-1.679,-0.712,1.213,81.299,-140.808,175.049
-1.946,-0.695,1.463,81.787,-121.399,161.011
-2.203,-0.668,1.681,72.449,-100.342,143.677
-2.441,-0.611,1.838,56.946,-78.796,124.451
-2.607,-0.542,1.932,41.199,-54.565,103.638
-2.706,-0.449,1.978,29.663,-28.748,83.557
-2.747,-0.341,2.002,26.184,-0.977,64.514
-2.733,-0.288,1.928,24.048,26.428,42.969
-2.542,-0.142,1.902,9.521,46.936,18.311

-2.165,-0.049,1.547,-28.137,81.360,-43.274
-1.903,-0.038,1.267,-56.580,92.224,-75.806
-1.586,-0.055,0.998,-73.547,98.694,-112.366
-1.112,-0.095,0.724,-80.200,103.210,-139.160
-0.679,-0.221,0.413,-72.998,104.614,-162.537
-0.177,-0.358,0.231,-59.875,103.027,-175.842
0.288,-0.593,0.080,-39.307,101.379,-178.955
0.744,-0.842,-0.012,-20.569,101.440,-180.664
1.284,-1.107,-0.115,-11.230,97.717,-183.044
1.845,-1.446,-0.205,-11.780,84.167,-189.819
2.321,-1.878,-0.322,-14.526,65.430,-188.354
2.694,-2.297,-0.449,-12.390,54.382,-164.978
3.004,-2.562,-0.539,0.610,51.575,-121.216
3.196,-2.683,-0.479,15.869,44.373,-68.420
3.227,-2.587,-0.423,20.142,17.944,-20.569
3.084,-2.316,-0.416,3.235,-4.883,27.649
2.782,-2.032,-0.468,-9.521,-23.987,70.007
2.387,-1.714,-0.505,-18.860,-51.147,106.201
1.835,-1.416,-0.490,-23.254,-84.229,137.695
1.168,-1.170,-0.392,-16.113,-112.854,162.354
0.530,-0.991,-0.168,5.005,-132.019,177.734
-0.036,-0.889,0.159,28.381,-144.165,180.481
-0.520,-0.849,0.481,40.527,-150.024,173.096
-0.934,-0.827,0.735,39.795,-148.987,161.255
-1.278,-0.789,0.919,31.189,-141.235,147.400
-1.554,-0.731,1.027,18.799,-130.005,132.141
-1.818,-0.666,1.119,7.874,-117.676,118.408
-2.082,-0.607,1.243,3.662,-101.379,108.521
-2.292,-0.537,1.361,5.432,-79.163,101.196
-2.455,-0.445,1.467,8.911,-55.908,93.262
-2.589,-0.335,1.572,11.108,-34.973,82.764
-2.675,-0.221,1.661,13.245,-14.404,69.092
-2.692,-0.128,1.720,14.954,6.409,50.049
-2.646,-0.090,1.729,13.062,28.198,24.048
-2.438,-0.042,1.703,0.549,45.837,-8.667
-2.237,-0.056,1.576,-20.630,62.622,-41.382
-1.956,-0.087,1.401,-40.405,74.341,-69.702
-1.663,-0.135,1.158,-56.763,87.097,-93.079
-1.323,-0.183,0.925,-60.547,99.609,-116.211
-0.960,-0.258,0.690,-56.519,107.971,-129.272
-0.562,-0.337,0.510,-46.265,111.694,-136.902
-0.203,-0.452,0.354,-28.137,111.938,-145.874
0.265,-0.584,0.225,-14.282,109.924,-153.992
0.784,-0.752,0.136,-5.615,104.675,-167.664
1.375,-1.034,0.042,-4.028,93.811,-182.190
1.941,-1.479,-0.099,-4.089,76.660,-187.683
2.393,-2.023,-0.263,-1.648,59.570,-171.814
2.725,-2.502,-0.362,5.249,48.340,-133.850
2.950,-2.786,-0.378,13.855,39.795,-82.520
3.201,-2.797,-0.352,14.893,29.053,-29.297
3.129,-2.575,-0.414,8.545,11.047,16.174
2.964,-2.221,-0.517,-14.160,-5.066,59.265
2.663,-1.840,-0.644,-32.166,-22.461,98.022
2.210,-1.432,-0.695,-37.903,-50.476,129.456
1.611,-1.054,-0.652,-32.593,-80.322,160.217
0.910,-0.743,-0.488,-12.451,-105.469,183.899
0.236,-0.536,-0.182,16.968,-124.634,193.359
-0.331,-0.442,0.212,43.091,-137.756,186.035
-0.812,-0.449,0.598,54.688,-143.860,166.443
-1.202,-0.517,0.902,52.002,-141.724,142.090
-1.526,-0.584,1.119,43.579,-131.775,119.568
-1.770,-0.637,1.293,34.668,-114.929,101.624
-1.946,-0.645,1.432,26.184,-94.910,88.318
-2.088,-0.617,1.541,18.311,-75.928,77.576
-2.210,-0.573,1.626,12.146,-55.786,68.481
-2.315,-0.529,1.709,9.338,-32.837,61.157
-2.397,-0.471,1.783,9.705,-7.874,55.176
-2.436,-0.403,1.845,11.108,18.738,47.913
-2.430,-0.338,1.834,7.935,46.387,35.645
-2.323,-0.255,1.697,-4.028,66.040,14.465
-2.179,-0.189,1.553,-26.306,77.820,-12.878
-1.962,-0.165,1.345,-43.396,86.243,-43.518
-1.668,-0.188,1.083,-60.791,93.994,-70.374
-1.400,-0.233,0.816,-65.430,97.778,-98.511
-1.092,-0.261,0.570,-61.707,97.961,-116.028
-0.842,-0.331,0.403,-47.974,94.849,-125.488
-0.585,-0.433,0.321,-25.696,93.201,-126.892
-0.380,-0.571,0.287,-1.343,93.018,-123.535
-0.182,-0.746,0.281,15.747,91.125,-115.295
-0.104,-0.910,0.361,25.391,84.656,-105.042
-0.115,-1.040,0.459,31.921,86.365,-92.712
-0.058,-1.137,0.508,31.921,102.722,-82.275
-0.020,-1.192,0.497,19.104,116.577,-78.613
0.081,-1.244,0.462,-1.770,122.681,-81.543
0.190,-1.247,0.377,-20.081,123.291,-88.257
0.306,-1.263,0.284,-27.100,123.291,-92.712
0.388,-1.227,0.189,-25.269,118.591,-92.407
0.509,-1.153,0.121,-26.733,120.422,-77.515
0.522,-1.075,0.103,-16.968,118.652,-62.378
0.510,-0.970,0.146,-7.568,113.586,-48.828
0.493,-0.890,0.220,-0.671,108.459,-36.011
0.460,-0.830,0.321,5.493,103.394,-29.602
0.427,-0.793,0.408,8.728,100.220,-26.550
0.395,-0.778,0.465,9.216,98.267,-26.367
0.402,-0.795,0.500,7.935,97.656,-29.480
0.447,-0.836,0.511,3.235,97.961,-34.851
0.512,-0.883,0.499,-4.395,97.351,-40.527
0.585,-0.922,0.464,-10.620,95.459,-44.373
0.649,-0.927,0.422,-12.756,93.506,-46.570
0.730,-0.909,0.363,-10.925,92.468,-46.387
0.826,-0.885,0.274,-8.972,91.980,-44.128
0.908,-0.854,0.214,-7.263,85.938,-40.283
0.964,-0.832,0.195,-4.456,76.111,-35.706
0.999,-0.816,0.189,0.000,67.261,-31.494
1.032,-0.823,0.174,5.188,59.692,-28.259
1.087,-0.846,0.168,8.606,52.612,-27.527
1.134,-0.875,0.156,10.071,45.532,-30.701
1.179,-0.932,0.132,8.423,37.415,-35.706
1.247,-0.996,0.087,1.709,27.039,-41.321
1.345,-1.074,0.030,-7.507,12.390,-46.692
1.413,-1.152,-0.045,-17.395,-5.005,-48.523
1.478,-1.193,-0.123,-22.339,-21.606,-45.532
1.517,-1.222,-0.171,-21.667,-33.875,-39.063
1.541,-1.277,-0.196,-16.663,-42.786,-27.832
1.552,-1.298,-0.194,-9.705,-50.781,-11.230
1.554,-1.316,-0.202,-2.319,-57.556,5.432
1.592,-1.354,-0.218,2.197,-64.148,19.043
1.646,-1.394,-0.223,0.732,-76.416,27.710
1.702,-1.458,-0.207,-6.592,-94.482,32.043

1.678,-1.611,-0.194,-34.668,-121.521,44.067
1.562,-1.648,-0.254,-50.842,-128.967,60.242
1.391,-1.617,-0.340,-61.768,-138.550,82.336
1.152,-1.528,-0.421,-65.735,-148.132,108.459
0.875,-1.415,-0.481,-64.758,-152.588,134.460
0.562,-1.285,-0.511,-59.753,-158.142,156.921
0.225,-1.184,-0.487,-52.795,-168.640,170.654
-0.175,-1.135,-0.422,-48.462,-180.664,177.185
-0.635,-1.110,-0.318,-42.969,-189.148,180.298
-1.010,-1.065,-0.131,-29.053,-191.956,179.260
-1.299,-1.017,0.098,-10.010,-190.002,171.326
-1.466,-0.923,0.325,5.920,-185.486,158.020
-1.521,-0.822,0.528,15.503,-181.458,139.282
-1.509,-0.735,0.702,15.381,-178.345,116.638
-1.507,-0.695,0.810,5.798,-172.791,93.262
-1.510,-0.683,0.868,-6.287,-164.368,74.890
-1.479,-0.677,0.918,-13.672,-156.128,64.087
-1.424,-0.672,0.974,-18.738,-148.682,60.181
-1.418,-0.651,1.025,-22.888,-141.357,63.416
-1.514,-0.649,1.042,-22.156,-131.104,72.998
-1.501,-0.539,1.106,-23.743,-115.601,87.280
-1.644,-0.482,1.086,-14.099,-98.328,94.116
-1.681,-0.390,1.095,-8.972,-84.595,104.492
-1.769,-0.294,1.105,1.587,-75.928,103.760
-1.768,-0.195,1.112,6.531,-68.665,96.008
-1.780,-0.125,1.128,6.165,-63.721,82.764
-1.776,-0.080,1.145,3.601,-56.824,64.575
-1.752,-0.062,1.171,0.854,-44.983,44.861
-1.712,-0.057,1.204,-1.221,-30.396,25.879
-1.674,-0.061,1.223,-3.113,-15.930,10.193
-1.653,-0.053,1.227,-4.395,-2.197,-0.244
-1.605,-0.041,1.207,-3.540,11.597,-5.798
-1.543,-0.039,1.182,-1.709,24.597,-9.460
-1.489,-0.022,1.135,0.977,35.706,-13.367
-1.423,-0.009,1.076,3.601,44.495,-19.104
-1.385,-0.016,1.022,1.953,49.866,-26.367
-1.363,-0.017,0.981,0.610,54.138,-35.400
-1.331,-0.029,0.922,1.892,62.256,-46.265
-1.290,-0.061,0.861,1.770,71.289,-57.678
-1.276,-0.101,0.804,1.343,76.782,-69.336
-1.254,-0.143,0.764,1.587,80.200,-80.078
-1.213,-0.187,0.734,3.052,84.473,-90.576
-1.144,-0.248,0.684,3.845,89.600,-100.098
-1.059,-0.295,0.635,1.343,91.675,-107.300
-1.010,-0.328,0.590,-1.465,88.867,-112.915
-0.956,-0.359,0.544,-0.183,87.708,-117.737
-0.888,-0.397,0.496,3.723,91.736,-119.995
-0.817,-0.441,0.466,7.080,97.229,-120.300
-0.769,-0.467,0.449,8.362,99.365,-119.141
-0.743,-0.478,0.440,8.789,98.938,-117.737
-0.739,-0.489,0.420,10.559,99.792,-119.263
-0.730,-0.527,0.376,10.925,103.455,-122.742
-0.718,-0.619,0.326,8.423,104.736,-127.258
-0.715,-0.741,0.311,5.371,99.487,-133.423
-0.764,-0.888,0.345,7.935,91.675,-143.250
-0.779,-1.066,0.395,17.456,92.712,-153.931
-0.702,-1.223,0.425,23.804,103.760,-158.997
-0.647,-1.382,0.470,27.527,118.103,-157.959
-0.538,-1.481,0.482,34.851,120.422,-158.630
-0.328,-1.529,0.455,30.151,128.601,-157.837
-0.114,-1.562,0.353,29.297,139.526,-156.372
0.097,-1.602,0.252,30.396,145.569,-151.917
0.289,-1.648,0.104,33.691,149.048,-143.982
0.453,-1.683,-0.026,38.086,148.987,-131.897
0.626,-1.702,-0.120,46.387,143.982,-117.310
0.797,-1.712,-0.159,58.716,134.644,-104.187
0.988,-1.758,-0.107,68.787,122.192,-92.163
1.083,-1.793,0.007,74.463,107.910,-81.177
1.135,-1.808,0.144,76.111,98.877,-71.533
1.226,-1.805,0.260,71.167,98.572,-62.378
1.318,-1.788,0.329,60.303,97.961,-54.199
1.417,-1.774,0.369,41.626,94.666,-48.767
1.488,-1.785,0.323,19.897,86.853,-45.288
1.560,-1.809,0.244,-0.061,74.524,-41.565
1.610,-1.851,0.115,-17.273,62.073,-37.231
1.653,-1.898,-0.045,-28.931,48.584,-31.128
1.698,-1.911,-0.212,-38.452,32.715,-19.409
1.694,-1.877,-0.347,-44.373,12.207,-2.380
1.631,-1.812,-0.424,-45.715,-8.118,18.921
1.526,-1.716,-0.437,-43.823,-23.804,43.579
1.383,-1.600,-0.413,-39.612,-36.072,69.153
1.230,-1.478,-0.368,-34.180,-47.791,90.454
1.049,-1.360,-0.296,-31.128,-61.462,108.398
0.851,-1.250,-0.202,-32.776,-74.829,122.559
0.676,-1.171,-0.134,-37.659,-84.839,128.723
0.538,-1.120,-0.095,-45.837,-91.980,126.038
0.439,-1.089,-0.077,-56.763,-100.891,118.835
0.361,-1.068,-0.041,-67.932,-113.708,112.915
0.251,-1.064,0.001,-76.416,-124.817,112.488
0.141,-1.050,0.047,-77.942,-126.709,118.713
0.016,-1.010,0.088,-71.106,-116.394,129.883
-0.085,-0.984,0.146,-57.434,-99.915,144.897
-0.242,-0.951,0.209,-40.588,-89.478,163.696
-0.442,-0.881,0.318,-22.522,-86.548,183.655
-0.608,-0.787,0.439,-5.371,-84.961,197.754
-0.714,-0.698,0.561,8.118,-83.679,201.904
-0.767,-0.623,0.664,15.747,-84.412,197.144
-0.790,-0.559,0.744,15.747,-88.440,186.523
-0.774,-0.492,0.801,10.803,-93.506,172.913
-0.744,-0.444,0.837,4.700,-96.680,157.654
-0.708,-0.428,0.872,-2.014,-96.375,143.066
-0.693,-0.414,0.900,-7.690,-93.384,131.653
-0.641,-0.401,0.914,-12.146,-87.402,122.742
-0.678,-0.410,0.950,-18.616,-78.918,116.272
-0.690,-0.398,0.972,-24.109,-68.909,112.427
-0.731,-0.392,0.972,-26.550,-58.655,109.924
-0.774,-0.389,0.958,-25.269,-49.744,107.056
-0.777,-0.358,0.942,-30.457,-40.588,103.638
-0.824,-0.320,0.972,-43.213,-31.433,101.257
-0.805,-0.277,0.967,-46.875,-25.452,97.961
-0.835,-0.267,0.977,-39.978,-21.973,85.022
-0.820,-0.206,0.990,-41.443,-22.461,72.388
-0.775,-0.226,0.968,-49.133,-24.719,58.594
-0.812,-0.262,0.969,-50.415,-23.315,42.603
-0.798,-0.257,0.960,-52.979,-25.635,34.729
-0.800,-0.256,0.972,-44.373,-27.466,23.376
-0.781,-0.251,0.993,-31.067,-27.527,12.878
-0.754,-0.245,1.038,-16.724,-27.649,4.028
-0.692,-0.266,1.057,-7.202,-26.184,-3.845

-0.577,-0.318,1.058,6.104,-20.630,-14.343
-0.508,-0.327,1.043,13.916,-18.860,-17.944
-0.427,-0.336,1.024,18.982,-18.921,-20.508
-0.376,-0.377,1.004,20.569,-19.775,-20.569
-0.340,-0.417,0.995,18.433,-19.775,-17.578
-0.310,-0.448,0.988,15.320,-17.334,-13.367
-0.267,-0.461,1.004,13.855,-13.794,-10.986
-0.283,-0.467,1.001,14.832,-10.315,-12.817
-0.296,-0.471,0.988,15.686,-5.249,-15.930
-0.256,-0.456,0.985,13.916,-1.038,-16.785
-0.200,-0.461,0.962,10.803,0.610,-18.982
-0.151,-0.490,0.937,3.662,0.244,-23.132
-0.089,-0.519,0.912,-4.700,-1.404,-27.649
-0.038,-0.541,0.882,-10.986,-3.296,-31.128
0.010,-0.569,0.845,-15.442,-4.700,-33.875
0.030,-0.598,0.809,-16.907,-4.822,-34.668
0.045,-0.629,0.769,-15.015,-4.211,-34.119
0.077,-0.641,0.746,-12.085,-2.686,-32.410
0.079,-0.659,0.735,-7.324,-1.404,-29.907
0.081,-0.672,0.721,0.305,-0.427,-26.367
0.090,-0.661,0.723,7.507,-0.061,-21.667
0.090,-0.658,0.727,14.099,0.732,-16.418
0.081,-0.649,0.739,18.127,3.052,-11.658
0.062,-0.637,0.743,19.958,5.249,-6.897
0.063,-0.627,0.758,21.240,5.493,-2.686
0.070,-0.604,0.764,22.949,4.028,1.160
0.071,-0.604,0.763,24.048,2.136,3.662
0.037,-0.606,0.777,23.254,1.526,1.343
0.019,-0.613,0.799,22.034,1.831,-1.709
0.004,-0.626,0.820,19.958,2.441,-3.540
-0.001,-0.640,0.843,16.907,2.808,-3.357
0.001,-0.649,0.862,12.939,3.845,-1.770
0.013,-0.651,0.876,9.338,4.822,0.244
0.004,-0.656,0.878,6.287,6.348,2.563
-0.000,-0.660,0.866,3.296,9.094,4.395
-0.013,-0.662,0.839,1.221,10.986,5.493
0.028,-0.644,0.810,-0.732,11.353,6.287
-0.080,-0.697,0.773,-0.793,10.254,5.798
0.050,-0.614,0.765,-8.118,12.024,13.245
-0.038,-0.653,0.741,-2.441,11.353,9.460
-0.029,-0.618,0.714,0.244,11.230,6.226
-0.018,-0.607,0.708,1.526,10.986,8.850
-0.032,-0.601,0.707,3.784,8.362,8.911
-0.057,-0.594,0.726,5.615,6.470,8.545
-0.092,-0.590,0.727,12.146,5.005,7.690
-0.096,-0.555,0.728,20.264,4.822,6.836
-0.080,-0.549,0.739,24.414,5.127,3.723
-0.045,-0.553,0.717,21.912,5.493,0.244
-0.043,-0.576,0.735,16.418,2.991,-3.113
-0.040,-0.584,0.745,13.306,-0.244,-5.371
-0.042,-0.593,0.745,11.108,-2.075,-5.798
-0.048,-0.607,0.745,9.277,-3.174,-4.578
-0.048,-0.619,0.745,7.629,-4.211,-1.648
-0.035,-0.627,0.762,7.874,-5.432,1.770
-0.034,-0.627,0.782,9.644,-5.676,5.249
-0.037,-0.626,0.807,8.911,-3.174,8.301
-0.043,-0.623,0.810,7.324,0.671,10.864
-0.047,-0.616,0.799,6.836,3.906,12.329
-0.051,-0.616,0.783,4.089,6.714,12.390
-0.059,-0.614,0.759,-0.061,7.874,11.047
-0.062,-0.617,0.752,-3.723,7.324,8.118
-0.072,-0.626,0.744,-7.324,6.042,4.761
-0.061,-0.640,0.731,-7.812,4.395,2.747
-0.041,-0.646,0.720,-6.836,2.625,1.892
-0.022,-0.651,0.718,-5.859,1.160,1.892
-0.014,-0.649,0.729,-4.578,0.244,3.052
-0.018,-0.648,0.728,-1.953,0.366,5.676
-0.015,-0.639,0.724,2.930,0.488,8.301
-0.023,-0.623,0.743,7.385,-0.610,9.644
-0.031,-0.613,0.754,8.545,-0.305,9.827
-0.030,-0.603,0.756,7.690,0.671,9.460
-0.027,-0.604,0.760,6.042,0.549,8.484
-0.039,-0.607,0.765,4.028,0.305,7.446
-0.033,-0.606,0.763,3.784,0.732,5.981
-0.015,-0.607,0.765,2.014,1.587,4.272
-0.004,-0.611,0.773,-1.770,1.770,3.540
-0.013,-0.621,0.771,-4.700,1.587,4.395
-0.025,-0.622,0.751,-4.883,2.563,6.165
-0.026,-0.609,0.734,-2.380,2.930,7.263
-0.020,-0.600,0.725,-1.160,2.869,6.714
-0.021,-0.604,0.724,-2.869,2.258,6.470
-0.022,-0.609,0.720,-3.845,1.465,6.531
-0.025,-0.616,0.717,-2.991,0.549,6.592
-0.032,-0.622,0.719,-1.648,0.244,6.409
-0.015,-0.623,0.716,-0.488,1.221,6.104
-0.010,-0.633,0.712,-1.404,2.075,6.470
-0.019,-0.639,0.707,-2.380,1.465,7.385
-0.021,-0.634,0.708,-2.441,1.038,8.484
-0.024,-0.630,0.706,-3.357,1.343,9.338
-0.043,-0.625,0.704,-4.333,1.282,10.071
-0.066,-0.615,0.708,-3.967,0.854,10.559
-0.068,-0.601,0.699,-2.075,0.610,9.888
-0.062,-0.591,0.705,-0.610,-0.916,7.690
-0.051,-0.592,0.717,0.183,-2.625,5.432
-0.032,-0.597,0.730,0.793,-3.784,4.150
-0.018,-0.600,0.746,0.549,-4.272,4.395
-0.008,-0.603,0.752,-0.183,-4.211,5.310
-0.006,-0.601,0.762,-1.160,-4.028,6.958
-0.017,-0.601,0.766,-2.808,-3.296,8.118
-0.028,-0.598,0.763,-4.272,-2.136,8.667
-0.039,-0.603,0.766,-5.737,-1.343,8.789
-0.048,-0.610,0.771,-6.226,-1.221,8.606
-0.062,-0.609,0.769,-5.066,-0.916,8.423
-0.069,-0.608,0.761,-1.465,-0.671,8.484
-0.061,-0.600,0.762,2.075,-0.610,7.812
-0.063,-0.601,0.767,3.174,-0.366,5.615
-0.048,-0.605,0.766,3.967,0.061,2.869
-0.028,-0.607,0.774,3.174,-0.305,0.610
-0.023,-0.616,0.783,-0.122,-0.488,-0.732
-0.016,-0.634,0.777,-3.479,0.427,-1.160
-0.009,-0.640,0.763,-5.676,1.526,-1.099
-0.006,-0.645,0.746,-7.446,2.258,-0.122
-0.010,-0.645,0.732,-9.033,2.869,1.465
-0.025,-0.642,0.717,-8.850,3.296,3.113
-0.026,-0.634,0.708,-7.324,3.174,4.944
-0.028,-0.625,0.704,-5.310,2.869,5.981
-0.041,-0.618,0.698,-2.625,2.075,6.104
-0.039,-0.607,0.699,0.610,1.221,4.944
-0.029,-0.606,0.709,1.953,0.122,3.052

-0.240,-0.661,1.093,-325.317,-25.208,-40.466
-0.200,-0.392,0.900,-323.547,-1.282,-46.387
-0.270,-0.185,1.047,-357.056,11.292,-48.401
-0.332,-0.210,1.149,-344.299,29.419,-47.241
-0.347,-0.162,1.012,-297.058,52.917,-53.467
-0.423,-0.069,0.937,-268.860,59.082,-52.246
-0.417,-0.005,0.905,-263.916,60.059,-54.260
-0.413,-0.007,0.793,-265.808,65.063,-59.937
-0.405,0.253,0.897,-292.480,69.946,-60.059
-0.337,0.357,0.989,-308.594,80.750,-69.702
-0.168,0.481,1.265,-337.402,98.633,-85.327
-0.173,0.500,0.235,-350.647,125.305,-100.159
0.301,0.385,1.138,-158.081,89.783,-104.309
0.438,1.644,2.890,-649.048,101.013,-98.450
0.171,1.986,2.414,-587.402,104.980,-83.374
0.075,0.945,1.693,-159.180,78.003,-104.248
0.010,0.481,1.210,-22.095,53.955,-80.444
0.057,0.591,1.139,15.686,26.978,-12.817
-0.172,0.663,1.000,77.271,-1.465,38.025
0.104,0.898,0.656,102.051,-12.268,13.306
0.084,0.727,0.673,75.745,-18.555,-11.230
-0.060,0.354,0.670,170.532,-17.456,-25.574
-0.149,0.269,0.369,159.973,-11.536,-36.072
-0.240,0.284,-0.307,180.969,-13.794,-39.124
-0.254,0.247,-0.523,221.924,-57.434,-43.823
-0.218,0.256,-0.371,127.808,-107.056,-53.589
-0.157,0.221,-0.361,77.332,-129.395,-62.256
-0.134,0.205,-0.319,56.091,-155.640,-68.909
-0.125,0.177,-0.294,42.114,-185.364,-75.256
-0.112,0.146,-0.268,26.855,-212.097,-81.543
-0.102,0.118,-0.232,6.470,-237.549,-85.449
-0.142,0.187,1.083,-4.395,-261.963,-85.144
-1.479,0.490,4.000,561.523,-259.338,-74.707
-0.846,-1.988,2.502,977.600,-131.409,-49.133
-0.396,-0.073,0.911,-432.983,-31.372,-7.324
-0.216,-0.055,0.272,-558.899,65.613,-10.864
-0.237,-0.425,-0.109,34.241,69.763,-29.114
-0.417,-0.471,0.363,-12.939,2.747,-30.151
-0.430,-0.535,0.623,-48.340,12.878,-31.860
-0.572,0.087,1.427,-150.146,28.503,-24.719
-0.489,1.010,2.295,-130.920,40.161,-21.545
-0.368,0.533,1.265,-104.126,70.190,-38.269
-0.159,-0.020,0.494,-64.270,92.529,-42.542
-0.077,0.035,0.509,-51.575,69.214,-30.273
-0.158,0.427,0.910,-37.781,26.489,-8.789
-0.201,0.324,0.922,-4.761,-1.160,0.488
-0.207,0.164,0.792,21.057,-14.526,9.644
-0.229,0.228,0.900,26.672,-28.687,19.287
-0.284,0.233,0.986,22.766,-33.386,17.944
-0.299,0.194,0.966,11.292,-25.330,12.329
-0.294,0.206,0.928,-5.493,-13.245,6.592
-0.289,0.259,0.922,-16.235,-2.563,1.709
-0.276,0.267,0.915,-14.099,6.042,-1.282
-0.262,0.241,0.904,-8.911,10.620,-2.380
-0.253,0.236,0.894,-9.583,9.644,-2.136
-0.250,0.252,0.876,-11.902,5.249,-0.366
-0.250,0.266,0.877,-9.033,0.000,2.686
-0.264,0.256,0.896,-2.747,-3.540,4.822
-0.276,0.239,0.912,0.305,-4.639,5.371
-0.282,0.238,0.922,-1.770,-3.174,4.333
-0.281,0.246,0.924,-4.578,-0.122,2.747
-0.277,0.246,0.921,-5.127,2.625,1.587
-0.272,0.242,0.924,-4.028,4.028,1.038
-0.267,0.235,0.920,-3.662,3.906,1.282
-0.262,0.236,0.916,-3.723,2.808,2.014
-0.257,0.234,0.914,-3.235,1.343,2.625
0.027,0.291,0.901,-2.197,0.244,2.625
0.247,0.413,1.018,21.606,-15.137,-36.987
-0.597,0.209,1.286,3.845,-10.010,-154.297
-0.591,0.233,1.173,-114.746,97.473,-200.256
-0.400,0.195,1.116,-181.885,154.602,-224.487
-0.342,0.069,0.865,-227.173,181.641,-243.469
0.530,-0.042,0.609,-275.452,201.843,-236.938
0.214,-0.012,0.387,-287.903,229.431,-215.393
-0.180,0.480,0.422,-312.744,223.694,-166.077
-0.509,1.423,0.958,-275.269,175.842,-120.178
0.302,1.278,0.867,-98.450,97.046,-92.041
0.544,0.187,0.342,52.368,37.964,-80.139
0.099,0.373,0.588,76.233,6.714,-58.411
-0.195,0.636,0.847,72.876,-15.564,-24.292
-0.102,0.348,0.932,79.956,-25.635,-14.771
0.007,0.462,1.017,47.424,-14.282,-7.446
0.048,0.505,0.906,7.568,6.104,-3.784
0.083,0.506,0.797,-9.705,18.188,-6.226
0.085,0.490,0.766,-6.592,16.724,-5.920
0.077,0.495,0.788,-1.343,8.728,-2.197
0.068,0.513,0.836,2.502,3.479,0.183
0.057,0.512,0.854,2.258,4.395,-0.427
0.054,0.521,0.862,0.916,7.935,-1.770
0.061,0.508,0.871,0.916,12.695,-4.272
0.063,0.510,0.870,-1.343,17.761,-6.775
0.061,0.538,0.880,-3.479,22.278,-9.705
0.075,0.495,0.864,-2.502,27.527,-14.465
0.078,0.482,0.828,-5.554,30.701,-16.418
0.083,0.544,0.814,-8.789,30.090,-15.625
0.101,0.490,0.772,-3.174,27.466,-18.555
0.115,0.419,0.743,6.592,22.705,-19.836
0.129,0.482,0.750,8.240,11.475,-11.230
0.108,0.538,0.792,15.320,0.000,-5.371
0.107,0.518,0.834,26.062,-4.639,-8.484
0.112,0.476,0.844,31.738,-4.150,-13.733
0.136,0.476,0.839,29.968,-3.723,-15.076
0.146,0.454,0.836,28.320,-4.883,-16.602
0.149,0.461,0.834,28.809,-7.080,-16.418
0.144,0.465,0.847,26.917,-11.047,-16.541
0.163,0.448,0.853,27.649,-14.038,-17.395
0.127,0.447,0.869,27.405,-16.602,-17.883
0.104,0.454,0.877,21.484,-17.944,-17.456
0.095,0.452,0.872,19.226,-17.395,-17.090
0.092,0.444,0.862,18.066,-15.808,-16.663
0.117,0.410,0.857,19.104,-14.343,-15.747
0.102,0.404,0.866,18.433,-14.221,-14.038
0.083,0.411,0.861,16.663,-13.062,-10.315
0.086,0.400,0.857,16.663,-9.460,-5.554
0.091,0.395,0.854,16.113,-6.226,-1.343
0.095,0.399,0.873,14.954,-3.967,2.014
0.093,0.404,0.881,11.169,-2.319,3.906
0.097,0.416,0.869,7.812,-1.038,5.127
0.097,0.421,0.863,8.362,-0.610,5.615

-0.326,0.677,1.158,105.347,-10.559,-1.038
-0.212,0.598,1.207,82.092,-3.540,-9.277
-0.143,0.634,1.318,93.567,-2.258,-12.207
-0.189,0.708,1.368,116.699,0.366,-14.160
-0.537,0.354,1.550,138.428,3.723,-13.123
-0.302,0.333,1.404,176.941,5.615,-2.991
-0.119,0.223,1.293,119.934,14.587,-0.427
-0.258,0.613,1.407,63.538,22.827,-21.973
-0.297,0.724,1.402,82.153,22.461,-41.138
-0.188,0.555,1.301,147.400,17.944,-39.246
-0.177,0.384,1.256,181.702,16.235,-21.973
-0.251,0.331,1.251,173.645,14.526,-8.301
-0.306,0.385,1.257,165.344,6.042,2.686
-0.329,0.434,1.238,175.415,-0.183,10.193
-0.389,0.570,1.326,181.580,-7.324,16.296
-0.411,0.691,1.429,176.880,-7.935,12.817
-0.375,0.734,1.454,165.344,0.427,1.282
-0.339,0.701,1.489,148.621,7.263,-8.057
-0.242,0.603,1.428,125.916,9.949,-12.878
-0.259,0.461,1.354,106.689,13.672,-11.536
-0.158,0.295,1.232,100.891,19.043,-4.639
-0.043,0.165,1.149,101.746,27.222,7.080
-0.036,0.101,1.067,110.779,34.058,25.574
-0.027,0.138,1.037,111.755,33.875,43.396
0.027,0.179,0.961,107.727,32.837,56.946
0.050,0.200,0.880,101.868,30.334,65.369
0.064,0.186,0.755,93.201,26.245,65.308
0.051,0.071,0.602,89.600,17.822,60.059
0.027,-0.003,0.425,82.520,-1.892,56.274
0.089,-0.143,0.236,62.195,-28.809,46.509
0.130,-0.289,0.092,33.752,-54.565,32.166
0.283,-0.384,-0.026,-5.188,-80.017,19.531
0.488,-0.505,-0.012,-39.368,-96.497,5.310
0.890,-0.613,0.099,-49.988,-103.760,-2.441
1.201,-0.836,0.193,-35.339,-121.704,-6.714
1.392,-0.972,0.260,-29.053,-136.536,-9.705
1.473,-1.095,0.282,-41.687,-129.272,-10.193
1.697,-1.134,0.383,-61.890,-99.304,-3.296
1.828,-1.117,0.534,-84.167,-64.331,11.169
1.769,-0.981,0.686,-106.567,-37.109,25.940
1.645,-0.835,0.744,-116.943,-18.982,30.090
1.542,-0.747,0.706,-104.492,-9.033,30.029
1.384,-0.645,0.712,-84.167,-12.268,34.485
1.294,-0.581,0.710,-59.570,-31.006,37.781
1.268,-0.561,0.709,-30.701,-54.260,34.119
1.101,-0.547,0.815,-8.240,-71.472,30.273
0.975,-0.516,0.941,2.991,-85.266,28.503
0.807,-0.516,0.986,21.606,-92.896,24.170
0.772,-0.628,0.929,58.899,-83.374,18.738
0.730,-0.820,0.875,81.909,-63.965,20.264
0.672,-0.898,0.927,70.068,-49.622,33.508
0.591,-0.926,0.975,46.875,-44.312,51.697
0.485,-0.885,0.999,31.921,-45.410,67.017
0.412,-0.895,1.005,28.931,-47.974,79.163
0.318,-0.945,0.971,25.085,-45.532,93.811
0.208,-0.902,0.938,8.606,-41.565,111.633
0.108,-0.826,0.941,-14.526,-39.673,127.563
0.015,-0.738,0.953,-35.461,-42.358,140.259
-0.082,-0.672,1.021,-53.101,-43.945,145.325
-0.263,-0.458,1.103,-55.176,-42.786,117.310
-0.439,-0.293,1.208,-47.119,-36.743,108.643
-0.732,-0.214,1.329,-18.677,-23.193,138.489
-0.796,-0.138,1.165,38.574,-3.357,152.161
-2.042,-1.174,0.860,115.051,6.531,166.321
-1.080,-0.280,0.529,210.449,-7.629,238.770
-0.783,-0.397,1.673,127.075,-39.978,273.132
-0.979,-0.216,1.122,50.171,3.174,246.399
-1.128,-0.106,0.776,43.030,48.157,226.746
-1.031,0.195,0.507,7.751,60.303,201.172
-1.116,-0.066,0.139,39.612,49.072,148.499
-0.926,0.162,0.008,13.855,9.583,104.004
-1.022,-0.343,0.192,24.719,-48.340,55.542
-0.938,-0.416,0.602,21.729,-81.543,39.185
-0.887,-0.426,0.735,18.738,-78.491,38.208
-0.896,-0.266,0.681,20.142,-63.232,42.542
-1.025,-0.159,0.723,29.968,-59.937,39.063
-1.131,-0.342,0.736,40.039,-57.373,30.945
-1.146,-0.364,0.686,61.951,-50.049,36.255
-1.164,-0.207,0.702,77.881,-48.035,50.232
-1.184,-0.204,0.698,90.393,-49.011,56.641
-1.265,-0.124,0.735,101.257,-50.232,60.547
-1.290,-0.129,0.714,110.840,-49.377,60.425
-1.347,-0.047,0.590,135.742,-49.194,57.556
-1.400,0.043,0.753,137.634,-57.068,47.607
-1.407,-0.009,0.996,103.210,-63.843,28.259
-1.409,-0.087,1.007,95.886,-54.626,10.559
-1.418,-0.050,1.036,92.346,-35.217,-0.793
-1.426,0.017,1.004,75.562,-13.489,-13.306
-1.498,0.003,0.812,78.125,2.502,-31.555
-1.499,-0.381,0.934,72.144,8.484,-50.842
-1.480,-0.207,0.861,71.411,18.372,-51.453
-1.490,-0.224,0.803,83.496,26.428,-56.580
-1.401,-0.282,0.774,81.848,29.968,-68.359
-1.346,-0.426,0.762,70.068,37.415,-83.496
-1.313,-0.483,0.709,51.514,47.180,-95.825
-1.247,-0.557,0.655,35.278,54.443,-104.370
-1.202,-0.674,0.612,28.564,57.800,-112.061
-1.176,-0.750,0.565,26.062,62.805,-115.906
-1.095,-0.773,0.530,24.292,70.251,-114.441
-0.975,-0.804,0.506,27.527,79.041,-111.694
-0.879,-0.840,0.464,33.752,87.219,-112.366
-0.838,-0.878,0.437,42.358,93.323,-114.929
-0.866,-0.942,0.476,46.875,100.037,-119.263
-0.802,-0.974,0.553,46.143,112.976,-122.864
-0.696,-0.999,0.605,44.617,134.155,-122.925
-0.571,-1.017,0.631,42.480,158.264,-121.582
-0.490,-1.103,0.613,36.926,180.847,-118.347
-0.398,-1.183,0.576,27.039,199.219,-112.122
-0.227,-1.185,0.495,16.785,213.562,-104.370
-0.048,-1.182,0.432,6.836,224.304,-99.548
0.188,-1.090,0.374,-7.080,234.558,-97.595
0.524,-1.064,0.221,-10.681,243.835,-101.501
0.750,-1.076,0.198,-6.897,242.371,-110.107
0.963,-1.177,0.135,1.343,232.544,-118.225
1.227,-1.299,0.180,18.127,219.482,-129.089
1.455,-1.463,0.229,38.025,206.116,-143.066
1.693,-1.591,0.301,52.673,192.749,-154.358
1.863,-1.701,0.362,55.664,176.941,-156.555
1.959,-1.812,0.387,47.607,159.973,-146.118

2.202,-1.954,0.230,27.832,137.146,-104.248
2.341,-2.032,0.098,20.020,123.718,-83.679
2.330,-2.060,-0.087,9.216,104.431,-55.481
2.288,-1.942,-0.235,-11.780,78.003,-20.081
2.214,-1.782,-0.402,-32.959,46.936,17.517
2.064,-1.623,-0.543,-50.354,16.296,51.392
1.936,-1.437,-0.647,-62.500,-11.719,81.848
1.729,-1.232,-0.652,-57.739,-38.635,107.666
1.503,-1.059,-0.569,-43.274,-65.430,127.625
1.296,-0.933,-0.467,-24.658,-92.224,139.099
1.099,-0.847,-0.332,-8.911,-118.896,140.564
0.854,-0.792,-0.197,-0.671,-143.127,132.202
0.599,-0.796,-0.057,-1.099,-162.476,118.713
0.428,-0.794,0.057,-9.583,-179.443,104.980
0.351,-0.787,0.139,-20.508,-196.472,89.661
0.279,-0.828,0.185,-32.532,-210.632,70.251
0.209,-0.873,0.199,-45.166,-217.529,53.162
0.097,-0.891,0.188,-55.176,-217.651,47.729
-0.045,-0.872,0.153,-54.932,-212.952,56.580
-0.282,-0.937,0.222,-36.499,-202.942,74.707
-0.458,-0.963,0.355,-10.559,-190.918,96.558
-0.637,-0.991,0.490,6.714,-181.335,118.896
-0.745,-0.963,0.605,22.095,-175.537,140.503
-0.829,-0.924,0.705,34.485,-170.288,154.053
-0.907,-0.895,0.786,35.278,-161.926,158.813
-0.953,-0.841,0.839,22.949,-151.733,160.950
-0.967,-0.790,0.838,2.930,-140.747,163.147
-0.996,-0.710,0.806,-21.118,-130.737,161.621
-0.986,-0.600,0.770,-43.213,-123.047,158.691
-0.946,-0.527,0.709,-53.101,-115.295,155.518
-0.945,-0.452,0.610,-53.833,-107.117,151.062
-0.982,-0.380,0.520,-47.302,-100.586,146.912
-1.036,-0.322,0.496,-31.799,-96.558,143.494
-1.131,-0.301,0.499,-15.869,-93.018,139.282
-1.102,-0.246,0.582,-1.526,-86.731,134.277
-1.243,-0.336,0.552,18.433,-78.247,123.596
-1.245,-0.311,0.596,28.625,-63.171,114.136
-1.263,-0.366,0.585,32.593,-49.194,102.234
-1.280,-0.398,0.598,30.884,-40.100,82.153
-1.304,-0.418,0.601,26.245,-38.818,57.861
-1.343,-0.461,0.606,19.714,-45.227,32.104
-1.348,-0.491,0.627,11.902,-50.415,10.864
-1.389,-0.529,0.629,8.545,-50.598,-5.859
-1.459,-0.564,0.626,5.188,-46.387,-16.235
-1.445,-0.549,0.633,3.479,-38.086,-17.212
-1.446,-0.514,0.626,6.165,-29.114,-12.756
-1.456,-0.473,0.641,13.428,-23.437,-8.423
-1.444,-0.429,0.688,25.269,-18.921,-5.371
-1.432,-0.402,0.749,38.696,-13.123,-6.348
-1.449,-0.389,0.807,48.340,-5.676,-9.766
-1.468,-0.377,0.849,54.565,3.418,-13.977
-1.462,-0.405,0.896,56.763,14.954,-18.738
-1.439,-0.438,0.925,51.453,29.053,-24.963
-1.422,-0.453,0.911,41.016,42.908,-33.325
-1.393,-0.476,0.874,30.518,56.335,-43.152
-1.343,-0.512,0.820,21.729,68.848,-54.932
-1.295,-0.560,0.759,14.526,79.407,-68.054
-1.237,-0.568,0.690,10.315,88.623,-78.796
-1.192,-0.568,0.631,10.559,96.069,-87.280
-1.163,-0.607,0.576,15.259,101.501,-93.262
-1.110,-0.654,0.538,20.752,106.384,-96.008
-1.036,-0.689,0.502,22.827,112.427,-97.900
-0.985,-0.712,0.463,23.621,118.225,-101.746
-0.964,-0.743,0.425,24.170,124.695,-106.201
-0.939,-0.783,0.389,24.780,133.911,-108.643
-0.901,-0.810,0.347,24.048,146.851,-107.788
-0.869,-0.819,0.294,23.010,159.119,-107.239
-0.828,-0.831,0.257,21.973,166.809,-107.910
-0.770,-0.851,0.226,19.836,171.692,-109.009
-0.724,-0.866,0.194,19.226,175.415,-111.572
-0.657,-0.877,0.176,21.423,179.077,-114.258
-0.588,-0.907,0.189,25.269,182.312,-116.882
-0.550,-0.969,0.244,32.104,186.523,-118.835
-0.448,-1.062,0.228,41.077,194.702,-117.249
-0.384,-1.119,0.170,42.542,204.590,-110.413
-0.289,-1.193,0.197,34.485,211.792,-102.783
-0.114,-1.225,0.205,19.287,218.567,-96.375
0.099,-1.266,0.166,11.292,221.497,-92.163
0.358,-1.172,0.142,8.545,228.333,-91.919
0.634,-1.092,0.094,19.470,232.361,-101.501
0.860,-1.163,0.058,33.813,228.271,-117.615
1.098,-1.255,0.032,45.349,215.393,-132.629
1.318,-1.437,0.009,58.105,197.998,-147.095
1.488,-1.665,0.044,60.974,175.598,-157.898
1.609,-1.880,0.089,55.115,154.114,-161.133
1.704,-2.065,0.093,44.678,136.047,-157.349
1.794,-2.202,0.090,30.945,123.474,-149.292
1.915,-2.338,0.072,10.315,114.624,-135.986
2.003,-2.430,0.010,-12.695,104.553,-116.699
2.029,-2.419,-0.117,-36.072,92.651,-91.248
2.036,-2.317,-0.297,-57.312,78.247,-59.814
2.039,-2.194,-0.473,-74.219,58.289,-26.672
1.999,-1.988,-0.609,-86.731,30.884,9.216
1.894,-1.768,-0.699,-92.468,-0.732,45.715
1.726,-1.559,-0.740,-91.736,-34.424,81.299
1.541,-1.327,-0.712,-83.618,-67.871,113.403
1.342,-1.132,-0.650,-67.932,-97.290,138.855
1.148,-1.001,-0.566,-48.767,-123.413,154.602
0.961,-0.883,-0.491,-32.471,-148.560,162.842
0.815,-0.791,-0.380,-21.240,-175.415,163.269
0.672,-0.746,-0.241,-13.733,-200.195,153.931
0.507,-0.738,-0.119,-14.038,-215.759,137.329
0.370,-0.785,0.013,-20.386,-220.337,117.737
0.257,-0.801,0.101,-28.687,-219.238,98.328
0.161,-0.865,0.110,-34.241,-215.332,80.750
0.051,-0.925,0.138,-39.001,-212.769,67.139
-0.151,-0.921,0.107,-46.082,-213.684,64.880
-0.348,-0.999,0.151,-29.541,-217.346,68.542
-0.495,-1.051,0.185,1.953,-216.187,80.505
-0.582,-1.099,0.214,23.376,-209.167,95.093
-0.671,-1.062,0.261,36.682,-203.979,107.544
-0.779,-1.030,0.386,48.523,-203.735,114.380
-0.888,-1.012,0.529,49.133,-200.562,116.699
-0.937,-0.985,0.633,38.818,-190.063,118.286
-0.957,-0.933,0.693,22.095,-175.659,117.004
-0.994,-0.868,0.682,1.831,-159.302,112.122
-0.998,-0.786,0.617,-18.311,-141.541,106.689
-0.963,-0.666,0.553,-36.621,-126.648,103.394
-0.981,-0.571,0.457,-45.349,-118.042,101.624

-1.294,-0.366,0.561,7.996,-98.450,118.347
-1.387,-0.393,0.619,5.005,-88.989,112.976
-1.451,-0.415,0.623,-2.197,-76.843,103.333
-1.502,-0.445,0.611,-11.108,-64.148,87.097
-1.587,-0.473,0.592,-22.583,-53.528,64.392
-1.583,-0.484,0.588,-35.034,-45.410,41.992
-1.626,-0.499,0.562,-41.992,-37.842,24.475
-1.475,-0.474,0.549,-47.058,-28.015,15.198
-1.479,-0.511,0.489,-45.898,-17.822,13.550
-1.430,-0.453,0.478,-34.363,-10.498,17.090
-1.400,-0.422,0.491,-13.306,-3.235,24.170
-1.412,-0.405,0.514,5.493,1.526,28.625
-1.426,-0.397,0.577,17.883,2.991,30.273
-1.472,-0.410,0.657,26.123,2.930,30.029
-1.511,-0.422,0.748,31.006,5.310,28.137
-1.522,-0.426,0.834,32.227,12.939,23.071
-1.535,-0.437,0.890,29.358,23.071,13.550
-1.527,-0.440,0.923,23.010,33.752,1.099
-1.490,-0.460,0.942,11.658,46.021,-12.756
-1.455,-0.473,0.894,-0.732,58.716,-27.161
-1.402,-0.505,0.840,-10.193,70.923,-40.283
-1.365,-0.532,0.773,-17.395,80.994,-50.903
-1.329,-0.552,0.742,-21.301,89.050,-59.326
-1.267,-0.581,0.714,-20.020,97.290,-66.650
-1.184,-0.612,0.677,-14.709,106.689,-72.693
-1.089,-0.636,0.636,-8.545,116.089,-76.294
-1.019,-0.652,0.593,-2.563,124.268,-77.148
-0.972,-0.671,0.557,2.075,129.578,-76.233
-0.921,-0.686,0.540,7.080,134.216,-74.097
-0.875,-0.706,0.526,13.916,141.174,-70.557
-0.842,-0.696,0.491,22.278,151.001,-66.406
-0.826,-0.698,0.518,27.100,162.354,-64.331
-0.785,-0.726,0.505,28.931,178.040,-65.857
-0.728,-0.745,0.465,24.963,191.162,-69.214
-0.666,-0.756,0.407,14.465,198.792,-73.547
-0.598,-0.760,0.335,0.732,203.186,-77.942
-0.528,-0.758,0.280,-10.010,206.909,-82.275
-0.450,-0.765,0.207,-16.541,211.426,-86.121
-0.363,-0.765,0.113,-18.738,215.759,-89.722
-0.276,-0.765,0.023,-17.761,217.834,-93.933
-0.189,-0.784,-0.060,-11.658,217.041,-99.792
-0.060,-0.846,-0.124,-1.709,216.431,-108.093
0.037,-0.982,-0.187,7.324,213.867,-117.798
0.151,-1.129,-0.245,10.315,208.008,-125.793
0.313,-1.261,-0.295,7.263,200.928,-131.287
0.493,-1.387,-0.362,2.686,192.993,-135.254
0.701,-1.439,-0.351,-2.686,180.786,-133.362
0.930,-1.458,-0.343,5.188,164.185,-128.296
1.150,-1.457,-0.276,24.414,148.071,-124.329
1.291,-1.550,-0.201,47.058,129.395,-118.713
1.419,-1.648,-0.109,60.730,108.582,-108.032
1.519,-1.739,-0.004,64.331,87.830,-93.872
1.552,-1.852,0.107,59.937,67.505,-81.238
1.570,-1.959,0.154,50.659,52.063,-70.007
1.645,-2.054,0.233,38.879,45.593,-61.157
1.715,-2.128,0.256,18.738,44.067,-55.542
1.780,-2.191,0.230,-6.714,41.138,-50.964
1.814,-2.194,0.154,-33.691,32.898,-42.358
1.830,-2.138,0.041,-57.922,22.339,-26.794
1.788,-2.017,-0.123,-75.745,11.841,-3.845
1.701,-1.859,-0.269,-85.083,-0.122,23.682
1.584,-1.663,-0.386,-85.754,-14.954,54.871
1.455,-1.454,-0.467,-80.017,-34.058,85.815
1.308,-1.238,-0.513,-67.017,-57.312,113.159
1.162,-1.040,-0.493,-50.110,-82.153,135.437
1.001,-0.895,-0.445,-32.593,-105.957,151.245
0.851,-0.780,-0.381,-17.456,-126.404,159.729
0.719,-0.710,-0.288,-6.165,-143.127,159.851
0.597,-0.676,-0.190,-0.916,-157.471,150.146
0.486,-0.665,-0.086,-4.822,-169.800,132.690
0.378,-0.657,-0.011,-16.113,-178.223,111.877
0.296,-0.669,0.045,-29.907,-182.434,91.248
0.191,-0.706,0.072,-41.931,-183.594,73.914
0.095,-0.753,0.090,-49.988,-184.448,65.002
-0.026,-0.784,0.104,-49.622,-186.401,65.308
-0.169,-0.828,0.156,-40.283,-186.829,71.716
-0.288,-0.880,0.206,-24.841,-185.364,80.994
-0.395,-0.904,0.275,-8.972,-183.838,89.844
-0.498,-0.927,0.351,2.625,-182.739,95.520
-0.596,-0.953,0.416,8.057,-181.396,98.450
-0.694,-0.968,0.478,7.874,-179.443,99.731
-0.781,-0.982,0.549,5.310,-175.781,99.915
-0.830,-0.993,0.613,1.709,-169.250,99.854
-0.843,-0.969,0.644,-3.235,-160.217,100.525
-0.855,-0.935,0.666,-12.024,-149.841,102.173
-0.875,-0.890,0.655,-22.461,-138.611,106.323
-0.888,-0.827,0.636,-27.222,-127.014,111.450
-0.909,-0.750,0.607,-29.114,-116.089,115.601
-0.943,-0.678,0.577,-28.748,-107.422,119.263
-0.979,-0.599,0.546,-24.902,-100.464,121.826
-1.037,-0.518,0.510,-16.113,-94.910,123.596
-1.092,-0.456,0.499,-4.211,-91.370,122.803
-1.167,-0.414,0.523,8.301,-89.050,119.019
-1.211,-0.365,0.595,17.090,-86.487,113.098
-1.362,-0.436,0.608,20.142,-80.688,105.774
-1.360,-0.401,0.662,26.733,-68.787,95.886
-1.379,-0.454,0.680,23.376,-55.298,86.548
-1.379,-0.474,0.717,16.174,-46.326,70.923
-1.361,-0.504,0.745,5.554,-43.274,52.795
-1.394,-0.548,0.759,-6.714,-47.119,34.790
-1.401,-0.561,0.791,-12.207,-48.950,19.592
-1.389,-0.558,0.836,-8.972,-45.959,9.216
-1.389,-0.566,0.864,-1.404,-38.696,5.493
-1.392,-0.561,0.889,8.179,-28.198,5.737
-1.381,-0.538,0.912,16.663,-16.724,7.202
-1.364,-0.513,0.932,23.499,-5.981,7.324
-1.350,-0.495,0.963,27.344,2.808,5.188
-1.323,-0.470,0.976,28.198,12.329,1.465
-1.304,-0.458,0.969,25.879,23.071,-3.845
-1.280,-0.453,0.954,20.508,33.630,-10.681
-1.248,-0.454,0.933,14.099,43.518,-17.944
-1.220,-0.460,0.899,7.019,53.650,-25.330
-1.182,-0.464,0.855,0.000,63.416,-32.776
-1.140,-0.476,0.799,-6.958,72.205,-41.382
-1.099,-0.485,0.728,-13.245,78.735,-50.964
-1.065,-0.505,0.657,-18.433,83.313,-60.303
-1.010,-0.526,0.592,-20.935,86.548,-68.848
-0.978,-0.551,0.552,-19.165,88.562,-75.684
-0.962,-0.581,0.528,-11.841,90.576,-79.407

-0.935,-0.662,0.533,12.268,99.548,-78.369
-0.943,-0.706,0.537,22.766,105.347,-77.698
-0.945,-0.733,0.552,30.701,111.633,-78.796
-0.939,-0.766,0.577,35.400,118.896,-82.275
-0.898,-0.803,0.581,35.034,128.845,-89.539
-0.844,-0.844,0.550,29.419,140.686,-98.938
-0.787,-0.886,0.504,19.592,150.879,-106.873
-0.734,-0.930,0.452,9.399,159.180,-110.291
-0.699,-0.985,0.404,3.723,165.710,-109.375
-0.657,-1.048,0.358,2.319,170.471,-103.210
-0.586,-1.087,0.315,5.066,175.293,-92.041
-0.548,-1.100,0.288,13.489,181.213,-77.332
-0.499,-1.105,0.266,25.269,189.270,-60.364
-0.441,-1.078,0.243,35.400,200.073,-45.532
-0.374,-1.027,0.226,39.978,212.280,-37.598
-0.213,-0.961,0.176,37.170,225.159,-39.001
0.003,-0.917,0.079,27.588,234.985,-51.331
0.254,-0.947,-0.065,12.024,238.770,-70.801
0.479,-1.018,-0.245,-6.104,237.061,-89.722
0.713,-1.100,-0.417,-22.217,230.103,-100.952
0.983,-1.166,-0.587,-26.978,218.994,-106.995
1.268,-1.211,-0.678,-20.813,207.092,-111.267
1.517,-1.313,-0.712,-6.226,187.744,-114.990
1.718,-1.471,-0.665,6.165,158.630,-115.112
1.888,-1.590,-0.554,13.916,125.916,-108.826
2.003,-1.728,-0.423,19.897,94.360,-98.450
2.077,-1.805,-0.271,22.400,65.735,-84.595
2.112,-1.867,-0.146,19.409,42.114,-68.359
2.149,-1.890,-0.052,10.925,23.682,-52.917
2.127,-1.886,-0.006,-1.587,9.399,-39.246
2.069,-1.852,-0.015,-19.592,-1.038,-24.536
1.970,-1.761,-0.087,-37.415,-9.827,-7.446
1.834,-1.637,-0.212,-52.856,-20.081,11.230
1.691,-1.507,-0.299,-62.866,-34.363,30.579
1.542,-1.363,-0.354,-64.087,-52.429,49.622
1.375,-1.214,-0.369,-58.533,-74.158,69.275
1.202,-1.068,-0.352,-50.598,-96.191,87.830
1.027,-0.926,-0.316,-40.710,-116.455,103.760
0.872,-0.809,-0.259,-30.334,-134.399,114.380
0.717,-0.726,-0.193,-21.240,-149.780,117.249
0.579,-0.677,-0.117,-14.954,-161.133,112.732
0.458,-0.673,-0.043,-13.977,-167.725,102.661
0.349,-0.677,0.012,-18.188,-172.180,89.783
0.270,-0.684,0.060,-26.001,-175.659,76.355
0.181,-0.712,0.071,-35.461,-179.382,63.660
0.079,-0.747,0.074,-44.617,-183.105,54.932
-0.048,-0.777,0.077,-47.241,-187.012,52.673
-0.216,-0.809,0.102,-40.466,-190.674,57.190
-0.364,-0.841,0.168,-25.269,-193.359,66.162
-0.508,-0.878,0.263,-6.958,-194.580,74.646
-0.612,-0.907,0.371,8.057,-195.251,79.956
-0.695,-0.935,0.480,17.517,-195.618,81.543
-0.772,-0.968,0.578,19.409,-195.007,80.078
-0.840,-0.981,0.663,15.991,-192.078,77.576
-0.899,-0.986,0.732,10.559,-185.486,76.111
-0.931,-0.978,0.783,3.540,-175.842,76.721
-0.959,-0.954,0.806,-3.967,-164.062,78.491
-0.976,-0.914,0.799,-12.207,-150.513,81.238
-0.972,-0.857,0.783,-19.287,-136.169,84.656
-0.959,-0.806,0.767,-23.560,-121.887,87.891
-0.968,-0.753,0.734,-25.391,-108.215,90.454
-1.004,-0.702,0.694,-26.123,-95.764,93.018
-1.038,-0.654,0.659,-25.269,-84.473,95.764
-1.081,-0.612,0.609,-22.217,-73.975,97.168
-1.130,-0.586,0.557,-17.578,-64.392,94.666
-1.140,-0.558,0.544,-13.794,-56.396,87.341
-1.221,-0.624,0.511,-10.803,-51.392,76.111
-1.153,-0.599,0.541,-6.104,-45.471,65.002
-1.136,-0.635,0.528,-5.859,-39.246,54.626
-1.083,-0.649,0.532,-9.583,-35.217,44.250
-1.089,-0.656,0.555,-15.442,-34.912,36.255
-1.088,-0.643,0.594,-19.348,-33.203,31.921
-1.094,-0.633,0.626,-20.020,-25.513,31.799
-1.102,-0.604,0.646,-19.531,-15.564,34.363
-1.089,-0.560,0.663,-17.395,-7.568,39.490
-1.068,-0.501,0.675,-13.855,-2.563,44.250
-1.076,-0.446,0.699,-8.240,-0.183,46.936
-1.082,-0.401,0.743,-0.793,0.488,47.119
-1.082,-0.360,0.782,6.897,1.526,44.373
-1.103,-0.333,0.828,13.123,3.906,37.781
-1.112,-0.319,0.858,16.296,9.033,28.381
-1.098,-0.310,0.874,16.357,16.235,17.700
-1.081,-0.316,0.874,14.099,23.499,6.348
-1.057,-0.335,0.873,9.827,29.846,-4.517
-1.044,-0.358,0.871,6.287,35.217,-14.709
-1.036,-0.385,0.865,3.967,41.321,-22.705
-1.021,-0.400,0.852,2.930,48.340,-28.381
-0.991,-0.412,0.829,2.136,56.458,-33.325
-0.986,-0.430,0.795,0.916,63.232,-38.757
-0.992,-0.452,0.762,-0.671,69.092,-44.250
-0.976,-0.469,0.727,-0.916,74.829,-49.622
-0.948,-0.498,0.689,-0.061,80.750,-55.359
-0.946,-0.530,0.672,0.732,85.876,-62.500
-0.931,-0.576,0.649,2.014,90.332,-71.167
-0.914,-0.621,0.620,2.625,95.276,-79.651
-0.904,-0.648,0.570,2.625,99.976,-87.646
-0.859,-0.707,0.565,3.296,104.614,-95.398
-0.821,-0.737,0.522,5.737,111.694,-101.318
-0.765,-0.771,0.484,8.545,118.469,-104.919
-0.707,-0.789,0.439,10.010,124.390,-105.774
-0.635,-0.804,0.406,11.597,130.554,-104.858
-0.556,-0.833,0.366,11.902,137.268,-102.356
-0.490,-0.863,0.322,10.742,142.517,-98.877
-0.405,-0.871,0.288,10.315,145.691,-95.276
-0.328,-0.876,0.255,12.024,147.522,-91.248
-0.246,-0.879,0.225,14.587,149.719,-87.891
-0.151,-0.892,0.201,17.761,151.062,-85.693
-0.077,-0.929,0.172,21.179,150.024,-85.388
-0.012,-0.993,0.131,23.376,148.193,-85.632
0.039,-1.049,0.080,24.292,146.545,-85.388
0.097,-1.089,0.059,25.146,145.081,-84.167
0.161,-1.158,0.047,26.733,143.616,-82.642
0.223,-1.213,0.077,28.320,141.663,-80.444
0.342,-1.274,0.061,30.090,138.855,-75.928
0.445,-1.275,0.122,30.212,133.362,-68.420
0.530,-1.307,0.127,35.400,125.549,-60.303
0.648,-1.308,0.163,39.612,123.474,-53.528
0.775,-1.290,0.174,42.603,122.131,-48.523
0.895,-1.261,0.180,40.894,117.188,-44.189

1.117,-1.241,0.212,32.227,94.971,-43.396
1.224,-1.287,0.240,29.236,80.994,-47.180
1.327,-1.348,0.271,25.818,67.200,-50.293
1.388,-1.427,0.294,20.081,54.993,-51.270
1.460,-1.529,0.309,10.498,44.617,-49.744
1.541,-1.607,0.324,-2.319,34.790,-46.204
1.599,-1.686,0.297,-15.503,25.024,-41.382
1.640,-1.702,0.242,-29.297,16.357,-32.715
1.651,-1.679,0.151,-41.382,8.667,-17.883
1.611,-1.598,0.037,-50.171,1.282,1.221
1.510,-1.501,-0.082,-53.833,-6.042,23.071
1.401,-1.369,-0.187,-51.880,-15.198,46.753
1.304,-1.204,-0.256,-45.837,-28.198,70.801
1.203,-1.054,-0.299,-37.903,-45.593,89.417
1.095,-0.941,-0.303,-31.860,-66.223,99.548
0.982,-0.863,-0.276,-27.039,-89.478,100.830
0.866,-0.823,-0.221,-25.513,-113.159,95.459
0.762,-0.804,-0.162,-27.405,-132.568,86.243
0.655,-0.831,-0.109,-32.349,-145.630,75.745
0.520,-0.863,-0.083,-40.039,-153.992,67.871
0.382,-0.885,-0.073,-47.180,-157.166,66.040
0.250,-0.902,-0.041,-50.659,-156.555,68.909
0.098,-0.924,-0.017,-51.758,-155.823,73.669
-0.060,-0.923,-0.029,-51.208,-156.006,79.529
-0.193,-0.903,-0.025,-49.866,-157.898,85.693
-0.345,-0.891,-0.006,-47.241,-162.537,90.271
-0.521,-0.879,0.042,-42.297,-168.762,96.008
-0.692,-0.852,0.120,-32.593,-174.011,103.699
-0.827,-0.830,0.235,-17.395,-175.903,110.840
-0.932,-0.807,0.348,-2.319,-174.561,115.906
-1.026,-0.804,0.456,9.705,-171.875,118.591
-1.107,-0.788,0.565,16.907,-168.396,119.568
-1.174,-0.772,0.676,19.958,-162.964,118.469
-1.188,-0.754,0.761,18.005,-154.663,114.746
-1.209,-0.741,0.812,10.193,-145.569,109.375
-1.237,-0.727,0.850,-0.488,-136.169,104.492
-1.271,-0.709,0.860,-10.620,-126.465,102.051
-1.295,-0.672,0.863,-16.235,-114.807,102.661
-1.334,-0.616,0.848,-15.991,-101.257,104.736
-1.374,-0.556,0.831,-11.414,-86.914,106.079
-1.290,-0.453,0.859,-8.972,-73.608,106.140
-1.427,-0.472,0.781,-1.465,-61.401,99.121
-1.390,-0.412,0.782,-1.404,-46.753,91.919
-1.431,-0.391,0.749,-3.540,-35.767,81.909
-1.428,-0.349,0.748,-7.935,-27.466,68.359
-1.453,-0.353,0.741,-11.475,-22.278,52.063
-1.419,-0.356,0.758,-14.954,-18.555,35.461
-1.391,-0.398,0.783,-15.991,-15.320,19.348
-1.376,-0.438,0.833,-13.855,-12.634,5.005
-1.365,-0.488,0.869,-5.798,-8.240,-6.104
-1.376,-0.521,0.911,4.944,-3.296,-13.916
-1.381,-0.555,0.953,16.296,2.930,-19.348
-1.362,-0.573,0.982,26.672,12.146,-22.705
-1.358,-0.593,0.996,33.020,22.278,-26.489
-1.318,-0.613,1.008,34.485,32.471,-32.166
-1.273,-0.640,1.002,31.860,42.542,-39.856
-1.260,-0.672,0.978,25.513,51.208,-48.401
-1.184,-0.683,0.950,17.700,60.303,-57.068
-1.119,-0.694,0.901,9.827,69.580,-66.101
-1.054,-0.693,0.834,2.319,78.369,-73.303
-0.989,-0.681,0.753,-3.906,86.792,-77.271
-0.951,-0.678,0.675,-6.531,93.445,-78.796
-0.910,-0.667,0.605,-4.333,99.182,-77.454
-0.860,-0.653,0.556,1.587,105.103,-74.829
-0.809,-0.656,0.535,7.568,110.229,-73.730
-0.767,-0.669,0.512,11.230,113.953,-74.768
-0.731,-0.673,0.486,11.719,116.699,-76.599
-0.678,-0.673,0.454,11.047,119.873,-78.857
-0.636,-0.689,0.431,9.277,123.901,-81.177
-0.591,-0.716,0.413,6.531,128.906,-82.336
-0.547,-0.740,0.405,4.822,133.789,-83.252
-0.497,-0.750,0.391,3.784,138.977,-84.229
-0.462,-0.749,0.356,3.235,144.836,-84.595
-0.398,-0.754,0.313,2.808,150.818,-84.595
-0.327,-0.752,0.259,2.258,155.334,-85.388
-0.259,-0.761,0.204,0.061,157.654,-86.853
-0.204,-0.787,0.134,-2.441,158.203,-88.745
-0.140,-0.801,0.078,-3.845,154.907,-89.478
-0.089,-0.821,0.031,-1.709,148.132,-89.294
-0.041,-0.818,-0.000,4.211,145.630,-89.722
0.028,-0.838,-0.013,16.968,145.874,-92.163
0.117,-0.928,-0.039,33.081,144.226,-95.398
0.218,-0.991,0.041,40.710,139.465,-97.656
0.309,-1.106,0.064,49.011,130.432,-99.182
0.454,-1.235,0.112,54.565,126.343,-98.816
0.577,-1.414,0.145,64.941,122.559,-100.708
0.731,-1.553,0.225,72.205,117.859,-101.196
0.902,-1.688,0.320,72.693,111.816,-97.229
1.056,-1.796,0.407,66.772,104.187,-90.088
1.200,-1.877,0.458,57.373,97.473,-79.468
1.321,-1.929,0.471,46.204,93.567,-66.406
1.429,-1.948,0.460,32.043,93.506,-50.110
1.514,-1.903,0.381,13.916,94.849,-30.518
1.557,-1.870,0.234,-3.662,97.351,-11.719
1.588,-1.802,0.064,-22.339,97.900,5.371
1.598,-1.686,-0.129,-39.795,91.980,21.423
1.582,-1.543,-0.338,-54.504,78.918,36.255
1.550,-1.392,-0.521,-64.575,59.631,50.110
1.526,-1.209,-0.641,-68.726,35.095,63.782
1.436,-1.074,-0.686,-63.232,8.057,75.562
1.331,-0.983,-0.633,-50.903,-18.188,85.327
1.192,-0.941,-0.532,-35.156,-46.265,92.896
1.034,-0.925,-0.406,-20.447,-74.402,96.497
0.909,-0.898,-0.257,-11.292,-96.680,96.863
0.769,-0.880,-0.119,-7.568,-114.563,91.919
0.649,-0.874,0.015,-8.423,-129.333,81.421
0.555,-0.891,0.112,-15.747,-139.404,67.932
0.485,-0.894,0.147,-28.137,-145.691,52.246
0.420,-0.911,0.168,-40.710,-148.499,36.743
0.361,-0.943,0.155,-53.406,-146.851,27.405
0.260,-0.975,0.113,-60.364,-144.348,25.635
0.165,-1.014,0.076,-61.951,-142.090,32.593
0.056,-1.023,0.067,-59.326,-144.165,46.387
-0.093,-1.023,0.084,-53.223,-152.039,64.270
-0.258,-1.004,0.148,-42.480,-162.964,83.252
-0.441,-0.974,0.251,-27.405,-173.096,100.708
-0.596,-0.963,0.370,-8.423,-179.993,114.380
-0.720,-0.949,0.521,11.292,-183.838,122.131
-0.798,-0.950,0.687,21.606,-182.556,123.047

-0.827,-0.927,0.885,8.728,-163.208,110.535
-0.793,-0.923,0.902,-12.939,-146.179,100.708
-0.725,-0.881,0.844,-43.152,-126.465,93.018
-0.649,-0.831,0.750,-73.120,-106.201,88.684
-0.628,-0.800,0.626,-97.839,-86.853,87.158
-0.633,-0.751,0.471,-112.305,-69.153,92.285
-0.630,-0.677,0.312,-113.403,-54.932,105.530
-0.658,-0.568,0.220,-101.807,-46.143,122.253
-0.695,-0.481,0.205,-76.904,-43.396,137.207
-0.756,-0.421,0.238,-43.518,-47.913,147.705
-0.842,-0.387,0.311,-11.169,-57.129,153.687
-0.926,-0.357,0.421,17.944,-65.735,153.564
-0.971,-0.329,0.545,42.725,-72.083,147.644
-1.010,-0.352,0.660,56.580,-74.585,134.705
-1.087,-0.385,0.757,56.335,-74.707,117.859
-1.208,-0.417,0.843,45.349,-72.693,98.816
-1.253,-0.431,0.943,30.579,-68.054,77.209
-1.264,-0.488,1.010,13.123,-63.293,55.359
-1.283,-0.499,1.043,0.977,-56.213,34.485
-1.227,-0.530,1.047,-10.315,-46.143,22.034
-1.150,-0.541,1.053,-14.526,-36.743,14.893
-1.098,-0.549,1.059,-14.771,-29.114,12.756
-1.054,-0.525,1.057,-10.620,-21.423,14.404
-1.065,-0.493,1.065,-4.089,-13.306,17.029
-1.089,-0.450,1.064,2.991,-4.822,18.860
-1.103,-0.411,1.015,11.353,2.625,18.860
-1.094,-0.359,1.016,15.198,6.775,16.113
-1.125,-0.336,1.024,17.883,8.850,9.216
-1.124,-0.312,1.036,19.836,11.658,0.488
-1.122,-0.305,1.023,21.423,16.113,-9.216
-1.113,-0.307,1.002,19.653,21.667,-20.630
-1.104,-0.314,0.979,14.465,27.588,-33.630
-1.107,-0.338,0.951,8.362,33.447,-48.828
-1.079,-0.383,0.928,2.930,41.321,-63.721
-1.054,-0.428,0.870,-2.258,50.476,-75.867
-1.022,-0.493,0.814,-7.996,58.289,-86.853
-0.974,-0.550,0.779,-12.573,64.514,-96.069
-0.961,-0.602,0.739,-14.771,69.641,-102.966
-0.939,-0.642,0.693,-14.587,75.500,-105.835
-0.921,-0.665,0.644,-10.315,82.031,-106.628
-0.887,-0.682,0.594,-2.991,88.806,-106.873
-0.869,-0.713,0.542,4.211,95.398,-106.201
-0.857,-0.746,0.504,8.545,100.403,-103.760
-0.867,-0.781,0.468,13.672,103.821,-100.464
-0.916,-0.817,0.441,19.592,107.605,-93.811
-0.898,-0.885,0.429,23.865,113.770,-84.656
-0.868,-0.923,0.426,23.743,119.873,-76.843
-0.873,-0.940,0.420,20.935,124.634,-69.519
-0.841,-0.946,0.410,16.296,132.080,-61.890
-0.809,-0.946,0.388,9.460,141.785,-57.251
-0.804,-0.917,0.361,3.113,152.039,-57.068
-0.776,-0.875,0.314,-0.244,165.466,-60.181
-0.734,-0.837,0.249,-1.892,183.167,-65.613
-0.683,-0.814,0.127,-4.089,200.806,-74.341
-0.561,-0.797,0.008,-6.958,210.571,-85.815
-0.401,-0.796,-0.060,-7.019,209.290,-99.182
-0.187,-0.786,-0.049,0.793,202.393,-114.197
0.186,-0.847,-0.074,16.235,195.496,-130.188
0.494,-1.032,0.050,32.532,186.035,-147.949
0.763,-1.272,0.100,54.199,171.570,-156.860
1.063,-1.477,0.169,73.975,166.321,-156.433
1.372,-1.744,0.214,88.318,166.138,-154.724
1.666,-2.010,0.271,90.149,162.537,-154.419
1.912,-2.260,0.194,79.712,153.503,-154.419
2.168,-2.478,0.144,54.199,141.296,-150.269
2.391,-2.654,0.018,27.161,128.845,-139.160
2.551,-2.767,-0.104,-0.061,117.188,-118.835
2.633,-2.760,-0.280,-26.001,105.530,-86.182
2.640,-2.608,-0.517,-49.622,92.773,-41.992
2.552,-2.385,-0.770,-64.148,74.951,4.578
2.396,-2.108,-0.968,-72.083,48.523,49.744
2.202,-1.824,-1.078,-73.608,14.160,87.769
2.013,-1.546,-1.080,-69.275,-27.771,116.455
1.777,-1.320,-0.978,-57.495,-74.463,136.658
1.527,-1.134,-0.792,-41.565,-114.929,150.879
1.299,-0.995,-0.597,-26.428,-145.630,160.034
1.105,-0.907,-0.414,-16.785,-167.908,163.391
0.939,-0.843,-0.251,-15.076,-184.204,159.790
0.801,-0.827,-0.121,-19.897,-195.496,149.292
0.671,-0.817,-0.036,-31.067,-202.637,134.705
0.580,-0.805,-0.014,-47.241,-204.590,119.995
0.502,-0.808,-0.036,-63.232,-201.965,106.384
0.409,-0.831,-0.082,-75.012,-197.998,97.473
0.272,-0.874,-0.145,-82.031,-195.312,94.910
0.037,-0.961,-0.209,-82.764,-195.801,99.609
-0.268,-1.038,-0.246,-76.599,-200.989,111.572
-0.588,-1.094,-0.208,-62.317,-210.205,128.479
-0.868,-1.145,-0.073,-37.537,-221.008,144.836
-1.058,-1.179,0.115,-9.033,-229.126,155.701
-1.213,-1.223,0.316,14.343,-231.384,159.912
-1.339,-1.255,0.500,27.405,-226.624,159.363
-1.482,-1.251,0.650,30.396,-216.248,157.104
-1.609,-1.209,0.777,26.306,-200.134,153.992
-1.730,-1.160,0.834,17.273,-179.016,149.536
-1.778,-1.017,0.841,6.226,-157.715,144.287
-1.754,-0.878,0.794,-6.531,-137.024,142.151
-1.790,-0.714,0.703,-15.625,-119.873,140.503
-1.818,-0.557,0.606,-20.447,-106.018,140.564
-1.846,-0.424,0.523,-20.081,-94.116,141.357
-1.905,-0.311,0.478,-13.489,-84.290,139.954
-1.952,-0.194,0.483,1.465,-78.125,136.658
-2.018,-0.137,0.576,21.606,-75.867,129.700
-2.089,-0.077,0.697,34.302,-75.378,116.333
-2.196,-0.021,0.829,36.865,-72.327,96.802
-2.184,0.061,0.986,36.804,-64.575,73.059
-2.164,0.069,1.098,36.255,-53.345,43.884
-2.089,0.032,1.107,25.635,-38.696,14.038
-2.086,0.035,1.242,9.705,-22.034,-13.550
-2.035,0.032,1.232,0.732,2.014,-31.860
-1.964,0.052,1.196,-1.465,29.480,-44.189
-1.875,0.052,1.124,-0.549,57.190,-54.626
-1.808,0.065,1.025,2.747,79.895,-65.552
-1.753,0.063,0.929,7.141,96.680,-76.843
-1.700,0.039,0.825,12.268,111.755,-88.501
-1.646,-0.008,0.708,17.700,127.441,-99.854
-1.594,-0.075,0.604,21.179,142.883,-110.901
-1.550,-0.198,0.511,25.146,156.433,-122.742
-1.458,-0.269,0.398,24.719,166.504,-135.742
-1.410,-0.403,0.314,22.156,170.471,-153.809

-1.336,-0.729,0.196,17.944,168.457,-203.796
-1.252,-0.919,0.147,18.494,172.180,-224.854
-1.171,-1.083,0.055,20.874,180.786,-236.511
-1.075,-1.260,0.038,25.024,193.420,-234.924
-0.884,-1.347,-0.017,36.682,205.261,-220.703
-0.724,-1.408,-0.064,54.749,212.952,-200.684
-0.562,-1.486,-0.039,74.463,214.905,-177.307
-0.430,-1.569,-0.004,90.515,215.149,-150.879
-0.344,-1.655,0.019,101.013,218.872,-124.695
-0.233,-1.764,0.026,104.736,229.553,-103.516
-0.089,-1.851,0.010,99.854,244.690,-89.844
0.173,-1.938,-0.061,91.492,260.193,-84.045
0.473,-1.953,-0.105,73.914,273.193,-82.642
0.823,-1.978,-0.331,59.082,277.405,-80.627
1.229,-2.001,-0.553,48.340,277.954,-83.069
1.649,-2.089,-0.772,44.678,262.085,-93.994
1.992,-2.186,-0.873,36.377,234.131,-101.318
2.315,-2.283,-0.969,26.611,202.515,-99.609
2.598,-2.362,-1.023,17.761,170.166,-92.529
2.835,-2.435,-1.066,11.536,136.414,-82.397
3.019,-2.478,-1.114,0.061,100.098,-67.932
3.134,-2.506,-1.168,-17.822,59.509,-46.265
3.165,-2.497,-1.175,-36.743,16.357,-18.005
3.111,-2.398,-1.164,-53.162,-25.574,15.625
2.984,-2.221,-1.163,-70.251,-65.857,52.490
2.783,-2.036,-1.146,-84.900,-109.131,86.487
2.494,-1.866,-1.113,-95.154,-153.748,114.319
2.160,-1.697,-1.032,-100.586,-195.862,139.099
1.797,-1.542,-0.924,-102.478,-230.957,160.645
1.469,-1.420,-0.811,-105.408,-257.324,177.551
1.140,-1.319,-0.759,-110.779,-277.893,190.125
0.761,-1.246,-0.749,-120.850,-295.410,200.684
0.263,-1.155,-0.747,-125.977,-309.631,213.379
-0.336,-1.039,-0.794,-115.540,-319.031,229.187
-0.939,-0.999,-0.747,-100.769,-324.219,245.178
-1.434,-0.959,-0.443,-71.899,-330.505,257.568
-1.830,-0.937,-0.135,-21.973,-329.712,263.733
-2.118,-0.913,0.243,23.621,-322.327,261.963
-2.325,-0.859,0.573,52.856,-306.274,251.038
-2.444,-0.826,0.832,61.829,-279.114,226.013
-2.462,-0.790,0.996,55.969,-246.338,184.814
-2.507,-0.784,1.094,42.480,-215.759,131.775
-2.576,-0.809,1.111,26.123,-187.744,77.820
-2.585,-0.785,1.059,11.536,-158.813,36.072
-2.563,-0.741,0.954,0.427,-128.235,10.437
-2.504,-0.673,0.839,-13.245,-95.764,0.977
-2.358,-0.600,0.681,-17.822,-59.875,8.118
-2.257,-0.484,0.595,-16.602,-29.907,16.785
-2.224,-0.353,0.469,-13.123,-8.606,24.780
-2.130,-0.215,0.417,-9.827,9.033,35.095
-2.085,-0.082,0.366,0.732,21.484,38.025
-2.042,0.003,0.342,9.827,28.076,36.194
-1.996,0.071,0.413,15.808,28.564,31.799
-1.941,0.098,0.532,19.348,27.832,23.743
-1.912,0.089,0.632,22.827,30.273,12.939
-1.907,0.083,0.719,25.513,37.048,0.122
-1.870,0.066,0.788,26.855,47.852,-14.893
-1.809,0.045,0.833,26.062,62.134,-33.997
-1.757,0.014,0.856,23.682,76.782,-54.443
-1.701,-0.029,0.863,23.193,91.064,-72.205
-1.617,-0.083,0.846,25.452,106.689,-85.449
-1.513,-0.157,0.823,28.503,122.864,-95.337
-1.437,-0.243,0.770,30.457,137.817,-102.295
-1.358,-0.332,0.706,28.809,153.503,-106.567
-1.249,-0.426,0.621,26.428,169.800,-110.718
-1.099,-0.546,0.557,21.729,183.228,-117.065
-0.955,-0.677,0.512,15.015,193.542,-127.258
-0.810,-0.789,0.452,9.766,201.111,-139.709
-0.646,-0.918,0.344,7.080,210.693,-152.588
-0.431,-1.088,0.196,2.197,221.558,-166.870
-0.172,-1.305,0.016,-4.028,229.797,-183.838
0.113,-1.477,-0.134,-5.981,233.215,-198.181
0.457,-1.750,-0.352,0.671,234.070,-200.928
0.793,-1.886,-0.475,1.587,231.812,-183.044
1.103,-2.001,-0.564,9.521,223.328,-150.208
1.362,-2.031,-0.586,20.386,204.224,-108.215
1.526,-1.989,-0.539,32.837,176.575,-63.354
1.615,-1.879,-0.463,46.387,146.057,-23.193
1.661,-1.740,-0.347,52.856,118.591,5.798
1.664,-1.595,-0.299,49.744,93.933,20.691
1.706,-1.491,-0.283,36.438,75.317,22.644
1.770,-1.459,-0.298,20.752,59.570,12.024
1.856,-1.487,-0.350,3.723,45.410,-4.211
1.960,-1.560,-0.416,-10.071,28.503,-19.836
2.058,-1.671,-0.468,-20.264,6.836,-30.090
2.102,-1.775,-0.490,-28.137,-18.860,-30.579
2.055,-1.853,-0.472,-32.532,-48.157,-18.982
1.905,-1.869,-0.406,-32.776,-78.552,4.211
1.689,-1.813,-0.309,-28.198,-106.018,36.255
1.446,-1.690,-0.255,-24.536,-127.563,69.275
1.165,-1.554,-0.219,-24.536,-142.395,95.947
0.843,-1.405,-0.186,-30.518,-154.358,112.915
0.545,-1.260,-0.175,-40.588,-164.429,120.239
0.287,-1.146,-0.172,-50.903,-173.645,120.117
0.036,-1.061,-0.160,-58.594,-182.739,115.417
-0.201,-1.011,-0.112,-61.157,-190.979,112.305
-0.453,-0.979,-0.033,-56.152,-197.021,114.807
-0.695,-0.958,0.071,-43.152,-201.172,123.474
-0.909,-0.941,0.196,-26.672,-202.332,135.132
-1.122,-0.935,0.334,-10.986,-200.623,147.400
-1.293,-0.921,0.481,2.808,-197.449,157.898
-1.485,-0.906,0.623,12.451,-190.979,163.757
-1.628,-0.887,0.768,18.250,-179.626,163.940
-1.708,-0.846,0.885,16.663,-163.208,157.898
-1.747,-0.789,0.960,7.568,-143.433,145.874
-1.767,-0.726,0.989,-7.507,-122.375,129.761
-1.764,-0.649,0.964,-24.414,-103.760,112.305
-1.739,-0.563,0.917,-36.438,-89.417,95.032
-1.732,-0.481,0.875,-39.551,-77.942,78.857
-1.690,-0.430,0.877,-38.635,-68.542,68.787
-1.737,-0.348,0.884,-23.987,-57.190,60.913
-1.695,-0.267,0.903,-15.381,-41.016,67.261
-1.701,-0.200,0.922,-2.319,-29.419,70.679
-1.701,-0.145,0.973,5.188,-20.691,71.716
-1.707,-0.082,1.020,10.376,-15.442,67.261
-1.714,-0.032,1.077,11.597,-9.277,56.519
-1.702,0.013,1.122,12.024,-1.160,41.016
-1.668,0.034,1.149,11.902,8.545,22.461
-1.640,0.043,1.155,10.071,19.348,2.380

-1.577,0.014,1.151,8.667,45.898,-32.104
-1.502,-0.009,1.127,12.268,61.218,-43.335
-1.423,-0.049,1.092,16.174,75.806,-52.307
-1.366,-0.103,1.048,18.127,88.257,-61.462
-1.314,-0.166,1.002,17.029,100.037,-71.289
-1.269,-0.230,0.923,13.367,112.488,-81.848
-1.205,-0.314,0.834,8.179,124.695,-93.811
-1.133,-0.409,0.738,3.296,134.460,-107.239
-1.054,-0.500,0.654,0.488,141.235,-121.521
-0.979,-0.603,0.559,-1.160,146.912,-134.277
-0.891,-0.707,0.454,-3.662,152.405,-143.250
-0.797,-0.825,0.323,-6.775,158.203,-149.658
-0.687,-0.936,0.191,-8.667,162.781,-155.212
-0.523,-1.015,0.084,-8.362,165.527,-161.072
-0.362,-1.115,0.014,-4.150,166.260,-167.480
-0.193,-1.255,-0.025,3.540,163.513,-170.593
-0.024,-1.422,-0.056,13.123,159.180,-166.443
0.146,-1.551,-0.070,24.231,154.907,-151.855
0.341,-1.642,-0.055,36.987,153.748,-129.639
0.527,-1.686,-0.025,48.706,154.541,-104.797
0.699,-1.676,-0.008,55.725,153.259,-79.224
0.870,-1.653,-0.015,57.312,150.452,-57.739
1.008,-1.628,-0.053,54.382,147.400,-43.640
1.135,-1.593,-0.127,48.889,143.982,-36.316
1.269,-1.567,-0.209,42.480,138.794,-32.898
1.409,-1.543,-0.277,33.813,129.639,-32.104
1.555,-1.531,-0.343,23.071,116.150,-32.593
1.696,-1.550,-0.401,12.573,95.215,-34.363
1.839,-1.578,-0.394,3.723,68.665,-34.302
1.932,-1.601,-0.392,-2.686,42.542,-29.175
1.985,-1.615,-0.380,-9.766,19.714,-18.127
1.976,-1.622,-0.368,-18.677,-2.808,-3.296
1.941,-1.618,-0.352,-26.489,-28.015,12.634
1.858,-1.594,-0.325,-32.532,-55.542,29.480
1.723,-1.551,-0.287,-37.903,-81.299,47.729
1.542,-1.490,-0.277,-42.786,-102.356,67.627
1.326,-1.403,-0.263,-48.096,-120.422,87.341
1.082,-1.294,-0.260,-51.941,-136.780,104.614
0.829,-1.171,-0.244,-53.345,-152.405,117.859
0.521,-1.062,-0.216,-52.368,-165.833,126.709
0.196,-0.971,-0.176,-50.415,-175.171,132.141
-0.068,-0.909,-0.102,-44.617,-181.824,132.629
-0.298,-0.885,0.002,-36.987,-187.744,126.221
-0.493,-0.872,0.124,-31.311,-192.810,117.249
-0.664,-0.896,0.250,-27.710,-194.519,108.704
-0.870,-0.915,0.370,-24.170,-193.787,104.614
-1.029,-0.928,0.522,-16.663,-189.392,106.445
-1.171,-0.924,0.662,-6.470,-181.580,111.450
-1.298,-0.914,0.800,3.845,-171.448,116.333
-1.400,-0.906,0.920,9.827,-158.447,118.591
-1.457,-0.868,0.995,8.606,-142.883,116.028
-1.466,-0.819,1.013,0.671,-126.709,107.544
-1.450,-0.764,0.975,-12.390,-113.464,94.299
-1.462,-0.700,0.891,-28.992,-104.553,81.848
-1.496,-0.605,0.821,-41.382,-98.022,74.829
-1.534,-0.506,0.762,-41.504,-90.454,72.693
-1.545,-0.412,0.742,-30.762,-82.947,74.768
-1.578,-0.358,0.775,-13.550,-76.965,76.355
-1.637,-0.260,0.842,9.277,-69.031,73.303
-1.629,-0.206,0.919,19.958,-55.481,74.341
-1.642,-0.177,0.978,26.367,-42.297,67.688
-1.650,-0.158,1.031,21.667,-29.297,57.678
-1.669,-0.155,1.090,14.709,-18.066,44.312
-1.663,-0.151,1.137,6.592,-5.981,29.114
-1.621,-0.148,1.152,-0.427,7.690,12.939
-1.567,-0.131,1.134,-6.470,23.682,-3.662
-1.515,-0.118,1.077,-10.254,39.551,-18.677
-1.445,-0.096,1.022,-13.000,55.542,-30.518
-1.379,-0.085,0.953,-10.498,70.129,-40.405
-1.308,-0.099,0.879,-6.653,83.191,-49.438
-1.233,-0.125,0.820,-3.174,94.177,-57.190
-1.176,-0.166,0.761,1.160,103.394,-63.599
-1.112,-0.218,0.713,6.104,113.159,-69.641
-1.056,-0.280,0.657,10.010,122.986,-75.745
-1.015,-0.351,0.592,11.230,131.470,-81.726
-0.939,-0.438,0.532,8.972,138.916,-89.539
-0.850,-0.537,0.478,5.188,144.714,-100.586
-0.775,-0.633,0.422,2.319,148.560,-112.061
-0.697,-0.721,0.363,2.686,152.771,-120.300
-0.591,-0.803,0.322,6.226,157.288,-124.756
-0.474,-0.880,0.291,13.550,160.828,-126.587
-0.335,-0.986,0.268,21.545,163.757,-127.563
-0.181,-1.099,0.235,27.344,165.344,-127.991
-0.057,-1.242,0.187,30.945,165.283,-127.197
0.063,-1.401,0.133,30.273,165.466,-123.108
0.217,-1.535,0.057,25.940,165.649,-114.502
0.396,-1.652,0.019,20.386,164.795,-102.905
0.569,-1.719,-0.006,16.357,159.241,-91.370
0.720,-1.723,-0.021,15.076,148.254,-78.979
0.862,-1.675,-0.018,19.348,135.559,-64.758
0.981,-1.625,-0.001,27.710,125.122,-51.941
1.091,-1.584,-0.004,33.325,116.821,-40.894
1.222,-1.561,-0.035,33.875,108.398,-32.288
1.321,-1.562,-0.068,27.832,97.046,-27.588
1.436,-1.557,-0.095,19.714,81.726,-25.085
1.541,-1.544,-0.133,9.460,68.176,-23.682
1.671,-1.540,-0.166,-1.282,55.542,-24.048
1.788,-1.546,-0.220,-16.541,41.809,-21.118
1.860,-1.538,-0.283,-31.921,23.682,-14.160
1.881,-1.508,-0.338,-43.457,2.319,-2.869
1.868,-1.444,-0.364,-48.706,-20.203,12.695
1.784,-1.358,-0.362,-49.683,-43.091,30.945
1.638,-1.256,-0.342,-47.424,-63.538,51.392
1.492,-1.153,-0.305,-43.457,-80.200,71.899
1.334,-1.042,-0.275,-40.039,-95.398,86.548
1.132,-0.937,-0.246,-39.917,-111.145,95.032
0.954,-0.856,-0.217,-41.992,-125.305,99.731
0.770,-0.790,-0.199,-44.373,-137.939,100.769
0.563,-0.749,-0.172,-45.410,-149.475,98.877
0.331,-0.747,-0.137,-45.166,-160.156,96.191
0.082,-0.753,-0.090,-41.870,-171.143,94.849
-0.211,-0.804,-0.029,-34.119,-181.702,95.398
-0.484,-0.865,0.076,-23.499,-190.857,97.900
-0.709,-0.926,0.216,-8.972,-197.144,99.915
-0.875,-0.981,0.365,5.432,-199.646,100.342
-1.019,-1.026,0.526,14.587,-197.754,100.037
-1.138,-1.053,0.669,17.700,-191.650,101.440
-1.216,-1.062,0.814,16.663,-181.580,103.943
-1.261,-1.030,0.922,11.963,-167.969,106.812

-1.407,-0.887,1.011,0.305,-136.780,120.422
-1.471,-0.786,1.009,-3.967,-119.812,129.333
-1.525,-0.677,0.980,-6.409,-103.577,134.583
-1.590,-0.573,0.942,-7.263,-89.478,133.850
-1.611,-0.462,0.962,-8.423,-78.857,126.526
-1.712,-0.431,0.871,-3.662,-72.144,110.229
-1.665,-0.344,0.920,-2.380,-61.401,89.233
-1.676,-0.323,0.922,-3.967,-51.453,69.580
-1.657,-0.320,0.975,-5.127,-42.969,49.438
-1.659,-0.329,1.030,-6.165,-34.119,35.400
-1.649,-0.330,1.081,-6.165,-23.865,25.330
-1.628,-0.312,1.102,-5.554,-10.132,17.944
-1.592,-0.279,1.105,-5.249,4.700,12.451
-1.566,-0.240,1.085,-4.150,18.494,6.348
-1.550,-0.200,1.064,-1.282,30.090,-1.526
-1.501,-0.170,1.052,2.502,40.955,-12.390
-1.441,-0.157,1.037,5.310,51.636,-26.123
-1.375,-0.164,1.018,6.409,63.354,-39.429
-1.313,-0.195,0.970,7.263,75.745,-49.988
-1.232,-0.234,0.910,8.301,87.891,-58.960
-1.150,-0.275,0.840,9.644,98.999,-67.749
-1.081,-0.321,0.770,9.338,108.459,-75.806
-1.011,-0.383,0.706,7.629,115.906,-83.740
-0.936,-0.454,0.637,4.883,121.216,-91.492
-0.863,-0.520,0.562,2.441,125.732,-98.633
-0.794,-0.585,0.498,1.404,130.249,-105.164
-0.722,-0.663,0.438,1.587,134.399,-109.314
-0.635,-0.738,0.381,3.540,137.451,-111.328
-0.544,-0.812,0.341,7.202,139.099,-112.305
-0.488,-0.896,0.312,12.024,140.076,-112.061
-0.426,-0.951,0.287,19.287,140.625,-108.887
-0.344,-1.005,0.276,27.954,141.296,-104.431
-0.262,-1.053,0.275,34.180,142.151,-100.281
-0.168,-1.095,0.272,36.926,142.761,-95.276
-0.056,-1.138,0.258,36.621,143.555,-90.210
0.028,-1.196,0.236,34.363,144.409,-85.999
0.109,-1.322,0.175,32.288,145.020,-82.336
0.210,-1.373,0.147,23.743,145.020,-76.904
0.310,-1.423,0.108,15.869,143.188,-71.106
0.439,-1.433,0.098,12.878,138.794,-65.186
0.571,-1.418,0.088,15.198,133.911,-59.204
0.708,-1.384,0.076,20.264,129.822,-53.345
0.862,-1.347,0.066,24.719,126.648,-47.302
1.011,-1.337,0.043,24.780,121.948,-42.297
1.150,-1.327,0.017,19.348,114.197,-38.818
1.216,-1.333,-0.062,14.465,100.952,-37.903
1.334,-1.350,-0.104,7.324,91.248,-35.706
1.432,-1.379,-0.185,1.526,81.787,-36.682
1.550,-1.405,-0.244,-10.132,70.801,-35.706
1.644,-1.421,-0.297,-24.414,54.932,-30.640
1.697,-1.432,-0.358,-36.133,35.950,-21.912
1.725,-1.413,-0.412,-42.297,15.015,-10.071
1.704,-1.365,-0.440,-43.518,-6.348,3.967
1.650,-1.296,-0.433,-40.649,-28.748,19.836
1.551,-1.226,-0.394,-35.400,-52.002,36.499
1.423,-1.168,-0.341,-31.128,-74.768,51.758
1.268,-1.107,-0.292,-29.358,-96.497,64.514
1.109,-1.048,-0.238,-29.114,-115.417,73.608
0.950,-0.992,-0.187,-29.358,-129.639,79.773
0.778,-0.948,-0.129,-29.907,-141.113,82.397
0.610,-0.923,-0.069,-31.433,-151.428,82.031
0.433,-0.911,-0.005,-33.508,-159.973,79.590
0.234,-0.920,0.048,-35.217,-166.504,76.782
0.052,-0.949,0.093,-35.278,-170.959,74.646
-0.112,-0.996,0.129,-35.400,-174.927,72.632
-0.284,-1.040,0.188,-34.729,-180.420,72.266
-0.450,-1.075,0.283,-30.945,-185.669,76.843
-0.607,-1.101,0.395,-22.583,-187.622,86.670
-0.744,-1.100,0.511,-11.414,-185.486,99.548
-0.862,-1.079,0.619,-0.610,-179.077,113.159
-0.982,-1.010,0.700,7.446,-169.312,124.695
-1.051,-1.023,0.780,10.071,-157.959,132.629
-1.115,-0.913,0.807,3.296,-145.996,139.648
-1.183,-0.814,0.804,-3.601,-134.949,141.296
-1.242,-0.731,0.797,-10.925,-124.695,138.794
-1.300,-0.655,0.779,-17.883,-115.356,134.766
-1.330,-0.561,0.764,-21.606,-105.103,130.310
-1.350,-0.494,0.750,-19.348,-95.703,124.207
-1.379,-0.450,0.699,-13.672,-87.402,115.723
-1.380,-0.434,0.726,-11.902,-81.543,106.079
-1.524,-0.423,0.721,0.793,-76.538,90.698
-1.519,-0.404,0.791,1.404,-67.383,83.923
-1.597,-0.411,0.856,10.498,-61.829,70.068
-1.607,-0.423,0.955,13.611,-54.443,54.810
-1.619,-0.418,1.030,12.329,-46.448,40.588
-1.641,-0.414,1.075,8.057,-36.255,28.503
-1.630,-0.397,1.102,3.784,-23.254,18.738
-1.579,-0.356,1.102,0.305,-9.277,10.254
-1.520,-0.313,1.070,-0.183,2.502,1.526
-1.469,-0.277,1.034,1.038,12.146,-6.958
-1.432,-0.243,0.998,2.258,20.813,-14.771
-1.422,-0.213,0.954,4.456,29.785,-22.034
-1.374,-0.191,0.918,6.104,40.894,-28.198
-1.318,-0.203,0.872,6.470,53.223,-35.583
-1.272,-0.231,0.826,4.822,64.148,-45.288
-1.217,-0.259,0.754,2.563,74.219,-55.786
-1.136,-0.291,0.667,0.366,82.642,-66.284
-1.042,-0.327,0.588,-3.296,87.952,-76.721
-0.964,-0.383,0.521,-8.545,91.309,-86.121
-0.894,-0.450,0.449,-12.390,94.116,-92.224
-0.807,-0.490,0.392,-13.367,97.412,-93.689
-0.743,-0.534,0.323,-10.620,102.234,-92.407
-0.674,-0.577,0.255,-7.446,107.422,-90.271
-0.623,-0.610,0.205,-2.441,111.389,-88.806
-0.585,-0.644,0.167,5.676,113.403,-88.867
-0.547,-0.693,0.140,15.015,113.220,-89.905
-0.515,-0.761,0.147,21.423,114.563,-89.966
-0.481,-0.810,0.179,25.452,119.873,-86.670
-0.402,-0.832,0.228,30.640,128.845,-81.299
-0.337,-0.883,0.272,37.964,139.282,-75.195
-0.267,-0.963,0.302,41.260,149.841,-66.589
-0.185,-1.040,0.284,38.635,157.410,-59.937
-0.104,-1.120,0.255,32.410,160.706,-57.800
-0.112,-1.183,0.219,24.780,161.682,-57.434
0.166,-1.215,0.203,22.949,164.185,-59.265
0.266,-1.222,0.062,21.362,167.419,-61.401
0.493,-1.176,0.060,21.240,174.438,-63.171
0.612,-1.117,-0.040,35.095,166.565,-72.083
0.768,-1.119,-0.077,49.561,162.598,-70.313

1.001,-1.224,-0.138,66.833,151.672,-63.110
1.146,-1.290,-0.147,67.627,144.043,-64.636
1.303,-1.395,-0.146,62.866,134.583,-68.665
1.422,-1.483,-0.172,52.795,122.803,-74.585
1.569,-1.567,-0.194,38.757,110.718,-79.956
1.703,-1.650,-0.238,23.804,94.604,-84.351
1.849,-1.722,-0.255,9.583,71.289,-85.693
1.955,-1.783,-0.233,-0.488,42.664,-81.360
2.001,-1.828,-0.196,-7.568,13.000,-69.763
1.993,-1.847,-0.146,-11.597,-15.625,-51.636
1.936,-1.843,-0.096,-14.832,-42.236,-31.494
1.811,-1.800,-0.057,-20.020,-65.674,-11.780
1.636,-1.725,-0.055,-27.832,-85.571,7.690
1.440,-1.640,-0.040,-34.607,-103.271,26.489
1.215,-1.538,-0.050,-37.781,-117.615,42.969
1.000,-1.454,-0.063,-40.344,-125.183,55.664
0.799,-1.354,-0.080,-45.349,-131.287,64.148
0.630,-1.257,-0.094,-50.049,-139.893,67.261
0.481,-1.206,-0.104,-54.077,-148.804,65.308
0.348,-1.189,-0.078,-58.838,-156.555,61.279
0.195,-1.192,-0.050,-63.660,-164.001,58.350
0.051,-1.185,-0.004,-64.941,-170.349,59.265
-0.091,-1.187,0.061,-60.486,-173.950,64.087
-0.260,-1.182,0.136,-52.979,-174.988,72.021
-0.417,-1.159,0.221,-43.701,-172.913,82.153
-0.531,-1.132,0.314,-35.278,-167.175,91.919
-0.630,-1.105,0.379,-30.396,-160.828,97.717
-0.702,-1.053,0.430,-30.090,-154.724,98.816
-0.752,-0.976,0.468,-32.776,-148.926,97.046
-0.767,-0.914,0.476,-36.499,-142.944,94.360
-0.765,-0.838,0.465,-41.016,-136.475,91.187
-0.742,-0.748,0.459,-44.067,-128.784,88.684
-0.708,-0.670,0.452,-43.640,-120.789,87.463
-0.697,-0.612,0.422,-41.077,-113.892,88.562
-0.713,-0.571,0.392,-39.124,-108.765,91.736
-0.763,-0.550,0.379,-35.889,-105.530,95.764
-0.810,-0.545,0.408,-28.748,-104.248,99.060
-0.844,-0.562,0.470,-19.226,-103.088,100.098
-0.886,-0.564,0.543,-11.658,-101.013,99.792
-0.918,-0.557,0.607,-7.935,-96.375,100.159
-0.966,-0.559,0.614,-6.165,-88.562,100.342
-0.991,-0.528,0.671,-12.512,-79.773,99.915
-1.094,-0.469,0.661,-9.216,-69.214,93.384
-1.093,-0.437,0.632,-14.709,-56.702,91.248
-1.149,-0.399,0.606,-17.761,-47.974,81.604
-1.171,-0.379,0.568,-21.606,-47.180,67.871
-1.220,-0.387,0.549,-24.231,-52.124,52.673
-1.258,-0.414,0.558,-25.330,-53.955,36.682
-1.243,-0.435,0.582,-21.362,-51.270,22.522
-1.216,-0.467,0.609,-14.954,-46.387,11.841
-1.202,-0.512,0.656,-7.080,-41.992,5.249
-1.165,-0.547,0.714,-0.916,-37.170,2.136
-1.121,-0.573,0.764,2.747,-31.006,1.221
-1.090,-0.593,0.809,3.662,-24.841,1.526
-1.063,-0.586,0.838,2.380,-19.470,2.686
-1.063,-0.553,0.843,1.221,-13.428,4.272
-1.068,-0.519,0.837,0.610,-5.127,5.432
-1.053,-0.490,0.823,0.183,3.845,4.944
-1.052,-0.463,0.799,-0.244,11.230,2.441
-1.045,-0.445,0.780,-0.610,15.869,-1.221
-1.034,-0.442,0.767,-0.427,19.836,-6.104
-1.023,-0.452,0.781,1.038,23.499,-11.475
-0.993,-0.462,0.803,4.395,27.771,-14.893
-0.957,-0.479,0.816,7.812,33.508,-15.747
-0.928,-0.480,0.808,9.094,39.429,-16.174
-0.903,-0.482,0.801,9.644,45.471,-18.066
-0.871,-0.495,0.782,9.888,52.185,-21.484
-0.849,-0.522,0.754,8.545,58.289,-25.513
-0.826,-0.548,0.734,6.775,62.134,-29.907
-0.829,-0.564,0.721,6.531,64.331,-34.180
-0.827,-0.568,0.689,8.545,66.895,-36.987
-0.806,-0.574,0.655,11.047,71.167,-38.147
-0.801,-0.577,0.627,13.733,75.378,-39.185
-0.776,-0.576,0.596,17.212,79.834,-39.978
-0.774,-0.584,0.583,20.874,83.496,-40.405
-0.782,-0.594,0.572,25.085,86.121,-42.114
-0.787,-0.594,0.568,30.151,88.745,-44.250
-0.796,-0.609,0.572,34.729,91.248,-47.974
-0.821,-0.643,0.575,37.231,93.872,-52.307
-0.828,-0.658,0.570,39.124,96.558,-55.115
-0.810,-0.675,0.552,39.734,100.464,-57.556
-0.785,-0.679,0.519,37.354,103.882,-60.242
-0.776,-0.687,0.493,32.898,106.018,-63.904
-0.787,-0.681,0.453,28.564,107.788,-68.237
-0.787,-0.695,0.442,26.489,111.145,-72.571
-0.782,-0.716,0.402,31.250,113.831,-76.843
-0.796,-0.751,0.373,35.706,115.540,-79.712
-0.780,-0.801,0.327,36.743,119.446,-81.116
-0.763,-0.854,0.294,36.743,121.399,-83.008
-0.745,-0.906,0.270,35.095,122.437,-85.571
-0.761,-0.951,0.260,31.372,126.038,-86.914
-0.632,-1.019,0.230,25.940,132.629,-85.815
-0.598,-1.073,0.170,22.705,135.925,-82.642
-0.473,-1.118,0.113,20.874,133.057,-75.745
-0.372,-1.151,0.113,19.897,133.057,-66.650
-0.345,-1.159,0.064,25.330,131.287,-54.077
-0.290,-1.155,0.017,30.273,131.226,-36.743
-0.225,-1.133,0.009,34.790,133.545,-19.836
-0.196,-1.116,0.006,41.260,138.611,-8.240
-0.154,-1.116,-0.009,47.974,148.071,-4.089
-0.081,-1.143,-0.044,49.866,158.936,-6.470
0.037,-1.187,-0.096,44.434,165.161,-14.526
0.156,-1.226,-0.122,33.936,163.025,-26.855
0.256,-1.235,-0.157,21.423,156.555,-40.527
0.354,-1.255,-0.221,11.475,152.527,-53.162
0.496,-1.242,-0.252,2.625,151.794,-63.416
0.606,-1.223,-0.319,0.549,152.832,-70.984
0.708,-1.191,-0.339,5.859,154.724,-75.378
0.777,-1.150,-0.312,14.587,155.457,-76.050
0.818,-1.104,-0.287,24.780,151.062,-71.960
0.813,-1.074,-0.237,35.522,139.771,-66.833
0.835,-1.104,-0.137,47.302,123.474,-59.937
0.803,-1.165,-0.050,56.824,106.812,-54.382
0.809,-1.216,0.016,60.547,92.651,-50.598
0.835,-1.315,0.052,62.683,83.191,-49.438
0.873,-1.367,0.180,57.190,75.867,-48.462
0.912,-1.423,0.240,44.617,71.594,-46.875
0.995,-1.462,0.258,34.485,68.298,-47.180
1.064,-1.493,0.240,21.851,62.805,-48.279

1.149,-1.542,0.079,-6.836,52.063,-44.983
1.205,-1.545,-0.058,-18.555,50.171,-39.978
1.276,-1.533,-0.216,-26.428,45.532,-35.767
1.301,-1.510,-0.335,-33.081,32.288,-28.870
1.302,-1.461,-0.427,-37.231,14.648,-16.174
1.280,-1.392,-0.453,-38.574,-2.625,1.404
1.209,-1.334,-0.429,-37.537,-19.409,21.118
1.115,-1.272,-0.379,-33.997,-36.377,39.368
1.008,-1.208,-0.314,-30.273,-51.880,51.514
0.902,-1.152,-0.230,-27.893,-64.209,56.885
0.788,-1.123,-0.153,-28.625,-73.975,56.458
0.719,-1.123,-0.085,-33.630,-79.224,51.086
0.669,-1.130,-0.011,-41.687,-81.665,40.771
0.608,-1.140,0.037,-50.232,-86.243,28.931
0.543,-1.150,0.041,-60.242,-89.844,20.203
0.494,-1.155,0.014,-71.838,-87.036,15.198
0.484,-1.145,-0.016,-81.482,-81.787,13.611
0.464,-1.124,-0.078,-88.013,-83.374,17.090
0.445,-1.087,-0.135,-90.454,-92.651,25.024
0.389,-1.064,-0.176,-90.759,-105.957,36.255
0.292,-1.058,-0.186,-88.196,-120.911,50.659
0.165,-1.043,-0.153,-79.956,-134.033,68.542
0.040,-1.038,-0.078,-66.528,-145.142,89.050
-0.078,-1.013,0.038,-51.270,-153.503,108.582
-0.192,-1.009,0.193,-35.828,-156.067,122.742
-0.248,-1.020,0.364,-22.339,-152.710,127.991
-0.295,-1.027,0.474,-14.221,-146.545,124.023
-0.302,-1.045,0.563,-13.672,-141.724,112.976
-0.299,-1.073,0.616,-28.625,-136.963,99.670
-0.321,-1.095,0.638,-51.147,-127.686,87.524
-0.342,-1.111,0.582,-72.754,-110.535,80.444
-0.305,-1.064,0.471,-86.243,-88.318,81.299
-0.260,-1.002,0.329,-90.271,-67.566,89.905
-0.232,-0.930,0.201,-87.036,-48.035,103.882
-0.300,-0.906,0.018,-73.486,-35.828,122.437
-0.351,-0.794,-0.064,-59.082,-36.865,144.409
-0.414,-0.671,-0.076,-37.415,-52.002,163.574
-0.521,-0.604,-0.008,-8.728,-77.087,172.913
-0.649,-0.546,0.135,17.639,-101.807,173.157
-0.727,-0.536,0.310,40.527,-118.652,166.931
-0.801,-0.528,0.492,54.810,-127.136,156.250
-0.849,-0.524,0.641,58.594,-128.906,141.357
-0.885,-0.527,0.748,52.856,-125.549,124.268
-0.914,-0.526,0.829,37.048,-117.920,106.445
-0.965,-0.534,0.857,16.357,-108.826,88.135
-0.962,-0.554,0.850,-2.075,-100.769,71.838
-0.974,-0.571,0.808,-15.625,-95.764,59.448
-0.957,-0.561,0.783,-24.170,-92.773,52.185
-0.921,-0.552,0.739,-24.414,-88.806,48.035
-0.884,-0.542,0.695,-21.240,-83.679,43.823
-0.945,-0.545,0.682,-19.226,-81.238,37.720
-0.984,-0.537,0.711,-19.104,-80.627,33.203
-1.071,-0.562,0.727,-15.503,-77.148,30.212
-0.961,-0.535,0.766,-18.677,-70.496,28.503
-1.027,-0.596,0.734,-19.043,-64.453,23.743
-0.989,-0.593,0.766,-17.700,-60.181,21.912
-0.971,-0.608,0.765,-11.108,-57.739,19.592
-0.973,-0.599,0.791,-6.409,-56.946,13.977
-0.988,-0.606,0.846,-4.822,-58.594,7.751
-1.025,-0.616,0.870,-4.822,-59.448,3.540
-1.055,-0.621,0.911,-3.540,-56.641,1.221
-1.054,-0.642,0.966,-2.625,-48.584,0.977
-1.063,-0.611,0.979,1.221,-37.354,2.258
-1.065,-0.595,0.974,0.732,-27.832,2.502
-1.049,-0.577,0.977,1.831,-19.592,1.160
-1.030,-0.557,0.992,2.686,-10.559,0.610
-1.019,-0.544,1.003,2.014,-2.808,0.610
-1.023,-0.529,1.025,0.854,1.404,-0.793
-1.028,-0.509,1.052,0.183,4.028,-3.479
-1.018,-0.495,1.061,-0.061,7.935,-7.751
-1.011,-0.489,1.053,-2.502,14.587,-12.085
-1.014,-0.487,1.031,-7.629,23.804,-16.541
-0.988,-0.471,0.991,-12.939,33.936,-21.484
-0.951,-0.461,0.923,-17.029,42.542,-27.649
-0.921,-0.456,0.849,-21.912,47.913,-34.912
-0.893,-0.463,0.780,-26.245,50.476,-42.053
-0.872,-0.479,0.722,-28.687,52.734,-47.791
-0.842,-0.489,0.678,-28.870,55.237,-51.636
-0.833,-0.516,0.639,-25.513,57.617,-54.138
-0.812,-0.553,0.613,-20.386,59.998,-55.359
-0.805,-0.593,0.583,-16.418,61.218,-56.946
-0.766,-0.623,0.558,-13.306,60.486,-60.425
-0.719,-0.660,0.559,-10.986,58.838,-65.002
-0.694,-0.688,0.536,-7.996,58.533,-66.467
-0.690,-0.713,0.528,-2.808,59.204,-63.599
-0.660,-0.722,0.550,3.906,60.852,-58.167
-0.660,-0.729,0.596,8.911,63.171,-53.223
-0.680,-0.760,0.623,11.780,66.223,-49.500
-0.666,-0.746,0.654,10.864,71.716,-42.358
-0.654,-0.748,0.663,8.362,80.444,-37.842
-0.657,-0.764,0.651,2.808,88.623,-41.016
-0.662,-0.761,0.640,-6.714,94.666,-48.889
-0.633,-0.738,0.615,-15.259,102.234,-59.387
-0.582,-0.727,0.576,-17.273,109.924,-70.923
-0.549,-0.718,0.528,-14.099,116.150,-79.529
-0.522,-0.720,0.480,-7.324,119.751,-86.670
-0.497,-0.724,0.431,5.554,121.094,-96.802
-0.444,-0.746,0.402,16.541,119.385,-105.286
-0.411,-0.784,0.398,20.630,114.319,-108.643
-0.355,-0.803,0.383,19.104,110.474,-107.544
-0.302,-0.842,0.360,17.517,109.070,-105.042
-0.258,-0.878,0.325,15.442,109.802,-100.769
-0.166,-0.900,0.299,12.268,110.657,-94.666
-0.174,-0.938,0.293,11.536,110.657,-90.393
-0.160,-0.963,0.313,14.465,111.267,-85.632
-0.117,-0.995,0.349,24.292,115.845,-80.688
-0.061,-1.022,0.367,36.987,124.512,-77.637
0.013,-1.045,0.346,44.434,135.254,-75.073
0.065,-1.069,0.290,44.495,143.738,-73.669
0.112,-1.096,0.229,39.795,147.156,-74.158
0.198,-1.117,0.167,36.377,146.423,-78.308
0.314,-1.142,0.106,37.537,144.592,-86.365
0.433,-1.175,0.062,42.786,141.174,-95.703
0.568,-1.201,0.044,49.011,136.292,-101.624
0.704,-1.245,0.034,56.091,131.836,-102.600
0.809,-1.311,0.041,61.707,128.296,-98.572
0.889,-1.391,0.013,64.209,125.488,-91.980
0.974,-1.435,0.004,62.866,122.375,-83.313
1.049,-1.461,0.005,57.251,119.446,-73.181

1.172,-1.440,0.002,33.020,110.107,-54.504
1.245,-1.424,-0.015,17.761,103.455,-51.331
1.315,-1.449,-0.044,2.686,93.506,-50.903
1.371,-1.470,-0.074,-10.925,80.750,-50.781
1.388,-1.478,-0.111,-21.790,67.627,-48.767
1.397,-1.487,-0.154,-30.029,55.786,-41.992
1.400,-1.502,-0.234,-35.461,45.898,-31.677
1.382,-1.485,-0.271,-40.649,33.813,-19.592
1.327,-1.466,-0.303,-44.800,19.287,-6.226
1.253,-1.456,-0.318,-46.448,1.831,8.606
1.186,-1.436,-0.300,-47.791,-19.775,25.513
1.085,-1.393,-0.266,-48.584,-44.006,41.321
0.965,-1.343,-0.205,-49.011,-66.406,56.335
0.836,-1.274,-0.152,-48.401,-84.106,70.190
0.705,-1.176,-0.114,-45.288,-96.985,81.482
0.600,-1.098,-0.054,-41.687,-104.065,88.867
0.514,-1.042,0.006,-39.368,-110.168,92.651
0.444,-1.024,0.037,-39.490,-117.859,92.102
0.347,-1.008,0.068,-43.213,-126.160,88.135
0.251,-1.007,0.133,-49.255,-132.141,83.923
0.162,-1.018,0.185,-54.260,-134.888,81.848
0.087,-1.016,0.231,-55.664,-136.475,82.031
0.010,-1.012,0.293,-52.307,-136.108,83.557
-0.061,-1.022,0.356,-44.189,-134.033,89.233
-0.130,-1.016,0.409,-32.715,-131.653,98.816
-0.196,-1.020,0.494,-22.949,-130.005,108.093
-0.218,-1.002,0.564,-16.052,-128.967,114.319
-0.242,-0.967,0.597,-12.817,-127.930,117.004
-0.259,-0.929,0.627,-13.977,-126.709,117.493
-0.261,-0.890,0.630,-18.921,-124.084,116.943
-0.276,-0.880,0.598,-25.879,-119.385,115.601
-0.314,-0.859,0.576,-31.982,-114.441,114.197
-0.344,-0.840,0.539,-32.349,-108.398,115.417
-0.357,-0.814,0.500,-28.442,-98.694,121.155
-0.395,-0.801,0.461,-25.635,-88.013,129.211
-0.451,-0.760,0.419,-23.804,-78.613,137.329
-0.517,-0.749,0.392,-24.902,-71.106,143.677
-0.546,-0.651,0.368,-20.508,-66.528,145.020
-0.592,-0.613,0.357,-12.390,-67.383,145.508
-0.619,-0.564,0.338,-7.019,-73.120,142.578
-0.656,-0.508,0.356,-3.174,-79.773,136.719
-0.715,-0.468,0.400,0.610,-85.022,131.165
-0.754,-0.445,0.453,7.324,-86.121,126.831
-0.799,-0.440,0.514,15.076,-84.473,123.291
-0.860,-0.426,0.583,21.301,-82.825,117.920
-0.891,-0.403,0.648,26.672,-79.956,111.450
-0.931,-0.398,0.659,30.579,-75.500,103.699
-0.954,-0.382,0.659,27.893,-70.313,94.360
-0.958,-0.388,0.646,17.761,-63.904,83.557
-0.978,-0.404,0.635,2.930,-57.129,69.702
-0.964,-0.421,0.609,-13.794,-54.382,54.810
-0.950,-0.464,0.606,-22.217,-56.396,39.001
-0.973,-0.496,0.595,-19.836,-63.232,20.569
-1.036,-0.504,0.615,-13.977,-71.289,2.075
-1.030,-0.518,0.653,-6.592,-73.975,-8.728
-0.991,-0.523,0.673,4.028,-73.853,-13.123
-0.901,-0.481,0.709,9.827,-73.730,-12.390
-0.901,-0.541,0.768,4.456,-71.716,-7.263
-0.960,-0.561,0.828,5.920,-60.791,-3.662
-0.895,-0.563,0.936,-4.089,-40.161,2.441
-0.819,-0.536,1.002,-9.338,-28.931,0.610
-0.836,-0.522,0.958,-12.085,-28.870,-7.385
-0.788,-0.516,0.993,-22.278,-26.001,-19.287
-0.826,-0.524,0.971,-33.997,-18.494,-27.527
-0.822,-0.531,0.917,-48.035,-7.507,-32.776
-0.822,-0.521,0.879,-56.213,-2.014,-36.865
-0.813,-0.535,0.823,-59.570,0.122,-40.588
-0.799,-0.553,0.873,-71.045,3.174,-43.640
-0.782,-0.572,0.886,-68.237,5.798,-45.288
-0.770,-0.568,0.859,-47.119,4.395,-44.800
-0.751,-0.582,0.896,-33.020,1.709,-43.579
-0.650,-0.586,0.870,-9.705,-1.160,-42.236
-0.545,-0.587,0.843,6.042,-7.080,-42.603
-0.476,-0.613,0.857,9.521,-10.498,-43.274
-0.434,-0.593,0.801,7.629,-8.972,-41.138
-0.400,-0.602,0.791,4.211,-7.324,-36.743
-0.381,-0.603,0.787,-3.052,-3.723,-29.907
-0.390,-0.597,0.775,-5.859,0.732,-23.987
-0.381,-0.569,0.741,-2.869,7.080,-21.973
-0.341,-0.533,0.656,4.822,15.015,-24.414
-0.279,-0.492,0.577,8.118,19.287,-29.175
-0.222,-0.436,0.550,3.601,19.104,-34.424
-0.219,-0.429,0.504,-0.793,13.794,-38.208
-0.155,-0.438,0.449,-4.028,7.690,-41.565
-0.070,-0.459,0.440,-8.728,2.075,-46.143
-0.066,-0.529,0.512,-17.700,-0.671,-49.316
-0.063,-0.606,0.593,-30.396,4.761,-47.791
-0.057,-0.641,0.643,-41.626,12.695,-45.776
-0.099,-0.722,0.727,-49.805,13.489,-53.406
0.186,-0.489,0.685,-50.049,9.277,-67.444
0.087,-0.525,0.714,-43.579,10.742,-57.434
0.051,-0.553,0.713,-57.983,10.254,-40.833
0.058,-0.523,0.657,-71.411,4.517,-33.752
0.030,-0.517,0.674,-72.083,-3.906,-30.518
-0.005,-0.556,0.737,-59.875,-10.925,-27.039
-0.023,-0.589,0.797,-40.161,-15.991,-25.513
-0.033,-0.630,0.836,-30.334,-17.761,-27.649
-0.043,-0.628,0.943,-35.583,-13.489,-31.006
-0.023,-0.659,1.026,-24.841,-3.845,-32.227
0.029,-0.682,1.050,5.859,3.845,-29.053
0.067,-0.719,1.056,25.635,8.179,-19.531
0.167,-0.756,1.033,22.583,13.672,-6.409
0.256,-0.780,1.077,-2.808,21.301,7.996
0.196,-0.941,0.899,-28.076,27.466,17.578
0.245,-0.927,0.982,-53.406,46.875,18.738
0.193,-0.794,1.024,-68.420,52.246,18.677
0.062,-0.663,0.913,-58.350,33.752,26.001
-0.028,-0.561,0.857,-43.518,10.132,34.607
-0.113,-0.459,0.886,-33.569,-10.742,35.889
-0.185,-0.410,0.920,-15.686,-25.452,27.893
-0.195,-0.372,0.852,14.648,-34.058,18.677
-0.200,-0.310,0.800,28.137,-36.682,18.982
-0.255,-0.368,1.030,14.465,-23.865,29.114
-0.191,-0.444,1.248,-56.335,2.563,29.175
-0.168,-0.420,1.269,-149.963,38.513,18.860
-0.209,-0.439,1.287,-165.039,62.622,7.507
-0.169,-0.518,1.214,-150.696,75.439,4.578
-0.145,-0.601,1.188,-150.635,80.200,7.690
-0.149,-0.603,1.110,-148.193,83.008,14.771

0.175,0.770,0.853,-140.015,-106.018,66.223
0.118,0.837,0.891,-200.745,-109.497,36.072
0.046,0.837,0.835,-132.507,-128.662,7.568
-0.144,0.969,0.927,-139.709,-127.441,-20.630
-0.207,0.895,0.978,-101.807,-112.427,-48.096
-0.226,0.498,1.013,-55.115,-78.003,-58.167
-0.347,0.442,0.958,-32.715,-42.969,-47.302
-0.452,0.212,0.735,51.331,-31.372,-30.334
-0.156,0.829,1.013,135.315,-36.865,-11.475
-0.426,1.523,1.005,32.166,-0.122,-1.526
0.014,1.589,1.214,60.181,38.879,-14.587
-0.119,1.052,1.474,300.415,59.082,0.427
-0.099,0.384,1.537,454.651,50.110,18.494
-0.409,0.707,1.604,416.992,35.156,8.728
-0.580,1.107,1.574,347.107,29.236,-15.076
-0.546,0.745,1.086,167.725,49.927,-89.478
-0.505,1.265,1.657,68.176,53.223,-153.076
-0.624,1.017,1.406,189.148,30.945,-152.466
-0.748,0.737,1.384,224.121,29.175,-118.225
-0.527,0.616,1.373,177.856,4.150,-87.830
-0.430,0.780,1.370,118.713,-31.189,-77.393
-0.409,0.714,1.438,101.135,-36.072,-61.707
-0.603,1.018,1.437,118.835,-9.338,-57.312
-0.395,1.029,1.755,144.836,37.964,-25.085
-0.297,1.190,1.770,167.603,35.889,7.690
-0.484,1.113,1.624,261.719,29.358,60.791
-0.742,0.827,1.408,337.280,22.400,139.648
-0.965,0.409,0.854,357.056,-8.789,213.684
-0.752,0.329,0.903,284.119,-55.115,235.535
-0.654,0.438,1.110,188.171,-117.859,232.605
-0.589,0.168,0.819,169.739,-177.551,212.708
-0.522,-0.227,0.503,181.885,-193.909,147.095
-0.554,-0.336,0.198,182.129,-152.832,25.696
-0.417,-0.384,-0.005,168.030,-89.661,-104.309
-0.131,-0.374,-0.051,127.258,-23.682,-198.242
0.219,-0.335,0.043,104.675,47.119,-244.507
0.565,-0.484,-0.166,147.278,122.253,-255.432
0.956,-0.847,-0.579,151.428,184.753,-218.384
1.243,-1.085,-0.801,75.928,214.050,-152.405
1.431,-1.116,-0.920,5.066,218.445,-99.609
1.547,-1.225,-0.890,-27.405,203.918,-58.044
1.630,-1.457,-0.892,-33.569,168.274,-20.447
1.907,-1.535,-0.598,-65.857,123.230,1.587
2.198,-1.679,-0.237,-84.106,70.862,14.099
2.514,-1.914,0.135,-52.246,17.517,28.687
2.737,-2.120,0.317,6.287,-27.832,40.894
2.563,-2.188,0.540,44.189,-70.923,61.157
2.001,-2.412,0.601,68.726,-105.530,65.674
3.405,-2.637,0.354,47.668,-98.022,22.644
2.699,-2.280,0.746,4.639,-114.563,18.616
2.311,-2.210,0.557,55.115,-151.917,31.372
2.020,-2.207,0.424,78.308,-149.841,58.044
1.609,-1.956,0.531,17.639,-124.939,96.924
1.240,-1.680,0.546,-5.127,-114.197,119.873
0.862,-1.390,0.408,19.348,-116.943,140.686
0.538,-1.264,0.332,49.438,-105.896,188.049
0.241,-1.282,0.212,79.163,-99.792,238.220
-0.006,-1.223,0.083,79.712,-104.675,265.930
-0.326,-1.164,0.062,37.537,-116.943,279.358
-0.611,-0.987,0.042,-2.625,-130.188,283.325
-0.888,-0.832,0.149,-39.063,-141.846,277.954
-0.987,-0.797,0.305,-50.232,-144.165,271.301
-1.285,-0.573,0.324,-59.692,-143.372,266.235
-1.536,-0.408,0.263,-39.978,-147.339,257.812
-1.565,-0.269,0.314,-6.409,-152.588,245.239
-1.520,-0.178,0.278,47.974,-150.024,223.999
-1.517,-0.176,0.376,80.200,-143.311,191.833
-1.477,-0.170,0.596,74.890,-134.644,153.137
-1.306,-0.165,0.661,73.669,-128.723,112.976
-1.689,-0.328,0.669,98.022,-128.174,76.599
-1.855,-0.277,0.750,71.045,-134.155,39.001
-1.823,-0.353,0.729,27.710,-127.869,13.000
-1.627,-0.597,0.781,-32.837,-97.534,3.052
-1.719,-0.596,0.769,-26.123,-61.768,-4.089
-1.876,-0.840,0.632,-12.390,-33.813,3.967
-1.779,-0.849,0.692,25.940,-28.992,18.982
-1.757,-0.810,0.618,97.717,-51.819,32.654
-1.940,-0.813,0.765,131.226,-85.876,35.522
-1.956,-0.767,0.899,135.986,-102.600,36.133
-1.988,-0.617,0.952,116.577,-102.844,40.161
-1.966,-0.572,0.957,71.655,-94.177,40.710
-1.926,-0.181,1.008,40.649,-83.008,43.213
-2.065,-0.151,0.390,64.636,-77.454,30.396
-2.353,-0.264,0.803,69.580,-91.187,9.399
-2.232,-0.172,0.651,51.147,-79.590,5.859
-2.270,-0.083,1.133,31.433,-57.800,4.089
-2.197,-0.054,0.985,-6.592,-11.414,0.671
-2.129,0.019,0.652,10.254,34.485,-7.568
-2.088,0.174,0.365,34.485,52.917,-22.400
-1.977,0.127,0.445,39.246,45.715,-50.293
-1.820,0.047,0.453,49.744,45.715,-79.102
-1.680,-0.097,0.592,56.396,55.054,-100.464
-1.563,-0.236,0.602,62.378,80.505,-114.624
-1.551,0.203,1.241,78.491,117.126,-123.779
-1.592,-0.063,0.286,118.347,189.331,-153.503
-1.475,-0.341,-0.051,74.036,222.595,-178.894
-1.288,-0.411,-0.252,18.921,215.942,-182.495
-1.169,-0.529,-0.347,-4.700,204.285,-193.848
-1.173,-0.742,-0.402,-4.028,192.444,-211.060
-0.999,-0.964,-0.447,10.315,188.477,-227.844
-0.714,-1.219,-0.385,21.912,191.528,-239.929
-0.556,-1.592,-0.326,14.221,198.792,-237.305
-0.198,-1.567,-0.391,-7.874,213.806,-210.022
-0.127,-1.878,-0.387,20.569,220.703,-186.768
0.108,-2.035,-0.353,42.969,228.577,-157.043
0.352,-2.019,-0.231,44.922,238.953,-110.901
0.441,-2.042,-0.200,55.969,237.244,-77.759
0.525,-2.009,-0.158,62.988,229.919,-47.546
0.604,-1.881,-0.138,65.247,227.051,-19.409
0.736,-1.719,-0.136,71.045,229.980,-3.296
0.923,-1.575,-0.157,86.670,230.896,-7.507
1.175,-1.539,-0.092,112.793,221.802,-26.184
1.427,-1.623,0.009,126.099,209.351,-48.767
1.679,-1.683,0.041,121.277,197.388,-69.092
1.920,-1.833,0.039,105.591,183.105,-85.510
2.179,-1.984,0.008,93.567,162.903,-98.267
2.384,-2.101,0.026,87.646,141.846,-108.276
2.552,-2.193,-0.033,73.486,124.390,-110.718
2.718,-2.229,-0.134,50.781,104.248,-103.149

2.838,-2.203,-0.391,-6.958,42.908,-74.341
2.715,-2.120,-0.474,-37.903,5.920,-43.213
2.497,-1.973,-0.543,-61.340,-29.846,1.526
2.222,-1.795,-0.551,-70.923,-65.430,50.415
1.912,-1.615,-0.538,-66.711,-97.534,93.689
1.639,-1.467,-0.468,-57.739,-124.451,124.023
1.339,-1.354,-0.372,-49.194,-148.193,139.526
1.014,-1.255,-0.279,-47.791,-166.077,140.320
0.767,-1.177,-0.208,-53.345,-175.781,131.592
0.590,-1.133,-0.115,-59.692,-181.824,112.976
0.336,-1.117,-0.097,-66.528,-183.289,84.229
0.251,-1.070,-0.077,-80.994,-182.678,56.274
0.135,-1.104,-0.074,-98.816,-185.791,38.208
0.019,-1.134,-0.081,-113.708,-193.359,32.166
-0.134,-1.186,-0.081,-118.774,-202.087,39.307
-0.335,-1.168,-0.037,-112.488,-207.642,61.523
-0.544,-1.138,0.041,-94.727,-207.275,90.210
-0.731,-1.046,0.154,-74.219,-201.843,119.141
-0.890,-0.944,0.293,-49.194,-189.392,141.724
-0.997,-0.882,0.362,-22.766,-170.837,152.161
-1.048,-0.706,0.428,-25.879,-153.259,157.532
-1.130,-0.579,0.422,-35.828,-143.799,150.452
-1.131,-0.496,0.370,-47.241,-139.526,133.301
-1.126,-0.454,0.319,-59.387,-138.672,112.915
-1.149,-0.421,0.296,-68.665,-139.038,93.567
-1.191,-0.419,0.266,-70.740,-137.024,79.834
-1.203,-0.396,0.254,-63.416,-131.958,74.036
-1.277,-0.449,0.227,-49.561,-124.573,75.928
-1.320,-0.499,0.277,-39.185,-116.150,86.975
-1.342,-0.505,0.330,-32.410,-106.079,109.924
-1.406,-0.514,0.391,-18.799,-94.727,132.141
-1.490,-0.491,0.464,-3.357,-82.703,149.292
-1.536,-0.457,0.552,9.644,-70.129,155.823
-1.590,-0.389,0.647,15.015,-61.462,146.973
-1.651,-0.319,0.702,9.460,-60.791,128.723
-1.717,-0.256,0.724,-2.563,-63.416,109.192
-1.814,-0.204,0.735,-14.648,-62.561,89.478
-1.810,-0.145,0.807,-24.658,-54.260,74.036
-1.846,-0.067,0.816,-19.653,-40.100,57.495
-1.842,-0.045,0.834,-11.230,-20.325,47.729
-1.820,-0.010,0.875,4.517,-1.221,39.490
-1.809,-0.010,0.911,18.066,12.756,28.503
-1.848,-0.020,0.955,24.658,18.555,13.794
-1.876,-0.021,0.997,24.841,22.339,-1.648
-1.870,-0.019,0.999,23.254,31.555,-17.029
-1.869,-0.066,0.984,20.569,44.312,-31.738
-1.810,-0.113,0.958,15.869,57.617,-45.227
-1.781,-0.167,0.912,15.625,71.777,-57.922
-1.731,-0.236,0.850,15.564,84.595,-69.519
-1.659,-0.303,0.776,11.536,95.520,-78.613
-1.584,-0.372,0.685,7.507,103.149,-89.478
-1.515,-0.441,0.606,2.380,109.070,-100.281
-1.467,-0.509,0.541,-2.686,115.112,-109.741
-1.396,-0.571,0.478,-6.592,122.742,-117.432
-1.341,-0.646,0.436,-8.667,129.639,-124.573
-1.292,-0.679,0.389,-9.521,132.751,-132.629
-1.265,-0.761,0.389,-6.287,135.132,-140.015
-1.202,-0.804,0.394,-1.160,138.245,-146.973
-1.132,-0.851,0.366,5.981,143.372,-156.555
-1.055,-0.925,0.325,9.338,150.269,-166.443
-0.954,-0.996,0.275,7.812,156.799,-172.485
-0.854,-1.055,0.193,1.831,162.537,-173.279
-0.736,-1.120,0.107,-3.296,167.969,-169.556
-0.599,-1.167,0.028,-4.028,172.852,-161.133
-0.453,-1.197,-0.044,0.244,175.842,-151.184
-0.315,-1.227,-0.097,10.376,178.162,-143.127
-0.170,-1.236,-0.125,25.146,179.810,-134.827
-0.028,-1.230,-0.174,41.016,179.565,-123.291
0.048,-1.216,-0.079,55.298,178.894,-112.305
0.102,-1.194,-0.096,67.932,172.424,-100.098
0.221,-1.175,-0.069,81.604,178.772,-94.177
0.333,-1.172,-0.085,91.187,182.190,-97.473
0.475,-1.199,-0.099,95.642,177.368,-108.826
0.671,-1.256,-0.083,93.445,166.870,-124.634
0.877,-1.394,-0.072,92.651,151.123,-142.395
1.088,-1.593,-0.029,95.520,132.568,-155.945
1.291,-1.764,0.035,99.731,116.333,-160.156
1.490,-1.962,0.080,103.577,102.661,-156.006
1.668,-2.160,0.118,102.051,90.881,-144.470
1.805,-2.336,0.155,86.853,83.069,-125.427
1.916,-2.444,0.162,66.772,78.308,-100.525
2.021,-2.519,0.134,48.035,77.026,-73.059
2.128,-2.578,0.077,28.992,74.036,-47.302
2.210,-2.589,-0.060,5.737,63.599,-24.170
2.255,-2.533,-0.189,-15.137,43.701,-2.808
2.238,-2.414,-0.298,-39.856,19.104,19.226
2.144,-2.253,-0.355,-57.678,-9.949,46.875
1.981,-2.055,-0.390,-64.941,-39.307,78.552
1.764,-1.834,-0.388,-64.331,-64.758,110.779
1.536,-1.618,-0.366,-57.068,-89.478,140.564
1.316,-1.435,-0.326,-47.913,-113.770,161.438
1.081,-1.250,-0.262,-43.945,-136.475,170.044
0.869,-1.111,-0.195,-45.166,-155.151,167.053
0.705,-1.021,-0.162,-50.842,-167.725,155.029
0.580,-1.023,-0.128,-60.852,-174.622,137.817
0.452,-1.031,-0.138,-72.510,-177.917,117.432
0.315,-1.076,-0.137,-82.336,-179.260,102.844
0.198,-1.116,-0.142,-87.952,-179.199,98.145
0.059,-1.153,-0.184,-86.426,-178.162,100.342
-0.093,-1.155,-0.192,-80.444,-178.894,109.985
-0.272,-1.156,-0.181,-69.702,-182.678,123.962
-0.476,-1.144,-0.135,-56.335,-188.171,140.381
-0.689,-1.082,-0.042,-41.260,-191.833,157.043
-0.837,-1.026,0.078,-24.719,-191.040,168.457
-0.982,-0.979,0.184,-11.902,-185.852,172.058
-1.124,-0.933,0.271,-5.798,-178.650,168.274
-1.237,-0.872,0.362,-4.395,-170.959,159.180
-1.300,-0.811,0.422,-4.700,-161.804,146.667
-1.354,-0.770,0.453,-6.165,-153.137,131.042
-1.390,-0.733,0.477,-10.010,-145.752,116.577
-1.413,-0.714,0.491,-13.123,-139.343,103.943
-1.404,-0.702,0.497,-16.235,-133.118,93.689
-1.372,-0.682,0.499,-18.616,-126.831,87.585
-1.344,-0.658,0.494,-17.761,-120.056,82.520
-1.323,-0.643,0.482,-16.418,-114.990,77.271
-1.401,-0.624,0.479,-18.982,-113.586,74.158
-1.391,-0.576,0.523,-23.621,-109.924,79.041
-1.466,-0.565,0.537,-18.250,-100.708,88.745
-1.465,-0.506,0.577,-13.428,-89.539,101.379

-1.656,-0.391,0.640,-0.488,-73.486,112.061
-1.705,-0.304,0.704,-0.061,-63.721,109.863
-1.656,-0.181,0.745,-1.343,-52.917,100.281
-1.706,-0.149,0.719,-5.554,-44.617,81.604
-1.726,-0.091,0.746,-12.695,-38.818,60.913
-1.715,-0.059,0.776,-14.221,-31.311,44.067
-1.691,-0.047,0.805,-6.836,-19.958,29.419
-1.661,-0.063,0.830,2.869,-8.606,16.113
-1.661,-0.066,0.874,10.681,-1.709,4.700
-1.667,-0.081,0.923,17.700,2.808,-5.188
-1.655,-0.095,0.953,24.963,12.268,-13.672
-1.634,-0.105,0.959,29.846,26.306,-19.531
-1.597,-0.133,0.949,30.640,40.833,-24.902
-1.562,-0.150,0.933,28.259,53.101,-32.776
-1.527,-0.172,0.917,23.743,65.247,-42.908
-1.486,-0.179,0.872,17.639,78.735,-52.856
-1.447,-0.180,0.786,12.329,92.407,-61.584
-1.406,-0.187,0.708,9.338,103.821,-70.923
-1.374,-0.212,0.633,9.644,114.563,-79.651
-1.349,-0.243,0.551,12.878,124.451,-86.853
-1.314,-0.273,0.484,17.822,132.935,-91.675
-1.242,-0.310,0.430,25.452,140.137,-96.069
-1.218,-0.363,0.388,33.875,145.508,-101.929
-1.198,-0.430,0.347,38.269,147.949,-109.558
-1.166,-0.491,0.325,38.025,149.475,-120.483
-1.142,-0.571,0.279,35.278,152.100,-134.949
-1.102,-0.670,0.208,30.945,157.288,-152.649
-1.052,-0.775,0.119,26.367,162.720,-171.021
-0.957,-0.899,0.035,21.790,166.809,-186.035
-0.833,-1.000,-0.069,16.602,168.823,-196.228
-0.705,-1.118,-0.158,19.470,168.152,-199.829
-0.557,-1.219,-0.196,30.884,164.246,-194.031
-0.411,-1.321,-0.208,51.331,159.912,-179.993
-0.300,-1.424,-0.218,77.209,160.156,-161.072
-0.311,-1.527,-0.242,98.328,163.147,-137.573
-0.105,-1.595,-0.265,110.352,167.480,-110.901
-0.056,-1.572,-0.201,116.211,169.556,-93.689
0.038,-1.619,-0.287,124.023,168.152,-83.557
0.203,-1.594,-0.243,124.817,176.514,-81.848
0.334,-1.599,-0.261,118.530,173.157,-83.008
0.500,-1.638,-0.253,105.103,164.551,-85.266
0.657,-1.735,-0.265,92.224,155.518,-89.172
0.833,-1.815,-0.275,82.031,145.935,-91.248
1.031,-1.902,-0.281,79.041,137.817,-89.905
1.252,-2.011,-0.287,79.041,129.089,-86.609
1.459,-2.096,-0.274,72.205,118.164,-79.834
1.617,-2.165,-0.261,58.777,103.394,-68.665
1.732,-2.211,-0.228,39.978,88.623,-54.504
1.843,-2.218,-0.163,21.423,75.562,-40.344
1.933,-2.208,-0.121,11.292,63.354,-28.687
2.000,-2.199,-0.113,2.136,51.086,-20.996
2.066,-2.192,-0.137,-14.465,35.828,-13.977
2.092,-2.159,-0.186,-36.194,14.526,-4.761
2.039,-2.092,-0.244,-58.289,-10.498,8.484
1.923,-1.999,-0.316,-75.439,-36.072,28.015
1.767,-1.892,-0.398,-83.984,-58.777,51.758
1.587,-1.775,-0.450,-86.609,-76.782,78.064
1.381,-1.677,-0.469,-83.374,-92.346,104.309
1.174,-1.562,-0.456,-75.195,-108.521,124.268
0.965,-1.460,-0.418,-68.115,-125.488,135.193
0.767,-1.369,-0.370,-66.589,-140.076,136.597
0.616,-1.291,-0.316,-71.350,-151.123,130.188
0.484,-1.232,-0.303,-81.299,-161.499,118.530
0.362,-1.183,-0.319,-92.590,-170.715,106.140
0.255,-1.145,-0.333,-101.746,-177.979,98.022
0.111,-1.149,-0.354,-104.370,-185.791,96.436
-0.103,-1.155,-0.326,-98.999,-196.228,102.295
-0.322,-1.161,-0.208,-87.341,-203.064,114.624
-0.514,-1.163,-0.068,-70.923,-200.806,129.150
-0.661,-1.130,0.034,-52.490,-194.153,139.954
-0.767,-1.086,0.110,-40.527,-186.768,145.264
-0.831,-1.027,0.167,-37.109,-179.626,144.531
-0.872,-0.960,0.192,-39.124,-172.363,138.428
-0.898,-0.887,0.199,-44.434,-164.673,130.554
-0.924,-0.825,0.172,-49.988,-157.104,124.023
-0.990,-0.776,0.095,-52.612,-151.123,121.155
-1.088,-0.680,0.055,-51.086,-150.208,125.183
-1.183,-0.591,0.077,-39.917,-151.611,134.277
-1.278,-0.523,0.122,-20.081,-153.015,143.311
-1.350,-0.443,0.179,-2.258,-154.541,151.184
-1.485,-0.400,0.275,13.367,-156.067,152.832
-1.630,-0.380,0.397,24.414,-154.297,147.095
-1.688,-0.409,0.514,28.503,-145.874,137.817
-1.754,-0.411,0.603,25.940,-134.033,121.338
-1.752,-0.437,0.660,12.268,-122.314,101.196
-1.796,-0.477,0.694,-1.770,-114.563,75.439
-1.811,-0.508,0.743,-18.433,-110.413,49.133
-1.829,-0.532,0.764,-35.889,-106.262,30.029
-1.808,-0.546,0.787,-54.016,-97.351,21.118
-1.806,-0.481,0.778,-62.622,-82.886,19.958
-1.765,-0.425,0.751,-57.251,-64.026,28.320
-1.779,-0.359,0.735,-41.138,-47.119,36.072
-1.795,-0.284,0.742,-26.001,-33.386,42.236
-1.803,-0.202,0.767,-13.672,-20.630,46.448
-1.824,-0.130,0.798,-2.319,-8.606,45.715
-1.827,-0.090,0.855,2.869,1.038,40.527
-1.813,-0.048,0.906,7.385,11.780,29.846
-1.776,-0.033,0.935,10.681,25.818,14.893
-1.729,-0.037,0.951,9.460,40.649,-1.770
-1.656,-0.057,0.951,3.479,52.917,-18.677
-1.599,-0.102,0.907,-4.578,61.951,-34.363
-1.536,-0.126,0.869,-13.245,71.106,-47.241
-1.464,-0.139,0.833,-18.433,80.811,-58.716
-1.409,-0.161,0.763,-20.264,89.783,-69.397
-1.362,-0.177,0.676,-20.142,97.290,-78.003
-1.331,-0.208,0.586,-17.822,103.210,-85.327
-1.293,-0.246,0.529,-13.977,108.765,-91.797
-1.272,-0.296,0.471,-10.437,114.990,-97.229
-1.237,-0.333,0.438,-10.498,121.155,-100.403
-1.211,-0.414,0.364,-8.667,128.418,-104.187
-1.137,-0.478,0.316,-7.935,137.329,-107.056
-1.044,-0.565,0.231,-6.775,146.484,-108.643
-0.956,-0.667,0.164,-5.920,154.480,-113.647
-0.870,-0.790,0.111,-5.066,160.645,-120.361
-0.802,-0.907,0.062,-4.272,165.649,-127.136
-0.699,-1.031,0.031,-0.977,171.082,-132.141
-0.627,-1.133,-0.004,5.859,173.950,-136.108
-0.513,-1.208,-0.028,15.991,174.683,-140.503
-0.423,-1.305,-0.025,40.283,170.471,-147.156

0.810,-1.492,0.053,67.017,141.418,-64.514
0.979,-1.547,0.068,63.782,134.399,-66.589
1.131,-1.608,0.099,59.265,126.099,-68.665
1.312,-1.641,0.124,55.603,117.065,-69.702
1.473,-1.708,0.105,53.711,108.154,-68.665
1.692,-1.773,0.094,46.814,104.492,-64.087
1.854,-1.823,0.041,38.940,97.900,-56.702
1.951,-1.865,-0.003,29.663,85.327,-45.715
2.005,-1.886,-0.037,18.066,65.491,-30.762
2.041,-1.884,-0.070,2.075,41.382,-14.099
2.044,-1.858,-0.098,-16.235,16.541,2.075
1.999,-1.787,-0.142,-32.776,-7.812,19.592
1.895,-1.691,-0.185,-44.678,-29.419,38.635
1.728,-1.571,-0.223,-52.124,-46.387,58.533
1.548,-1.431,-0.266,-53.406,-60.974,77.332
1.341,-1.295,-0.255,-49.805,-78.247,93.018
1.120,-1.190,-0.263,-45.715,-99.243,102.356
0.888,-1.113,-0.261,-44.922,-119.934,104.553
0.659,-1.070,-0.237,-46.326,-137.817,100.891
0.444,-1.049,-0.170,-46.570,-153.809,94.421
0.260,-1.037,-0.083,-44.006,-167.358,87.524
0.091,-1.036,0.025,-39.551,-176.392,81.360
-0.099,-1.037,0.157,-33.447,-179.871,77.942
-0.267,-1.049,0.303,-26.672,-176.575,79.590
-0.406,-1.027,0.416,-18.799,-169.189,83.740
-0.507,-0.996,0.525,-12.207,-160.461,86.060
-0.588,-0.948,0.592,-11.475,-153.198,84.778
-0.677,-0.892,0.624,-15.625,-147.827,80.811
-0.756,-0.836,0.646,-22.095,-141.357,77.576
-0.815,-0.784,0.649,-27.710,-131.836,75.012
-0.851,-0.745,0.622,-32.654,-120.361,73.486
-0.886,-0.705,0.584,-38.330,-108.826,74.463
-0.886,-0.669,0.559,-43.213,-98.083,78.064
-0.871,-0.642,0.536,-44.250,-88.806,80.444
-0.863,-0.622,0.521,-42.419,-81.787,80.383
-0.854,-0.601,0.516,-39.795,-76.965,79.834
-0.862,-0.574,0.515,-35.461,-73.181,81.055
-0.877,-0.553,0.542,-29.114,-69.031,84.290
-0.902,-0.547,0.592,-22.949,-64.453,88.501
-0.937,-0.521,0.643,-17.456,-57.983,91.309
-0.990,-0.505,0.664,-11.780,-47.791,92.346
-0.992,-0.435,0.656,-6.775,-39.490,91.003
-0.996,-0.402,0.652,-4.761,-36.194,83.740
-1.024,-0.373,0.645,-7.812,-36.621,73.181
-1.065,-0.339,0.662,-9.277,-36.743,62.012
-1.095,-0.311,0.698,-5.798,-34.241,52.917
-1.112,-0.278,0.740,0.732,-30.273,46.204
-1.144,-0.245,0.782,6.653,-25.513,40.894
-1.176,-0.217,0.824,10.376,-21.118,36.804
-1.231,-0.196,0.868,12.329,-16.418,32.837
-1.255,-0.193,0.934,13.306,-10.193,27.161
-1.273,-0.204,0.992,14.709,-4.761,18.005
-1.280,-0.232,0.983,15.259,-0.793,6.042
-1.318,-0.277,1.027,13.245,2.930,-6.348
-1.270,-0.248,1.073,17.212,11.047,-22.827
-1.216,-0.301,1.030,15.625,25.818,-31.738
-1.156,-0.335,0.996,16.479,34.729,-42.419
-1.084,-0.381,0.961,13.611,41.260,-51.270
-1.009,-0.419,0.912,9.338,46.204,-59.631
-0.917,-0.450,0.840,4.822,51.941,-67.078
-0.822,-0.480,0.749,0.427,57.739,-74.158
-0.724,-0.514,0.661,-3.357,62.927,-80.872
-0.606,-0.553,0.586,-3.906,66.895,-86.670
-0.499,-0.624,0.524,-2.197,70.190,-91.797
-0.384,-0.696,0.452,-2.075,72.937,-95.703
-0.263,-0.772,0.389,-2.441,72.449,-98.022
-0.125,-0.833,0.366,-1.953,69.519,-98.999
0.019,-0.887,0.366,2.441,66.223,-98.389
0.144,-0.952,0.399,9.460,65.247,-94.299
0.231,-1.035,0.407,15.320,65.308,-86.060
0.325,-1.097,0.403,17.456,64.880,-76.111
0.411,-1.147,0.391,16.785,61.707,-68.115
0.469,-1.184,0.378,12.451,55.786,-61.951
0.505,-1.197,0.350,7.202,51.575,-56.213
0.544,-1.186,0.335,4.700,49.438,-49.683
0.594,-1.156,0.360,4.150,45.288,-41.443
0.637,-1.119,0.405,5.066,38.635,-32.104
0.674,-1.125,0.479,6.775,33.081,-23.499
0.696,-1.141,0.555,1.953,31.555,-14.404
0.757,-1.172,0.616,-7.202,33.142,-6.714
0.817,-1.224,0.649,-20.325,34.485,-2.625
0.809,-1.254,0.631,-31.860,34.363,-2.014
0.850,-1.290,0.492,-28.809,29.663,-6.287
0.932,-1.346,0.576,-22.705,17.151,-12.939
0.953,-1.400,0.547,-31.677,9.949,-10.986
0.888,-1.401,0.447,-31.189,3.479,0.549
0.890,-1.360,0.389,-9.033,-8.118,14.709
0.834,-1.286,0.340,4.822,-18.616,28.809
0.723,-1.196,0.336,16.418,-29.358,43.213
0.635,-1.169,0.314,32.104,-41.199,53.711
0.530,-1.120,0.302,40.833,-54.260,62.317
0.395,-1.055,0.331,40.527,-66.589,69.763
0.255,-1.010,0.368,35.583,-77.881,73.792
0.099,-0.964,0.407,31.250,-87.036,75.989
-0.044,-0.910,0.463,27.100,-91.431,76.172
-0.152,-0.867,0.502,22.339,-91.553,74.402
-0.243,-0.842,0.497,14.648,-86.975,72.021
-0.332,-0.827,0.501,4.578,-81.787,70.801
-0.425,-0.809,0.514,-3.418,-79.285,70.068
-0.522,-0.783,0.525,-7.202,-77.881,69.641
-0.605,-0.748,0.544,-9.644,-76.294,70.984
-0.680,-0.712,0.568,-11.780,-73.120,73.242
-0.754,-0.674,0.586,-13.977,-68.848,75.439
-0.814,-0.629,0.601,-14.832,-63.843,76.965
-0.851,-0.571,0.622,-15.198,-58.533,77.637
-0.903,-0.528,0.638,-15.503,-53.955,75.867
-0.965,-0.490,0.676,-17.334,-49.255,74.280
-1.012,-0.450,0.731,-17.151,-43.640,73.730
-1.048,-0.413,0.759,-11.841,-36.865,70.801
-1.065,-0.373,0.782,-6.592,-29.785,64.270
-1.073,-0.325,0.799,-4.700,-24.170,55.786
-1.040,-0.287,0.813,-2.747,-17.761,47.424
-1.113,-0.324,0.786,1.221,-10.071,38.330
-1.061,-0.292,0.821,4.944,0.061,28.625
-1.051,-0.309,0.837,9.644,11.780,19.165
-1.012,-0.311,0.858,12.451,16.541,7.629
-0.988,-0.333,0.870,11.902,17.578,-3.906
-0.968,-0.350,0.864,10.620,18.799,-14.893
-0.944,-0.372,0.847,9.888,24.414,-23.254

-0.879,-0.404,0.797,8.911,37.903,-35.889
-0.835,-0.444,0.769,7.385,39.978,-41.931
-0.820,-0.454,0.772,9.705,42.725,-49.744
-0.789,-0.482,0.735,10.986,46.204,-54.138
-0.753,-0.519,0.665,11.963,50.110,-57.739
-0.705,-0.552,0.632,12.634,57.373,-63.049
-0.654,-0.595,0.606,13.306,64.087,-70.679
-0.580,-0.648,0.574,12.939,68.054,-77.637
-0.513,-0.709,0.552,10.620,69.824,-83.435
-0.478,-0.773,0.554,6.958,69.580,-87.769
-0.337,-0.828,0.505,1.587,69.092,-90.454
-0.244,-0.911,0.506,-0.916,72.083,-90.637
-0.157,-0.989,0.490,-4.822,74.341,-87.341
-0.061,-1.051,0.461,-5.432,75.439,-81.604
0.017,-1.104,0.454,-3.479,76.660,-73.975
0.091,-1.134,0.435,-2.808,77.393,-65.369
0.151,-1.148,0.420,-2.258,76.660,-56.946
0.240,-1.137,0.387,-2.319,76.782,-47.791
0.313,-1.112,0.358,-0.793,80.383,-40.405
0.372,-1.091,0.333,3.723,83.130,-39.124
0.448,-1.052,0.332,9.644,80.933,-40.161
0.521,-1.090,0.334,10.925,72.876,-41.199
0.625,-1.129,0.377,9.094,60.852,-40.833
0.712,-1.187,0.405,5.798,48.584,-38.696
0.790,-1.267,0.413,0.427,39.368,-36.194
0.879,-1.366,0.417,-8.423,34.058,-33.020
0.939,-1.470,0.377,-16.846,29.419,-28.687
1.026,-1.484,0.386,-23.743,25.513,-22.522
1.042,-1.512,0.337,-22.339,20.691,-14.343
1.059,-1.483,0.311,-22.766,16.541,-4.272
1.080,-1.433,0.290,-24.475,9.399,5.493
1.011,-1.355,0.266,-18.555,-5.371,14.771
0.902,-1.273,0.277,-10.193,-22.888,25.391
0.779,-1.223,0.287,-4.517,-37.048,37.903
0.641,-1.155,0.292,-2.563,-48.950,50.537
0.505,-1.090,0.305,-2.625,-58.960,60.364
0.379,-1.047,0.331,-4.639,-68.115,65.552
0.263,-1.019,0.373,-8.911,-75.928,67.566
0.159,-1.002,0.422,-15.442,-82.153,67.444
0.068,-0.991,0.471,-22.644,-86.365,65.857
-0.021,-0.980,0.512,-29.968,-87.402,63.293
-0.088,-0.964,0.540,-36.072,-85.632,61.218
-0.137,-0.945,0.538,-38.757,-81.665,62.012
-0.184,-0.924,0.534,-41.748,-77.087,65.308
-0.236,-0.898,0.528,-44.373,-72.266,70.251
-0.295,-0.858,0.513,-44.067,-67.383,76.050
-0.364,-0.815,0.514,-39.795,-62.866,82.397
-0.429,-0.764,0.511,-33.142,-58.167,89.478
-0.498,-0.707,0.504,-26.855,-54.504,96.069
-0.562,-0.661,0.525,-22.644,-51.208,99.915
-0.630,-0.617,0.558,-22.095,-48.462,101.624
-0.688,-0.567,0.576,-23.560,-45.288,102.112
-0.729,-0.512,0.588,-22.156,-42.297,100.647
-0.761,-0.473,0.615,-20.020,-40.344,95.581
-0.793,-0.450,0.641,-20.203,-39.185,88.135
-0.803,-0.431,0.697,-23.743,-38.147,80.933
-0.895,-0.464,0.692,-23.437,-36.804,74.036
-0.893,-0.407,0.760,-17.578,-32.166,66.528
-0.920,-0.411,0.758,-15.991,-25.452,63.171
-0.951,-0.394,0.783,-11.292,-21.912,56.946
-0.978,-0.387,0.814,-7.751,-19.470,51.636
-1.006,-0.372,0.827,-3.601,-15.991,44.556
-1.030,-0.347,0.825,-2.869,-11.719,37.354
-1.035,-0.316,0.825,-4.700,-8.301,28.137
-1.035,-0.277,0.819,-6.592,-5.066,17.029
-1.042,-0.251,0.828,-5.859,-3.296,5.188
-1.043,-0.239,0.849,-1.709,-1.160,-5.188
-1.046,-0.234,0.869,4.211,2.197,-14.771
-1.071,-0.232,0.880,10.864,6.714,-23.560
-1.075,-0.234,0.895,18.555,12.329,-31.006
-1.083,-0.266,0.908,24.048,20.447,-36.987
-1.075,-0.313,0.916,26.184,29.541,-43.152
-1.066,-0.364,0.903,26.245,36.987,-51.453
-1.040,-0.419,0.876,23.254,44.250,-61.218
-0.998,-0.462,0.849,17.273,50.659,-71.350
-0.950,-0.506,0.805,11.169,55.969,-80.200
-0.904,-0.532,0.746,7.080,62.378,-87.280
-0.842,-0.545,0.687,6.104,70.068,-92.102
-0.765,-0.564,0.632,7.202,78.857,-94.910
-0.707,-0.606,0.579,9.949,84.778,-95.642
-0.648,-0.646,0.536,14.099,87.585,-93.994
-0.577,-0.682,0.505,18.372,89.539,-92.224
-0.499,-0.723,0.491,22.461,90.576,-91.248
-0.425,-0.785,0.479,24.963,91.614,-91.797
-0.346,-0.844,0.462,25.879,92.651,-93.994
-0.265,-0.916,0.446,24.109,93.872,-97.778
-0.175,-0.991,0.428,20.020,96.069,-101.807
-0.070,-1.058,0.410,15.503,98.511,-104.248
0.032,-1.145,0.371,10.559,100.525,-104.187
0.162,-1.194,0.345,5.859,101.013,-99.854
0.316,-1.210,0.327,7.263,101.074,-94.238
0.500,-1.247,0.318,12.756,101.318,-90.637
0.676,-1.303,0.307,16.418,100.281,-87.524
0.839,-1.356,0.278,17.822,97.595,-82.764
1.011,-1.423,0.248,15.686,93.384,-75.806
1.172,-1.497,0.208,8.850,87.097,-66.040
1.345,-1.552,0.125,1.282,78.796,-53.223
1.461,-1.623,0.127,-2.075,68.115,-39.063
1.528,-1.691,0.066,0.549,50.537,-23.865
1.617,-1.697,0.078,-1.221,42.542,-7.629
1.656,-1.681,0.079,2.441,30.701,6.653
1.628,-1.660,0.102,4.578,10.437,19.409
1.560,-1.625,0.134,2.014,-11.047,30.273
1.448,-1.569,0.169,-4.639,-27.771,39.124
1.329,-1.503,0.177,-13.306,-38.757,47.180
1.188,-1.451,0.169,-21.118,-49.072,54.077
1.013,-1.381,0.172,-26.367,-62.317,60.486
0.815,-1.306,0.188,-28.076,-76.172,68.481
0.628,-1.231,0.224,-26.428,-88.501,77.332
0.436,-1.185,0.281,-21.118,-97.534,85.327
0.253,-1.159,0.379,-16.663,-100.647,92.590
0.097,-1.124,0.465,-11.963,-100.098,97.534
-0.041,-1.113,0.535,-9.583,-99.182,98.999
-0.155,-1.098,0.603,-13.550,-96.924,98.145
-0.248,-1.082,0.651,-22.827,-94.055,96.558
-0.309,-1.054,0.667,-33.264,-90.515,96.985
-0.361,-1.005,0.661,-42.175,-86.182,97.107
-0.421,-0.944,0.631,-48.645,-80.200,98.083
-0.464,-0.864,0.570,-50.049,-73.242,101.685

-1.015,-0.301,0.704,1.709,-56.458,85.632
-1.143,-0.328,0.672,-1.648,-56.458,66.772
-1.098,-0.297,0.762,-10.193,-51.819,53.223
-1.137,-0.316,0.750,-13.855,-46.753,40.833
-1.156,-0.315,0.744,-16.357,-41.382,31.067
-1.196,-0.298,0.751,-12.878,-37.109,25.208
-1.224,-0.262,0.764,-5.493,-31.189,20.020
-1.257,-0.227,0.752,2.075,-24.902,15.137
-1.299,-0.182,0.758,7.874,-20.020,9.766
-1.327,-0.138,0.798,13.916,-14.771,3.235
-1.348,-0.125,0.851,19.104,-8.484,-3.723
-1.345,-0.140,0.906,20.508,-0.977,-11.475
-1.334,-0.162,0.956,23.193,6.531,-20.569
-1.316,-0.203,1.020,29.114,11.963,-29.907
-1.318,-0.244,1.049,30.945,18.372,-38.330
-1.307,-0.296,1.046,30.029,27.588,-46.265
-1.263,-0.340,1.027,27.710,39.063,-54.932
-1.218,-0.386,0.978,24.292,51.697,-63.782
-1.156,-0.431,0.899,19.287,62.622,-71.533
-1.093,-0.479,0.805,13.672,69.763,-79.529
-1.004,-0.519,0.728,8.240,74.463,-88.379
-0.911,-0.563,0.668,7.385,78.308,-96.619
-0.805,-0.594,0.618,10.498,82.825,-102.539
-0.715,-0.626,0.566,15.808,87.708,-105.042
-0.646,-0.650,0.512,24.048,91.919,-104.797
-0.574,-0.669,0.487,34.851,94.543,-104.309
-0.516,-0.732,0.476,42.603,95.398,-106.812
-0.420,-0.787,0.481,43.579,94.910,-112.671
-0.300,-0.845,0.494,37.903,94.116,-120.667
-0.144,-0.946,0.488,27.405,96.008,-131.714
0.044,-1.109,0.464,11.108,99.670,-142.456
0.248,-1.314,0.421,-8.545,101.807,-146.362
0.502,-1.489,0.366,-27.100,102.295,-142.212
0.749,-1.643,0.307,-40.466,103.577,-132.629
1.033,-1.739,0.238,-44.983,105.408,-117.493
1.264,-1.794,0.162,-38.391,103.455,-98.572
1.447,-1.851,0.110,-23.560,95.337,-78.674
1.594,-1.887,0.080,-8.057,85.754,-58.228
1.680,-1.904,0.054,3.784,77.148,-39.490
1.700,-1.902,0.054,8.606,68.054,-20.569
1.792,-1.840,0.038,5.188,57.251,-0.916
1.794,-1.776,-0.033,3.784,38.269,13.306
1.813,-1.738,-0.039,0.366,19.409,22.400
1.802,-1.702,-0.050,-10.010,6.592,31.738
1.741,-1.646,-0.100,-18.616,-8.423,41.321
1.646,-1.568,-0.119,-23.926,-25.513,53.223
1.498,-1.482,-0.140,-24.597,-44.800,65.369
1.315,-1.409,-0.171,-22.156,-65.186,76.599
1.077,-1.355,-0.153,-18.860,-86.243,85.571
0.813,-1.295,-0.083,-15.381,-106.079,93.079
0.553,-1.244,0.023,-11.292,-122.009,99.304
0.300,-1.203,0.155,-8.179,-131.897,103.516
0.081,-1.178,0.292,-6.653,-133.972,103.699
-0.103,-1.148,0.431,-9.644,-130.859,102.600
-0.266,-1.130,0.520,-17.151,-127.075,101.318
-0.408,-1.100,0.576,-27.527,-121.948,98.816
-0.556,-1.044,0.618,-37.781,-114.319,98.511
-0.683,-0.979,0.634,-42.725,-106.384,101.257
-0.798,-0.918,0.630,-42.969,-101.257,104.675
-0.902,-0.849,0.647,-40.710,-99.426,108.643
-0.988,-0.761,0.671,-35.583,-96.985,113.281
-1.048,-0.670,0.702,-29.907,-91.980,115.906
-1.113,-0.597,0.702,-25.574,-86.731,115.295
-1.125,-0.479,0.739,-28.625,-81.970,113.220
-1.270,-0.427,0.697,-23.987,-77.087,104.797
-1.299,-0.335,0.711,-25.818,-70.007,103.271
-1.368,-0.295,0.686,-19.958,-64.819,99.365
-1.432,-0.248,0.699,-15.076,-61.096,92.346
-1.489,-0.224,0.718,-11.108,-62.744,83.313
-1.536,-0.202,0.745,-9.399,-62.988,71.838
-1.579,-0.174,0.757,-9.827,-60.364,59.021
-1.621,-0.160,0.758,-12.512,-55.481,47.180
-1.633,-0.149,0.767,-13.367,-48.767,35.767
-1.640,-0.152,0.788,-11.475,-43.945,24.109
-1.664,-0.144,0.808,-6.531,-42.236,12.207
-1.679,-0.117,0.827,0.488,-37.109,2.625
-1.675,-0.068,0.845,10.193,-24.719,-2.136
-1.671,-0.021,0.863,19.043,-7.874,-4.028
-1.658,0.003,0.870,25.940,8.484,-5.676
-1.632,0.008,0.863,32.043,20.691,-10.071
-1.622,-0.021,0.835,34.302,29.785,-19.531
-1.605,-0.062,0.807,31.494,38.574,-31.982
-1.542,-0.097,0.803,28.687,48.950,-47.180
-1.457,-0.124,0.808,24.109,61.096,-62.988
-1.386,-0.149,0.803,18.433,72.144,-76.111
-1.309,-0.179,0.805,15.869,81.787,-84.167
-1.209,-0.205,0.811,15.747,91.064,-89.539
-1.176,-0.252,0.789,15.503,98.938,-92.529
-1.130,-0.312,0.756,11.536,106.750,-89.539
-1.092,-0.375,0.702,11.414,114.380,-89.172
-1.032,-0.464,0.649,13.733,123.718,-93.933
-0.946,-0.545,0.588,11.475,130.737,-100.708
-0.832,-0.620,0.496,9.216,133.240,-108.948
-0.727,-0.732,0.422,10.132,136.169,-116.211
-0.609,-0.863,0.333,15.076,139.038,-122.498
-0.487,-0.984,0.254,24.658,141.907,-130.005
-0.341,-1.107,0.178,38.757,146.057,-139.282
-0.168,-1.238,0.103,48.096,150.879,-148.315
0.022,-1.365,0.021,45.593,150.330,-153.870
0.258,-1.502,-0.054,33.203,144.043,-154.663
0.508,-1.670,-0.145,17.151,133.850,-152.588
0.799,-1.822,-0.174,4.700,122.742,-147.705
1.064,-1.943,-0.134,3.967,113.708,-139.893
1.252,-2.046,-0.156,16.907,95.459,-129.150
1.474,-2.060,-0.059,14.099,95.276,-103.821
1.605,-2.034,-0.021,20.081,94.299,-76.782
1.696,-2.019,-0.001,26.001,84.045,-53.467
1.779,-2.010,0.096,23.560,71.899,-32.654
1.845,-2.003,0.184,18.188,57.312,-16.235
1.887,-2.014,0.246,12.329,41.199,-4.456
1.962,-1.992,0.281,6.836,25.513,4.944
1.973,-1.960,0.269,1.099,14.343,11.963
2.056,-1.930,0.235,-9.888,5.798,19.836
2.016,-1.891,0.196,-22.949,-8.972,27.954
1.875,-1.827,0.149,-34.485,-30.884,36.377
1.807,-1.764,0.111,-42.725,-50.415,49.438
1.610,-1.690,0.060,-44.922,-64.819,65.308
1.425,-1.625,0.039,-41.382,-72.937,77.087
1.264,-1.577,0.008,-38.086,-82.947,82.214

1.009,-1.595,0.000,-52.124,-101.624,73.914
0.890,-1.636,-0.010,-66.040,-110.474,69.580
0.740,-1.675,-0.028,-77.148,-122.009,70.740
0.532,-1.665,-0.091,-85.449,-130.127,80.750
0.292,-1.585,-0.143,-85.999,-132.874,100.281
-0.012,-1.503,-0.130,-76.721,-132.935,124.146
-0.411,-1.359,-0.099,-65.002,-135.010,152.222
-0.846,-1.178,-0.012,-42.297,-137.207,181.335
-1.232,-0.921,0.118,-15.259,-135.864,205.994
-1.564,-0.660,0.240,8.606,-132.446,219.849
-1.790,-0.386,0.356,22.034,-130.615,219.055
-1.990,-0.157,0.435,22.766,-129.456,202.271
-2.096,0.030,0.504,8.057,-124.329,171.326
-2.105,0.087,0.601,-6.714,-119.324,130.005
-2.099,0.008,0.587,-19.226,-118.286,83.496
-1.950,-0.071,0.700,-43.274,-113.281,48.218
-1.878,-0.215,0.724,-48.401,-99.426,21.606
-1.728,-0.315,0.791,-63.843,-79.834,18.799
-1.676,-0.360,0.826,-62.317,-64.453,27.161
-1.690,-0.379,0.806,-52.856,-56.580,44.678
-1.555,-0.283,0.864,-41.809,-54.199,60.974
-1.655,-0.291,0.844,-11.414,-60.913,66.101
-1.741,-0.233,0.869,16.785,-62.439,55.908
-1.882,-0.157,0.858,33.875,-54.382,41.443
-1.906,-0.040,0.937,34.302,-34.912,31.555
-1.908,0.010,1.002,29.602,-11.902,19.897
-1.898,0.080,1.048,23.743,3.601,5.432
-1.822,0.154,1.121,16.907,15.259,-8.362
-1.721,0.181,1.138,10.620,25.330,-19.714
-1.620,0.179,1.134,7.568,35.828,-26.672
-1.452,0.193,1.155,6.897,49.805,-29.480
-1.420,0.173,1.135,11.719,64.697,-30.823
-1.382,0.133,0.990,14.587,70.740,-36.499
-1.313,0.148,0.960,16.113,78.308,-45.898
-1.285,0.129,0.895,20.081,87.769,-54.443
-1.263,0.090,0.807,24.170,98.083,-62.012
-1.240,0.041,0.716,28.931,103.516,-67.688
-1.240,-0.016,0.642,33.875,105.042,-70.313
-1.233,-0.173,0.576,37.048,107.422,-68.970
-1.233,-0.352,0.507,37.537,110.962,-78.125
-1.186,-0.406,0.447,33.997,113.770,-101.379
-1.115,-0.526,0.373,28.381,111.755,-115.723
-1.054,-0.664,0.311,20.630,102.905,-127.319
-1.001,-0.784,0.293,17.456,92.896,-134.888
-0.949,-0.942,0.298,22.766,90.820,-138.733
-0.844,-1.054,0.297,25.146,98.755,-138.062
-0.736,-1.150,0.273,25.024,110.168,-134.338
-0.616,-1.216,0.228,23.804,121.521,-129.150
-0.489,-1.260,0.172,21.179,130.737,-124.207
-0.396,-1.357,0.136,18.433,134.827,-119.141
-0.311,-1.450,0.126,18.433,134.521,-111.816
-0.094,-1.485,0.179,17.029,135.071,-104.004
0.011,-1.580,0.155,33.691,129.517,-102.417
0.051,-1.709,0.031,59.753,119.629,-109.131
0.365,-1.635,0.150,34.851,137.878,-97.534
0.478,-1.705,0.098,44.495,146.790,-89.111
0.581,-1.747,0.073,57.861,145.020,-84.717
0.748,-1.676,0.092,51.880,141.785,-74.524
0.860,-1.646,0.070,51.208,133.911,-67.688
0.964,-1.632,0.040,54.016,122.681,-63.843
1.063,-1.646,0.016,55.176,109.558,-57.983
1.139,-1.676,-0.010,54.871,95.581,-51.880
1.265,-1.660,-0.049,51.392,83.069,-48.279
1.392,-1.732,-0.081,49.622,66.895,-40.649
1.514,-1.782,-0.149,51.636,46.631,-28.442
1.649,-1.848,-0.108,43.884,32.227,-13.123
1.707,-1.884,-0.046,30.396,16.174,-3.418
1.779,-1.891,0.021,7.141,0.000,1.282
1.853,-1.901,0.078,-20.386,-13.489,-0.427
1.915,-1.925,0.101,-44.739,-26.611,-7.019
1.952,-1.936,0.080,-65.002,-39.185,-11.841
1.947,-1.912,0.033,-80.444,-51.758,-5.371
1.901,-1.843,-0.029,-90.698,-62.805,10.376
1.758,-1.712,-0.094,-94.482,-73.181,31.921
1.507,-1.592,-0.153,-91.980,-82.764,57.068
1.233,-1.466,-0.178,-84.717,-90.515,84.290
0.937,-1.312,-0.176,-75.684,-96.619,109.985
0.633,-1.191,-0.156,-62.927,-103.394,129.456
0.349,-1.069,-0.118,-49.927,-110.535,141.296
0.103,-0.977,-0.032,-40.833,-117.737,144.287
-0.084,-0.925,0.039,-39.795,-124.939,138.733
-0.237,-0.910,0.076,-49.255,-131.409,126.831
-0.385,-0.899,0.131,-66.101,-136.963,112.000
-0.515,-0.927,0.147,-80.200,-139.160,97.290
-0.608,-0.933,0.125,-87.036,-137.146,90.027
-0.684,-0.903,0.112,-86.914,-133.728,94.177
-0.787,-0.853,0.117,-82.764,-130.005,107.788
-0.920,-0.789,0.141,-70.618,-127.136,125.977
-1.020,-0.681,0.156,-53.711,-122.986,143.799
-1.133,-0.585,0.198,-34.790,-118.042,157.532
-1.242,-0.447,0.289,-15.686,-113.892,164.429
-1.325,-0.324,0.397,1.099,-108.032,161.560
-1.387,-0.220,0.499,13.977,-102.112,150.391
-1.464,-0.141,0.588,21.912,-99.487,133.362
-1.644,-0.178,0.676,25.146,-99.243,112.366
-1.565,-0.036,0.831,8.423,-97.412,98.206
-1.789,-0.148,0.806,3.540,-92.773,83.191
-1.759,-0.084,0.948,-14.038,-78.247,79.285
-1.780,-0.123,1.009,-18.738,-61.890,74.524
-1.760,-0.116,1.110,-22.522,-51.208,68.665
-1.731,-0.137,1.177,-21.423,-49.316,60.364
-1.735,-0.157,1.206,-9.521,-54.382,47.791
-1.746,-0.162,1.236,1.526,-54.688,36.133
-1.737,-0.153,1.224,12.695,-44.739,25.452
-1.736,-0.142,1.182,20.081,-26.489,14.221
-1.733,-0.140,1.131,20.630,-6.653,2.869
-1.709,-0.147,1.098,18.127,9.583,-6.226
-1.689,-0.152,1.053,18.555,20.752,-14.526
-1.656,-0.154,1.014,21.851,28.137,-21.362
-1.621,-0.141,0.986,27.283,33.447,-27.100
-1.582,-0.150,0.961,32.593,39.673,-32.593
-1.541,-0.145,0.949,34.607,45.959,-36.926
-1.511,-0.153,0.954,35.339,51.636,-41.077
-1.465,-0.161,0.956,34.180,58.960,-44.678
-1.441,-0.203,0.950,30.029,66.589,-48.645
-1.395,-0.256,0.940,21.118,73.181,-53.223
-1.340,-0.287,0.892,10.742,79.224,-58.594
-1.286,-0.329,0.790,3.296,87.097,-66.833
-1.219,-0.385,0.720,-1.099,97.168,-77.026

-1.074,-0.461,0.578,-2.075,109.314,-97.473
-1.016,-0.497,0.488,6.042,113.037,-102.600
-0.936,-0.526,0.397,16.418,118.958,-103.149
-0.866,-0.564,0.312,26.184,123.535,-104.004
-0.773,-0.634,0.235,35.828,125.488,-108.643
-0.650,-0.727,0.161,40.039,123.901,-114.502
-0.480,-0.853,0.107,40.039,120.789,-121.460
-0.253,-1.005,0.079,35.522,119.019,-127.319
0.002,-1.223,0.021,27.832,122.131,-131.531
0.359,-1.495,-0.110,14.465,130.920,-136.536
0.831,-1.821,-0.265,-4.028,140.381,-148.865
1.386,-2.196,-0.461,-22.156,140.137,-165.100
1.963,-2.602,-0.619,-30.273,130.127,-173.767
2.528,-2.956,-0.773,-24.536,107.910,-163.330
2.978,-3.154,-0.757,-12.634,92.224,-130.676
3.061,-3.210,-0.741,11.353,79.407,-81.726
3.716,-3.218,-0.654,37.354,65.369,-25.391
3.626,-3.071,-0.517,35.828,34.058,36.682
3.393,-2.789,-0.359,18.799,-1.404,92.407
3.047,-2.487,-0.275,2.930,-31.555,134.338
2.620,-2.108,-0.210,-16.174,-56.519,169.250
2.072,-1.724,-0.196,-24.414,-79.529,197.449
1.448,-1.381,-0.181,-22.095,-97.168,221.619
0.737,-1.101,-0.125,-11.719,-111.938,241.699
0.016,-0.902,-0.028,7.996,-124.451,255.127
-0.642,-0.767,0.157,28.564,-133.667,253.967
-1.167,-0.709,0.393,43.640,-145.020,233.398
-1.540,-0.726,0.642,48.157,-157.288,195.618
-1.791,-0.768,0.882,38.696,-164.673,150.696
-1.937,-0.825,1.061,19.897,-162.292,109.131
-1.999,-0.861,1.170,0.977,-148.987,78.247
-1.981,-0.880,1.239,-14.832,-127.258,60.547
-1.954,-0.840,1.269,-25.940,-103.455,54.016
-1.991,-0.735,1.258,-30.212,-81.238,56.946
-2.054,-0.577,1.256,-24.902,-57.678,66.956
-2.091,-0.413,1.234,-13.611,-32.043,76.355
-2.120,-0.263,1.211,-7.019,-10.132,79.468
-2.119,-0.122,1.181,-4.700,5.127,74.097
-2.075,-0.008,1.157,-3.479,17.639,59.387
-2.000,0.048,1.168,-3.357,27.527,39.124
-1.845,0.068,1.207,-5.188,35.950,17.822
-1.751,0.075,1.165,-1.404,42.969,-8.728
-1.535,0.079,1.139,-8.423,57.251,-29.602
-1.369,0.061,1.035,-10.071,65.857,-50.171
-1.173,0.016,0.931,-14.099,67.688,-67.200
-0.988,-0.044,0.809,-17.090,64.758,-82.397
-0.797,-0.127,0.710,-15.686,62.927,-95.032
-0.589,-0.221,0.608,-10.559,65.369,-106.384
-0.366,-0.343,0.503,-5.737,69.824,-118.896
-0.095,-0.492,0.389,-4.944,72.693,-131.775
0.220,-0.682,0.288,-8.728,69.519,-144.775
0.582,-0.958,0.174,-14.404,59.326,-158.508
0.941,-1.313,0.040,-20.325,45.959,-169.006
1.305,-1.703,-0.074,-26.550,33.203,-167.542
1.645,-1.995,-0.142,-29.419,21.667,-150.635
1.904,-2.127,-0.130,-24.841,10.742,-118.408
2.019,-2.112,-0.067,-12.146,2.197,-77.515
2.028,-1.951,-0.003,4.395,-1.099,-33.813
1.920,-1.751,0.080,15.198,-5.371,5.676
1.719,-1.599,0.129,15.503,-16.296,35.889
1.477,-1.465,0.178,8.606,-29.053,57.983
1.199,-1.373,0.222,-0.671,-40.710,72.388
0.920,-1.284,0.262,-7.812,-52.673,84.045
0.611,-1.208,0.305,-10.193,-62.683,95.398
0.316,-1.134,0.381,-8.118,-68.054,106.506
0.040,-1.065,0.475,-2.930,-70.557,114.868
-0.227,-1.016,0.560,2.869,-73.242,118.347
-0.501,-0.961,0.644,6.775,-75.623,119.263
-0.750,-0.874,0.727,11.230,-73.975,118.652
-0.947,-0.782,0.804,15.686,-66.223,114.624
-1.120,-0.697,0.875,16.968,-57.861,107.361
-1.286,-0.630,0.954,16.602,-51.392,100.403
-1.413,-0.560,1.035,16.541,-41.931,94.116
-1.488,-0.495,1.107,15.625,-30.151,86.304
-1.523,-0.441,1.184,11.353,-19.775,76.599
-1.544,-0.386,1.250,3.784,-11.108,65.674
-1.569,-0.335,1.260,-4.822,-1.221,54.321
-1.471,-0.283,1.278,-14.282,8.545,43.823
-1.481,-0.245,1.174,-16.541,13.733,28.503
-1.390,-0.206,1.147,-26.306,22.827,18.677
-1.316,-0.168,1.049,-25.452,32.288,8.667
-1.210,-0.137,0.962,-22.827,39.612,-2.075
-1.118,-0.131,0.877,-19.775,42.114,-13.855
-1.020,-0.152,0.789,-16.418,44.006,-26.978
-0.884,-0.183,0.686,-12.634,47.668,-40.894
-0.717,-0.230,0.618,-10.010,50.110,-55.420
-0.531,-0.305,0.572,-7.385,49.500,-70.251
-0.318,-0.355,0.508,-2.380,47.974,-84.778
-0.082,-0.486,0.476,-1.221,46.265,-94.849
0.124,-0.667,0.458,-2.075,43.091,-103.210
0.324,-0.874,0.391,-0.671,38.208,-107.727
0.542,-1.074,0.359,0.793,33.325,-105.469
0.743,-1.227,0.301,-5.554,28.442,-94.849
0.890,-1.320,0.252,-6.592,26.001,-80.444
1.071,-1.371,0.211,-3.296,23.804,-61.462
1.174,-1.397,0.242,0.000,23.804,-40.100
1.239,-1.392,0.255,5.737,17.395,-18.799
1.270,-1.391,0.287,8.423,9.644,-4.944
1.276,-1.397,0.300,5.127,2.136,3.784
1.253,-1.411,0.290,-0.610,-4.883,12.207
1.182,-1.371,0.265,-7.019,-12.451,19.775
1.081,-1.298,0.226,-12.451,-21.484,26.367
0.934,-1.225,0.214,-14.893,-32.288,35.400
0.755,-1.137,0.221,-14.221,-41.260,48.340
0.539,-1.055,0.268,-8.423,-48.279,63.660
0.293,-0.988,0.350,3.357,-53.101,78.369
0.022,-0.930,0.459,16.602,-56.519,89.844
-0.227,-0.880,0.597,26.062,-58.655,96.436
-0.475,-0.823,0.743,31.189,-58.838,98.022
-0.692,-0.775,0.848,31.128,-55.359,95.337
-0.850,-0.716,0.929,25.208,-49.805,87.280
-0.998,-0.664,0.998,14.771,-44.556,73.853
-1.086,-0.613,1.053,3.906,-41.016,59.448
-1.147,-0.567,1.086,-6.592,-37.720,45.959
-1.189,-0.530,1.093,-15.686,-32.959,33.936
-1.228,-0.499,1.084,-20.264,-26.794,26.489
-1.248,-0.468,1.076,-19.470,-18.372,23.376
-1.251,-0.446,1.072,-14.893,-7.202,21.667
-1.263,-0.410,1.069,-10.742,4.333,20.020

-1.236,-0.321,1.023,-9.888,32.349,12.024
-1.205,-0.274,0.951,-14.648,41.565,1.404
-1.162,-0.236,0.862,-20.020,46.387,-13.245
-1.100,-0.221,0.774,-21.667,49.316,-29.236
-1.000,-0.228,0.715,-19.165,50.842,-43.335
-0.902,-0.270,0.691,-13.245,50.720,-55.176
-0.797,-0.336,0.680,-7.019,51.270,-64.941
-0.644,-0.404,0.662,-3.845,54.565,-74.463
-0.445,-0.476,0.623,-5.737,57.373,-85.693
-0.221,-0.556,0.588,-11.108,55.054,-97.534
0.017,-0.678,0.562,-14.832,49.561,-108.215
0.263,-0.826,0.509,-15.625,46.021,-115.784
0.556,-0.979,0.454,-14.893,45.959,-118.286
0.864,-1.165,0.385,-15.381,44.983,-117.065
1.151,-1.381,0.305,-17.578,39.063,-112.000
1.398,-1.589,0.217,-21.423,30.334,-98.877
1.599,-1.752,0.145,-23.804,22.888,-77.148
1.743,-1.837,0.131,-23.254,19.043,-50.964
1.828,-1.831,0.154,-20.508,12.878,-21.362
1.771,-1.736,0.161,-15.686,1.953,9.399
1.599,-1.614,0.166,-11.169,-7.812,39.001
1.362,-1.500,0.160,-11.841,-14.832,64.392
1.121,-1.345,0.168,-13.916,-22.949,83.618
0.855,-1.182,0.152,-14.099,-30.457,94.666
0.572,-1.035,0.163,-13.977,-38.452,101.440
0.317,-0.914,0.225,-11.536,-49.377,106.812
0.070,-0.832,0.318,-6.104,-62.195,108.032
-0.166,-0.765,0.438,-2.747,-73.975,106.140
-0.393,-0.706,0.582,-0.610,-83.191,103.516
-0.632,-0.639,0.738,2.197,-87.708,101.013
-0.856,-0.558,0.868,4.578,-84.595,97.107
-1.048,-0.469,0.957,3.235,-74.829,90.942
-1.197,-0.403,1.019,-2.380,-62.622,82.581
-1.318,-0.368,1.054,-8.545,-53.589,72.083
-1.425,-0.342,1.050,-11.841,-47.974,60.303
-1.430,-0.340,1.121,-15.137,-41.870,52.063
-1.525,-0.294,1.015,-6.226,-33.997,38.269
-1.458,-0.326,1.071,-10.437,-12.268,37.354
-1.453,-0.320,1.051,-1.953,0.610,32.349
-1.442,-0.304,1.066,4.089,8.179,27.771
-1.416,-0.275,1.074,8.545,14.282,21.851
-1.375,-0.257,1.067,9.766,19.470,13.000
-1.342,-0.242,1.034,8.118,22.949,1.526
-1.307,-0.221,0.988,5.554,27.405,-12.573
-1.216,-0.228,0.921,2.075,34.485,-28.198
-1.120,-0.255,0.811,0.488,43.213,-43.396
-0.991,-0.251,0.796,1.953,50.476,-56.091
-0.848,-0.307,0.690,5.676,50.964,-64.087
-0.684,-0.366,0.638,7.324,53.101,-71.594
-0.484,-0.442,0.618,9.277,54.871,-78.918
-0.261,-0.556,0.584,12.817,57.495,-86.914
-0.050,-0.693,0.559,13.611,59.021,-93.506
0.177,-0.849,0.510,11.475,58.777,-98.022
0.459,-0.971,0.438,6.470,57.129,-101.379
0.751,-1.099,0.377,0.000,52.368,-103.455
1.039,-1.260,0.321,-3.418,44.800,-101.746
1.302,-1.429,0.259,-4.639,36.011,-93.689
1.505,-1.564,0.201,-6.470,27.283,-79.956
1.646,-1.638,0.149,-7.385,18.555,-59.875
1.669,-1.643,0.125,-6.836,8.850,-34.363
1.632,-1.575,0.135,-4.517,-1.282,-8.240
1.510,-1.472,0.135,-2.625,-11.353,15.442
1.344,-1.391,0.139,-3.479,-21.973,35.522
1.182,-1.291,0.182,-5.676,-32.959,49.316
1.018,-1.214,0.231,-6.897,-45.227,56.030
0.833,-1.158,0.272,-8.057,-58.167,58.716
0.626,-1.114,0.321,-9.338,-68.298,61.707
0.441,-1.074,0.375,-9.583,-74.219,64.697
0.250,-1.032,0.429,-8.057,-78.186,66.956
0.046,-1.002,0.507,-6.348,-81.543,70.984
-0.154,-0.969,0.577,-4.578,-82.397,76.599
-0.359,-0.921,0.632,-3.723,-80.078,82.214
-0.550,-0.854,0.678,-4.089,-75.378,86.731
-0.751,-0.754,0.697,-7.080,-69.153,88.989
-0.917,-0.618,0.712,-10.620,-60.974,87.280
-1.064,-0.496,0.731,-13.489,-53.162,80.505
-1.215,-0.408,0.753,-15.076,-46.875,69.458
-1.362,-0.345,0.824,-15.320,-38.086,56.335
-1.414,-0.302,0.961,-14.954,-27.954,45.532
-1.562,-0.275,0.947,-7.507,-20.569,34.485
-1.558,-0.244,1.041,-8.667,-5.493,29.724
-1.581,-0.222,1.093,-3.235,8.118,25.208
-1.577,-0.186,1.125,1.099,16.479,20.569
-1.574,-0.152,1.129,4.272,23.804,14.648
-1.556,-0.126,1.143,5.188,32.776,5.432
-1.500,-0.111,1.129,3.174,41.077,-6.897
-1.443,-0.111,1.089,0.061,47.180,-21.301
-1.363,-0.098,1.016,-2.502,54.260,-35.889
-1.270,-0.098,0.925,-3.113,60.669,-49.500
-1.160,-0.121,0.818,-1.282,63.721,-60.425
-1.045,-0.174,0.722,3.113,63.416,-69.763
-0.928,-0.241,0.652,10.132,61.584,-77.820
-0.799,-0.335,0.594,18.188,61.523,-85.327
-0.630,-0.430,0.560,24.414,64.819,-92.773
-0.437,-0.559,0.578,27.832,69.702,-100.647
-0.247,-0.732,0.566,30.518,73.486,-110.535
-0.005,-0.948,0.528,26.917,78.125,-117.798
0.271,-1.190,0.439,17.456,78.796,-124.023
0.561,-1.421,0.330,4.639,74.280,-127.014
0.870,-1.598,0.227,-6.226,66.956,-123.840
1.149,-1.733,0.120,-10.132,58.167,-112.366
1.376,-1.823,0.062,-7.202,49.438,-92.529
1.543,-1.833,0.035,1.709,41.016,-65.430
1.676,-1.783,0.079,14.038,31.433,-37.476
1.759,-1.785,0.147,27.100,18.188,-15.442
1.828,-1.853,0.208,34.912,5.005,-1.709
1.904,-1.917,0.259,29.175,-6.042,6.897
2.066,-1.993,0.266,12.634,-18.188,14.282
2.163,-2.076,0.241,-9.216,-31.372,22.949
2.238,-2.145,0.192,-34.546,-43.274,32.776
2.261,-2.182,0.111,-61.218,-53.833,47.119
2.123,-2.160,0.025,-82.947,-67.749,71.533
1.852,-2.072,-0.038,-92.773,-84.351,104.492
1.401,-1.947,-0.143,-91.980,-98.206,141.724
0.857,-1.692,-0.209,-85.938,-107.544,179.565
0.285,-1.394,-0.178,-74.219,-111.877,211.609
-0.311,-1.112,-0.089,-57.434,-111.206,229.187
-0.927,-0.835,0.062,-41.687,-104.370,234.253
-1.448,-0.558,0.198,-33.508,-92.529,228.210
