aX,aY,aZ,gX,gY,gZ
0.550,-1.041,1.226,-70.862,-26.001,46.143
0.562,-1.068,1.359,-87.036,-33.386,43.823
0.573,-1.135,1.494,-97.900,-35.706,36.194
0.552,-1.237,1.601,-106.689,-31.982,26.611
0.457,-1.343,1.681,-122.864,-22.949,11.719
0.435,-1.400,1.688,-120.667,-18.921,-0.427
0.373,-1.409,1.622,-110.962,-19.226,-7.263
0.294,-1.339,1.539,-105.225,-20.020,-11.780
0.262,-1.247,1.424,-101.685,-16.846,-17.334
0.191,-1.107,1.342,-98.755,-10.803,-19.409
0.170,-0.998,1.254,-93.140,-2.625,-20.569
0.203,-0.875,1.095,-83.862,5.493,-23.315
0.248,-0.691,0.908,-72.754,9.644,-24.841
0.304,-0.452,0.725,-61.707,10.681,-27.893
0.283,-0.153,0.571,-55.908,13.428,-37.415
0.312,0.100,0.392,-54.443,23.682,-50.110
0.350,0.355,0.187,-48.523,34.119,-57.251
0.292,0.698,0.008,-49.744,32.104,-53.284
0.205,1.074,-0.165,-56.763,23.865,-40.466
0.147,1.432,-0.401,-63.904,28.076,-19.836
0.029,1.867,-0.575,-70.313,51.392,17.212
0.017,2.262,-0.668,-81.116,64.758,46.814
0.075,2.528,-0.450,-103.455,49.744,52.368
0.174,2.622,0.016,-123.108,16.113,47.302
0.219,2.624,0.562,-132.202,-13.855,38.513
0.201,2.387,0.873,-116.943,-35.156,15.503
0.090,2.217,0.998,-80.200,-51.025,-9.766
-0.028,2.045,0.792,-34.729,-54.443,-28.931
-0.034,1.850,0.527,4.639,-46.936,-32.959
-0.022,1.665,0.360,31.067,-40.527,-19.104
-0.018,1.390,0.259,46.387,-46.570,-2.502
0.102,1.237,0.212,45.715,-41.077,22.339
0.117,1.090,0.230,25.940,-47.729,35.522
0.149,0.976,0.324,-2.808,-65.125,28.503
0.195,0.885,0.462,-21.606,-59.998,20.264
0.264,0.811,0.563,-25.696,-33.142,10.620
0.296,0.737,0.641,-26.062,-10.498,-3.357
0.296,0.674,0.707,-23.132,2.625,-16.174
0.275,0.599,0.759,-17.334,9.460,-22.827
0.271,0.513,0.797,-8.972,12.817,-22.705
0.314,0.400,0.806,0.305,13.916,-14.709
0.383,0.326,0.832,7.751,11.597,-3.113
0.483,0.269,0.853,9.277,4.456,6.836
0.552,0.250,0.888,5.005,-1.953,12.024
0.567,0.255,0.930,-1.770,-2.686,8.972
0.538,0.278,0.947,-6.348,3.784,-0.488
0.472,0.293,0.936,-7.629,13.428,-11.230
0.411,0.286,0.891,-5.554,20.081,-21.484
0.354,0.280,0.821,-1.770,21.667,-27.893
0.311,0.303,0.759,3.113,18.188,-29.053
0.308,0.332,0.718,5.249,14.160,-27.405
0.323,0.352,0.708,4.089,10.681,-23.376
0.358,0.362,0.700,0.732,6.714,-16.602
0.374,0.395,0.700,-3.540,0.793,-8.850
0.370,0.443,0.706,-8.057,-6.531,-2.808
0.337,0.479,0.721,-12.573,-12.695,0.122
0.323,0.512,0.736,-15.198,-14.404,0.000
0.304,0.543,0.743,-15.564,-11.658,-3.296
0.294,0.578,0.734,-14.771,-7.446,-9.399
0.261,0.610,0.729,-12.878,-3.540,-16.174
0.228,0.635,0.740,-10.376,-0.671,-20.996
0.195,0.656,0.759,-7.202,1.099,-22.034
0.173,0.659,0.769,-3.052,0.366,-19.409
0.149,0.671,0.779,0.916,-2.380,-14.526
0.136,0.673,0.797,3.723,-5.066,-8.667
0.142,0.660,0.811,6.042,-5.554,-3.296
0.156,0.646,0.821,8.423,-5.432,0.854
0.184,0.635,0.819,10.071,-6.653,5.371
0.215,0.610,0.816,8.972,-8.240,9.583
0.233,0.575,0.839,5.920,-8.667,12.268
0.265,0.544,0.854,2.747,-8.240,12.817
0.285,0.533,0.864,-0.549,-7.019,11.353
0.289,0.530,0.863,-3.052,-5.615,8.362
0.282,0.527,0.860,-4.761,-3.479,4.761
0.267,0.521,0.847,-4.517,-1.587,1.465
0.253,0.525,0.837,-2.502,-1.099,0.183
0.241,0.534,0.824,0.244,-1.770,1.038
0.232,0.530,0.810,2.563,-2.930,2.991
0.240,0.524,0.793,4.700,-3.967,5.859
0.247,0.523,0.789,6.897,-4.028,8.240
0.254,0.526,0.782,8.545,-3.540,9.216
0.268,0.531,0.768,9.827,-3.052,9.521
0.286,0.541,0.763,10.437,-2.991,9.155
0.283,0.549,0.766,10.986,-2.563,7.690
0.253,0.556,0.763,11.047,-1.831,5.005
0.220,0.562,0.765,11.230,-0.488,2.258
0.198,0.563,0.762,12.878,3.479,0.854
0.188,0.558,0.754,15.076,9.033,1.038
0.199,0.553,0.735,17.883,12.817,1.770
0.207,0.551,0.728,19.775,14.038,3.357
0.223,0.545,0.731,20.752,13.306,4.700
0.224,0.535,0.724,19.836,11.597,4.944
0.222,0.528,0.724,18.188,9.338,5.554
0.229,0.520,0.725,15.808,7.935,6.287
0.227,0.500,0.735,12.756,6.714,5.920
0.213,0.491,0.747,10.315,5.981,4.517
0.202,0.506,0.760,9.766,6.470,3.357
0.188,0.503,0.757,9.583,7.324,1.282
0.174,0.492,0.757,10.071,8.301,-0.916
0.175,0.484,0.753,12.451,9.399,0.000
0.180,0.490,0.749,15.381,9.644,3.723
0.203,0.484,0.745,17.212,8.545,8.301
0.224,0.466,0.746,16.357,7.385,13.123
0.245,0.450,0.769,14.465,6.165,16.907
0.266,0.441,0.810,12.817,6.226,17.578
0.271,0.421,0.834,12.390,7.751,14.893
0.272,0.405,0.850,13.367,9.521,10.864
0.263,0.404,0.849,14.832,11.414,8.484
0.259,0.396,0.842,16.663,12.573,7.874
0.250,0.372,0.838,17.334,12.634,8.301
0.240,0.351,0.840,16.785,10.742,10.010
0.240,0.337,0.842,15.259,8.606,13.672
0.254,0.323,0.859,11.963,7.568,17.761
0.271,0.322,0.878,8.057,6.836,19.958
0.272,0.341,0.902,5.493,5.066,19.531
0.263,0.371,0.923,4.944,4.456,16.907
0.245,0.411,0.928,7.385,5.920,12.634
0.216,0.439,0.921,11.658,9.644,8.240
0.235,0.453,0.894,18.127,15.930,4.639

0.193,1.473,0.785,-78.430,-41.931,7.874
0.138,1.406,0.765,-48.950,-36.255,-18.127
0.087,1.355,0.696,-19.226,-25.330,-33.264
0.011,1.241,0.589,3.662,-15.991,-42.419
0.057,1.118,0.530,10.803,-4.639,-39.612
0.050,1.023,0.525,10.437,-6.042,-24.963
0.077,0.958,0.539,9.583,-12.695,-9.338
0.106,0.930,0.553,6.531,-13.672,4.211
0.134,0.903,0.571,0.610,-11.414,9.399
0.159,0.868,0.618,-8.118,-8.667,6.836
0.192,0.814,0.693,-17.883,-2.075,1.587
0.252,0.727,0.763,-22.461,8.301,-1.831
0.319,0.651,0.797,-20.264,16.541,-1.953
0.373,0.583,0.799,-14.465,16.479,-0.549
0.425,0.514,0.789,-8.850,10.742,4.089
0.459,0.473,0.787,-4.028,3.418,10.559
0.498,0.454,0.778,0.122,-0.366,14.954
0.519,0.430,0.774,1.648,0.244,16.724
0.532,0.407,0.767,1.892,3.906,15.381
0.531,0.409,0.764,1.709,8.057,11.230
0.505,0.415,0.763,1.343,11.047,4.761
0.477,0.402,0.762,1.404,13.489,-1.587
0.465,0.385,0.759,2.747,15.076,-4.395
0.446,0.377,0.756,4.028,15.015,-4.517
0.433,0.372,0.757,4.089,12.756,-4.456
0.442,0.365,0.757,2.930,10.681,-2.319
0.452,0.368,0.762,1.038,7.263,1.099
0.443,0.389,0.773,-2.136,2.258,3.784
0.439,0.405,0.788,-5.554,-1.709,5.493
0.428,0.420,0.812,-8.240,-4.272,6.226
0.423,0.432,0.840,-9.094,-6.653,4.883
0.424,0.417,0.847,-8.545,-7.690,3.296
0.407,0.413,0.838,-6.042,-8.667,2.563
0.382,0.431,0.818,-3.784,-10.010,1.282
0.356,0.443,0.811,-3.296,-10.254,0.366
0.326,0.440,0.814,-4.028,-8.484,-0.244
0.303,0.449,0.815,-3.601,-5.920,-0.916
0.297,0.464,0.811,-3.235,-3.418,-1.038
0.305,0.462,0.823,-3.784,-1.770,-0.427
0.310,0.462,0.844,-4.272,-1.465,0.366
0.312,0.473,0.861,-3.479,-1.587,-0.305
0.326,0.468,0.868,-2.319,-1.282,-0.732
0.324,0.466,0.869,-0.671,-1.160,-0.305
0.315,0.462,0.866,1.282,-1.770,0.061
0.302,0.456,0.860,2.686,-2.869,0.244
0.305,0.453,0.850,3.479,-3.113,0.977
0.303,0.449,0.838,3.235,-2.563,1.892
0.292,0.442,0.830,1.892,-1.892,2.441
0.297,0.447,0.815,0.488,-1.343,2.686
0.312,0.454,0.815,-1.831,-0.671,3.235
0.319,0.448,0.825,-4.517,-1.099,2.441
0.314,0.460,0.834,-5.737,-2.563,1.282
0.306,0.473,0.832,-5.493,-3.479,0.488
0.298,0.484,0.834,-5.066,-3.235,-0.183
0.294,0.499,0.836,-3.784,-1.709,-0.977
0.297,0.510,0.836,-1.892,0.916,-1.709
0.299,0.516,0.834,0.305,3.418,-2.136
0.303,0.511,0.828,2.686,4.822,-2.563
0.306,0.509,0.826,3.540,4.822,-2.319
0.294,0.506,0.829,3.601,3.784,-2.258
0.283,0.503,0.832,4.150,2.930,-2.197
0.273,0.494,0.831,4.761,2.747,-1.770
0.267,0.483,0.823,5.066,3.235,-1.099
0.259,0.478,0.820,4.944,3.357,-0.183
0.258,0.471,0.820,4.089,3.479,1.160
0.262,0.472,0.830,2.991,4.150,2.991
0.262,0.462,0.837,1.953,4.089,3.418
0.273,0.459,0.834,2.319,2.747,4.150
0.284,0.447,0.827,2.380,1.221,6.470
0.287,0.432,0.819,2.136,0.305,7.935
0.290,0.435,0.814,2.075,-0.427,8.545
0.286,0.439,0.810,2.380,0.549,8.545
0.289,0.438,0.804,2.991,3.357,7.935
0.294,0.447,0.798,3.906,7.629,6.042
0.292,0.462,0.802,4.517,11.780,2.686
0.286,0.464,0.803,5.371,16.113,-1.038
0.283,0.457,0.796,6.531,20.264,-4.211
0.264,0.461,0.794,8.362,22.278,-7.202
0.251,0.467,0.794,11.047,23.071,-7.996
0.248,0.470,0.790,13.245,22.949,-5.859
0.243,0.467,0.794,15.320,21.179,-1.831
0.250,0.470,0.790,17.883,18.555,3.479
0.270,0.480,0.780,19.714,15.503,9.460
0.290,0.484,0.771,19.531,12.512,14.099
0.296,0.489,0.777,18.860,9.827,16.479
0.314,0.495,0.780,18.738,8.667,16.357
0.323,0.485,0.773,17.456,8.972,14.160
0.309,0.465,0.785,16.785,10.132,10.864
0.315,0.447,0.771,17.334,12.817,8.484
0.316,0.435,0.766,16.968,15.015,7.751
0.315,0.428,0.763,16.907,15.137,7.141
0.311,0.437,0.774,17.700,14.343,7.385
0.301,0.436,0.786,19.470,13.855,8.545
0.297,0.430,0.792,21.545,14.587,9.644
0.301,0.431,0.785,25.024,15.686,11.536
0.307,0.418,0.776,27.588,17.151,13.611
0.320,0.393,0.767,27.832,18.616,15.442
0.331,0.377,0.765,26.123,19.348,16.663
0.342,0.380,0.778,25.757,18.921,17.700
0.362,0.382,0.799,26.611,19.287,18.616
0.381,0.365,0.786,25.146,21.057,18.921
0.383,0.332,0.784,20.935,21.790,18.005
0.377,0.303,0.803,17.944,21.667,16.846
0.400,0.293,0.819,17.395,22.522,17.883
0.409,0.288,0.847,17.090,23.132,18.616
0.430,0.269,0.856,15.015,22.644,18.005
0.450,0.264,0.868,14.221,21.973,17.273
0.466,0.267,0.871,13.611,21.912,17.090
0.467,0.264,0.884,13.672,21.790,16.968
0.474,0.262,0.888,14.771,20.630,17.334
0.474,0.256,0.889,15.625,19.287,17.944
0.469,0.251,0.893,16.724,18.127,18.860
0.473,0.250,0.883,18.494,17.517,17.944
0.450,0.238,0.879,19.775,16.968,14.526
0.428,0.238,0.873,23.254,16.479,10.376
0.402,0.240,0.871,28.137,18.311,7.080
0.394,0.230,0.858,32.227,22.461,4.395
0.417,0.228,0.841,34.912,27.344,2.625
0.432,0.224,0.831,36.987,30.090,1.953

0.465,-0.758,1.230,-37.964,-26.855,-7.507
0.418,-0.798,1.204,-37.659,-22.827,-11.536
0.333,-0.909,1.184,-42.358,-18.677,-12.085
0.264,-0.982,1.239,-51.086,-15.564,-11.658
0.211,-1.024,1.304,-60.852,-14.893,-8.118
0.173,-1.078,1.337,-71.960,-16.052,-0.854
0.222,-1.103,1.332,-81.177,-18.860,6.653
0.321,-1.065,1.219,-80.200,-23.315,15.869
0.438,-0.950,1.013,-74.036,-25.330,24.902
0.528,-0.727,0.808,-65.857,-19.348,26.978
0.721,-0.483,0.622,-59.204,-3.662,20.386
0.872,-0.212,0.449,-59.631,13.916,7.080
0.910,0.117,0.293,-61.401,22.278,-11.963
0.919,0.469,0.150,-65.552,27.893,-27.893
0.752,0.827,0.051,-71.960,21.057,-43.335
0.516,1.173,-0.005,-79.651,5.432,-57.861
0.404,1.524,-0.052,-81.848,-0.244,-57.434
0.275,1.814,-0.052,-79.773,5.310,-47.241
0.196,2.004,-0.025,-77.087,12.695,-34.851
0.174,2.113,0.023,-75.012,11.658,-20.264
0.185,2.131,0.105,-76.660,3.967,-4.333
0.283,2.117,0.230,-80.811,-5.249,10.254
0.318,2.113,0.368,-79.224,-17.822,18.066
0.287,2.034,0.459,-68.665,-29.236,11.780
0.249,1.887,0.527,-52.979,-33.752,0.427
0.240,1.730,0.591,-33.813,-33.630,-7.385
0.203,1.433,0.575,-10.559,-38.208,-16.907
0.244,1.242,0.527,4.517,-31.311,-14.709
0.205,1.092,0.452,14.160,-34.485,-5.005
0.142,0.984,0.398,14.893,-53.406,-3.723
0.106,0.881,0.361,11.658,-55.298,2.136
0.078,0.799,0.337,5.493,-45.776,4.028
0.078,0.715,0.396,-6.531,-36.377,1.465
0.109,0.640,0.497,-19.348,-19.775,-0.610
0.182,0.585,0.610,-27.100,-5.432,-3.235
0.242,0.534,0.738,-30.823,2.258,-6.409
0.291,0.468,0.826,-28.870,8.301,-7.019
0.354,0.401,0.856,-21.545,11.536,-4.395
0.379,0.374,0.845,-12.024,10.498,-1.160
0.399,0.369,0.825,-5.432,9.399,0.793
0.416,0.356,0.819,-3.479,10.620,1.282
0.441,0.338,0.828,-3.723,14.038,-0.366
0.458,0.331,0.820,-2.808,16.602,-2.747
0.476,0.317,0.811,-0.549,16.357,-4.883
0.541,0.286,0.802,1.404,14.587,-3.845
0.594,0.263,0.782,3.235,9.644,-0.488
0.589,0.268,0.751,3.540,0.427,1.526
0.567,0.292,0.724,2.380,-7.874,1.831
0.552,0.335,0.705,-0.061,-11.047,0.671
0.513,0.391,0.699,-3.174,-10.376,-2.930
0.465,0.446,0.694,-6.958,-7.507,-7.385
0.424,0.467,0.706,-11.475,-3.784,-10.437
0.396,0.474,0.724,-14.404,-2.808,-10.986
0.392,0.493,0.736,-14.465,-5.005,-8.240
0.409,0.495,0.742,-14.587,-9.155,-3.723
0.405,0.494,0.754,-15.747,-14.832,-0.488
0.380,0.502,0.760,-16.174,-19.592,0.061
0.350,0.518,0.754,-14.954,-20.996,-0.671
0.315,0.523,0.755,-13.672,-19.104,-1.892
0.281,0.524,0.762,-12.085,-15.808,-3.296
0.250,0.543,0.770,-10.010,-12.634,-4.578
0.223,0.544,0.780,-8.728,-10.132,-6.104
0.203,0.544,0.786,-7.202,-7.812,-6.592
0.204,0.542,0.788,-5.432,-4.761,-4.639
0.222,0.521,0.802,-4.761,-2.441,-1.160
0.234,0.508,0.817,-3.967,-2.747,2.502
0.240,0.504,0.820,-2.747,-3.906,6.104
0.241,0.488,0.820,-2.075,-4.456,8.606
0.243,0.472,0.817,-1.709,-5.005,9.827
0.255,0.464,0.816,-1.831,-4.639,10.986
0.274,0.441,0.822,-2.625,-3.662,12.146
0.303,0.426,0.829,-3.174,-4.150,12.756
0.331,0.426,0.833,-3.174,-5.249,13.000
0.342,0.436,0.829,-2.991,-5.493,12.268
0.343,0.441,0.826,-3.357,-4.456,9.888
0.337,0.456,0.827,-3.418,-2.991,7.507
0.332,0.474,0.822,-2.747,-1.160,5.310
0.318,0.488,0.821,-2.136,0.549,2.747
0.304,0.504,0.816,-0.732,2.258,0.305
0.313,0.517,0.803,1.038,4.517,-1.038
0.319,0.519,0.793,1.709,6.042,-1.648
0.317,0.530,0.787,2.747,6.653,-2.563
0.323,0.543,0.772,4.089,8.728,-2.136
0.335,0.544,0.766,4.761,11.414,-1.648
0.345,0.544,0.764,4.517,13.306,-1.587
0.355,0.549,0.771,4.456,13.977,-1.648
0.372,0.564,0.771,3.967,13.123,-2.258
0.357,0.551,0.780,2.197,10.010,-4.272
0.336,0.542,0.783,1.343,6.470,-5.371
0.325,0.541,0.777,2.319,5.371,-3.235
0.328,0.527,0.777,2.930,4.456,-0.793
0.335,0.518,0.782,3.174,2.136,1.709
0.336,0.518,0.781,3.601,-0.122,4.333
0.343,0.515,0.779,3.540,-1.709,5.554
0.349,0.508,0.771,3.357,-1.892,6.409
0.351,0.496,0.767,2.869,-1.282,6.531
0.352,0.490,0.769,2.136,-0.122,6.470
0.352,0.491,0.779,1.404,1.343,6.165
0.347,0.490,0.790,1.221,2.136,5.249
0.339,0.481,0.791,2.380,2.502,4.700
0.343,0.481,0.787,4.272,2.319,4.761
0.346,0.483,0.782,6.165,1.709,5.005
0.337,0.477,0.779,7.019,1.831,5.615
0.345,0.479,0.774,8.118,2.441,6.348
0.354,0.487,0.766,9.155,3.235,6.226
0.352,0.491,0.756,9.827,3.967,5.371
0.346,0.498,0.756,11.047,3.906,3.845
0.352,0.508,0.752,13.062,4.517,2.258
0.349,0.524,0.745,15.503,5.432,0.427
0.346,0.532,0.751,18.921,5.920,-2.075
0.339,0.535,0.739,20.874,6.287,-4.456
0.319,0.528,0.731,22.949,6.775,-6.653
0.312,0.532,0.708,26.245,9.338,-6.470
0.314,0.535,0.696,30.090,13.184,-4.822
0.333,0.524,0.704,32.959,16.846,-3.723
0.348,0.499,0.715,33.508,18.372,-3.601
0.347,0.470,0.729,31.616,17.456,-4.089
0.336,0.447,0.754,29.114,15.991,-3.662
0.333,0.431,0.765,27.771,14.343,-2.625

0.240,-0.637,1.986,-49.072,0.244,4.578
0.208,-0.698,2.039,-38.269,9.583,-4.822
0.182,-0.772,1.930,-18.188,20.874,-14.587
0.172,-0.840,1.731,6.653,27.832,-16.968
0.197,-0.892,1.516,23.987,25.635,-10.864
0.238,-0.944,1.309,25.085,14.038,3.601
0.289,-1.016,1.141,13.062,-2.869,25.085
0.358,-1.067,1.014,-5.615,-21.301,47.729
0.484,-1.071,0.932,-25.085,-34.851,65.979
0.640,-1.028,0.862,-42.236,-39.673,74.585
0.750,-0.963,0.783,-54.382,-37.354,70.557
0.798,-0.877,0.674,-62.561,-29.541,51.697
0.765,-0.764,0.522,-69.824,-15.137,20.508
0.678,-0.589,0.335,-75.500,5.371,-11.719
0.622,-0.346,0.183,-79.651,29.297,-36.438
0.590,-0.026,0.076,-84.778,46.265,-51.819
0.489,0.292,0.002,-90.637,48.645,-61.279
0.454,0.613,-0.049,-92.957,38.025,-62.134
0.417,0.916,-0.063,-92.957,21.973,-54.688
0.405,1.213,-0.055,-91.248,5.066,-46.814
0.328,1.481,-0.021,-89.661,-7.019,-44.006
0.215,1.618,0.050,-89.539,-11.963,-46.204
0.250,1.663,0.127,-88.562,-11.597,-40.955
0.228,1.813,0.215,-79.346,-16.724,-25.513
0.187,1.931,0.263,-63.965,-24.414,-18.005
0.183,1.907,0.246,-52.246,-27.161,-21.606
0.079,1.901,0.264,-44.556,-29.480,-29.053
0.003,1.855,0.286,-37.170,-32.715,-36.438
0.056,1.731,0.314,-35.034,-26.611,-35.278
0.058,1.608,0.362,-35.706,-29.053,-23.132
0.053,1.496,0.404,-33.936,-45.654,-14.404
0.047,1.307,0.433,-31.128,-63.538,-5.798
0.108,1.128,0.409,-28.320,-71.838,8.789
0.159,0.989,0.390,-25.635,-76.416,22.339
0.200,0.901,0.384,-25.635,-75.806,26.794
0.208,0.851,0.403,-28.381,-64.880,19.470
0.197,0.814,0.450,-31.982,-44.861,2.991
0.159,0.773,0.522,-34.729,-22.095,-14.404
0.149,0.724,0.605,-34.729,-2.502,-26.550
0.174,0.684,0.694,-31.921,10.681,-30.518
0.179,0.691,0.790,-25.269,18.616,-28.748
0.239,0.685,0.844,-15.991,24.536,-25.146
0.308,0.666,0.886,-7.935,29.480,-21.912
0.330,0.640,0.911,-1.465,31.189,-20.508
0.349,0.594,0.906,3.967,29.846,-17.883
0.388,0.529,0.872,7.629,26.611,-9.705
0.410,0.481,0.834,9.460,19.165,0.916
0.422,0.454,0.805,9.033,9.766,8.423
0.444,0.425,0.786,6.165,3.601,13.000
0.475,0.394,0.757,2.930,1.038,17.334
0.503,0.370,0.730,-1.099,-0.916,19.287
0.522,0.371,0.721,-6.104,-3.662,18.005
0.510,0.385,0.724,-10.010,-5.920,14.099
0.481,0.408,0.726,-11.963,-5.432,7.263
0.445,0.439,0.726,-12.451,-2.991,0.122
0.427,0.466,0.733,-12.146,-0.061,-5.493
0.395,0.492,0.749,-10.925,1.282,-9.338
0.366,0.513,0.762,-7.935,0.244,-11.414
0.355,0.542,0.759,-3.479,-2.380,-11.353
0.339,0.554,0.769,-0.305,-5.310,-9.644
0.318,0.531,0.774,2.197,-7.812,-7.812
0.297,0.529,0.760,4.944,-10.315,-6.287
0.277,0.536,0.740,6.226,-11.902,-5.981
0.259,0.535,0.733,4.944,-12.085,-5.859
0.251,0.530,0.748,1.343,-11.292,-5.249
0.253,0.531,0.776,-1.831,-9.888,-4.211
0.253,0.528,0.797,-4.028,-8.057,-3.113
0.245,0.536,0.803,-5.249,-6.042,-2.319
0.225,0.543,0.811,-6.042,-4.639,-1.282
0.213,0.545,0.823,-6.470,-3.967,0.427
0.219,0.543,0.825,-5.310,-3.845,3.418
0.223,0.545,0.823,-3.723,-4.639,6.897
0.220,0.551,0.829,-2.502,-5.798,8.667
0.245,0.555,0.837,-1.160,-5.859,9.155
0.266,0.544,0.834,0.122,-4.517,8.667
0.257,0.540,0.828,0.671,-4.333,7.080
0.241,0.542,0.817,1.526,-4.700,5.249
0.225,0.550,0.809,2.686,-3.784,3.601
0.215,0.563,0.804,3.967,-2.319,1.892
0.208,0.574,0.812,5.005,-0.305,0.244
0.207,0.581,0.810,6.897,2.686,-0.610
0.202,0.601,0.800,9.399,5.249,-0.610
0.211,0.610,0.796,10.742,6.409,-0.854
0.223,0.594,0.794,11.169,6.470,-1.038
0.226,0.575,0.781,11.780,5.005,0.244
0.238,0.566,0.769,12.573,3.418,3.235
0.258,0.548,0.764,11.719,2.319,6.226
0.297,0.532,0.769,9.644,1.282,7.141
0.310,0.510,0.774,6.897,0.366,6.226
0.309,0.501,0.770,5.005,0.916,4.333
0.303,0.507,0.761,4.700,3.113,2.747
0.295,0.504,0.756,4.639,5.859,1.282
0.296,0.495,0.756,4.578,7.812,0.549
0.296,0.489,0.763,5.310,7.751,0.610
0.299,0.489,0.773,6.531,6.592,1.465
0.308,0.485,0.784,7.385,5.737,2.136
0.319,0.475,0.792,8.484,5.737,1.282
0.311,0.475,0.793,9.399,7.629,0.000
0.306,0.490,0.794,10.742,8.728,-3.113
0.300,0.493,0.786,11.230,12.024,-6.836
0.281,0.492,0.774,10.925,15.137,-9.583
0.262,0.502,0.770,10.254,14.587,-11.230
0.239,0.500,0.774,9.338,13.672,-9.705
0.237,0.502,0.773,9.766,12.939,-4.944
0.234,0.502,0.775,10.376,10.315,0.793
0.240,0.502,0.793,11.169,7.385,7.019
0.258,0.493,0.789,12.939,4.883,12.085
0.270,0.500,0.770,14.343,1.831,14.343
0.260,0.514,0.760,14.709,-0.916,14.221
0.247,0.526,0.749,14.526,-1.465,12.573
0.245,0.523,0.734,13.550,0.427,10.315
0.229,0.529,0.731,12.756,2.930,8.301
0.217,0.542,0.729,13.611,5.859,6.165
0.219,0.560,0.719,14.954,9.583,4.883
0.217,0.579,0.733,17.395,13.062,4.272
0.269,0.603,0.734,22.400,16.479,4.150
0.280,0.615,0.729,25.818,18.311,3.418
0.280,0.597,0.729,28.137,17.883,0.977
0.283,0.562,0.727,30.701,17.517,0.916

0.761,-0.429,1.499,-56.824,-9.277,-1.160
0.569,-0.708,1.685,-72.266,-9.827,-7.263
0.263,-1.068,1.900,-91.980,-10.498,-13.245
-0.153,-1.411,2.136,-112.427,-12.024,-14.832
-0.574,-1.665,2.269,-130.188,-9.216,-15.320
-0.913,-1.825,2.224,-134.827,4.456,-8.179
-1.161,-1.984,2.124,-127.930,31.372,10.376
-1.171,-2.092,2.084,-124.939,64.270,37.659
-0.945,-2.077,1.950,-125.916,97.290,79.895
-0.425,-1.884,1.742,-134.155,121.765,136.536
0.033,-1.528,1.536,-165.588,124.695,181.458
0.452,-1.060,1.244,-189.941,116.516,203.369
1.138,-0.530,1.062,-186.462,103.394,215.820
1.475,-0.160,0.942,-171.143,73.120,191.223
1.245,0.330,0.508,-136.169,35.889,115.173
0.853,0.825,-0.237,-85.571,44.189,30.762
0.376,1.130,-0.874,-57.739,95.703,-34.058
-0.104,1.471,-1.132,-64.514,131.775,-67.993
-0.378,1.856,-1.116,-81.726,120.789,-61.157
-0.514,2.161,-1.006,-89.050,81.055,-29.907
-0.552,2.401,-0.869,-80.505,30.945,-3.235
-0.568,2.456,-0.809,-63.965,-3.906,-6.531
-0.701,2.450,-0.846,-40.771,-10.132,-30.518
-0.741,2.323,-0.844,-24.780,10.315,-49.561
-0.699,2.076,-0.714,-26.917,29.541,-50.903
-0.550,1.864,-0.478,-34.912,29.175,-34.790
-0.340,1.686,-0.228,-35.706,15.259,-7.690
0.010,1.476,-0.109,-28.137,4.395,18.433
0.303,1.298,-0.062,-17.517,-2.136,34.485
0.471,1.149,-0.074,-9.460,-2.930,32.654
0.575,0.994,-0.080,-7.141,7.202,20.447
0.625,0.923,-0.014,-10.193,17.578,8.789
0.674,0.867,0.048,-10.132,23.010,-5.310
0.615,0.855,0.118,-13.123,28.442,-8.484
0.588,0.843,0.204,-15.991,21.179,-11.230
0.496,0.897,0.221,-18.677,22.827,-9.338
0.605,0.885,0.342,-19.836,32.776,-6.714
0.581,0.885,0.501,-21.484,23.437,-8.972
0.569,0.854,0.569,-15.198,14.587,-9.827
0.606,0.807,0.600,-6.042,12.817,-4.700
0.632,0.773,0.595,4.272,9.033,-0.244
0.594,0.768,0.562,12.024,0.000,1.282
0.571,0.757,0.510,15.930,-4.333,2.258
0.572,0.731,0.449,14.160,-3.845,2.319
0.555,0.723,0.426,6.348,-3.418,0.610
0.522,0.713,0.438,-2.502,-4.089,-4.333
0.512,0.692,0.452,-7.996,-1.404,-8.667
0.510,0.675,0.456,-8.789,2.258,-8.240
0.509,0.647,0.448,-6.714,3.723,-5.615
0.549,0.627,0.436,-3.601,5.493,-1.587
0.577,0.618,0.451,-1.892,5.249,0.549
0.569,0.617,0.474,-0.366,3.479,-0.488
0.551,0.620,0.478,3.113,2.991,-1.404
0.549,0.614,0.484,6.775,2.258,-1.038
0.575,0.601,0.514,8.667,-0.427,0.854
0.589,0.600,0.550,9.521,-4.944,2.930
0.582,0.611,0.563,10.315,-9.155,3.723
0.576,0.623,0.568,9.583,-10.864,5.371
0.579,0.632,0.573,7.019,-11.902,7.507
0.571,0.642,0.590,3.906,-14.038,9.033
0.560,0.667,0.608,2.197,-16.052,9.705
0.538,0.686,0.611,2.441,-15.564,8.545
0.531,0.697,0.601,2.808,-12.573,6.897
0.521,0.711,0.596,2.075,-11.108,5.371
0.516,0.709,0.604,0.244,-11.230,3.540
0.531,0.711,0.630,-0.793,-11.719,1.831
0.547,0.728,0.653,-0.061,-13.306,0.793
0.545,0.744,0.662,2.136,-15.137,-0.854
0.529,0.763,0.661,5.005,-15.930,-2.319
0.504,0.775,0.655,8.179,-16.052,-4.150
0.477,0.778,0.644,11.292,-16.235,-5.493
0.448,0.783,0.637,14.221,-17.334,-5.615
0.422,0.778,0.621,16.541,-19.165,-4.578
0.403,0.756,0.609,18.188,-20.996,-2.319
0.394,0.730,0.594,19.531,-23.437,1.099
0.382,0.709,0.581,20.020,-26.306,4.517
0.393,0.684,0.568,18.494,-28.442,7.690
0.415,0.666,0.569,15.991,-31.494,11.108
0.418,0.654,0.579,13.550,-35.339,12.390
0.414,0.652,0.577,11.902,-37.170,11.658
0.410,0.647,0.572,10.864,-36.133,10.132
0.401,0.638,0.572,9.888,-33.875,7.812
0.394,0.632,0.575,10.132,-31.799,5.371
0.375,0.633,0.563,11.353,-30.212,3.418
0.360,0.623,0.547,11.475,-28.137,3.540
0.375,0.611,0.546,10.132,-25.818,5.737
0.399,0.612,0.556,7.446,-26.550,8.240
0.397,0.620,0.566,2.869,-29.663,8.972
0.397,0.635,0.586,-1.831,-31.738,8.545
0.409,0.656,0.610,-3.784,-32.471,7.629
0.402,0.666,0.628,-3.906,-33.813,4.700
0.379,0.673,0.647,-2.502,-34.973,0.916
0.350,0.667,0.658,0.183,-33.813,-1.953
0.335,0.650,0.666,4.089,-30.273,-4.089
0.324,0.637,0.664,8.118,-26.428,-4.761
0.318,0.625,0.655,11.597,-23.010,-2.869
0.315,0.616,0.648,13.428,-20.264,0.183
0.319,0.612,0.652,13.794,-18.555,4.639
0.329,0.616,0.658,13.184,-17.578,8.911
0.330,0.626,0.675,12.329,-18.005,12.024
0.330,0.637,0.691,13.794,-18.555,12.268
0.314,0.633,0.689,16.602,-18.005,9.705
0.285,0.633,0.685,20.203,-17.578,6.470
0.263,0.629,0.682,23.621,-17.456,2.319
0.253,0.633,0.664,26.978,-14.587,-0.366
0.257,0.633,0.637,29.114,-9.277,-1.343
0.268,0.622,0.630,28.503,-4.578,-2.258
0.278,0.625,0.630,27.466,-1.892,-2.686
0.286,0.630,0.634,26.672,0.305,-2.441
0.279,0.603,0.641,23.560,1.038,-2.686
0.279,0.571,0.658,20.020,-0.854,-1.770
0.291,0.567,0.672,18.250,-5.127,1.831
0.308,0.590,0.708,16.296,-11.353,5.615
0.321,0.581,0.746,13.489,-17.822,5.005
0.316,0.573,0.756,12.024,-23.926,1.770
0.300,0.585,0.736,13.672,-28.625,-0.244
0.308,0.579,0.715,13.855,-29.175,-2.441
0.311,0.568,0.703,11.108,-28.748,-5.554
0.297,0.548,0.709,6.287,-32.654,-10.132

0.170,0.151,2.301,17.029,19.592,-37.964
0.037,-0.163,2.697,8.118,28.137,-47.058
-0.239,-0.579,3.144,-5.920,33.081,-53.833
-0.532,-0.969,3.571,-21.179,31.494,-57.861
-0.601,-1.259,3.786,-23.315,21.667,-49.316
-0.513,-1.403,3.658,-1.160,-6.531,-19.226
-0.397,-1.516,3.324,33.630,-48.462,17.334
-0.182,-1.684,2.879,60.547,-78.430,42.175
0.065,-1.775,2.272,84.229,-78.308,46.570
0.245,-1.846,1.606,102.356,-52.124,28.381
0.438,-1.809,0.859,101.318,-14.526,-9.705
0.781,-1.529,0.190,76.172,24.170,-57.678
0.739,-1.061,-0.387,33.508,39.612,-100.830
0.360,-0.316,-0.802,-15.137,28.687,-116.516
0.254,0.509,-1.131,-49.194,15.503,-92.896
0.323,1.402,-1.414,-62.195,14.343,-49.500
0.736,2.358,-1.367,-73.364,20.996,-23.254
0.325,2.836,-1.180,-84.106,9.705,-51.575
-0.221,3.041,-0.953,-76.721,-15.686,-96.436
-0.451,3.156,-0.861,-51.025,-3.784,-101.501
-0.547,3.020,-0.821,-28.320,25.513,-77.026
-0.476,2.719,-0.747,-20.142,28.931,-36.438
-0.456,2.352,-0.586,-25.696,4.822,9.216
-0.131,1.942,-0.336,-37.842,-20.447,57.922
0.211,1.619,-0.047,-50.354,-33.752,84.900
0.406,1.395,0.185,-52.002,-37.170,88.196
0.546,1.204,0.343,-47.119,-28.992,70.557
0.500,0.995,0.422,-40.955,-14.832,43.335
0.458,0.842,0.423,-28.015,-3.906,22.888
0.443,0.735,0.433,-17.029,1.587,12.878
0.448,0.662,0.494,-11.902,2.319,7.751
0.416,0.639,0.542,-8.362,1.221,2.808
0.375,0.641,0.570,-5.798,1.282,-1.831
0.315,0.642,0.600,-3.845,3.418,-7.507
0.232,0.652,0.650,-2.869,6.836,-15.076
0.217,0.685,0.698,-4.028,13.733,-19.714
0.116,0.734,0.769,-3.052,11.475,-20.630
0.122,0.744,0.805,-2.930,14.221,-27.649
0.124,0.756,0.841,-1.282,12.634,-23.743
0.132,0.781,0.847,1.343,8.118,-21.301
0.090,0.787,0.832,4.639,2.625,-16.602
0.074,0.768,0.814,6.348,-4.272,-13.916
0.070,0.743,0.785,6.897,-7.324,-10.620
0.059,0.713,0.758,6.531,-7.568,-7.629
0.061,0.663,0.742,4.517,-5.981,-3.540
0.092,0.627,0.738,1.038,-3.540,0.610
0.131,0.607,0.733,-1.526,-1.709,3.052
0.156,0.592,0.743,-2.747,-0.183,3.418
0.178,0.562,0.753,-2.258,2.869,3.601
0.196,0.531,0.743,-0.244,4.700,3.662
0.210,0.501,0.749,2.258,3.967,3.967
0.220,0.478,0.766,4.028,3.052,4.395
0.217,0.470,0.778,5.920,1.770,4.822
0.207,0.473,0.768,8.484,1.221,5.249
0.196,0.476,0.761,10.132,1.404,6.165
0.198,0.472,0.757,10.254,1.343,7.019
0.199,0.468,0.750,9.949,0.854,7.019
0.195,0.449,0.749,7.385,0.427,6.470
0.185,0.441,0.773,4.150,-0.366,6.958
0.189,0.458,0.808,2.930,-1.404,8.362
0.204,0.472,0.828,2.747,-1.282,9.277
0.230,0.487,0.838,1.892,0.427,8.911
0.230,0.507,0.867,-0.305,2.869,6.714
0.209,0.539,0.893,-1.343,3.967,2.930
0.186,0.574,0.897,1.282,4.944,-0.793
0.162,0.608,0.868,5.554,6.226,-2.563
0.131,0.626,0.851,8.057,5.859,-3.601
0.105,0.641,0.858,8.423,4.211,-3.540
0.089,0.654,0.858,9.094,3.296,-2.075
0.088,0.656,0.853,10.498,2.441,-0.305
0.103,0.644,0.840,10.681,0.061,2.808
0.093,0.623,0.835,8.667,-2.991,7.690
0.097,0.615,0.827,6.775,-6.531,13.123
0.092,0.603,0.824,5.188,-10.925,16.968
0.085,0.597,0.816,4.028,-14.221,19.043
0.072,0.589,0.802,2.930,-15.808,19.592
0.047,0.587,0.786,2.136,-16.052,18.860
0.039,0.589,0.769,2.625,-14.771,17.822
0.026,0.574,0.773,2.808,-13.428,15.869
0.027,0.551,0.774,3.052,-13.123,14.709
0.037,0.547,0.778,3.357,-13.611,15.747
0.041,0.538,0.782,3.479,-14.343,16.968
0.043,0.529,0.787,4.211,-14.771,17.578
0.046,0.529,0.774,5.432,-14.893,17.822
0.041,0.521,0.769,5.432,-15.198,17.761
0.025,0.511,0.768,3.845,-14.160,17.334
0.025,0.504,0.773,2.625,-11.230,16.663
0.033,0.511,0.784,1.099,-8.484,16.296
0.044,0.506,0.807,-0.427,-7.629,14.160
0.043,0.508,0.820,-0.916,-6.409,13.428
0.037,0.512,0.821,-0.305,-4.700,13.550
0.036,0.518,0.821,0.488,-4.639,13.184
0.028,0.515,0.813,2.075,-5.737,13.794
0.024,0.514,0.794,3.418,-7.568,14.893
0.010,0.504,0.789,3.601,-10.376,15.442
0.014,0.495,0.788,3.052,-11.475,15.076
0.010,0.492,0.796,2.075,-10.254,13.794
-0.003,0.489,0.809,0.366,-7.080,11.475
-0.001,0.484,0.825,-1.465,-2.136,10.498
0.016,0.495,0.834,-2.258,3.174,10.010
0.013,0.499,0.838,-3.418,5.920,8.423
0.000,0.508,0.849,-4.272,6.042,8.240
-0.016,0.514,0.849,-4.456,5.493,9.521
-0.027,0.509,0.842,-3.540,5.188,11.780
-0.041,0.505,0.831,-2.136,4.822,13.428
-0.039,0.504,0.816,-0.610,5.371,14.771
-0.015,0.501,0.809,0.305,7.141,15.442
-0.001,0.500,0.815,0.732,8.911,14.160
0.006,0.503,0.811,1.099,10.559,11.475
0.021,0.514,0.812,1.892,11.963,9.644
0.033,0.517,0.814,2.502,12.878,8.728
0.038,0.511,0.822,2.197,12.939,8.057
0.051,0.505,0.834,1.404,12.329,8.179
0.053,0.494,0.846,1.099,10.986,8.362
0.028,0.481,0.859,1.221,8.362,7.690
0.021,0.484,0.857,2.747,7.080,7.690
0.026,0.500,0.860,5.310,8.850,8.362
0.029,0.514,0.862,8.240,11.230,7.202
0.020,0.515,0.862,10.498,11.902,3.967

0.382,-0.626,2.406,-23.437,56.091,-14.832
0.070,-1.302,3.107,-49.805,64.209,-14.893
-0.366,-2.308,3.806,-86.914,70.251,-13.916
-0.735,-3.163,4.000,-107.300,57.373,-3.967
-0.706,-3.293,4.000,-62.439,21.545,15.381
-0.430,-3.281,3.815,3.235,-8.179,39.063
-0.143,-3.340,3.387,24.170,-13.306,68.237
0.520,-3.206,2.871,29.114,3.174,64.697
1.036,-2.918,1.921,30.457,24.475,39.795
1.256,-2.518,0.794,9.155,55.542,-12.817
1.354,-1.679,-0.268,-37.170,100.342,-70.923
1.094,-0.140,-1.259,-80.078,123.108,-89.355
0.578,1.975,-2.096,-107.605,121.887,-60.974
0.360,3.610,-2.105,-147.949,89.111,-27.832
-0.151,3.936,-1.594,-196.655,16.785,-47.913
-0.245,3.993,-1.410,-176.636,-34.363,-58.777
-0.229,4.000,-1.547,-106.567,-29.236,-41.138
-0.345,3.990,-1.573,-58.044,-5.554,-35.889
-0.567,3.662,-1.457,-33.813,7.141,-28.442
-0.568,3.302,-1.287,-22.827,2.808,-21.240
-0.479,2.801,-1.122,-15.198,-14.587,17.212
-0.205,2.323,-0.928,-11.353,-36.011,54.199
0.107,1.952,-0.625,-17.517,-48.645,87.402
0.343,1.673,-0.294,-27.466,-47.607,103.210
0.471,1.424,-0.057,-34.119,-34.790,94.177
0.562,1.182,0.138,-35.767,-18.250,76.355
0.619,1.010,0.347,-33.630,-9.277,61.035
0.615,0.912,0.515,-26.245,-9.216,48.279
0.470,0.828,0.646,-11.169,-20.203,38.330
0.478,0.733,0.687,3.052,-16.968,24.597
0.405,0.654,0.726,13.123,-10.742,18.555
0.349,0.594,0.794,14.343,-12.695,11.902
0.289,0.560,0.855,12.573,-10.681,10.925
0.284,0.538,0.908,10.193,-6.775,13.489
0.272,0.515,0.953,7.507,-8.423,14.282
0.240,0.511,0.975,6.531,-13.489,13.123
0.205,0.502,0.980,8.362,-17.822,11.169
0.192,0.472,0.972,12.512,-19.775,9.155
0.169,0.453,0.973,17.029,-20.813,6.226
0.144,0.448,0.959,22.949,-22.156,1.587
0.138,0.448,0.919,29.724,-23.926,-2.441
0.132,0.460,0.871,35.156,-26.550,-5.310
0.105,0.470,0.835,37.537,-28.259,-7.324
0.073,0.469,0.802,37.048,-29.114,-9.521
0.042,0.474,0.779,34.058,-27.588,-9.399
0.029,0.491,0.755,31.128,-23.499,-8.301
0.028,0.517,0.740,28.015,-18.799,-7.385
0.042,0.552,0.746,24.780,-13.794,-6.714
0.021,0.576,0.774,22.217,-10.071,-6.653
-0.002,0.576,0.803,21.179,-6.775,-6.836
0.012,0.566,0.799,22.644,-2.380,-3.113
0.040,0.562,0.789,24.292,-1.343,2.625
0.066,0.551,0.799,24.475,-4.272,9.094
0.092,0.528,0.807,23.315,-8.911,15.442
0.113,0.488,0.814,21.545,-13.245,18.860
0.136,0.437,0.818,20.020,-15.564,19.104
0.138,0.397,0.818,17.822,-15.564,17.517
0.145,0.388,0.815,15.930,-12.390,15.442
0.133,0.372,0.815,13.000,-8.057,12.756
0.129,0.365,0.829,7.446,-4.211,11.353
0.122,0.383,0.848,0.732,-4.211,13.245
0.089,0.371,0.880,-4.517,-10.193,12.451
0.059,0.360,0.891,-4.822,-18.677,13.245
0.051,0.353,0.886,-2.502,-24.292,16.846
0.041,0.361,0.880,-1.465,-27.161,21.729
0.028,0.389,0.878,-0.305,-27.283,25.208
0.011,0.404,0.882,1.404,-24.170,24.597
0.005,0.414,0.887,4.700,-16.663,20.203
-0.005,0.415,0.885,8.728,-6.836,13.855
-0.015,0.412,0.874,12.329,1.404,8.484
-0.012,0.421,0.870,13.062,7.446,5.920
0.006,0.420,0.886,10.986,12.024,5.615
0.029,0.427,0.908,7.568,14.465,5.005
0.012,0.434,0.928,5.310,12.329,3.601
-0.019,0.433,0.937,4.333,7.202,3.418
-0.021,0.425,0.925,5.554,2.808,5.981
-0.004,0.425,0.901,7.507,-1.831,10.498
0.016,0.418,0.883,8.179,-7.019,14.343
0.016,0.401,0.878,7.690,-11.597,15.381
0.012,0.393,0.866,7.751,-12.817,15.320
0.012,0.391,0.855,7.568,-10.681,14.893
0.010,0.380,0.849,6.653,-6.714,13.245
0.006,0.362,0.839,5.859,-2.747,11.353
0.002,0.355,0.827,5.676,0.427,10.193
0.021,0.364,0.829,5.249,2.747,9.277
0.057,0.385,0.849,4.211,4.761,8.484
0.072,0.391,0.873,1.892,6.226,6.775
0.069,0.376,0.902,-1.343,4.395,3.906
0.057,0.375,0.922,-1.526,0.732,2.869
0.049,0.374,0.933,0.122,-0.854,3.601
0.061,0.381,0.932,1.404,-0.549,3.845
0.056,0.385,0.929,1.892,0.183,3.967
0.045,0.382,0.921,0.916,1.648,3.845
0.038,0.392,0.922,0.000,3.845,4.150
0.032,0.405,0.920,-0.610,5.493,4.822
0.038,0.415,0.919,-1.343,6.348,4.883
0.030,0.411,0.919,-1.892,6.897,4.822
0.018,0.416,0.915,-1.770,6.592,5.066
0.017,0.423,0.917,-1.404,5.188,4.944
0.015,0.421,0.918,-0.244,4.272,4.395
0.017,0.419,0.906,1.953,4.089,3.662
0.030,0.416,0.882,2.991,3.418,2.747
0.036,0.411,0.864,2.686,2.930,1.648
0.045,0.411,0.850,1.831,3.479,1.343
0.045,0.415,0.846,0.854,4.944,0.732
0.054,0.420,0.849,0.122,6.287,-0.732
0.055,0.409,0.852,-0.122,7.141,-1.404
0.049,0.401,0.855,-0.427,6.775,-1.648
0.041,0.393,0.855,-1.099,5.920,-1.038
0.042,0.386,0.868,-2.686,5.371,0.122
0.051,0.384,0.874,-3.967,5.798,1.404
0.056,0.395,0.878,-4.944,6.104,1.892
0.054,0.411,0.885,-5.615,5.188,1.831
0.057,0.421,0.889,-5.249,3.906,2.014
0.058,0.431,0.897,-4.578,3.113,2.197
0.072,0.448,0.905,-3.479,2.319,1.465
0.057,0.436,0.907,-2.563,0.488,0.183
0.044,0.433,0.906,-2.197,-0.549,-0.427
0.038,0.437,0.908,-0.549,-1.465,0.183

-0.334,-1.266,2.704,-70.068,36.194,-26.306
-0.429,-1.679,2.893,-64.575,28.870,-24.109
-0.367,-2.070,2.800,-38.818,24.353,-20.203
-0.196,-2.376,2.540,0.122,20.813,-17.456
0.105,-2.599,2.194,26.245,19.470,-12.146
0.564,-2.693,1.844,18.494,18.799,8.179
1.061,-2.462,1.437,-9.705,1.709,26.245
1.439,-1.982,0.952,-49.500,-28.992,15.747
1.398,-1.342,0.372,-89.294,-47.913,-32.043
0.891,-0.163,-0.367,-109.375,-39.856,-97.839
0.338,0.891,-0.852,-119.812,-11.780,-160.034
0.025,1.714,-1.018,-129.150,14.099,-198.181
-0.313,2.662,-1.067,-127.808,25.574,-195.068
-0.487,3.465,-1.003,-106.201,38.879,-166.687
-0.230,3.708,-0.918,-76.538,56.335,-126.404
-0.043,3.725,-0.785,-52.429,48.523,-76.477
0.061,3.607,-0.596,-29.480,26.001,-25.757
0.202,3.300,-0.468,-7.751,16.357,3.906
0.378,2.941,-0.311,2.502,15.198,-3.174
0.512,2.536,-0.162,8.850,22.705,10.376
0.670,2.082,-0.013,10.559,19.958,19.409
0.745,1.661,0.141,1.953,7.507,32.104
0.795,1.348,0.264,-9.521,-6.226,43.091
0.816,1.120,0.366,-19.104,-18.860,47.791
0.772,0.975,0.444,-24.963,-27.832,43.579
0.662,0.883,0.508,-27.039,-34.424,37.842
0.564,0.811,0.551,-23.804,-38.452,32.837
0.459,0.767,0.549,-16.602,-39.124,28.809
0.340,0.750,0.527,-10.132,-37.170,24.963
0.217,0.769,0.538,-3.906,-30.090,18.372
0.118,0.775,0.587,2.808,-19.226,8.240
0.029,0.791,0.646,11.353,-7.935,-2.136
-0.038,0.774,0.694,21.545,0.061,-10.925
-0.065,0.748,0.727,31.982,5.920,-16.602
-0.069,0.726,0.732,40.283,8.667,-16.174
-0.069,0.687,0.737,42.908,6.958,-12.573
-0.065,0.618,0.755,41.138,2.563,-8.118
-0.066,0.539,0.763,39.063,-1.160,-2.747
-0.047,0.487,0.754,37.537,-0.977,3.174
-0.039,0.435,0.744,34.729,-0.732,7.935
-0.016,0.393,0.726,31.006,-2.136,11.292
-0.003,0.368,0.717,26.184,-3.845,15.015
0.010,0.345,0.719,20.447,-3.784,18.433
0.030,0.324,0.722,15.381,-1.892,21.606
0.046,0.295,0.738,10.620,0.916,23.804
0.077,0.279,0.757,7.080,5.188,25.269
0.109,0.282,0.781,5.737,10.498,25.330
0.130,0.289,0.811,5.493,14.221,24.109
0.151,0.297,0.841,5.737,15.625,23.071
0.187,0.301,0.875,4.761,14.709,22.705
0.206,0.302,0.908,3.784,12.451,21.484
0.193,0.303,0.941,4.211,10.071,19.836
0.190,0.293,0.961,6.226,9.094,18.311
0.201,0.289,0.966,8.972,9.094,16.357
0.225,0.298,0.964,11.841,8.911,14.404
0.220,0.305,0.949,13.062,7.324,11.780
0.186,0.297,0.952,10.315,4.211,8.179
0.148,0.293,0.950,7.690,2.563,7.141
0.124,0.293,0.947,7.202,3.540,8.057
0.106,0.296,0.952,7.385,4.395,8.606
0.099,0.308,0.939,7.935,4.639,8.667
0.080,0.342,0.918,7.324,5.981,8.850
0.040,0.377,0.915,6.042,8.301,7.751
0.046,0.398,0.903,5.798,11.414,7.385
0.080,0.429,0.894,5.432,13.062,7.874
0.099,0.453,0.894,3.845,11.047,8.118
0.090,0.467,0.908,1.770,7.446,8.179
0.083,0.479,0.907,1.648,5.005,8.423
0.100,0.482,0.910,2.991,3.723,8.972
0.116,0.479,0.916,4.639,3.174,8.728
0.124,0.462,0.915,6.042,3.296,6.958
0.123,0.443,0.913,7.263,4.089,4.150
0.130,0.442,0.914,8.057,5.859,1.404
0.131,0.458,0.898,9.399,7.812,-0.732
0.120,0.451,0.886,9.521,7.874,-2.808
0.104,0.440,0.881,9.155,5.859,-3.906
0.099,0.438,0.878,8.972,3.967,-2.380
0.107,0.433,0.871,8.484,3.113,0.610
0.098,0.423,0.868,7.507,3.296,3.967
0.107,0.427,0.864,6.409,3.235,6.958
0.121,0.432,0.859,5.066,2.502,9.338
0.124,0.424,0.849,3.479,1.160,11.780
0.112,0.415,0.847,1.709,-0.793,13.062
0.109,0.390,0.856,-0.427,-2.380,13.611
0.114,0.372,0.876,-1.831,-2.563,12.939
0.107,0.370,0.887,-1.831,-1.709,10.925
0.097,0.379,0.888,-1.892,-0.366,7.935
0.098,0.395,0.890,-1.404,1.648,5.127
0.101,0.414,0.895,-0.244,3.723,2.686
0.097,0.433,0.898,1.465,5.310,0.183
0.083,0.438,0.900,3.174,6.836,-0.427
0.068,0.447,0.891,5.310,8.728,0.671
0.063,0.446,0.887,7.263,9.155,2.930
0.068,0.440,0.875,8.667,7.385,6.042
0.086,0.438,0.849,9.583,4.272,9.460
0.099,0.438,0.830,8.179,1.099,12.939
0.105,0.430,0.828,4.822,-1.099,13.550
0.113,0.439,0.840,2.625,-1.831,12.207
0.126,0.453,0.843,2.686,-1.038,10.620
0.133,0.453,0.838,2.747,0.061,8.545
0.120,0.447,0.835,3.418,0.488,6.348
0.114,0.452,0.830,4.211,0.427,5.737
0.110,0.454,0.831,6.226,0.610,6.897
0.117,0.435,0.820,8.484,1.282,9.033
0.132,0.416,0.801,9.277,1.770,12.390
0.136,0.403,0.785,7.446,-0.305,16.235
0.143,0.393,0.780,4.639,-1.770,19.287
0.151,0.388,0.784,1.953,-2.319,20.630
0.165,0.382,0.795,-0.610,-2.869,20.386
0.171,0.376,0.818,-3.113,-2.625,18.677
0.165,0.383,0.842,-5.249,-3.235,15.869
0.161,0.397,0.868,-6.897,-3.601,13.306
0.155,0.419,0.893,-7.263,-3.235,10.803
0.139,0.429,0.911,-6.348,-3.418,9.583
0.130,0.437,0.920,-3.662,-3.906,9.033
0.116,0.453,0.925,0.000,-3.662,9.216
0.101,0.435,0.928,2.869,-2.380,8.667
0.093,0.414,0.939,5.554,-1.648,8.423
0.097,0.407,0.935,8.423,-1.099,9.277

-0.237,-0.956,1.937,-41.870,-19.043,-11.108
-0.274,-1.111,1.919,-38.269,-20.874,-10.681
-0.205,-1.116,1.798,-30.640,-21.729,-8.423
-0.063,-1.085,1.656,-25.513,-22.034,-6.836
0.070,-0.994,1.508,-25.208,-24.353,-9.033
0.208,-0.826,1.385,-26.611,-27.222,-17.517
0.315,-0.617,1.282,-26.733,-24.841,-34.973
0.368,-0.384,1.128,-18.188,-14.526,-56.335
0.417,-0.178,0.989,-5.981,0.916,-75.562
0.481,-0.010,0.831,3.418,16.479,-91.064
0.549,0.199,0.621,11.475,24.536,-101.196
0.538,0.406,0.419,9.460,24.841,-104.431
0.499,0.646,0.299,-1.526,22.339,-99.976
0.539,0.891,0.181,-12.695,23.621,-88.562
0.560,1.220,0.005,-22.156,26.306,-72.266
0.634,1.632,-0.123,-32.532,25.085,-59.570
0.626,1.932,-0.207,-47.424,19.897,-62.012
0.393,2.153,-0.173,-62.988,4.333,-75.989
0.302,2.313,-0.095,-68.115,-8.789,-80.811
0.240,2.353,-0.040,-57.800,-7.935,-76.416
0.294,2.361,0.018,-48.950,14.648,-61.523
0.277,2.366,0.108,-41.138,15.503,-53.650
0.258,2.312,0.204,-37.415,-1.099,-44.373
0.192,2.177,0.226,-32.043,-17.883,-30.762
0.133,2.009,0.168,-22.705,-26.550,-9.949
0.132,1.834,0.095,-14.282,-35.583,12.512
0.149,1.656,0.082,-9.888,-43.274,31.128
0.170,1.482,0.095,-8.118,-46.875,43.884
0.192,1.327,0.123,-7.080,-46.448,50.415
0.189,1.176,0.178,-5.432,-41.443,50.903
0.200,1.065,0.230,-1.343,-32.410,47.485
0.202,0.967,0.269,4.761,-20.447,42.114
0.197,0.865,0.321,9.521,-5.493,34.424
0.198,0.781,0.382,15.259,5.859,25.879
0.183,0.731,0.435,22.888,14.832,18.921
0.176,0.687,0.477,30.579,25.391,14.832
0.177,0.636,0.509,35.034,33.569,12.451
0.163,0.596,0.553,33.936,35.095,12.573
0.146,0.553,0.620,28.503,33.630,15.381
0.145,0.514,0.678,23.010,33.264,21.606
0.137,0.486,0.736,18.738,32.593,29.480
0.147,0.469,0.781,15.991,30.396,37.903
0.168,0.465,0.814,14.343,27.100,45.471
0.182,0.453,0.836,13.733,23.437,50.232
0.184,0.423,0.845,15.015,20.569,51.941
0.196,0.395,0.829,18.494,20.325,52.368
0.233,0.380,0.803,22.888,21.973,52.673
0.259,0.354,0.781,25.635,23.010,52.063
0.272,0.316,0.772,24.902,23.132,49.438
0.298,0.282,0.790,23.193,23.743,45.044
0.312,0.264,0.800,22.400,24.597,39.917
0.314,0.250,0.827,20.813,23.865,32.898
0.315,0.244,0.848,20.203,23.499,26.245
0.307,0.252,0.859,21.667,22.949,22.095
0.292,0.250,0.868,23.560,20.020,20.508
0.277,0.253,0.871,25.452,16.052,20.386
0.276,0.268,0.863,28.870,14.404,21.606
0.269,0.281,0.858,33.142,14.954,22.095
0.254,0.282,0.855,35.706,17.273,20.752
0.239,0.274,0.860,36.560,20.996,16.418
0.235,0.276,0.860,35.522,25.696,10.559
0.220,0.281,0.873,33.630,29.236,4.944
0.229,0.292,0.873,29.114,30.884,0.488
0.235,0.297,0.876,21.179,30.396,-3.052
0.206,0.292,0.896,14.282,27.588,-4.944
0.195,0.304,0.907,10.071,23.621,-2.869
0.194,0.326,0.907,8.850,19.470,2.808
0.201,0.341,0.901,7.751,16.479,10.376
0.214,0.338,0.887,5.676,14.038,16.785
0.230,0.338,0.876,3.479,11.353,20.935
0.251,0.344,0.868,1.709,9.338,22.949
0.255,0.351,0.859,-0.732,9.094,22.278
0.242,0.352,0.860,-2.869,8.179,19.897
0.226,0.361,0.876,-2.075,6.287,16.907
0.216,0.353,0.872,1.404,7.080,15.503
0.210,0.342,0.880,4.883,8.972,15.320
0.215,0.347,0.889,9.583,9.460,16.174
0.240,0.341,0.891,12.939,9.277,16.174
0.229,0.326,0.912,12.939,5.737,15.015
0.219,0.334,0.932,12.268,1.282,13.916
0.222,0.333,0.939,12.329,1.282,13.428
0.238,0.340,0.937,12.207,5.249,13.184
0.237,0.333,0.939,11.658,9.460,11.963
0.229,0.329,0.938,10.986,11.597,10.986
0.225,0.334,0.936,10.437,11.658,10.803
0.218,0.333,0.937,10.803,11.169,11.108
0.218,0.340,0.937,11.597,11.047,11.597
0.231,0.339,0.925,13.306,11.047,11.719
0.235,0.333,0.915,14.832,10.254,11.658
0.236,0.317,0.909,16.113,9.460,10.864
0.251,0.324,0.893,16.663,8.850,10.498
0.256,0.333,0.882,15.320,8.179,11.169
0.250,0.328,0.879,11.292,6.592,11.841
0.249,0.313,0.886,7.263,4.456,12.329
0.260,0.313,0.888,4.211,2.991,13.855
0.271,0.315,0.887,1.709,1.892,15.259
0.275,0.319,0.891,-0.732,0.244,15.381
0.269,0.329,0.902,-2.380,-1.465,14.404
0.264,0.331,0.906,-2.563,-1.465,12.756
0.266,0.331,0.909,-1.892,0.488,9.766
0.259,0.338,0.901,0.000,2.625,6.104
0.249,0.330,0.895,0.793,4.395,3.540
0.248,0.320,0.886,0.427,5.920,2.075
0.225,0.319,0.888,-0.793,6.104,1.282
0.216,0.316,0.886,-2.808,5.371,1.648
0.213,0.316,0.889,-4.395,4.272,4.272
0.236,0.330,0.889,-5.615,3.357,7.080
0.253,0.335,0.884,-8.179,2.686,7.690
0.249,0.344,0.903,-12.329,1.282,5.432
0.236,0.357,0.937,-14.709,0.793,2.380
0.221,0.374,0.950,-13.794,2.869,0.549
0.215,0.395,0.962,-11.292,4.578,-0.061
0.198,0.390,0.963,-7.751,4.456,-0.244
0.195,0.385,0.957,-4.456,3.845,1.343
0.194,0.383,0.948,-0.977,1.831,3.296
0.198,0.380,0.939,2.991,0.122,4.761
0.201,0.364,0.927,6.348,1.221,5.554
0.203,0.350,0.923,8.118,3.906,4.822
0.216,0.345,0.917,9.460,7.202,3.662

-0.246,-1.221,2.089,-76.233,-0.366,-6.287
-0.515,-1.771,2.426,-97.656,9.155,-1.587
-0.596,-2.237,2.717,-113.708,15.564,9.644
-0.422,-2.520,2.816,-106.384,14.221,25.330
-0.261,-2.634,2.854,-88.135,11.353,29.236
0.045,-2.595,2.995,-77.393,18.799,20.447
0.577,-2.463,3.062,-76.172,30.090,27.954
1.093,-2.249,2.861,-74.768,24.719,33.569
1.402,-2.004,2.467,-62.988,-3.235,17.273
1.464,-1.659,1.941,-46.265,-30.518,-16.235
1.553,-1.119,1.057,-20.081,-34.424,-59.021
1.627,-0.411,0.134,3.174,-19.531,-97.229
1.514,0.387,-0.728,8.423,-7.935,-130.981
1.115,1.318,-1.399,-7.507,-10.864,-159.424
0.546,2.374,-1.677,-37.781,-13.000,-161.255
0.307,3.069,-1.859,-65.002,-6.104,-134.399
0.388,3.598,-1.873,-94.177,-12.512,-89.844
0.206,4.000,-1.617,-124.023,-50.598,-46.753
-0.090,4.000,-1.335,-134.216,-86.792,-27.832
-0.206,3.997,-1.204,-115.417,-92.346,-25.146
-0.286,3.803,-1.019,-96.252,-83.618,-35.828
-0.459,3.400,-0.789,-80.444,-74.341,-33.752
-0.523,2.935,-0.685,-52.551,-65.369,-26.123
-0.467,2.501,-0.686,-24.414,-55.481,-2.747
-0.271,2.100,-0.687,-6.897,-48.950,26.611
-0.056,1.761,-0.614,0.977,-45.227,48.279
0.142,1.469,-0.501,2.014,-33.264,56.824
0.310,1.294,-0.300,-1.709,-10.986,55.969
0.516,1.099,-0.103,-0.610,14.526,37.048
0.585,0.988,0.086,-6.958,43.579,20.691
0.589,0.925,0.311,-14.404,52.734,6.409
0.537,0.859,0.515,-17.456,53.589,-3.296
0.493,0.818,0.668,-15.076,55.237,-4.883
0.459,0.804,0.764,-13.367,56.213,-1.770
0.410,0.775,0.850,-14.404,53.772,1.160
0.376,0.742,0.939,-15.991,50.293,3.845
0.361,0.719,1.012,-12.756,48.584,8.301
0.378,0.708,1.041,-4.700,46.875,12.512
0.397,0.693,1.054,3.723,41.382,14.282
0.399,0.668,1.051,9.094,33.691,13.245
0.411,0.630,1.041,11.902,27.954,12.085
0.412,0.585,1.043,14.343,24.231,11.353
0.392,0.541,1.031,18.127,21.423,9.888
0.381,0.505,0.983,24.048,17.700,9.094
0.366,0.469,0.925,29.358,13.428,7.568
0.342,0.425,0.867,33.997,11.169,8.728
0.316,0.389,0.818,39.795,13.184,11.108
0.316,0.371,0.766,44.006,18.860,13.794
0.316,0.349,0.710,46.143,22.095,18.982
0.319,0.301,0.665,44.739,22.217,20.752
0.325,0.265,0.631,41.931,26.489,24.109
0.339,0.250,0.609,37.537,27.771,30.029
0.352,0.227,0.602,30.823,23.987,32.471
0.337,0.223,0.612,23.315,18.738,32.837
0.357,0.220,0.616,12.939,14.587,32.349
0.357,0.232,0.655,0.366,8.057,31.799
0.337,0.250,0.702,-7.019,-2.930,26.733
0.339,0.279,0.762,-9.094,-9.705,20.386
0.357,0.320,0.802,-7.629,-10.315,17.578
0.362,0.360,0.848,-4.089,-9.827,15.259
0.349,0.397,0.873,2.380,-8.362,10.925
0.331,0.417,0.886,10.437,-3.784,3.784
0.301,0.424,0.889,18.921,2.014,-2.625
0.276,0.415,0.892,26.550,7.202,-7.812
0.275,0.416,0.893,30.334,10.315,-10.254
0.269,0.419,0.904,31.006,11.169,-9.644
0.274,0.441,0.920,29.968,10.925,-7.019
0.288,0.461,0.933,27.771,10.376,-3.174
0.298,0.476,0.951,26.978,8.301,0.244
0.291,0.508,0.957,27.100,1.526,0.488
0.274,0.532,0.952,24.292,-5.005,-0.854
0.253,0.525,0.940,17.883,-10.254,0.305
0.224,0.504,0.932,13.000,-15.259,3.418
0.208,0.493,0.905,11.597,-19.043,7.080
0.195,0.483,0.881,11.047,-19.775,12.024
0.196,0.468,0.863,9.949,-17.029,16.602
0.209,0.454,0.852,8.179,-14.526,20.203
0.225,0.449,0.850,6.165,-13.855,22.278
0.219,0.446,0.862,3.967,-15.015,22.461
0.216,0.457,0.879,3.479,-15.991,20.874
0.204,0.467,0.894,4.761,-15.564,18.494
0.186,0.464,0.906,7.324,-14.587,15.381
0.170,0.470,0.913,11.353,-13.550,12.024
0.159,0.480,0.915,17.090,-12.634,9.705
0.150,0.476,0.906,22.766,-10.803,8.789
0.154,0.466,0.890,27.344,-8.606,7.690
0.151,0.456,0.875,30.334,-6.226,6.775
0.146,0.440,0.867,31.738,-3.967,5.310
0.155,0.423,0.858,30.762,-1.770,3.601
0.168,0.415,0.854,28.198,0.122,3.113
0.178,0.413,0.846,23.987,1.282,3.479
0.176,0.399,0.850,19.226,0.427,4.333
0.181,0.408,0.860,14.832,-1.892,6.775
0.200,0.424,0.869,11.047,-4.517,9.644
0.196,0.427,0.882,8.301,-6.775,10.925
0.171,0.429,0.900,6.775,-8.667,10.193
0.159,0.423,0.896,7.812,-8.423,9.277
0.163,0.429,0.874,10.559,-5.310,8.484
0.159,0.429,0.855,12.390,-2.136,6.592
0.144,0.412,0.845,12.756,-0.366,3.967
0.138,0.403,0.848,12.817,1.465,1.404
0.148,0.396,0.845,13.184,4.028,0.183
0.179,0.392,0.841,13.000,6.714,0.061
0.190,0.383,0.845,12.329,7.935,0.183
0.196,0.367,0.859,11.414,8.545,0.671
0.199,0.358,0.866,10.254,9.216,1.526
0.197,0.352,0.872,9.827,8.850,3.235
0.201,0.349,0.870,9.949,7.812,5.371
0.201,0.338,0.876,9.155,6.714,6.775
0.215,0.331,0.881,8.057,5.981,7.507
0.233,0.343,0.882,7.385,5.188,7.080
0.231,0.357,0.885,6.042,4.028,5.127
0.222,0.347,0.896,4.089,4.944,2.747
0.217,0.342,0.904,3.540,8.545,0.732
0.217,0.354,0.908,4.578,11.841,-0.610
0.204,0.349,0.921,5.981,13.367,-1.404
0.207,0.363,0.929,7.385,14.282,-2.136
0.202,0.369,0.924,8.789,15.198,-1.465
0.193,0.354,0.927,8.728,14.648,-0.122

-0.005,-0.765,2.139,-82.886,-71.716,24.231
-0.198,-0.889,2.251,-80.139,-68.481,17.639
-0.320,-1.044,2.317,-71.899,-57.678,10.864
-0.311,-1.099,2.283,-57.129,-48.035,9.155
-0.262,-1.031,2.105,-30.273,-48.462,15.930
-0.158,-0.972,1.903,-5.859,-54.688,27.710
0.010,-0.936,1.683,5.066,-59.509,38.696
0.242,-0.895,1.394,13.306,-61.401,48.340
0.442,-0.804,1.053,19.592,-62.195,53.406
0.635,-0.671,0.622,14.893,-58.105,45.410
0.820,-0.421,0.168,-1.404,-50.171,18.677
0.860,-0.016,-0.205,-23.682,-42.297,-16.846
0.791,0.515,-0.452,-49.988,-31.799,-48.096
0.658,0.976,-0.493,-77.698,-20.020,-75.378
0.580,1.336,-0.465,-96.191,-14.160,-91.492
0.552,1.654,-0.442,-102.295,-15.808,-93.750
0.553,1.951,-0.383,-97.473,-20.569,-84.839
0.542,2.150,-0.278,-87.646,-23.193,-72.021
0.511,2.251,-0.139,-72.327,-20.020,-60.364
0.494,2.245,-0.019,-53.162,-14.526,-50.415
0.443,2.203,0.072,-31.738,-11.353,-41.077
0.330,2.154,0.117,-9.644,-10.376,-33.020
0.295,2.168,0.169,12.268,-8.911,-24.475
0.173,2.098,0.161,37.476,-13.062,-25.818
0.146,2.036,0.195,41.687,-1.038,-30.579
-0.022,1.851,0.221,34.668,2.075,-25.085
-0.136,1.673,0.223,22.766,-23.376,-13.245
-0.220,1.498,0.208,14.832,-44.739,4.639
-0.191,1.332,0.177,8.362,-45.288,25.513
-0.159,1.150,0.178,-0.854,-49.377,41.443
-0.096,0.998,0.189,-10.803,-53.894,52.185
-0.057,0.873,0.236,-21.118,-49.683,57.556
-0.025,0.780,0.296,-29.602,-38.086,57.617
-0.012,0.701,0.375,-35.950,-24.475,51.575
0.001,0.653,0.462,-37.292,-9.338,41.016
0.002,0.648,0.536,-33.264,4.944,30.518
-0.022,0.631,0.619,-27.588,14.160,19.714
-0.016,0.611,0.698,-22.278,19.470,10.620
-0.014,0.589,0.752,-14.099,20.569,4.333
-0.015,0.568,0.801,-4.333,20.081,-0.977
-0.018,0.529,0.825,2.930,21.423,-2.441
0.000,0.494,0.855,6.226,25.146,1.709
0.049,0.460,0.873,6.653,29.358,11.902
0.089,0.433,0.882,4.150,29.602,22.949
0.125,0.406,0.902,-3.235,25.574,30.518
0.138,0.380,0.941,-12.451,20.325,34.668
0.172,0.378,0.974,-20.020,15.137,36.560
0.195,0.388,1.013,-25.330,9.705,36.194
0.196,0.395,1.052,-26.733,4.761,33.081
0.197,0.401,1.062,-23.071,3.052,29.114
0.192,0.404,1.056,-16.174,5.615,25.269
0.188,0.414,1.027,-7.935,9.094,21.118
0.173,0.398,0.995,-1.038,10.620,16.602
0.158,0.368,0.967,2.625,10.437,13.550
0.119,0.355,0.947,3.967,9.949,12.146
0.090,0.359,0.934,3.479,10.315,11.536
0.082,0.363,0.928,2.319,11.353,11.292
0.091,0.386,0.912,1.038,9.827,12.024
0.100,0.420,0.914,-1.587,5.066,12.695
0.090,0.445,0.932,-4.578,0.610,11.902
0.080,0.478,0.952,-4.883,-1.404,9.521
0.069,0.505,0.958,-2.930,-0.977,5.066
0.054,0.520,0.961,0.610,1.892,-0.427
0.054,0.520,0.950,5.493,6.287,-4.028
0.054,0.524,0.925,10.193,9.460,-5.615
0.042,0.520,0.902,13.184,10.742,-6.042
0.033,0.500,0.887,13.611,12.024,-5.493
0.033,0.481,0.877,13.000,13.123,-4.395
0.054,0.474,0.863,12.146,13.794,-2.258
0.076,0.466,0.858,10.132,12.634,-0.732
0.096,0.470,0.860,6.958,10.071,-0.305
0.089,0.469,0.882,4.395,8.606,-0.671
0.094,0.468,0.888,4.822,9.033,-1.343
0.091,0.474,0.888,7.080,10.010,-2.502
0.079,0.477,0.880,9.277,9.460,-4.211
0.076,0.479,0.858,10.742,8.606,-4.761
0.061,0.477,0.838,11.414,7.812,-3.601
0.057,0.481,0.828,10.620,6.836,-1.831
0.064,0.483,0.827,9.155,5.127,0.793
0.065,0.476,0.831,7.202,2.625,4.517
0.074,0.476,0.834,4.517,0.122,7.385
0.084,0.479,0.836,2.441,-1.709,9.155
0.091,0.478,0.841,1.099,-2.075,9.460
0.092,0.473,0.846,0.183,-1.404,8.606
0.093,0.479,0.851,0.122,-0.183,7.019
0.115,0.495,0.855,0.366,0.977,5.188
0.118,0.499,0.859,0.427,1.953,2.441
0.094,0.504,0.877,0.977,2.014,-0.244
0.100,0.514,0.868,3.296,2.319,-1.404
0.098,0.523,0.865,5.371,2.930,-1.465
0.092,0.499,0.850,6.714,2.930,-1.099
0.078,0.490,0.845,7.202,1.038,0.183
0.075,0.493,0.836,7.507,-1.587,2.380
0.074,0.487,0.836,7.202,-3.174,3.784
0.078,0.477,0.838,6.287,-3.418,4.150
0.074,0.474,0.839,5.005,-2.930,3.601
0.070,0.478,0.834,3.601,-2.319,2.991
0.065,0.476,0.832,2.136,-1.587,2.686
0.060,0.479,0.826,1.404,-0.488,2.319
0.055,0.479,0.819,1.465,0.305,2.014
0.064,0.478,0.813,1.343,1.343,2.258
0.062,0.473,0.813,1.099,2.319,2.258
0.063,0.475,0.809,1.038,2.686,2.014
0.074,0.488,0.808,1.282,2.747,2.197
0.068,0.493,0.828,0.732,3.906,2.380
0.076,0.486,0.839,0.549,5.371,3.357
0.080,0.490,0.852,0.671,5.554,4.028
0.086,0.501,0.865,0.610,4.150,4.700
0.080,0.495,0.875,0.122,2.991,6.165
0.083,0.496,0.881,-0.244,1.953,7.080
0.088,0.497,0.876,-0.488,0.122,7.202
0.090,0.497,0.873,-1.160,-2.258,7.202
0.082,0.497,0.876,-1.038,-3.784,7.446
0.086,0.505,0.870,-0.488,-3.052,7.751
0.082,0.511,0.867,0.549,-0.854,7.019
0.089,0.509,0.862,2.319,1.770,5.859
0.092,0.510,0.854,3.906,3.113,5.127
0.086,0.513,0.848,4.395,3.540,4.089
0.077,0.515,0.844,4.150,3.906,3.845

-0.251,-0.695,2.308,-18.250,31.555,-29.602
-0.284,-0.920,2.493,-24.597,25.818,-27.222
-0.271,-1.145,2.547,-29.175,16.296,-19.714
-0.180,-1.390,2.482,-28.381,2.014,-1.160
-0.046,-1.580,2.371,-25.269,-19.470,24.841
0.107,-1.704,2.249,-18.494,-45.105,53.833
0.303,-1.677,2.040,-4.272,-65.613,79.102
0.564,-1.531,1.676,15.991,-74.707,89.966
0.798,-1.332,1.144,29.663,-73.608,78.491
0.879,-1.104,0.595,27.893,-63.416,40.588
0.986,-0.806,0.029,12.207,-33.691,-14.038
0.884,-0.388,-0.384,-18.982,-3.845,-77.881
0.696,0.120,-0.661,-58.167,12.634,-135.437
0.503,0.722,-0.826,-87.708,15.015,-168.274
0.269,1.481,-0.931,-100.769,7.019,-172.302
0.056,2.227,-1.005,-98.511,3.113,-156.189
-0.061,2.645,-1.026,-91.980,8.362,-138.672
-0.005,2.934,-0.889,-89.233,16.724,-116.272
0.076,3.224,-0.617,-82.886,18.066,-82.520
0.052,3.322,-0.322,-71.716,11.353,-52.917
0.104,3.274,-0.082,-51.819,4.517,-29.602
0.102,3.098,0.086,-26.550,-2.563,-12.329
-0.004,2.806,0.143,-1.770,-17.700,-4.456
-0.030,2.464,0.072,25.391,-31.860,16.357
0.077,2.149,-0.023,44.739,-42.725,44.800
0.214,1.858,-0.033,48.218,-54.260,71.594
0.349,1.632,0.016,42.847,-66.284,87.341
0.375,1.434,0.061,36.682,-75.562,92.651
0.489,1.206,0.080,30.518,-63.171,79.102
0.492,1.028,0.092,16.785,-43.823,72.205
0.500,0.914,0.135,2.319,-39.917,60.303
0.461,0.829,0.200,-6.592,-33.813,48.340
0.406,0.773,0.255,-11.841,-23.987,39.551
0.362,0.728,0.313,-15.259,-12.085,31.311
0.312,0.694,0.398,-16.418,-0.366,22.034
0.267,0.670,0.493,-14.771,10.376,13.550
0.249,0.645,0.551,-10.986,20.203,6.775
0.210,0.619,0.612,-7.874,26.794,0.488
0.193,0.601,0.672,-5.432,29.968,-5.066
0.151,0.585,0.729,-2.808,32.837,-9.216
0.116,0.565,0.779,-0.427,36.133,-12.207
0.098,0.549,0.831,3.662,38.574,-14.404
0.066,0.557,0.871,8.118,41.016,-15.991
0.051,0.549,0.886,13.977,46.387,-14.832
0.090,0.552,0.882,19.287,52.612,-9.338
0.125,0.524,0.858,21.240,52.368,-2.319
0.132,0.467,0.861,17.578,49.133,2.075
0.115,0.391,0.884,13.672,47.058,8.057
0.130,0.351,0.897,7.935,45.471,17.944
0.153,0.320,0.910,1.160,42.053,27.039
0.158,0.313,0.922,-3.967,34.363,30.640
0.164,0.313,0.922,-4.517,30.029,35.034
0.186,0.314,0.906,-2.075,30.640,38.208
0.195,0.326,0.879,0.366,31.006,36.255
0.187,0.320,0.859,0.366,30.334,29.663
0.176,0.308,0.858,-3.418,29.480,23.437
0.153,0.302,0.855,-8.667,21.790,23.865
0.136,0.331,0.861,-8.301,8.545,20.203
0.147,0.353,0.861,-5.005,-1.221,17.700
0.138,0.368,0.871,-1.221,-7.690,18.188
0.139,0.388,0.895,2.258,-9.338,18.982
0.140,0.401,0.903,5.371,-6.531,16.602
0.130,0.410,0.920,9.277,-1.343,11.658
0.124,0.416,0.931,13.184,5.249,5.432
0.135,0.427,0.939,16.418,12.573,-0.427
0.138,0.448,0.947,20.874,20.142,-5.066
0.130,0.466,0.950,24.719,26.428,-9.338
0.126,0.482,0.949,27.710,32.166,-12.024
0.139,0.506,0.950,31.250,35.950,-10.559
0.136,0.531,0.955,33.569,35.156,-8.972
0.121,0.526,0.944,32.043,29.114,-9.338
0.108,0.503,0.948,27.710,19.287,-6.653
0.095,0.490,0.961,22.949,6.409,0.549
0.100,0.475,0.966,20.691,-5.798,9.155
0.115,0.464,0.970,20.874,-13.794,16.846
0.125,0.453,0.967,22.156,-17.822,23.071
0.138,0.437,0.954,22.705,-18.738,25.940
0.157,0.421,0.943,21.301,-17.212,26.428
0.150,0.399,0.949,18.738,-13.916,24.658
0.139,0.386,0.961,16.785,-10.193,21.301
0.134,0.377,0.962,16.357,-7.507,17.883
0.122,0.377,0.963,17.578,-6.592,15.808
0.119,0.378,0.957,20.325,-7.080,15.198
0.108,0.369,0.946,22.461,-8.972,15.320
0.099,0.344,0.942,23.560,-11.780,14.893
0.087,0.325,0.929,26.184,-12.878,15.869
0.097,0.319,0.898,29.114,-13.062,17.761
0.099,0.305,0.874,29.724,-13.245,18.738
0.097,0.285,0.855,28.320,-13.489,18.677
0.095,0.276,0.840,26.184,-12.512,17.761
0.100,0.266,0.829,22.522,-11.230,16.663
0.105,0.262,0.826,17.761,-10.071,15.747
0.100,0.277,0.835,12.329,-8.667,12.939
0.100,0.299,0.851,7.263,-6.287,9.521
0.106,0.309,0.868,3.296,-3.113,6.348
0.080,0.317,0.884,0.854,-1.465,3.357
0.060,0.336,0.894,0.183,-1.038,1.587
0.047,0.342,0.897,0.488,-1.038,2.258
0.053,0.357,0.909,0.854,-0.671,3.662
0.063,0.354,0.916,1.831,-0.122,5.859
0.077,0.382,0.922,2.136,-0.732,7.446
0.071,0.388,0.926,2.014,-1.770,7.507
0.085,0.400,0.933,2.136,-1.465,6.409
0.090,0.416,0.945,3.723,0.488,5.371
0.086,0.423,0.937,5.310,2.136,3.479
0.082,0.427,0.922,4.822,2.808,0.671
0.058,0.420,0.922,3.418,2.869,-1.587
0.039,0.421,0.928,3.235,3.113,-2.319
0.036,0.422,0.917,4.272,2.808,-1.709
0.048,0.428,0.911,5.371,1.892,-0.183
0.046,0.422,0.914,5.859,0.916,2.014
0.059,0.421,0.911,5.493,-0.244,3.784
0.064,0.420,0.908,5.554,-1.465,5.371
0.076,0.433,0.910,5.371,-1.831,6.104
0.074,0.421,0.908,5.554,-1.099,6.592
0.079,0.411,0.912,6.042,0.793,6.592
0.084,0.402,0.911,7.324,2.563,5.859
0.097,0.422,0.913,8.789,3.601,5.615
0.090,0.415,0.913,8.118,4.395,5.615

0.001,-0.918,2.053,-39.185,3.662,-2.197
-0.089,-1.078,2.139,-36.743,2.075,-1.953
-0.140,-1.253,2.155,-29.053,2.991,0.000
-0.071,-1.400,2.105,-20.752,6.958,2.747
0.022,-1.447,1.945,-7.935,8.179,7.812
0.108,-1.455,1.756,2.808,4.272,15.625
0.268,-1.476,1.561,3.418,-1.709,21.179
0.435,-1.413,1.379,-5.249,-10.864,21.423
0.619,-1.273,1.153,-14.465,-22.888,16.357
0.715,-1.061,0.868,-25.208,-33.752,0.977
0.728,-0.792,0.573,-34.790,-36.804,-25.696
0.655,-0.419,0.249,-39.856,-31.067,-55.359
0.578,0.019,-0.058,-43.457,-21.545,-79.773
0.519,0.485,-0.325,-49.194,-15.869,-98.755
0.339,0.991,-0.463,-59.753,-16.724,-112.305
0.278,1.471,-0.520,-65.918,-15.076,-116.211
0.144,1.979,-0.615,-66.589,-7.202,-112.610
0.042,2.455,-0.658,-68.726,7.324,-105.225
0.161,2.787,-0.529,-78.247,23.193,-99.304
0.109,2.978,-0.258,-88.623,25.757,-101.013
-0.027,3.071,0.015,-85.144,13.733,-101.624
-0.099,3.056,0.186,-64.087,1.160,-90.332
-0.184,2.941,0.296,-36.316,-9.277,-67.688
-0.222,2.669,0.312,-8.057,-22.095,-33.020
-0.267,2.427,0.285,17.517,-38.269,-6.226
-0.196,2.128,0.198,36.865,-54.077,25.330
-0.051,1.893,0.150,48.218,-70.129,60.486
0.063,1.651,0.106,54.626,-85.754,78.491
0.201,1.442,0.058,46.570,-85.022,90.515
0.237,1.261,0.055,29.541,-88.379,95.764
0.270,1.095,0.084,9.644,-85.327,90.332
0.297,0.946,0.112,-4.944,-69.824,80.444
0.312,0.844,0.156,-15.686,-48.340,70.740
0.314,0.760,0.215,-24.414,-29.846,59.143
0.303,0.697,0.304,-31.372,-13.855,46.936
0.261,0.665,0.409,-33.020,1.709,36.194
0.247,0.620,0.482,-30.518,15.259,26.917
0.228,0.592,0.558,-26.001,25.269,19.409
0.185,0.589,0.634,-19.165,29.602,13.000
0.184,0.601,0.704,-12.146,34.119,6.958
0.180,0.598,0.752,-6.165,43.274,1.404
0.160,0.596,0.805,-1.526,52.185,-4.456
0.175,0.607,0.856,3.296,57.739,-10.193
0.176,0.590,0.911,7.690,59.753,-12.878
0.163,0.557,0.930,9.033,59.937,-12.451
0.144,0.530,0.936,7.690,60.120,-6.775
0.136,0.511,0.944,7.446,56.519,0.732
0.148,0.498,0.947,7.996,54.077,10.193
0.148,0.492,0.935,10.193,50.720,20.752
0.148,0.485,0.926,8.606,46.082,30.396
0.191,0.454,0.914,2.930,41.626,39.307
0.194,0.418,0.898,-2.808,33.325,43.518
0.221,0.386,0.884,-4.150,29.175,47.913
0.246,0.365,0.871,-4.578,29.175,52.551
0.259,0.345,0.871,-5.981,25.452,54.138
0.283,0.307,0.862,-8.667,19.165,54.199
0.292,0.251,0.854,-11.963,13.306,52.124
0.299,0.248,0.868,-18.677,6.348,51.270
0.275,0.244,0.903,-23.132,-7.202,50.354
0.266,0.224,0.942,-23.560,-18.921,41.748
0.240,0.224,0.977,-18.799,-23.682,36.499
0.227,0.229,1.003,-11.658,-21.484,31.555
0.203,0.251,1.028,-2.686,-16.785,25.330
0.181,0.279,1.038,8.423,-12.390,18.005
0.150,0.300,1.019,18.799,-7.996,10.193
0.114,0.316,1.008,26.978,-4.089,3.784
0.095,0.324,0.990,31.860,-0.793,-1.099
0.079,0.333,0.974,34.485,2.075,-4.883
0.053,0.356,0.968,35.645,4.700,-5.981
0.050,0.381,0.959,35.767,7.385,-3.723
0.055,0.391,0.958,33.508,8.423,-1.404
0.050,0.380,0.963,29.236,4.700,0.244
0.051,0.363,0.967,24.414,-2.563,2.441
0.039,0.356,0.970,20.020,-9.888,4.150
0.023,0.357,0.971,15.869,-14.587,4.578
0.019,0.345,0.970,12.695,-15.564,4.517
0.022,0.339,0.966,10.864,-14.099,5.432
0.015,0.332,0.962,10.376,-11.658,6.409
0.001,0.324,0.960,10.803,-9.583,6.775
-0.029,0.315,0.958,12.024,-8.545,7.080
-0.029,0.298,0.951,14.709,-7.202,8.301
-0.024,0.299,0.941,17.761,-5.432,10.437
0.006,0.309,0.930,19.897,-5.371,11.658
0.029,0.323,0.924,19.836,-6.653,10.803
0.019,0.321,0.930,18.555,-8.179,9.460
0.020,0.329,0.938,17.456,-9.338,8.240
0.027,0.333,0.938,17.334,-9.399,6.592
0.023,0.355,0.946,19.226,-8.911,6.287
-0.004,0.372,0.949,22.156,-8.301,6.531
-0.007,0.357,0.950,23.682,-8.728,5.798
-0.022,0.335,0.943,24.963,-10.254,5.798
-0.032,0.327,0.929,26.733,-11.108,5.798
-0.032,0.323,0.910,27.527,-10.071,5.005
-0.035,0.318,0.900,26.550,-7.812,3.418
-0.033,0.319,0.894,24.658,-4.700,1.404
-0.039,0.326,0.889,22.400,-1.831,-0.122
-0.042,0.325,0.887,19.714,0.549,-1.221
-0.039,0.329,0.883,16.541,2.869,-1.221
-0.037,0.344,0.888,13.489,4.761,-0.366
-0.023,0.346,0.907,10.071,5.615,1.221
-0.022,0.341,0.921,7.568,5.188,2.441
-0.022,0.343,0.935,5.554,3.967,3.113
-0.027,0.343,0.954,3.662,3.601,3.418
-0.021,0.339,0.964,2.380,4.456,3.174
-0.026,0.327,0.975,2.258,5.127,2.686
-0.023,0.314,0.982,3.113,5.554,2.563
-0.012,0.313,0.974,4.822,5.859,3.235
0.001,0.313,0.970,5.554,6.287,4.395
0.010,0.303,0.966,5.371,7.019,5.249
0.020,0.291,0.961,4.822,8.240,6.348
0.037,0.291,0.958,3.784,9.521,6.714
0.046,0.289,0.957,1.953,9.521,6.409
0.052,0.281,0.966,-0.977,8.362,5.371
0.049,0.279,0.974,-3.357,7.629,4.700
0.058,0.289,0.983,-4.456,7.263,4.211
0.055,0.307,0.983,-4.761,7.690,3.906
0.062,0.316,1.002,-4.395,8.240,3.357
0.061,0.322,1.002,-3.052,8.362,3.296
0.065,0.328,0.999,-1.221,7.812,3.540

-0.234,-1.126,1.922,-105.286,-65.369,23.926
-0.351,-1.371,1.987,-115.295,-68.054,25.513
-0.341,-1.553,2.029,-109.497,-70.435,33.447
-0.315,-1.704,1.947,-93.750,-74.646,45.715
-0.246,-1.796,1.856,-78.125,-77.820,55.603
-0.107,-1.811,1.694,-64.575,-79.163,54.016
0.062,-1.703,1.458,-56.091,-74.402,46.448
0.218,-1.543,1.150,-55.054,-63.965,33.813
0.416,-1.276,0.854,-69.214,-49.683,8.057
0.524,-0.924,0.624,-86.243,-41.260,-26.001
0.463,-0.510,0.359,-92.651,-44.128,-68.298
0.242,-0.012,0.009,-86.365,-46.387,-104.431
0.161,0.526,-0.405,-67.871,-42.603,-115.662
0.028,1.184,-0.747,-51.086,-48.889,-104.736
-0.237,1.963,-0.904,-49.194,-70.129,-83.984
-0.423,2.670,-0.914,-52.246,-80.627,-60.181
-0.519,3.169,-0.877,-54.382,-66.223,-45.410
-0.497,3.420,-0.726,-64.880,-45.593,-44.556
-0.601,3.479,-0.495,-77.942,-35.522,-45.105
-0.661,3.376,-0.303,-81.421,-30.701,-34.180
-0.640,3.133,-0.151,-73.181,-27.588,-12.939
-0.659,2.777,-0.088,-55.664,-35.400,5.188
-0.540,2.393,-0.137,-35.645,-45.898,35.706
-0.331,2.024,-0.187,-25.024,-56.702,81.238
-0.098,1.702,-0.159,-27.466,-70.557,116.638
0.093,1.486,-0.069,-34.729,-79.834,138.794
0.251,1.306,0.040,-42.969,-79.956,141.785
0.374,1.139,0.147,-48.828,-71.350,129.333
0.413,0.986,0.248,-49.561,-56.152,107.483
0.396,0.902,0.329,-42.053,-39.612,80.627
0.313,0.850,0.382,-30.212,-24.658,53.162
0.258,0.818,0.431,-19.714,-9.216,29.053
0.135,0.787,0.449,-8.850,-2.930,15.747
0.079,0.811,0.521,1.831,-2.319,-3.784
-0.010,0.829,0.605,10.742,3.601,-13.428
-0.097,0.854,0.635,18.005,7.812,-19.348
-0.157,0.881,0.667,22.217,12.085,-25.635
-0.205,0.893,0.695,23.376,12.695,-27.283
-0.242,0.894,0.716,24.658,8.179,-26.001
-0.275,0.888,0.722,28.809,5.798,-23.132
-0.296,0.873,0.720,36.377,8.484,-18.677
-0.313,0.844,0.715,43.640,11.108,-13.855
-0.313,0.799,0.702,48.706,11.536,-10.193
-0.314,0.750,0.684,51.514,11.230,-5.737
-0.321,0.694,0.675,50.171,10.986,0.610
-0.328,0.631,0.685,44.678,9.155,7.263
-0.335,0.573,0.703,39.246,6.104,13.428
-0.334,0.532,0.705,35.767,4.089,20.264
-0.328,0.487,0.686,32.288,2.380,26.489
-0.314,0.447,0.675,26.367,0.122,31.738
-0.314,0.411,0.675,20.142,-2.808,34.851
-0.307,0.394,0.679,15.808,-4.700,36.255
-0.303,0.374,0.673,14.160,-4.700,35.767
-0.307,0.359,0.658,14.832,-1.892,33.813
-0.298,0.349,0.634,15.869,3.296,31.555
-0.297,0.345,0.634,15.808,9.399,29.236
-0.262,0.340,0.641,13.306,17.090,26.367
-0.217,0.335,0.674,8.728,25.146,21.423
-0.221,0.331,0.730,4.028,31.616,13.977
-0.226,0.328,0.795,0.732,35.156,6.226
-0.233,0.327,0.851,-0.732,35.339,0.183
-0.256,0.352,0.892,-0.366,34.973,-2.991
-0.253,0.380,0.946,-0.732,34.363,-6.104
-0.273,0.396,0.961,-1.953,32.166,-9.216
-0.299,0.401,0.968,-2.747,29.724,-9.766
-0.309,0.421,0.963,-4.700,25.818,-5.371
-0.325,0.448,0.926,-7.385,18.921,-0.916
-0.335,0.463,0.892,-12.817,10.864,3.296
-0.342,0.466,0.872,-17.090,3.906,8.301
-0.356,0.474,0.852,-15.015,-0.977,12.939
-0.345,0.495,0.827,-7.751,-1.099,15.076
-0.325,0.505,0.820,0.610,1.709,16.113
-0.307,0.509,0.822,8.667,2.319,15.503
-0.284,0.505,0.819,16.846,0.977,11.047
-0.277,0.485,0.817,23.743,0.305,5.188
-0.285,0.471,0.818,28.198,0.977,2.502
-0.291,0.456,0.807,30.090,1.709,2.197
-0.289,0.437,0.787,30.151,2.319,3.662
-0.288,0.426,0.761,28.198,1.709,6.348
-0.273,0.416,0.734,23.132,0.488,9.033
-0.266,0.411,0.730,17.395,-0.854,10.742
-0.261,0.410,0.729,12.939,-0.977,9.583
-0.256,0.410,0.733,9.949,0.305,7.263
-0.267,0.411,0.760,7.629,2.014,4.761
-0.262,0.403,0.787,5.493,3.113,2.625
-0.279,0.409,0.826,3.906,3.235,0.977
-0.291,0.408,0.860,2.991,3.357,-0.488
-0.293,0.417,0.874,4.639,4.883,-1.282
-0.300,0.429,0.876,7.385,7.263,-2.136
-0.309,0.420,0.890,10.498,8.484,-3.113
-0.309,0.423,0.882,13.000,9.338,-4.211
-0.305,0.420,0.872,15.808,9.033,-5.127
-0.307,0.417,0.870,16.663,7.568,-5.066
-0.308,0.414,0.872,15.930,5.371,-4.578
-0.295,0.416,0.876,14.160,2.686,-3.479
-0.278,0.422,0.882,12.512,0.549,-1.587
-0.278,0.429,0.898,10.498,-0.427,-0.061
-0.277,0.418,0.895,8.667,-0.549,0.244
-0.281,0.416,0.894,7.263,-0.366,-0.061
-0.280,0.415,0.896,6.836,0.671,-0.610
-0.261,0.423,0.899,7.385,2.747,-1.099
-0.259,0.432,0.906,8.606,4.456,-2.808
-0.264,0.438,0.911,9.583,5.432,-5.981
-0.284,0.450,0.926,10.803,5.798,-9.460
-0.305,0.457,0.937,13.611,6.836,-10.925
-0.311,0.456,0.920,17.639,7.935,-9.705
-0.320,0.453,0.905,20.874,8.301,-7.446
-0.319,0.434,0.879,21.973,8.545,-5.310
-0.313,0.405,0.860,21.179,8.728,-2.686
-0.303,0.392,0.854,19.165,8.789,-0.122
-0.282,0.386,0.855,15.747,9.399,1.648
-0.271,0.378,0.869,11.475,9.705,2.258
-0.262,0.367,0.885,8.240,10.010,2.197
-0.252,0.374,0.899,6.165,10.559,0.977
-0.249,0.381,0.904,5.005,11.536,-0.366
-0.269,0.385,0.904,3.845,12.573,-2.075
-0.289,0.387,0.914,3.479,12.634,-3.052
-0.292,0.379,0.915,4.822,12.268,-1.648
-0.282,0.380,0.903,6.897,11.475,1.709

-0.496,-0.948,1.574,-42.664,118.408,-74.158
-0.563,-1.141,1.638,-49.194,117.004,-62.378
-0.660,-1.345,1.729,-56.458,112.305,-46.936
-0.709,-1.537,1.807,-59.021,105.408,-33.875
-0.684,-1.641,1.749,-50.537,102.905,-24.658
-0.550,-1.664,1.581,-34.851,108.215,-16.846
-0.300,-1.670,1.407,-25.574,113.342,-8.423
-0.036,-1.639,1.256,-32.227,112.610,-2.258
0.183,-1.516,1.140,-48.340,107.727,-0.488
0.467,-1.339,0.955,-61.035,108.459,-1.282
0.746,-1.095,0.768,-72.632,112.305,-7.812
0.920,-0.763,0.553,-80.139,111.450,-23.499
1.054,-0.416,0.336,-79.773,113.159,-47.363
1.155,0.006,0.038,-69.458,120.911,-73.608
1.112,0.482,-0.393,-54.871,133.667,-97.473
1.138,0.982,-0.803,-46.570,151.123,-111.389
1.160,1.495,-1.011,-54.077,158.325,-107.849
1.190,1.969,-0.992,-67.932,145.264,-91.858
1.225,2.268,-0.851,-78.979,120.483,-73.303
1.338,2.415,-0.710,-83.496,89.539,-53.589
1.290,2.473,-0.504,-81.665,53.528,-37.109
1.240,2.429,-0.345,-68.115,24.902,-26.367
1.078,2.243,-0.231,-47.668,9.888,-15.259
1.089,2.018,-0.231,-23.071,0.916,-0.366
0.965,1.796,-0.186,-4.089,-13.611,13.977
0.826,1.580,-0.159,10.254,-30.457,23.560
0.847,1.317,-0.173,20.264,-33.447,31.311
0.800,1.120,-0.172,26.428,-38.208,44.067
0.756,0.982,-0.164,29.541,-51.147,53.345
0.714,0.849,-0.149,29.114,-55.603,54.077
0.716,0.722,-0.080,26.184,-48.218,50.537
0.694,0.618,0.002,21.606,-40.222,43.579
0.660,0.539,0.107,18.982,-34.851,35.889
0.632,0.500,0.209,18.127,-28.564,30.334
0.640,0.494,0.285,18.005,-22.705,28.931
0.656,0.523,0.373,18.555,-20.020,28.320
0.665,0.549,0.453,18.982,-18.982,25.757
0.676,0.588,0.505,20.203,-18.494,20.813
0.689,0.622,0.537,21.301,-18.616,16.785
0.708,0.639,0.566,20.813,-18.005,13.855
0.748,0.630,0.609,19.348,-14.832,10.010
0.759,0.630,0.680,16.968,-12.878,5.981
0.740,0.631,0.734,13.489,-16.296,2.258
0.719,0.651,0.774,10.742,-22.278,-0.427
0.689,0.663,0.802,12.573,-28.625,-0.122
0.643,0.669,0.818,18.127,-35.095,0.671
0.599,0.658,0.817,27.344,-41.260,2.319
0.580,0.644,0.794,38.147,-44.617,6.470
0.568,0.604,0.770,51.819,-45.654,12.817
0.556,0.576,0.718,62.012,-44.739,20.142
0.553,0.533,0.659,65.979,-43.335,27.283
0.543,0.492,0.612,65.308,-45.227,33.569
0.533,0.431,0.627,64.758,-51.086,38.696
0.527,0.398,0.607,57.739,-54.626,42.603
0.553,0.368,0.610,50.781,-55.786,44.861
0.565,0.327,0.630,46.204,-54.993,45.166
0.556,0.288,0.652,42.175,-52.185,41.931
0.551,0.261,0.663,39.856,-46.021,37.659
0.551,0.233,0.667,39.307,-37.842,35.034
0.560,0.213,0.677,38.269,-31.860,33.691
0.553,0.186,0.707,35.461,-30.701,33.386
0.538,0.154,0.749,33.142,-32.471,33.997
0.531,0.139,0.774,32.410,-33.569,36.072
0.540,0.140,0.784,32.349,-33.936,38.635
0.546,0.126,0.799,30.884,-35.217,39.673
0.534,0.102,0.820,28.442,-37.964,38.147
0.532,0.090,0.840,26.245,-40.222,36.194
0.540,0.094,0.854,25.452,-39.612,34.851
0.534,0.091,0.864,25.330,-36.560,32.043
0.525,0.092,0.864,26.001,-33.264,28.137
0.503,0.104,0.858,27.161,-32.104,24.536
0.476,0.116,0.847,28.076,-32.410,21.790
0.441,0.116,0.837,27.466,-33.875,19.836
0.413,0.115,0.831,25.879,-36.255,18.433
0.392,0.121,0.829,24.048,-38.818,18.616
0.383,0.118,0.834,22.278,-40.222,20.020
0.378,0.116,0.839,20.752,-41.565,22.034
0.381,0.124,0.844,19.470,-44.128,24.719
0.375,0.133,0.839,17.639,-48.340,27.588
0.368,0.137,0.839,15.076,-52.917,28.870
0.361,0.135,0.852,12.207,-56.824,28.687
0.360,0.126,0.865,9.460,-58.655,27.100
0.343,0.128,0.884,7.385,-57.373,22.766
0.321,0.126,0.888,6.531,-52.185,15.442
0.302,0.145,0.895,6.409,-44.250,7.568
0.274,0.157,0.892,7.263,-35.828,0.916
0.262,0.159,0.888,9.766,-29.236,-2.502
0.249,0.163,0.880,11.475,-26.062,-3.601
0.236,0.172,0.877,13.184,-26.794,-2.563
0.215,0.174,0.870,13.489,-30.334,-0.977
0.170,0.174,0.874,13.428,-35.217,1.587
0.129,0.166,0.889,13.672,-40.283,5.615
0.118,0.156,0.883,14.221,-43.030,11.047
0.117,0.149,0.882,14.343,-44.678,17.517
0.148,0.143,0.880,12.695,-45.471,23.071
0.175,0.144,0.890,9.155,-45.349,25.818
0.185,0.152,0.921,5.249,-44.800,23.987
0.184,0.150,0.936,1.587,-42.847,19.043
0.176,0.159,0.962,-0.610,-37.903,13.062
0.175,0.165,0.974,-0.488,-30.640,7.263
0.136,0.172,0.959,0.427,-24.109,1.770
0.135,0.198,1.008,2.319,-18.250,-0.977
0.126,0.186,1.002,6.165,-14.587,-0.916
0.138,0.208,0.996,11.169,-14.343,0.732
0.147,0.212,1.001,14.648,-16.602,1.831
0.141,0.198,0.992,16.541,-20.325,3.357
0.140,0.184,0.978,18.005,-24.353,5.859
0.135,0.178,0.965,18.921,-26.978,7.690
0.140,0.167,0.954,18.372,-27.527,8.972
0.139,0.161,0.960,16.724,-26.794,8.667
0.124,0.161,0.982,14.404,-24.780,7.263
0.114,0.154,1.001,13.062,-20.935,5.066
0.121,0.136,1.001,12.939,-16.357,2.930
0.114,0.126,1.006,12.390,-13.672,0.610
0.100,0.116,1.002,12.329,-13.550,-1.221
0.102,0.122,0.994,12.817,-13.916,-1.648
0.102,0.122,0.985,13.000,-13.245,-1.160
0.099,0.117,0.985,12.207,-11.414,-0.793
0.091,0.114,0.993,10.681,-9.521,-0.122

-0.180,-1.419,1.323,-38.513,7.935,12.146
-0.211,-1.644,1.235,-44.067,4.517,23.987
-0.251,-1.823,1.160,-50.842,-4.089,41.748
-0.257,-1.867,1.091,-56.641,-13.367,58.289
-0.238,-1.779,1.070,-63.232,-15.991,68.298
-0.166,-1.727,1.064,-76.355,-12.024,70.435
-0.029,-1.770,1.095,-95.947,-9.583,62.256
0.102,-1.774,1.114,-110.535,-16.296,49.622
0.300,-1.663,1.034,-114.990,-26.672,47.180
0.410,-1.418,0.780,-118.042,-33.813,49.438
0.476,-1.095,0.513,-120.667,-32.715,35.522
0.476,-0.717,0.292,-125.732,-23.926,16.357
0.485,-0.221,0.043,-125.305,-15.869,-1.953
0.539,0.270,-0.211,-120.789,-13.855,-20.813
0.486,0.765,-0.418,-118.774,-21.240,-43.152
0.203,1.370,-0.498,-114.075,-26.855,-62.805
0.065,2.209,-0.507,-100.708,-15.564,-70.862
-0.155,2.732,-0.354,-89.233,13.611,-88.135
-0.248,2.935,-0.201,-79.407,43.884,-114.258
-0.119,3.024,0.018,-66.101,48.950,-113.525
-0.125,3.014,0.289,-47.180,31.372,-87.524
-0.060,2.830,0.482,-22.339,7.019,-53.650
0.044,2.591,0.583,4.639,-17.151,-13.855
0.152,2.258,0.566,29.480,-39.917,31.250
0.194,1.941,0.502,45.227,-54.199,45.837
0.261,1.637,0.446,47.546,-60.303,46.936
0.311,1.374,0.382,42.236,-58.228,55.054
0.339,1.174,0.333,33.508,-55.847,56.580
0.340,1.023,0.324,22.034,-53.833,55.542
0.322,0.917,0.333,13.794,-51.636,48.889
0.284,0.850,0.358,10.132,-47.119,38.696
0.238,0.813,0.398,9.766,-39.856,28.259
0.206,0.792,0.451,11.108,-29.846,20.691
0.206,0.776,0.477,14.648,-19.531,16.968
0.202,0.810,0.526,15.442,-11.658,15.137
0.198,0.805,0.600,17.700,-8.545,9.644
0.222,0.834,0.654,17.029,-2.991,1.892
0.201,0.858,0.717,17.700,6.348,-2.075
0.212,0.869,0.794,16.479,17.944,-10.925
0.196,0.859,0.883,16.296,25.208,-22.766
0.161,0.835,0.951,19.226,32.593,-32.227
0.150,0.805,0.997,24.963,41.382,-36.499
0.146,0.772,1.016,30.884,45.105,-35.583
0.144,0.735,1.011,34.363,41.321,-30.579
0.128,0.689,0.993,34.912,32.776,-21.973
0.114,0.654,0.968,32.349,21.790,-11.475
0.094,0.623,0.931,29.053,9.460,-0.061
0.069,0.585,0.903,24.292,-1.221,10.742
0.041,0.536,0.861,20.752,-8.850,19.531
0.027,0.513,0.821,17.273,-11.780,28.564
0.002,0.486,0.795,14.465,-14.893,36.682
-0.009,0.445,0.778,12.024,-18.433,40.161
-0.012,0.413,0.766,9.888,-18.982,42.053
-0.013,0.402,0.771,8.911,-16.174,44.067
0.009,0.398,0.785,8.118,-11.597,44.678
0.020,0.388,0.799,8.423,-7.935,42.725
0.028,0.372,0.809,10.254,-4.639,39.795
0.043,0.347,0.825,13.916,-0.427,37.170
0.063,0.331,0.833,19.043,3.113,33.386
0.083,0.332,0.837,23.254,7.385,29.175
0.088,0.322,0.831,24.780,10.925,25.330
0.094,0.299,0.839,22.217,13.000,20.508
0.097,0.294,0.870,19.470,13.123,16.907
0.086,0.301,0.908,19.226,11.475,14.099
0.059,0.318,0.948,20.874,10.803,12.146
0.044,0.330,0.982,23.315,13.428,11.475
0.043,0.321,0.974,26.611,16.052,12.024
0.028,0.290,0.953,30.640,16.602,11.780
0.039,0.276,0.930,34.363,15.076,11.292
0.016,0.222,0.932,38.147,11.230,12.451
0.015,0.205,0.907,36.438,8.484,14.099
0.017,0.203,0.881,34.790,5.737,15.015
0.014,0.184,0.899,35.095,1.526,16.296
0.018,0.206,0.874,31.433,-1.587,18.372
0.027,0.219,0.873,29.297,-3.601,20.386
0.027,0.221,0.876,27.100,-4.639,21.423
0.038,0.209,0.865,24.597,-3.967,21.179
0.037,0.179,0.858,23.132,-2.991,20.508
0.030,0.153,0.845,21.912,-2.930,18.799
0.019,0.150,0.833,20.508,-3.784,16.235
0.007,0.158,0.833,19.226,-4.272,13.000
0.015,0.163,0.838,17.883,-3.723,9.705
0.006,0.166,0.839,16.174,-3.784,6.165
0.019,0.161,0.851,14.343,-5.615,3.052
0.045,0.157,0.872,14.099,-8.484,1.099
0.074,0.169,0.876,13.367,-10.742,-0.610
0.098,0.179,0.910,12.695,-13.550,-4.150
0.099,0.165,0.928,10.254,-14.832,-9.460
0.103,0.159,0.942,8.118,-12.756,-13.428
0.083,0.159,0.960,6.836,-8.118,-17.944
0.056,0.144,0.977,7.263,-2.625,-21.423
0.045,0.143,0.974,7.629,2.625,-22.888
0.031,0.148,0.972,9.094,6.165,-23.193
0.014,0.154,0.989,10.681,7.202,-22.400
0.009,0.176,0.984,11.719,7.263,-19.897
0.003,0.145,1.029,17.090,3.479,-16.235
0.009,0.144,1.005,18.433,-0.366,-11.108
0.013,0.146,1.002,19.836,-5.127,-5.676
0.020,0.131,0.984,19.592,-9.705,-0.610
0.020,0.122,0.983,17.700,-13.428,2.930
0.017,0.132,0.984,14.404,-14.771,5.493
0.031,0.152,0.960,13.306,-13.306,6.531
0.037,0.129,0.992,18.433,-12.451,7.141
0.030,0.150,0.958,16.968,-8.484,7.874
0.038,0.153,0.953,14.099,-1.953,7.385
0.049,0.149,0.953,13.184,4.028,6.592
0.064,0.151,0.953,12.817,7.812,6.531
0.069,0.152,0.956,11.414,7.019,6.287
0.063,0.150,0.965,9.399,3.235,5.737
0.055,0.152,0.965,7.996,-1.282,5.310
0.039,0.133,0.996,9.399,-5.737,4.517
0.026,0.127,0.996,8.423,-7.629,3.723
0.036,0.127,1.009,7.202,-6.409,3.052
0.052,0.141,1.022,8.972,-5.554,3.235
0.070,0.156,1.024,12.329,-5.432,4.028
0.079,0.162,1.027,15.198,-5.737,4.211
0.097,0.172,1.025,16.846,-6.348,3.174
0.113,0.173,1.016,17.761,-7.385,1.648
0.111,0.170,1.000,17.761,-10.071,-0.366

-0.277,-1.510,1.526,-87.646,44.189,20.813
-0.301,-1.718,1.608,-98.450,31.250,31.799
-0.288,-1.840,1.641,-100.281,18.738,41.565
-0.258,-1.903,1.615,-96.985,9.705,50.964
-0.085,-2.076,1.560,-96.863,6.287,58.838
0.131,-2.192,1.459,-97.961,0.793,63.171
0.339,-2.135,1.227,-97.656,-9.155,62.378
0.579,-2.069,1.033,-105.286,-17.090,61.035
0.804,-1.890,0.841,-119.141,-18.127,37.415
0.970,-1.615,0.594,-134.949,-15.381,6.653
1.070,-1.216,0.319,-149.048,-10.071,-31.128
1.010,-0.718,0.004,-161.682,-7.568,-75.684
0.811,-0.141,-0.311,-173.096,-2.625,-114.014
0.722,0.385,-0.628,-174.255,10.559,-132.629
0.558,1.031,-0.947,-176.025,16.846,-128.357
0.318,2.044,-1.164,-178.223,11.475,-107.971
-0.009,2.930,-1.202,-178.284,11.841,-90.759
-0.133,3.370,-0.999,-184.570,16.663,-88.745
-0.106,3.578,-0.697,-177.979,13.550,-78.613
-0.125,3.749,-0.370,-153.076,-1.587,-49.683
-0.151,3.745,-0.068,-117.859,-19.775,-16.113
-0.122,3.532,0.227,-78.308,-30.334,10.620
-0.117,3.188,0.406,-34.973,-34.485,23.437
-0.070,2.796,0.453,8.118,-29.480,23.987
0.018,2.406,0.366,46.875,-22.583,37.354
0.153,2.032,0.252,73.975,-23.254,50.720
0.259,1.712,0.188,84.839,-28.748,62.866
0.351,1.444,0.158,85.327,-32.654,67.322
0.425,1.238,0.149,79.041,-30.396,64.697
0.449,1.073,0.161,69.153,-23.132,55.969
0.463,0.935,0.196,57.068,-11.597,43.213
0.415,0.812,0.242,43.030,-3.357,34.546
0.425,0.702,0.310,33.813,3.174,19.653
0.375,0.615,0.396,25.452,9.521,14.343
0.297,0.573,0.486,21.912,10.925,12.268
0.205,0.560,0.597,22.888,12.329,7.324
0.158,0.516,0.654,26.978,17.761,3.784
0.135,0.471,0.680,28.809,22.705,3.967
0.120,0.443,0.710,30.090,21.851,4.395
0.108,0.433,0.758,30.640,19.409,1.770
0.107,0.428,0.797,28.809,20.264,-2.380
0.111,0.443,0.837,25.696,24.109,-7.446
0.094,0.449,0.854,21.545,29.785,-12.512
0.095,0.453,0.873,14.648,37.781,-15.869
0.066,0.448,0.904,10.803,41.138,-16.479
0.049,0.451,0.952,9.583,42.175,-13.977
0.041,0.435,0.955,8.240,42.053,-9.033
0.052,0.415,0.944,4.272,37.048,0.000
0.044,0.387,0.945,-0.427,26.001,11.536
0.038,0.352,0.943,-4.333,12.756,24.231
0.039,0.297,0.937,-4.883,2.075,36.987
0.044,0.236,0.930,-0.305,-5.554,49.438
0.075,0.190,0.911,8.057,-12.695,57.434
0.106,0.152,0.889,17.334,-18.555,59.143
0.117,0.113,0.875,25.330,-21.851,54.504
0.125,0.089,0.865,30.640,-20.325,44.739
0.127,0.076,0.867,33.142,-15.381,34.241
0.113,0.061,0.866,32.654,-9.888,24.536
0.102,0.057,0.877,30.273,-3.601,16.968
0.080,0.081,0.913,28.076,2.930,11.230
0.075,0.092,0.942,26.184,10.315,7.141
0.091,0.114,0.938,21.606,16.357,6.531
0.104,0.128,0.942,14.832,18.127,7.629
0.104,0.144,0.964,7.629,16.541,8.728
0.101,0.172,1.000,1.587,12.695,9.094
0.084,0.196,1.035,-1.465,8.301,8.423
0.078,0.212,1.060,-1.343,4.028,7.996
0.080,0.240,1.102,1.343,0.244,8.789
0.060,0.242,1.114,4.700,-3.540,8.850
0.042,0.232,1.122,8.606,-6.958,7.080
0.030,0.220,1.111,14.709,-8.728,5.005
0.021,0.218,1.090,22.949,-9.460,3.357
0.018,0.224,1.052,31.982,-10.498,1.465
0.030,0.233,1.007,39.551,-12.024,0.061
0.032,0.236,0.970,44.128,-13.977,-0.366
0.041,0.240,0.933,45.654,-15.930,-0.549
0.048,0.237,0.903,44.434,-17.578,0.366
0.063,0.232,0.869,40.588,-18.799,1.892
0.081,0.235,0.855,34.912,-20.081,3.662
0.089,0.225,0.854,28.625,-21.057,4.761
0.077,0.224,0.887,21.729,-20.569,3.174
0.057,0.217,0.928,16.602,-18.188,-0.122
0.036,0.210,0.966,14.099,-14.709,-3.357
0.021,0.203,0.988,13.733,-11.108,-7.324
0.003,0.197,1.009,15.259,-7.996,-10.071
-0.011,0.192,1.021,17.395,-5.432,-12.146
-0.013,0.194,1.025,20.447,-3.479,-13.367
-0.021,0.200,1.020,23.560,-2.319,-14.343
-0.034,0.198,1.014,25.940,-1.648,-14.282
-0.028,0.201,0.995,26.245,-2.014,-12.573
-0.048,0.204,0.991,24.841,-3.479,-9.216
-0.045,0.209,0.990,22.156,-5.493,-4.883
-0.034,0.218,0.992,17.517,-7.568,-0.793
-0.025,0.215,0.997,11.047,-10.315,2.808
-0.028,0.208,1.007,5.493,-13.428,5.371
-0.035,0.214,1.028,1.709,-16.052,6.165
-0.032,0.238,1.038,-0.488,-16.235,5.432
-0.043,0.256,1.044,-1.770,-12.817,4.089
-0.052,0.259,1.037,-3.479,-7.080,1.526
-0.058,0.262,1.030,-4.089,-1.587,-1.160
-0.068,0.280,1.022,-3.235,2.014,-1.953
-0.077,0.293,1.013,-2.502,4.700,-2.014
-0.082,0.296,1.007,-2.075,6.958,-1.709
-0.081,0.299,1.005,-1.282,7.874,-0.732
-0.062,0.307,0.990,0.305,7.568,1.648
-0.048,0.314,0.965,0.732,6.287,4.395
-0.048,0.300,0.957,-0.122,5.615,5.920
-0.037,0.298,0.962,-0.732,6.531,6.348
-0.016,0.310,0.966,0.000,8.789,6.226
0.002,0.314,0.965,0.488,11.169,5.920
0.026,0.315,0.957,1.221,12.329,5.188
0.045,0.314,0.955,1.709,12.634,4.395
0.051,0.311,0.946,2.014,12.695,3.113
0.050,0.307,0.948,2.197,13.123,2.258
0.053,0.300,0.953,2.991,15.137,1.038
0.053,0.289,0.939,3.906,17.517,0.183
0.050,0.273,0.928,5.066,18.250,0.061
0.048,0.270,0.918,5.432,16.785,0.305
0.044,0.266,0.912,5.005,14.343,1.282

-0.239,-0.930,1.785,-78.613,-51.208,28.381
-0.388,-1.162,1.681,-69.824,-60.364,43.335
-0.462,-1.364,1.515,-58.899,-64.331,56.396
-0.423,-1.510,1.306,-50.781,-63.049,65.002
-0.331,-1.604,1.136,-54.871,-57.190,70.618
-0.141,-1.675,1.004,-70.557,-49.438,73.364
0.087,-1.708,0.948,-93.933,-43.945,70.618
0.287,-1.719,0.942,-122.681,-42.542,59.937
0.524,-1.655,0.923,-149.475,-41.748,43.152
0.641,-1.448,0.955,-174.133,-42.786,18.494
0.767,-1.217,0.928,-186.951,-42.908,-9.827
0.869,-0.899,0.776,-186.768,-41.443,-33.691
0.776,-0.508,0.563,-177.917,-42.664,-52.490
0.740,-0.059,0.231,-158.569,-40.527,-62.927
0.518,0.516,-0.191,-139.893,-42.542,-63.110
0.229,1.277,-0.634,-122.620,-43.579,-48.889
0.035,1.973,-1.217,-118.042,-38.696,-26.428
-0.032,2.599,-1.417,-119.751,-47.607,-13.550
-0.097,3.043,-1.339,-131.775,-64.758,-18.005
-0.135,3.242,-0.944,-140.015,-63.843,-38.940
-0.066,3.276,-0.503,-128.601,-47.058,-54.565
-0.112,3.210,-0.130,-100.403,-38.208,-60.181
-0.172,2.929,0.038,-65.186,-38.147,-56.335
-0.139,2.543,0.042,-29.297,-40.649,-36.011
-0.053,2.235,0.018,-0.549,-44.312,-10.376
0.061,1.968,0.017,19.226,-49.011,12.024
0.158,1.714,0.010,31.006,-50.354,27.100
0.221,1.502,0.015,35.889,-44.800,33.875
0.262,1.346,0.026,37.964,-33.203,34.119
0.276,1.249,0.040,36.682,-17.761,29.968
0.240,1.172,0.070,31.494,-4.028,23.071
0.282,1.079,0.115,23.437,7.263,16.663
0.194,0.997,0.200,20.813,3.296,20.935
0.265,0.980,0.297,24.719,1.465,11.414
0.224,0.953,0.402,26.611,9.766,14.587
0.221,0.941,0.481,28.992,12.878,15.137
0.186,0.932,0.569,29.663,12.878,12.756
0.147,0.915,0.646,28.442,12.878,12.146
0.090,0.890,0.704,31.128,8.484,14.648
0.055,0.871,0.725,36.621,5.249,19.287
0.040,0.854,0.707,40.955,5.554,26.245
0.018,0.815,0.694,39.795,5.188,32.349
-0.006,0.757,0.708,36.255,3.601,33.386
-0.027,0.706,0.729,35.950,4.089,30.518
-0.052,0.677,0.733,39.246,7.935,26.367
-0.066,0.651,0.729,43.823,13.794,21.729
-0.074,0.620,0.743,48.889,19.836,17.273
-0.080,0.588,0.748,54.749,24.231,13.245
-0.086,0.569,0.748,62.134,26.001,9.216
-0.076,0.545,0.740,70.190,26.978,7.141
-0.062,0.516,0.744,77.332,26.428,6.836
-0.066,0.466,0.743,83.069,22.827,7.996
0.023,0.506,0.704,85.022,16.785,8.179
0.043,0.474,0.680,83.069,12.512,11.536
-0.002,0.426,0.695,74.524,12.634,15.686
0.022,0.386,0.696,63.721,15.198,14.709
0.042,0.378,0.722,56.946,18.188,15.503
0.048,0.357,0.716,51.208,21.179,18.616
0.052,0.361,0.755,40.955,23.987,19.897
0.047,0.358,0.786,31.189,26.978,18.799
0.044,0.352,0.804,22.644,29.785,18.250
0.050,0.352,0.854,16.785,31.860,17.578
0.048,0.340,0.867,12.878,30.884,16.663
0.038,0.345,0.890,11.719,27.710,14.832
0.043,0.362,0.915,12.024,23.987,12.512
0.038,0.382,0.939,12.451,22.400,10.864
0.053,0.399,0.957,9.766,21.545,13.428
0.059,0.412,0.956,11.536,15.808,15.198
0.044,0.426,0.939,16.296,8.240,13.733
0.053,0.437,0.932,21.790,5.066,13.855
0.056,0.427,0.905,27.039,3.235,14.160
0.027,0.401,0.885,31.250,1.770,11.597
0.008,0.368,0.873,36.316,2.686,8.179
0.016,0.348,0.858,42.480,4.822,7.019
0.025,0.332,0.838,45.593,5.920,7.446
0.030,0.307,0.839,42.297,6.470,8.667
0.032,0.297,0.859,35.400,5.920,11.047
0.024,0.295,0.889,28.015,4.822,14.038
0.006,0.280,0.923,22.522,4.944,16.785
0.009,0.263,0.944,19.470,6.531,18.921
0.021,0.262,0.962,17.334,7.080,20.752
0.044,0.275,0.971,14.709,5.737,21.790
0.056,0.279,0.983,12.268,3.601,20.386
0.042,0.271,1.000,9.460,2.075,17.334
0.030,0.263,1.009,7.324,2.197,15.015
0.032,0.270,1.006,7.385,4.211,13.306
0.033,0.276,1.000,8.057,7.507,11.047
0.035,0.286,0.990,8.850,10.498,8.118
0.026,0.290,0.994,9.399,12.329,5.737
0.017,0.281,1.000,10.864,14.526,4.150
0.022,0.279,0.999,12.573,17.090,3.784
0.030,0.276,0.996,13.611,17.151,4.761
0.034,0.266,0.991,13.367,13.855,6.592
0.042,0.263,0.991,12.268,9.521,8.606
0.058,0.264,0.991,10.925,5.859,10.437
0.073,0.258,0.993,9.521,2.197,11.292
0.080,0.253,1.001,8.911,-2.441,10.925
0.080,0.246,1.000,9.460,-6.348,9.766
0.079,0.241,0.987,10.864,-8.301,8.240
0.082,0.244,0.965,12.268,-7.812,5.737
0.079,0.246,0.952,13.489,-6.348,2.563
0.074,0.247,0.940,14.893,-4.639,-0.610
0.062,0.255,0.934,15.930,-2.380,-2.869
0.047,0.262,0.938,16.296,-0.183,-5.127
0.040,0.266,0.937,16.479,2.197,-6.958
0.030,0.271,0.938,16.113,3.784,-7.812
0.029,0.281,0.935,14.954,3.662,-6.958
0.024,0.272,0.924,11.719,1.587,-5.066
0.026,0.260,0.920,7.751,-1.892,-2.991
0.030,0.257,0.929,4.517,-5.493,-0.732
0.040,0.271,0.936,0.488,-8.301,0.610
0.038,0.276,0.961,-3.235,-9.888,0.916
0.037,0.288,0.993,-5.981,-9.521,0.610
0.026,0.294,1.009,-6.775,-8.667,0.122
0.005,0.286,1.021,-6.287,-7.141,-0.061
-0.010,0.279,1.030,-4.456,-5.127,-0.366
-0.013,0.277,1.036,-1.160,-4.089,-0.488
-0.026,0.272,1.031,1.160,-4.456,-0.305
-0.038,0.266,1.007,2.319,-4.944,-0.427

-0.115,-0.937,1.423,-32.837,-14.832,-26.489
-0.144,-0.830,1.259,-21.118,-9.094,-32.959
-0.143,-0.674,1.063,-10.803,-7.385,-34.790
-0.146,-0.498,0.860,-7.263,-11.047,-30.762
-0.140,-0.254,0.657,-12.634,-17.883,-23.193
-0.138,0.021,0.496,-19.714,-27.283,-13.977
-0.142,0.238,0.356,-29.175,-35.645,-8.362
-0.149,0.392,0.253,-40.894,-42.114,-6.836
-0.109,0.574,0.153,-49.194,-44.128,-7.812
-0.053,0.799,0.101,-53.345,-40.100,-9.888
-0.010,1.043,0.119,-56.396,-29.846,-15.076
-0.007,1.301,0.180,-54.260,-16.418,-24.475
-0.008,1.607,0.240,-41.748,-0.793,-36.316
-0.049,1.848,0.276,-24.780,18.494,-51.636
-0.080,1.955,0.312,-9.705,37.415,-68.726
-0.088,1.954,0.333,5.310,48.218,-77.454
-0.066,1.939,0.393,25.146,45.532,-74.402
0.000,1.874,0.401,39.001,46.509,-65.430
0.098,1.770,0.433,36.072,47.668,-44.495
0.091,1.642,0.475,34.912,25.879,-27.893
0.139,1.493,0.483,27.954,9.399,-16.113
0.159,1.338,0.486,19.409,-0.427,-3.662
0.191,1.214,0.490,5.554,-6.104,12.939
0.199,1.110,0.526,-7.751,-13.916,27.344
0.224,1.004,0.566,-16.785,-20.386,37.476
0.242,0.926,0.611,-21.545,-24.231,44.006
0.258,0.861,0.634,-23.376,-26.489,46.631
0.243,0.796,0.654,-23.987,-26.245,44.983
0.216,0.737,0.692,-23.987,-22.095,39.307
0.187,0.685,0.729,-23.193,-14.954,31.494
0.154,0.646,0.774,-22.949,-5.859,24.658
0.102,0.593,0.813,-22.034,2.991,20.020
0.055,0.540,0.838,-20.691,10.559,18.616
0.002,0.498,0.860,-17.334,13.794,19.470
-0.032,0.475,0.875,-11.292,12.146,20.752
-0.055,0.461,0.889,-4.761,7.446,21.606
-0.069,0.438,0.899,1.404,3.418,22.156
-0.080,0.408,0.902,7.080,2.075,23.315
-0.065,0.384,0.900,9.644,4.578,24.902
-0.035,0.364,0.877,8.667,10.132,27.100
-0.006,0.348,0.873,4.395,15.869,28.870
0.015,0.342,0.882,-1.892,20.081,28.931
0.034,0.336,0.906,-7.996,22.705,28.687
0.040,0.320,0.924,-13.184,23.193,29.053
0.040,0.295,0.951,-18.188,21.973,29.236
0.046,0.277,0.981,-22.949,20.874,29.236
0.036,0.254,0.985,-25.330,18.311,29.236
0.039,0.266,1.008,-25.391,15.198,28.381
0.035,0.283,1.023,-24.475,13.000,26.489
0.051,0.320,1.028,-24.719,13.184,22.522
0.060,0.350,1.025,-23.865,15.259,17.944
0.074,0.384,1.013,-21.667,17.761,13.062
0.073,0.415,1.001,-19.348,20.630,8.118
0.056,0.422,0.989,-16.296,22.522,3.296
0.042,0.425,0.971,-11.902,23.437,-0.244
0.015,0.425,0.954,-7.812,22.156,-1.343
-0.022,0.420,0.957,-4.395,18.127,-1.038
-0.045,0.409,0.949,-0.366,11.963,-0.183
-0.069,0.391,0.954,4.578,5.371,1.160
-0.062,0.377,0.941,9.705,-0.610,3.235
-0.052,0.365,0.927,14.160,-5.066,5.432
-0.041,0.356,0.922,17.761,-9.155,6.897
-0.031,0.352,0.913,20.325,-11.597,6.958
-0.034,0.341,0.910,21.484,-11.719,6.348
-0.039,0.324,0.907,22.278,-10.132,5.615
-0.037,0.315,0.896,23.743,-7.812,5.432
-0.038,0.305,0.889,25.024,-5.310,5.615
-0.033,0.303,0.886,25.146,-3.662,5.554
-0.016,0.300,0.882,25.024,-2.686,6.042
-0.011,0.306,0.891,23.499,-2.747,5.981
-0.016,0.314,0.906,20.813,-3.357,4.639
-0.010,0.317,0.912,19.836,-3.601,3.113
-0.008,0.320,0.918,21.606,-2.869,1.953
-0.002,0.327,0.922,24.780,-2.197,1.404
0.005,0.335,0.921,26.917,-1.831,0.854
-0.012,0.326,0.916,26.062,-1.404,-0.122
-0.041,0.299,0.912,23.865,-0.366,-0.793
-0.048,0.288,0.899,22.034,0.061,0.122
-0.051,0.278,0.894,20.142,-1.099,3.540
-0.038,0.277,0.892,16.541,-3.418,6.775
-0.019,0.284,0.904,12.268,-6.409,9.827
-0.011,0.295,0.926,7.446,-8.972,11.475
0.002,0.306,0.955,3.052,-9.460,11.414
0.013,0.319,0.988,-0.793,-7.751,10.071
0.017,0.335,1.001,-3.723,-5.005,7.996
0.020,0.351,1.008,-5.859,-2.625,5.371
0.014,0.359,1.011,-6.897,-1.587,2.197
0.008,0.370,1.011,-6.348,-1.038,-0.488
0.006,0.379,1.001,-5.066,-0.549,-2.625
-0.003,0.390,0.994,-1.831,-0.610,-3.906
-0.010,0.408,0.995,2.380,-0.488,-4.822
-0.013,0.410,0.989,5.981,-0.305,-5.310
-0.021,0.407,0.988,9.460,-0.854,-4.700
-0.037,0.402,0.994,12.573,-2.197,-3.723
-0.049,0.386,0.987,15.869,-3.662,-2.625
-0.050,0.380,0.965,18.616,-5.310,-1.221
-0.047,0.359,0.953,20.386,-6.958,0.122
-0.038,0.366,0.914,20.813,-8.118,1.770
-0.041,0.341,0.916,20.447,-9.033,2.441
-0.041,0.337,0.889,18.372,-8.301,3.418
-0.046,0.325,0.878,15.198,-6.897,5.859
-0.052,0.316,0.876,11.414,-6.714,7.690
-0.059,0.305,0.883,7.019,-7.507,9.033
-0.062,0.295,0.893,3.479,-8.423,10.681
-0.063,0.288,0.898,0.977,-8.728,12.451
-0.070,0.281,0.901,-1.038,-8.179,13.000
-0.080,0.285,0.912,-2.380,-6.470,12.146
-0.074,0.287,0.911,-2.808,-4.272,11.108
-0.085,0.285,0.911,-2.991,-2.075,8.850
-0.098,0.293,0.918,-1.892,-0.732,6.165
-0.085,0.314,0.907,0.732,0.793,4.395
-0.087,0.326,0.907,2.686,2.686,2.991
-0.102,0.331,0.926,3.906,4.089,1.099
-0.112,0.345,0.942,5.798,5.737,0.427
-0.112,0.353,0.953,7.874,7.080,1.648
-0.102,0.350,0.957,8.972,6.287,3.357
-0.079,0.353,0.942,9.033,3.906,5.310
-0.059,0.354,0.928,7.202,0.671,6.714
-0.041,0.345,0.923,3.906,-1.221,7.141

0.433,-1.036,1.599,-117.615,-2.747,20.691
0.407,-1.205,1.710,-133.057,-1.770,15.747
0.403,-1.313,1.753,-140.320,-1.404,11.414
0.447,-1.404,1.876,-140.808,-4.578,9.827
0.484,-1.448,1.867,-139.099,-10.864,9.949
0.484,-1.404,1.845,-131.775,-22.095,8.118
0.480,-1.295,1.818,-121.155,-32.776,1.709
0.460,-1.186,1.689,-103.577,-39.001,-10.376
0.445,-1.141,1.482,-82.520,-42.419,-27.283
0.421,-1.115,1.250,-66.223,-39.307,-42.847
0.436,-1.077,1.003,-56.396,-28.442,-54.749
0.496,-0.874,0.690,-48.523,-15.991,-64.209
0.526,-0.594,0.362,-41.504,-10.559,-73.853
0.558,-0.242,0.069,-38.574,-12.817,-81.848
0.577,0.163,-0.232,-37.048,-17.456,-86.548
0.523,0.592,-0.456,-41.321,-20.935,-90.515
0.483,1.053,-0.667,-46.143,-19.714,-91.187
0.398,1.621,-0.765,-55.298,-20.325,-85.815
0.201,2.203,-0.735,-67.383,-21.118,-74.402
0.110,2.657,-0.573,-75.317,-19.287,-59.631
0.044,2.984,-0.297,-79.407,-25.757,-42.786
-0.012,3.176,0.102,-78.308,-45.959,-28.015
-0.144,3.225,0.492,-65.125,-73.303,-31.982
-0.286,3.071,0.843,-60.242,-91.248,-37.415
-0.621,2.721,0.964,-58.960,-99.365,-45.471
-0.920,2.337,0.885,-49.377,-97.107,-48.401
-1.041,1.972,0.594,-30.518,-86.426,-29.480
-1.016,1.677,0.311,-8.545,-75.623,6.653
-0.864,1.503,0.156,8.545,-65.369,42.847
-0.595,1.436,0.133,17.395,-51.880,68.298
-0.212,1.350,0.239,17.029,-25.940,79.895
0.133,1.217,0.384,8.362,6.348,78.125
0.388,1.069,0.532,2.625,34.851,64.087
0.559,0.926,0.626,3.357,55.237,44.983
0.656,0.770,0.692,7.629,66.895,28.870
0.691,0.644,0.709,15.564,69.519,16.296
0.703,0.567,0.711,25.269,66.101,6.897
0.674,0.510,0.717,32.715,59.937,0.244
0.632,0.458,0.740,36.987,54.199,-4.272
0.594,0.399,0.779,38.269,48.828,-9.338
0.560,0.342,0.816,36.621,43.762,-13.367
0.514,0.309,0.847,32.837,39.429,-14.832
0.448,0.299,0.883,27.649,35.522,-15.137
0.378,0.297,0.886,22.217,33.203,-14.587
0.318,0.323,0.905,18.250,32.349,-10.681
0.290,0.341,0.910,15.747,33.508,-4.211
0.273,0.347,0.887,12.573,35.339,2.319
0.257,0.344,0.867,7.629,35.828,9.216
0.254,0.349,0.831,5.615,30.518,16.235
0.236,0.360,0.794,6.653,21.729,20.569
0.234,0.353,0.759,7.324,16.541,23.437
0.223,0.342,0.736,7.751,12.512,26.367
0.215,0.330,0.715,9.705,6.775,28.076
0.224,0.328,0.705,10.498,2.563,27.954
0.234,0.333,0.704,9.705,1.526,25.391
0.234,0.345,0.702,9.277,2.380,19.653
0.232,0.357,0.706,9.521,5.310,10.986
0.223,0.369,0.719,10.803,11.292,0.732
0.209,0.384,0.736,13.306,18.982,-10.498
0.197,0.410,0.745,18.066,27.161,-20.813
0.184,0.440,0.781,24.292,34.302,-28.137
0.174,0.460,0.791,28.870,40.039,-32.471
0.161,0.467,0.804,32.166,40.894,-33.569
0.137,0.460,0.825,34.424,34.851,-30.945
0.137,0.433,0.843,35.461,26.672,-24.475
0.146,0.417,0.851,34.790,19.470,-14.587
0.158,0.403,0.879,33.508,12.085,-3.845
0.169,0.385,0.879,30.151,4.761,5.066
0.168,0.383,0.886,26.123,-1.587,11.841
0.189,0.381,0.908,23.926,-7.202,16.418
0.184,0.369,0.928,20.996,-10.620,18.921
0.189,0.361,0.924,17.029,-9.094,20.142
0.189,0.346,0.922,13.062,-6.042,21.362
0.188,0.341,0.902,8.606,-3.540,20.691
0.171,0.340,0.927,6.653,-2.502,19.165
0.156,0.333,0.921,6.714,-0.366,18.005
0.155,0.335,0.918,9.583,2.930,16.846
0.154,0.332,0.901,14.343,5.127,15.930
0.160,0.331,0.894,19.165,5.127,15.015
0.172,0.324,0.871,23.499,3.601,13.672
0.161,0.311,0.866,28.076,0.183,12.390
0.159,0.297,0.849,32.532,-3.113,12.756
0.149,0.282,0.837,36.438,-4.883,13.916
0.145,0.263,0.818,39.795,-5.432,15.503
0.138,0.251,0.840,41.443,-5.798,18.005
0.172,0.249,0.829,37.903,-3.479,20.874
0.195,0.233,0.827,32.837,-2.991,22.644
0.195,0.217,0.845,25.818,-4.944,22.034
0.193,0.224,0.874,19.714,-7.080,20.142
0.190,0.240,0.896,16.235,-6.287,17.700
0.203,0.243,0.959,15.564,-2.625,13.611
0.203,0.259,0.963,14.587,4.639,8.179
0.202,0.253,0.985,16.785,12.817,2.991
0.196,0.248,1.010,21.362,18.982,-0.732
0.202,0.265,0.967,26.306,22.583,-2.563
0.173,0.238,0.990,33.447,21.423,-2.625
0.163,0.223,0.971,36.316,20.691,-1.404
0.170,0.223,0.953,40.222,17.456,1.831
0.171,0.209,0.945,44.678,12.756,5.920
0.175,0.178,0.931,48.279,8.362,9.338
0.180,0.180,0.933,49.927,3.540,12.939
0.208,0.178,0.964,50.964,4.333,15.381
0.206,0.125,0.963,52.307,3.723,16.907
0.221,0.099,0.962,50.903,3.845,15.747
0.228,0.099,0.957,50.293,2.136,15.259
0.222,0.090,0.951,48.401,1.953,13.184
0.222,0.076,0.932,46.753,3.906,10.742
0.226,0.076,0.925,45.288,7.324,9.277
0.231,0.075,0.915,43.152,11.353,7.446
0.237,0.071,0.907,39.978,14.587,5.615
0.219,0.054,0.914,36.133,16.296,4.272
0.221,0.036,0.908,33.447,16.785,3.601
0.232,0.030,0.901,31.250,15.503,4.028
0.240,0.023,0.903,29.480,12.695,4.822
0.241,0.012,0.908,27.466,9.033,5.249
0.245,0.005,0.920,25.085,5.798,6.348
0.250,-0.001,0.941,22.095,4.028,7.874
0.255,-0.007,0.962,19.592,3.418,9.460
0.263,-0.015,0.984,17.395,3.723,11.353

0.359,-0.956,1.373,-100.769,-17.822,13.489
0.340,-1.009,1.415,-106.323,-9.949,5.127
0.292,-1.053,1.425,-109.314,-1.831,-3.540
0.266,-1.074,1.392,-106.201,2.380,-11.536
0.250,-1.084,1.360,-103.027,1.770,-19.470
0.268,-1.096,1.339,-104.370,-2.258,-26.245
0.302,-1.104,1.265,-106.140,-6.653,-29.053
0.322,-1.007,1.207,-107.117,-12.756,-32.166
0.392,-0.802,1.105,-100.525,-20.325,-35.461
0.425,-0.543,0.941,-86.792,-25.940,-39.429
0.410,-0.245,0.745,-72.449,-26.245,-47.974
0.365,0.056,0.467,-61.340,-20.874,-57.861
0.277,0.441,0.200,-55.115,-13.977,-65.369
0.210,0.834,0.037,-52.612,-7.202,-68.359
0.151,1.183,-0.080,-56.396,-1.343,-66.711
0.019,1.522,-0.124,-61.401,0.793,-61.707
0.057,1.783,-0.196,-56.274,-0.549,-46.082
0.145,2.006,-0.250,-50.781,-14.099,-19.470
0.153,2.176,-0.217,-56.091,-45.471,2.136
0.107,2.212,-0.088,-77.026,-79.163,9.460
0.067,2.155,0.117,-90.637,-101.440,9.644
0.053,2.113,0.314,-94.360,-105.103,4.822
0.001,2.008,0.435,-90.271,-96.008,-3.296
-0.108,1.864,0.460,-81.482,-80.078,-17.761
-0.204,1.710,0.445,-64.514,-60.974,-31.799
-0.246,1.589,0.443,-43.030,-42.847,-40.466
-0.238,1.492,0.490,-23.682,-25.818,-45.532
-0.195,1.365,0.544,-6.897,-7.507,-48.279
-0.084,1.244,0.598,10.803,15.198,-44.373
0.076,1.133,0.635,29.175,39.490,-33.875
0.219,1.047,0.659,44.617,56.213,-23.376
0.332,0.998,0.680,54.993,66.650,-16.602
0.427,0.957,0.691,59.204,75.134,-12.817
0.481,0.915,0.684,58.777,81.177,-11.597
0.490,0.892,0.690,58.411,83.740,-13.550
0.481,0.845,0.723,59.570,85.388,-17.212
0.477,0.778,0.751,63.354,86.365,-19.287
0.479,0.684,0.780,69.275,86.548,-18.616
0.502,0.574,0.784,75.500,84.167,-14.282
0.526,0.495,0.767,82.397,76.294,-5.310
0.559,0.431,0.742,87.708,65.125,5.432
0.579,0.370,0.721,88.806,52.917,15.564
0.585,0.295,0.705,85.938,40.039,24.536
0.579,0.240,0.682,80.994,27.954,32.837
0.575,0.197,0.658,74.646,19.470,39.917
0.569,0.161,0.649,66.528,15.198,43.701
0.547,0.133,0.630,57.495,13.977,43.823
0.529,0.127,0.621,48.767,15.076,40.894
0.491,0.117,0.615,41.321,18.433,36.560
0.463,0.107,0.625,37.048,23.926,31.921
0.436,0.102,0.638,34.973,29.968,28.259
0.442,0.103,0.654,34.790,35.400,26.062
0.460,0.104,0.683,36.438,38.330,25.024
0.468,0.102,0.711,38.452,37.781,24.170
0.481,0.093,0.738,39.917,34.363,22.827
0.490,0.087,0.757,40.100,30.945,20.691
0.503,0.083,0.755,43.152,28.137,18.494
0.505,0.078,0.788,46.875,25.146,16.602
0.510,0.080,0.790,49.133,23.132,14.832
0.544,0.093,0.817,50.232,21.118,13.794
0.543,0.100,0.816,47.852,20.569,11.780
0.531,0.105,0.832,43.457,20.935,8.606
0.515,0.111,0.845,40.710,20.935,5.493
0.496,0.103,0.930,40.344,19.714,2.441
0.488,0.079,0.949,37.476,19.714,0.916
0.481,0.073,0.938,34.302,18.127,2.563
0.468,0.067,0.939,34.119,13.550,5.493
0.467,0.072,0.926,34.485,6.958,8.240
0.478,0.078,0.915,35.339,0.732,11.353
0.478,0.085,0.924,36.194,-5.249,14.221
0.474,0.087,0.916,36.194,-10.742,16.296
0.452,0.064,0.907,36.621,-13.794,18.005
0.445,0.057,0.884,37.598,-13.916,19.226
0.437,0.054,0.859,38.208,-12.451,19.470
0.415,0.035,0.845,37.964,-10.193,18.616
0.394,0.028,0.840,37.170,-7.935,17.273
0.393,0.021,0.840,36.743,-5.859,16.541
0.395,0.021,0.843,35.156,-3.540,14.954
0.365,0.009,0.866,34.668,-2.319,11.780
0.376,0.010,0.865,37.231,-1.282,10.132
0.386,0.009,0.853,39.673,-0.671,9.827
0.380,0.004,0.849,40.833,-2.197,8.240
0.365,0.002,0.851,41.260,-4.150,6.409
0.361,-0.014,0.838,41.138,-4.578,6.714
0.358,-0.030,0.822,39.795,-3.174,7.935
0.366,-0.042,0.814,37.109,-1.587,9.521
0.374,-0.041,0.818,33.081,-0.732,10.376
0.375,-0.046,0.819,26.733,-0.854,10.315
0.379,-0.050,0.838,20.691,-1.587,9.827
0.382,-0.045,0.848,15.076,-2.380,9.216
0.386,-0.030,0.861,10.010,-2.563,8.484
0.376,-0.031,0.872,5.127,-2.563,7.446
0.368,-0.037,0.869,0.122,-2.319,5.920
0.348,-0.042,0.870,-3.540,-2.747,5.615
0.330,-0.034,0.863,-7.019,-2.502,6.409
0.322,-0.033,0.851,-9.644,-1.038,8.240
0.317,-0.037,0.848,-12.634,1.160,10.254
0.325,-0.038,0.829,-16.541,3.418,12.634
0.314,-0.045,0.827,-18.738,4.333,14.343
0.341,-0.015,0.831,-24.170,5.066,18.311
0.342,0.020,0.851,-27.466,-0.793,21.912
0.336,0.013,0.882,-26.306,-6.836,20.508
0.347,0.004,0.893,-24.780,-6.714,18.372
0.342,0.007,0.896,-19.409,-7.935,18.616
0.328,0.012,0.907,-13.550,-12.817,16.846
0.322,0.001,0.902,-7.629,-16.052,14.221
0.317,-0.007,0.900,-1.343,-16.418,12.390
0.328,-0.004,0.894,3.296,-14.648,10.437
0.340,-0.017,0.890,4.944,-11.536,8.484
0.359,-0.029,0.891,4.883,-8.545,7.446
0.371,-0.022,0.896,5.676,-6.958,6.775
0.386,-0.013,0.908,6.897,-4.761,5.005
0.392,-0.020,0.909,7.019,-2.686,2.258
0.384,-0.037,0.913,6.287,-3.418,0.000
0.375,-0.036,0.908,5.066,-6.836,-0.854
0.360,-0.028,0.917,2.258,-10.986,-0.671
0.329,-0.046,0.921,-1.160,-14.893,0.732
0.310,-0.066,0.921,-4.333,-18.127,3.418
0.312,-0.057,0.908,-8.179,-20.325,6.836

-0.297,-0.678,1.454,-119.141,-194.336,84.351
-0.345,-0.481,1.285,-90.698,-196.594,83.679
-0.389,-0.248,1.067,-61.951,-202.698,84.595
-0.375,-0.070,0.836,-38.391,-215.454,85.754
-0.484,0.094,0.410,-28.137,-237.793,84.839
-0.696,0.355,-0.033,-25.574,-260.376,80.872
-0.891,0.674,-0.475,-29.663,-264.221,80.566
-0.994,0.947,-0.806,-47.058,-251.282,82.153
-1.029,1.201,-0.843,-72.571,-231.812,75.073
-1.014,1.488,-0.652,-95.581,-207.336,56.763
-0.902,1.702,-0.425,-101.318,-175.598,32.898
-0.820,1.837,-0.272,-88.989,-137.329,3.540
-0.853,1.921,-0.196,-63.782,-98.328,-32.349
-0.843,1.959,-0.164,-31.311,-58.472,-67.505
-0.823,1.933,-0.152,-2.930,-21.729,-91.187
-0.793,1.846,-0.145,20.935,4.089,-98.145
-0.760,1.757,-0.119,39.307,15.015,-87.219
-0.699,1.687,-0.060,48.096,10.864,-62.988
-0.600,1.612,0.042,49.194,0.305,-36.133
-0.521,1.527,0.163,47.119,-11.047,-13.855
-0.463,1.436,0.292,45.105,-21.362,0.977
-0.426,1.283,0.345,41.016,-23.560,10.193
-0.354,1.207,0.471,30.518,-22.949,18.555
-0.382,1.079,0.516,28.564,-21.729,13.245
-0.359,0.956,0.540,17.029,-11.169,10.803
-0.413,0.870,0.545,8.911,-10.986,15.076
-0.445,0.787,0.536,3.418,-14.465,13.367
-0.438,0.718,0.534,-1.709,-11.902,12.329
-0.423,0.665,0.556,-8.362,-6.409,15.137
-0.425,0.618,0.596,-15.076,-2.380,17.029
-0.429,0.578,0.633,-19.226,1.770,15.503
-0.439,0.542,0.662,-20.081,8.484,11.230
-0.456,0.505,0.686,-18.921,17.334,5.859
-0.462,0.475,0.705,-15.625,26.306,-0.183
-0.473,0.454,0.722,-10.620,33.691,-6.226
-0.500,0.433,0.724,-4.700,39.185,-12.024
-0.520,0.416,0.707,1.160,42.480,-16.113
-0.523,0.409,0.679,5.920,42.908,-17.456
-0.513,0.408,0.653,9.216,41.626,-15.808
-0.509,0.411,0.619,10.010,39.856,-14.160
-0.505,0.422,0.588,8.972,38.757,-13.184
-0.500,0.440,0.561,6.592,38.696,-12.512
-0.486,0.455,0.541,2.991,39.490,-11.780
-0.484,0.460,0.526,-1.404,39.978,-12.329
-0.488,0.475,0.524,-5.493,38.818,-13.428
-0.483,0.504,0.534,-7.507,35.889,-13.550
-0.487,0.522,0.549,-7.812,31.921,-13.306
-0.500,0.540,0.572,-6.897,27.954,-13.977
-0.518,0.549,0.592,-4.578,26.184,-15.442
-0.519,0.567,0.602,-1.404,26.978,-16.174
-0.525,0.563,0.607,3.845,28.137,-19.287
-0.526,0.570,0.611,4.395,28.809,-20.935
-0.538,0.581,0.630,5.554,29.053,-19.043
-0.540,0.594,0.646,7.385,29.236,-17.517
-0.531,0.594,0.661,9.583,29.541,-15.564
-0.522,0.583,0.669,12.146,29.785,-12.451
-0.505,0.576,0.672,13.916,29.175,-9.888
-0.497,0.572,0.674,14.404,27.527,-9.155
-0.495,0.561,0.667,13.672,25.818,-9.827
-0.501,0.530,0.677,12.024,24.719,-10.559
-0.504,0.520,0.684,10.376,25.146,-11.292
-0.511,0.524,0.691,10.132,26.306,-11.963
-0.512,0.528,0.687,10.803,27.527,-11.780
-0.505,0.533,0.679,10.742,27.649,-9.705
-0.514,0.533,0.675,10.315,26.978,-7.141
-0.530,0.538,0.686,11.658,25.452,-6.409
-0.546,0.535,0.689,13.977,24.231,-6.470
-0.542,0.509,0.682,16.174,23.865,-4.517
-0.524,0.479,0.673,17.822,23.499,-2.075
-0.495,0.470,0.663,18.982,22.217,-0.671
-0.469,0.462,0.660,19.348,21.606,0.366
-0.463,0.451,0.658,18.677,22.034,-0.061
-0.455,0.448,0.662,16.785,22.705,-1.709
-0.449,0.447,0.668,15.564,24.597,-3.601
-0.442,0.454,0.671,14.343,27.954,-4.822
-0.444,0.458,0.680,12.329,31.921,-5.432
-0.449,0.459,0.703,10.193,35.217,-4.944
-0.427,0.462,0.726,8.423,36.377,-3.418
-0.420,0.467,0.754,6.775,35.156,-2.258
-0.423,0.471,0.777,6.226,32.959,-2.136
-0.436,0.475,0.804,6.531,30.945,-2.258
-0.428,0.476,0.814,8.911,30.273,-2.014
-0.417,0.479,0.819,12.268,30.823,-1.953
-0.411,0.487,0.814,14.526,31.799,-3.174
-0.413,0.481,0.805,16.418,32.959,-4.883
-0.409,0.484,0.809,18.005,34.546,-6.348
-0.404,0.480,0.810,20.203,36.377,-7.263
-0.382,0.490,0.806,21.667,38.391,-7.324
-0.387,0.491,0.818,21.729,38.391,-7.324
-0.378,0.479,0.829,20.691,37.170,-6.775
-0.360,0.472,0.839,20.203,36.011,-4.456
-0.358,0.465,0.852,20.325,34.424,-1.709
-0.348,0.442,0.851,19.836,33.142,0.793
-0.321,0.426,0.839,17.395,32.837,3.235
-0.300,0.437,0.829,14.465,32.349,4.822
-0.285,0.446,0.831,11.658,31.616,4.395
-0.280,0.444,0.841,8.850,32.043,2.319
-0.269,0.444,0.852,7.690,33.447,0.183
-0.264,0.456,0.868,8.057,35.400,-1.343
-0.259,0.449,0.872,9.399,38.025,-2.686
-0.260,0.438,0.871,10.986,40.527,-4.089
-0.264,0.434,0.876,12.634,41.687,-5.676
-0.260,0.426,0.875,13.916,40.955,-6.165
-0.260,0.418,0.873,14.893,39.124,-5.676
-0.258,0.419,0.874,16.296,36.865,-5.310
-0.254,0.433,0.875,17.944,35.034,-5.432
-0.253,0.438,0.880,19.714,34.241,-5.310
-0.232,0.443,0.879,21.606,34.668,-5.554
-0.213,0.445,0.881,22.095,35.217,-6.165
-0.217,0.436,0.885,21.851,34.973,-8.179
-0.214,0.418,0.880,20.935,34.363,-10.193
-0.202,0.405,0.874,20.325,34.363,-10.559
-0.188,0.402,0.866,19.958,34.363,-9.888
-0.175,0.391,0.858,18.738,32.959,-9.216
-0.163,0.377,0.864,16.479,30.396,-8.850
-0.134,0.383,0.879,14.404,27.771,-8.301
-0.128,0.382,0.893,13.733,25.879,-8.911
-0.127,0.385,0.898,14.954,24.719,-10.254
-0.123,0.381,0.914,17.517,24.231,-12.207

-0.170,-0.993,1.500,-52.979,3.235,13.855
-0.125,-1.083,1.477,-51.575,-4.944,12.024
-0.053,-1.086,1.397,-41.931,-8.362,9.399
-0.001,-1.030,1.249,-26.611,-5.615,6.287
0.036,-0.938,1.031,-11.292,0.549,0.732
0.100,-0.835,0.804,-5.676,8.118,-7.751
0.142,-0.724,0.602,-12.085,16.846,-17.151
0.180,-0.549,0.399,-25.452,26.794,-23.071
0.269,-0.352,0.315,-40.955,31.067,-26.306
0.354,-0.136,0.289,-53.162,25.757,-32.593
0.366,0.185,0.251,-55.420,13.916,-41.809
0.353,0.539,0.220,-53.894,1.770,-53.040
0.345,0.796,0.250,-53.833,-6.836,-65.552
0.366,0.987,0.251,-52.063,-7.751,-76.904
0.375,1.235,0.229,-46.875,-2.136,-83.923
0.387,1.494,0.238,-37.415,2.625,-88.867
0.402,1.664,0.221,-32.410,5.554,-88.867
0.376,1.781,0.253,-34.668,3.601,-82.947
0.355,1.862,0.286,-34.363,-3.540,-78.003
0.293,1.982,0.351,-35.095,-12.451,-73.181
0.168,1.979,0.383,-31.433,-21.790,-71.960
0.131,1.945,0.468,-31.372,-19.653,-72.937
0.056,1.879,0.531,-25.818,-22.522,-60.120
-0.019,1.824,0.584,-14.221,-33.081,-41.260
-0.020,1.729,0.616,-1.221,-42.114,-23.071
0.020,1.607,0.621,11.292,-49.927,-5.798
0.046,1.490,0.617,19.104,-57.312,9.155
0.093,1.372,0.622,21.667,-61.707,20.081
0.165,1.248,0.597,20.752,-60.608,28.198
0.225,1.147,0.585,17.212,-54.688,33.752
0.272,1.062,0.575,13.428,-44.434,35.889
0.308,0.983,0.576,10.620,-29.846,35.583
0.330,0.911,0.585,8.118,-12.329,33.386
0.342,0.826,0.606,5.188,4.395,29.053
0.340,0.749,0.642,-0.305,15.747,25.391
0.308,0.658,0.705,-3.296,18.433,22.278
0.291,0.604,0.745,-5.798,19.836,17.700
0.289,0.573,0.798,-5.005,22.339,14.648
0.276,0.543,0.831,-3.052,22.766,10.803
0.250,0.518,0.870,-1.465,22.522,5.493
0.218,0.494,0.902,1.770,23.437,0.793
0.189,0.478,0.920,7.141,24.902,-2.441
0.158,0.456,0.930,14.099,26.428,-4.700
0.134,0.419,0.920,21.301,27.954,-5.188
0.095,0.369,0.901,25.452,26.978,-3.296
0.066,0.322,0.880,27.100,25.024,-1.038
0.055,0.306,0.838,26.123,23.315,3.235
0.048,0.301,0.800,22.583,21.423,8.728
0.055,0.292,0.761,16.785,19.287,14.648
0.054,0.278,0.745,8.484,16.846,21.301
0.056,0.265,0.740,-1.587,13.611,27.588
0.077,0.261,0.744,-11.230,7.507,34.241
0.080,0.264,0.768,-18.250,-3.113,39.368
0.076,0.269,0.799,-20.752,-13.794,42.114
0.079,0.271,0.832,-19.287,-21.118,41.992
0.071,0.287,0.849,-14.099,-24.231,39.368
0.051,0.291,0.881,-5.798,-23.193,34.180
0.057,0.289,0.877,3.235,-17.883,27.405
0.050,0.287,0.868,11.536,-10.559,19.958
0.051,0.288,0.864,19.531,-4.333,13.916
0.061,0.299,0.866,25.940,-0.732,10.193
0.054,0.319,0.878,29.419,0.977,7.507
0.038,0.327,0.900,29.419,1.892,5.249
0.032,0.321,0.903,25.391,3.601,4.028
0.023,0.290,0.922,20.752,4.883,4.333
0.004,0.280,0.930,17.273,4.883,6.042
-0.006,0.271,0.953,15.198,3.113,8.362
0.000,0.283,0.950,14.465,0.366,11.353
0.011,0.282,0.988,15.381,-3.235,14.709
0.010,0.283,0.987,14.648,-7.385,17.151
0.007,0.292,0.985,14.343,-11.108,18.860
0.000,0.287,0.977,14.282,-12.939,20.386
-0.007,0.276,0.974,15.015,-12.695,20.874
-0.012,0.273,0.976,16.968,-11.230,20.508
-0.022,0.264,0.984,20.630,-9.583,20.081
-0.017,0.239,0.966,21.118,-5.371,18.616
-0.016,0.232,0.941,20.325,-0.488,16.785
-0.026,0.234,0.927,20.142,2.197,15.198
-0.028,0.226,0.919,19.348,3.723,13.855
-0.039,0.215,0.920,18.799,5.005,13.794
-0.037,0.220,0.934,18.860,5.981,15.381
-0.029,0.205,0.937,19.043,6.104,17.090
-0.016,0.190,0.938,19.043,4.395,18.311
-0.006,0.180,0.941,18.494,1.343,19.165
0.010,0.175,0.950,17.517,-1.404,19.348
0.028,0.176,0.948,16.785,-3.174,18.494
0.032,0.190,0.951,16.235,-4.150,16.479
0.025,0.207,0.953,16.174,-3.174,13.123
0.005,0.204,0.940,16.724,-0.549,9.888
-0.014,0.218,0.941,15.198,2.869,7.812
0.005,0.226,0.959,16.113,6.531,7.751
-0.005,0.222,0.956,18.921,6.897,7.996
0.003,0.234,0.977,20.569,8.179,5.676
0.006,0.230,0.979,21.423,7.446,4.517
0.014,0.240,0.989,21.790,6.042,4.150
0.019,0.240,1.002,20.020,4.211,3.662
0.011,0.223,1.017,17.700,2.747,4.578
0.001,0.219,1.021,15.442,1.831,6.714
0.006,0.214,1.029,14.465,1.892,9.277
0.007,0.215,1.015,13.306,1.709,12.024
0.015,0.221,1.001,12.390,0.854,13.855
0.023,0.222,0.983,11.292,-0.610,14.709
0.021,0.219,0.968,10.010,-2.014,13.916
0.017,0.225,0.963,8.484,-2.380,11.902
0.008,0.228,0.959,6.714,-1.160,9.277
0.007,0.218,0.949,5.310,0.854,7.751
-0.007,0.210,0.944,3.906,2.869,6.226
-0.018,0.210,0.947,0.366,5.371,4.456
-0.003,0.203,0.932,-4.272,6.775,4.395
0.005,0.183,0.960,-11.658,7.080,4.883
-0.002,0.193,0.910,-21.118,7.629,5.981
0.018,0.186,0.915,-25.818,5.249,8.789
0.022,0.207,0.900,-31.067,1.465,10.986
0.035,0.211,0.932,-34.363,-1.282,12.024
0.041,0.208,0.929,-34.485,-2.075,11.780
0.035,0.196,0.944,-32.043,-0.793,10.803
0.036,0.206,0.948,-28.809,1.465,10.193
0.041,0.216,0.956,-23.437,3.418,8.789
0.039,0.235,0.967,-16.724,5.371,7.202

-0.072,-1.116,1.571,-94.299,-36.804,21.606
-0.066,-1.153,1.555,-95.276,-38.635,21.362
-0.092,-1.092,1.491,-85.205,-37.170,17.822
-0.095,-1.026,1.359,-70.740,-33.325,7.141
-0.044,-0.956,1.170,-57.190,-26.978,-5.493
-0.037,-0.886,0.946,-48.645,-21.484,-11.719
-0.066,-0.724,0.678,-49.622,-21.667,-13.794
-0.000,-0.497,0.448,-49.866,-29.480,-19.348
0.015,-0.262,0.250,-50.354,-42.664,-23.560
0.067,0.010,0.069,-53.955,-52.917,-25.574
0.186,0.364,-0.075,-54.993,-56.458,-27.771
0.316,0.791,-0.192,-54.199,-54.321,-32.837
0.369,1.247,-0.264,-55.054,-43.640,-46.448
0.343,1.724,-0.259,-59.998,-24.658,-67.139
0.287,2.160,-0.209,-61.157,4.395,-90.210
0.216,2.466,-0.104,-57.861,42.114,-112.061
0.209,2.605,0.034,-52.856,74.890,-126.038
0.196,2.630,0.217,-44.861,89.294,-125.671
0.208,2.538,0.366,-31.677,87.463,-113.647
0.257,2.407,0.463,-17.334,75.378,-89.355
0.275,2.236,0.538,0.122,51.880,-56.152
0.302,2.006,0.538,16.541,23.987,-23.499
0.345,1.773,0.483,27.344,-1.892,7.935
0.423,1.563,0.406,33.752,-22.644,38.269
0.492,1.368,0.329,32.471,-38.635,60.730
0.534,1.189,0.282,23.010,-47.974,74.524
0.540,1.053,0.258,9.827,-50.781,81.421
0.530,0.929,0.253,-3.418,-47.546,80.261
0.496,0.820,0.290,-13.489,-41.260,72.083
0.449,0.737,0.353,-18.127,-32.715,59.692
0.386,0.691,0.411,-18.433,-20.020,44.800
0.334,0.657,0.479,-16.602,-4.761,30.212
0.282,0.630,0.549,-12.451,9.460,17.090
0.255,0.617,0.623,-5.249,18.311,5.066
0.216,0.600,0.676,2.319,22.278,-3.296
0.194,0.589,0.725,9.583,22.949,-7.019
0.166,0.559,0.758,14.038,20.264,-8.423
0.140,0.517,0.798,15.564,17.029,-7.568
0.127,0.478,0.842,16.846,14.221,-4.333
0.110,0.448,0.877,15.991,12.024,0.916
0.086,0.423,0.892,14.404,10.010,8.057
0.086,0.393,0.898,13.245,7.996,14.954
0.089,0.379,0.907,12.268,5.066,21.057
0.083,0.358,0.916,11.658,1.953,26.367
0.073,0.330,0.912,10.986,-0.427,31.311
0.072,0.299,0.895,9.949,-2.319,36.560
0.077,0.275,0.880,6.287,-5.066,41.931
0.060,0.240,0.874,0.305,-8.301,46.753
0.047,0.208,0.865,-4.883,-11.902,50.171
0.051,0.203,0.859,-8.545,-14.587,53.528
0.060,0.206,0.856,-11.169,-16.113,54.626
0.068,0.213,0.854,-14.038,-16.235,52.429
0.078,0.231,0.868,-14.587,-14.526,48.157
0.079,0.267,0.880,-11.597,-10.376,42.664
0.085,0.317,0.893,-7.202,-5.859,37.476
0.093,0.343,0.908,-5.371,-1.770,31.860
0.065,0.347,0.939,-5.615,1.404,26.245
0.041,0.359,0.959,-3.906,4.028,22.339
0.051,0.368,1.003,-0.122,5.676,21.301
0.036,0.365,1.014,3.906,4.211,21.057
0.029,0.368,1.045,7.568,0.916,20.996
0.022,0.367,1.043,11.597,-1.892,20.752
-0.012,0.369,1.042,17.456,-7.019,18.555
0.036,0.433,1.073,21.851,-7.324,17.639
0.010,0.448,1.048,32.410,-13.184,16.235
0.014,0.451,1.000,39.429,-14.832,10.437
0.020,0.443,1.007,45.837,-16.724,8.179
-0.000,0.430,0.964,48.462,-19.592,5.554
-0.014,0.422,0.942,46.387,-19.409,4.333
-0.036,0.393,0.916,42.908,-18.433,6.897
-0.057,0.355,0.896,37.659,-18.066,11.475
-0.070,0.323,0.893,32.471,-18.433,16.357
-0.062,0.306,0.887,28.870,-18.738,21.484
-0.047,0.304,0.888,24.902,-19.531,25.024
-0.040,0.306,0.899,21.667,-21.118,26.245
-0.040,0.315,0.924,20.386,-21.729,24.658
-0.051,0.322,0.949,22.339,-19.836,22.522
-0.047,0.335,0.948,27.344,-15.930,20.325
-0.065,0.353,0.943,32.288,-12.756,17.212
-0.083,0.367,0.954,36.621,-10.071,13.916
-0.095,0.357,0.941,40.527,-6.836,12.817
-0.083,0.339,0.921,41.992,-5.981,12.817
-0.077,0.325,0.918,41.504,-7.568,12.878
-0.071,0.313,0.921,38.513,-9.583,13.489
-0.074,0.294,0.923,33.325,-11.292,13.000
-0.073,0.280,0.929,28.625,-12.390,12.329
-0.060,0.282,0.935,23.926,-12.024,12.878
-0.059,0.274,0.937,17.883,-10.315,12.817
-0.065,0.259,0.948,11.536,-7.446,10.986
-0.069,0.264,0.978,6.592,-4.089,8.484
-0.072,0.278,1.005,3.723,0.183,5.859
-0.069,0.291,1.019,3.357,5.005,4.089
-0.071,0.304,1.027,4.517,9.399,3.052
-0.062,0.310,1.014,5.432,11.780,2.197
-0.051,0.311,1.024,6.226,11.963,0.977
-0.057,0.316,1.015,7.874,10.254,0.427
-0.043,0.339,1.007,9.460,7.812,0.732
-0.033,0.348,1.002,10.071,4.517,1.465
-0.033,0.340,0.987,10.254,1.526,1.587
-0.048,0.327,0.995,11.108,-1.465,1.099
-0.064,0.325,0.979,10.071,-2.747,0.549
-0.068,0.310,0.952,9.888,-1.343,0.610
-0.085,0.295,0.979,12.573,-0.671,1.038
-0.092,0.292,0.951,12.939,0.671,0.732
-0.096,0.277,0.937,13.672,2.441,0.000
-0.091,0.270,0.918,14.465,3.967,-0.183
-0.082,0.275,0.902,14.465,4.700,0.549
-0.073,0.281,0.898,13.428,4.517,1.465
-0.071,0.280,0.893,11.902,4.578,2.380
-0.066,0.270,0.885,9.216,4.761,3.540
-0.070,0.250,0.876,6.958,4.272,4.883
-0.077,0.244,0.872,4.456,3.479,5.920
-0.079,0.245,0.885,1.892,2.808,7.263
-0.087,0.237,0.897,0.183,2.197,8.667
-0.080,0.234,0.900,0.549,2.197,10.071
-0.061,0.245,0.906,0.916,2.197,11.292
-0.050,0.254,0.900,-0.061,1.892,11.658
-0.042,0.250,0.896,-1.648,2.014,10.986
-0.041,0.246,0.897,-2.380,2.686,9.521

-0.316,-0.725,1.897,-152.039,-43.213,51.086
-0.319,-0.748,2.074,-161.377,-49.622,60.181
-0.285,-0.712,2.289,-152.100,-50.781,67.688
-0.287,-0.703,2.290,-131.897,-51.514,67.017
-0.343,-0.586,2.156,-110.352,-46.265,59.570
-0.399,-0.498,1.954,-82.397,-38.269,49.194
-0.382,-0.373,1.720,-53.772,-32.715,41.565
-0.384,-0.289,1.334,-29.663,-40.527,42.053
-0.380,-0.151,0.839,-13.245,-60.303,51.392
-0.332,0.010,0.409,-6.409,-82.581,58.289
-0.252,0.202,0.018,-14.893,-103.333,60.913
-0.212,0.450,-0.139,-42.603,-114.746,60.791
-0.147,0.780,-0.094,-69.702,-117.981,52.979
-0.208,1.140,0.007,-82.581,-111.084,31.616
-0.348,1.493,0.037,-76.599,-87.341,-0.366
-0.398,1.723,0.005,-54.932,-47.363,-27.832
-0.422,1.878,-0.070,-28.015,-7.935,-49.316
-0.459,1.981,-0.171,-6.409,15.625,-66.040
-0.547,2.029,-0.245,7.080,19.714,-74.402
-0.599,2.007,-0.279,13.062,12.634,-69.580
-0.567,1.981,-0.245,12.695,1.587,-51.453
-0.596,1.914,-0.163,6.592,-13.550,-32.776
-0.585,1.839,-0.079,-0.244,-22.644,-17.578
-0.529,1.747,0.009,-4.456,-25.879,-1.465
-0.437,1.642,0.107,-7.263,-26.428,14.343
-0.328,1.557,0.202,-6.042,-27.283,27.100
-0.213,1.448,0.253,-2.075,-26.245,34.546
-0.117,1.324,0.295,2.441,-21.851,37.842
-0.049,1.206,0.304,7.751,-13.489,37.903
-0.014,1.095,0.305,13.000,-4.333,35.034
0.031,0.974,0.306,15.991,4.822,31.860
0.097,0.866,0.339,15.564,14.954,29.846
0.145,0.812,0.399,13.611,23.560,26.062
0.150,0.780,0.484,11.047,30.029,16.663
0.135,0.734,0.558,9.033,36.072,3.052
0.107,0.676,0.635,11.536,43.091,-9.460
0.071,0.626,0.678,17.090,48.218,-18.433
0.038,0.590,0.714,23.376,49.438,-22.705
-0.001,0.564,0.731,28.320,46.997,-22.888
-0.034,0.541,0.746,31.372,43.335,-19.653
-0.050,0.509,0.743,31.921,40.527,-13.184
-0.058,0.498,0.735,28.870,37.903,-6.042
-0.076,0.498,0.726,25.818,34.790,-0.427
-0.099,0.501,0.720,20.813,32.654,3.235
-0.096,0.482,0.715,13.733,32.410,5.737
-0.099,0.435,0.708,5.554,33.691,8.179
-0.119,0.394,0.717,-2.441,33.447,10.559
-0.136,0.388,0.730,-9.460,31.006,11.719
-0.159,0.394,0.761,-15.320,27.466,12.146
-0.179,0.429,0.790,-19.287,23.743,12.390
-0.208,0.469,0.804,-18.677,21.240,9.583
-0.211,0.502,0.819,-17.212,21.362,4.944
-0.217,0.510,0.831,-14.160,21.729,-0.122
-0.216,0.487,0.840,-12.817,20.264,-4.761
-0.208,0.470,0.855,-12.512,16.418,-5.737
-0.221,0.453,0.871,-10.559,10.620,-3.784
-0.245,0.450,0.885,-7.263,5.188,-2.930
-0.246,0.482,0.898,-1.648,1.099,-3.479
-0.229,0.533,0.914,5.676,-0.977,-3.845
-0.233,0.564,0.927,11.475,-0.366,-5.676
-0.253,0.576,0.936,13.916,2.808,-10.132
-0.265,0.575,0.932,16.235,7.568,-14.221
-0.276,0.569,0.912,18.921,12.512,-15.564
-0.293,0.542,0.871,20.264,16.296,-14.709
-0.295,0.518,0.839,20.386,16.907,-11.658
-0.299,0.489,0.819,18.616,14.160,-6.287
-0.298,0.464,0.795,15.381,9.766,-0.061
-0.281,0.460,0.791,11.047,4.761,6.897
-0.255,0.463,0.799,6.714,-0.122,12.695
-0.232,0.467,0.810,2.563,-2.380,15.320
-0.219,0.470,0.826,-0.366,-1.831,13.916
-0.210,0.484,0.844,-1.099,1.282,10.010
-0.215,0.498,0.850,0.732,6.897,5.249
-0.218,0.506,0.841,3.906,13.000,-0.122
-0.231,0.499,0.835,6.897,16.663,-4.578
-0.235,0.470,0.825,9.216,17.334,-6.958
-0.242,0.436,0.815,9.644,16.296,-6.165
-0.233,0.427,0.831,8.789,12.817,-3.601
-0.229,0.422,0.850,7.263,7.141,0.061
-0.225,0.429,0.875,8.423,0.854,3.235
-0.219,0.449,0.892,12.634,-2.136,4.456
-0.197,0.456,0.917,18.250,-0.854,3.540
-0.169,0.458,0.913,24.963,2.258,1.526
-0.141,0.465,0.924,29.236,4.517,-1.282
-0.129,0.460,0.888,30.151,5.859,-4.456
-0.136,0.431,0.914,26.367,5.798,-8.240
-0.165,0.426,0.899,21.057,6.592,-10.803
-0.173,0.434,0.897,20.142,7.568,-10.620
-0.170,0.419,0.883,18.921,8.789,-8.972
-0.185,0.396,0.878,15.930,8.118,-7.263
-0.217,0.389,0.884,13.428,5.676,-4.944
-0.236,0.391,0.882,13.550,3.845,-2.258
-0.221,0.401,0.872,14.465,5.127,0.244
-0.216,0.422,0.866,15.076,6.531,1.892
-0.234,0.419,0.871,15.747,7.935,1.099
-0.229,0.414,0.876,16.541,10.864,0.549
-0.206,0.410,0.880,17.334,14.160,0.854
-0.188,0.397,0.880,17.090,15.686,-0.061
-0.183,0.388,0.875,15.442,14.648,-1.038
-0.192,0.387,0.892,14.404,12.634,-2.136
-0.186,0.379,0.891,13.977,11.902,-2.686
-0.174,0.383,0.882,14.343,11.536,-1.953
-0.171,0.382,0.892,13.977,9.827,-0.977
-0.166,0.367,0.896,13.428,7.751,0.488
-0.136,0.371,0.888,13.428,6.348,4.395
-0.105,0.384,0.877,12.268,4.761,8.118
-0.093,0.385,0.869,8.789,2.136,9.216
-0.099,0.379,0.879,5.615,-0.366,9.094
-0.099,0.377,0.881,4.089,-0.183,9.155
-0.102,0.372,0.889,3.540,1.526,9.094
-0.102,0.368,0.883,3.540,3.357,8.179
-0.098,0.370,0.872,4.150,3.601,7.324
-0.092,0.381,0.857,5.798,1.770,6.226
-0.080,0.389,0.846,6.531,-0.244,6.348
-0.088,0.379,0.846,5.371,-2.197,5.371
-0.112,0.354,0.854,3.784,-4.211,3.723
-0.138,0.332,0.864,2.747,-6.409,3.174
-0.153,0.308,0.873,1.709,-7.507,3.662
-0.165,0.280,0.882,0.305,-7.385,4.517

0.160,-0.393,2.556,-50.842,61.890,-32.288
0.101,-0.564,2.616,-66.284,60.974,-47.913
0.064,-0.699,2.518,-78.796,46.143,-50.842
0.052,-0.794,2.312,-87.280,16.113,-35.095
0.028,-0.897,2.130,-97.595,-20.630,-9.949
-0.108,-0.869,2.072,-104.126,-54.810,13.184
-0.112,-0.797,1.966,-88.074,-72.693,36.133
0.037,-0.729,1.505,-54.688,-71.838,59.143
0.071,-0.593,0.954,-38.513,-66.833,64.697
0.050,-0.392,0.457,-48.340,-56.396,52.612
0.036,-0.164,0.208,-66.650,-40.955,33.081
0.153,0.198,-0.040,-77.454,-22.034,0.671
0.079,0.630,-0.444,-73.853,-11.597,-50.781
-0.313,1.040,-0.738,-69.153,-12.878,-104.187
-0.490,1.336,-0.885,-69.702,-5.554,-138.611
-0.617,1.658,-0.821,-70.984,6.348,-148.682
-0.815,1.878,-0.724,-62.195,13.184,-150.269
-0.887,1.994,-0.652,-43.579,24.292,-137.939
-0.783,2.051,-0.634,-21.667,36.438,-117.310
-0.749,2.035,-0.601,-2.502,45.715,-102.722
-0.659,1.885,-0.523,9.155,56.091,-90.149
-0.397,1.670,-0.400,13.916,63.538,-65.979
-0.089,1.443,-0.233,16.174,53.589,-29.114
0.191,1.235,-0.129,20.325,28.015,11.169
0.465,1.058,-0.054,23.621,2.075,50.781
0.688,0.935,0.011,20.935,-15.259,77.637
0.805,0.856,0.141,14.404,-22.461,82.886
0.830,0.819,0.270,8.911,-21.545,70.129
0.766,0.816,0.318,9.583,-15.503,47.485
0.641,0.774,0.327,14.343,-9.460,23.621
0.494,0.764,0.326,17.334,-8.423,5.188
0.338,0.772,0.334,18.066,-11.414,-5.676
0.222,0.776,0.352,18.433,-12.329,-11.841
0.170,0.783,0.382,19.287,-9.705,-13.306
0.141,0.802,0.432,19.775,-8.240,-11.780
0.101,0.838,0.488,23.193,-9.216,-10.620
0.066,0.857,0.526,28.381,-8.484,-10.437
0.043,0.855,0.524,34.180,-5.432,-10.010
0.019,0.837,0.503,39.246,-3.540,-7.507
0.005,0.806,0.485,43.091,-4.272,-2.930
0.007,0.765,0.468,44.556,-6.775,2.258
0.007,0.731,0.431,43.884,-10.498,8.179
0.011,0.704,0.397,40.649,-13.794,14.099
0.036,0.676,0.384,33.264,-13.977,18.921
0.069,0.650,0.420,22.644,-11.841,20.874
0.115,0.639,0.466,15.015,-9.277,19.592
0.137,0.649,0.512,10.864,-6.714,18.005
0.137,0.661,0.568,8.545,-3.052,16.174
0.147,0.648,0.612,8.240,0.488,13.550
0.136,0.640,0.633,10.010,1.099,9.399
0.129,0.635,0.646,12.878,-0.610,6.165
0.120,0.615,0.655,14.404,-2.563,4.578
0.093,0.592,0.662,13.916,-5.188,3.174
0.060,0.589,0.654,13.855,-7.263,1.953
0.011,0.602,0.636,12.207,-6.104,2.686
-0.025,0.603,0.631,6.042,-0.793,6.775
-0.024,0.587,0.675,-2.075,6.226,13.733
0.007,0.570,0.738,-9.277,10.010,19.165
0.022,0.576,0.806,-14.465,8.911,20.447
0.028,0.592,0.854,-14.099,7.690,19.043
0.037,0.617,0.892,-10.315,8.850,14.526
0.049,0.611,0.905,-6.287,11.230,7.751
0.055,0.619,0.930,-3.784,13.611,0.488
0.037,0.622,0.943,0.183,14.282,-7.568
-0.012,0.626,0.940,5.920,13.184,-16.602
-0.078,0.630,0.909,11.902,10.986,-22.705
-0.130,0.618,0.857,17.334,11.536,-20.325
-0.126,0.578,0.820,19.958,14.038,-8.118
-0.092,0.547,0.802,18.677,11.902,5.493
-0.080,0.538,0.803,14.587,3.418,16.357
-0.095,0.525,0.795,9.155,-5.554,22.827
-0.090,0.520,0.791,5.249,-11.047,26.672
-0.081,0.512,0.783,1.526,-12.878,27.100
-0.087,0.510,0.782,-2.014,-13.855,24.231
-0.110,0.510,0.790,-3.357,-14.465,19.226
-0.126,0.511,0.792,-3.418,-13.123,14.465
-0.138,0.513,0.796,-3.113,-9.705,12.268
-0.125,0.516,0.815,-3.357,-5.188,11.658
-0.110,0.512,0.832,-5.493,-1.343,11.047
-0.092,0.511,0.861,-8.240,2.319,12.146
-0.078,0.515,0.883,-8.484,6.042,14.465
-0.052,0.521,0.879,-6.165,7.324,16.724
-0.045,0.523,0.858,-3.174,4.883,18.494
-0.048,0.512,0.836,-1.648,0.732,19.653
-0.052,0.497,0.823,-1.709,-2.930,19.592
-0.053,0.484,0.805,-3.296,-5.432,17.456
-0.069,0.463,0.790,-6.409,-5.676,14.709
-0.064,0.446,0.797,-11.047,-2.869,13.611
-0.014,0.456,0.830,-16.541,0.427,13.550
0.002,0.469,0.878,-21.423,2.625,12.207
0.008,0.477,0.903,-22.583,4.944,10.742
0.019,0.484,0.904,-20.752,7.019,10.315
0.014,0.509,0.907,-17.456,6.897,9.644
-0.010,0.526,0.907,-14.648,5.432,7.080
-0.020,0.532,0.898,-12.939,4.272,3.601
-0.036,0.529,0.884,-11.292,4.150,0.244
-0.050,0.537,0.868,-10.071,4.944,-2.380
-0.061,0.557,0.861,-9.338,6.653,-5.432
-0.079,0.566,0.843,-7.812,9.277,-8.057
-0.081,0.568,0.813,-5.676,11.414,-8.118
-0.073,0.568,0.779,-4.700,10.986,-6.653
-0.072,0.546,0.766,-5.920,7.263,-4.822
-0.054,0.538,0.762,-8.789,2.869,-1.282
-0.045,0.537,0.772,-11.658,-0.610,2.747
-0.040,0.539,0.782,-13.916,-2.258,5.737
-0.039,0.546,0.800,-15.137,-1.709,8.240
-0.019,0.552,0.810,-15.808,0.366,9.399
-0.002,0.574,0.813,-15.625,2.686,7.812
-0.008,0.603,0.814,-15.320,4.761,4.456
-0.035,0.622,0.828,-14.954,7.141,0.793
-0.045,0.627,0.840,-13.550,10.132,-0.427
-0.048,0.626,0.850,-11.536,10.559,-0.122
-0.056,0.621,0.859,-8.179,7.812,1.221
-0.052,0.601,0.856,-4.395,3.723,4.456
-0.031,0.585,0.836,-1.648,0.366,7.935
-0.028,0.582,0.823,-1.282,-2.319,10.498
-0.022,0.581,0.793,-3.540,-6.042,13.550
-0.025,0.581,0.814,-8.118,-13.550,18.188
-0.018,0.569,0.834,-11.597,-23.376,22.766

-0.021,-0.701,2.210,-41.748,20.569,28.259
0.057,-0.824,2.249,-43.884,15.869,34.363
0.193,-0.895,2.192,-40.527,16.174,38.147
0.342,-0.913,2.078,-33.630,17.517,34.302
0.456,-0.890,1.847,-29.907,16.785,19.653
0.566,-0.826,1.529,-38.757,18.921,-3.601
0.650,-0.667,1.231,-61.707,18.127,-36.621
0.516,-0.328,1.077,-93.506,10.315,-74.036
0.237,0.089,1.049,-112.122,7.996,-98.633
0.237,0.408,0.835,-97.656,18.372,-104.675
0.293,0.698,0.435,-65.247,20.020,-95.825
0.198,0.987,0.014,-40.649,-0.488,-87.280
-0.030,1.281,-0.351,-28.320,-23.254,-83.435
-0.092,1.547,-0.542,-26.245,-22.583,-78.674
-0.086,1.784,-0.628,-29.297,-4.700,-83.923
-0.082,2.007,-0.672,-28.198,16.174,-102.722
-0.087,2.136,-0.616,-24.170,33.752,-125.488
-0.150,2.174,-0.560,-19.348,43.762,-140.991
-0.197,2.148,-0.511,-11.780,45.105,-144.958
-0.222,2.040,-0.498,-2.991,37.903,-124.268
-0.218,1.889,-0.502,5.066,19.836,-88.623
-0.224,1.760,-0.424,9.216,-3.113,-43.030
-0.135,1.582,-0.306,14.954,-20.081,5.066
0.076,1.427,-0.250,23.499,-31.616,50.476
0.212,1.287,-0.227,30.945,-44.556,83.130
0.308,1.144,-0.216,34.424,-54.749,99.487
0.376,1.038,-0.195,32.227,-56.580,103.027
0.416,0.981,-0.153,24.048,-50.598,96.313
0.428,0.918,-0.111,10.315,-41.321,80.078
0.394,0.873,-0.029,-3.052,-30.640,58.777
0.345,0.859,0.037,-8.972,-18.799,39.185
0.288,0.856,0.106,-9.888,-7.690,23.987
0.234,0.873,0.168,-8.118,1.038,11.597
0.218,0.896,0.246,-3.845,8.240,2.808
0.212,0.919,0.320,1.404,14.526,-1.892
0.223,0.924,0.386,8.728,19.531,-5.005
0.250,0.923,0.452,17.212,22.217,-7.019
0.293,0.924,0.500,26.489,22.522,-7.141
0.301,0.914,0.537,34.912,18.982,-6.165
0.304,0.910,0.550,39.978,13.062,-3.845
0.288,0.904,0.530,41.260,7.568,0.305
0.262,0.889,0.509,38.940,5.310,5.920
0.228,0.865,0.505,32.959,5.554,11.169
0.198,0.832,0.493,25.208,5.005,14.893
0.161,0.820,0.490,19.592,2.319,18.494
0.129,0.823,0.489,17.883,0.732,22.705
0.136,0.814,0.486,18.188,2.808,26.184
0.166,0.792,0.506,16.907,6.531,30.029
0.198,0.777,0.535,15.015,8.789,33.569
0.218,0.761,0.551,12.451,9.644,34.851
0.238,0.725,0.565,7.751,9.583,33.875
0.262,0.698,0.581,2.686,9.338,32.288
0.259,0.685,0.592,-1.099,8.850,30.212
0.241,0.666,0.617,-3.174,9.155,27.649
0.218,0.650,0.638,-5.188,10.437,25.391
0.197,0.644,0.658,-4.211,12.268,23.193
0.181,0.630,0.662,-1.648,14.587,22.034
0.163,0.614,0.655,0.427,17.029,22.461
0.156,0.613,0.659,1.648,17.151,23.560
0.161,0.615,0.680,1.099,15.259,24.963
0.165,0.612,0.710,-0.610,12.085,25.269
0.180,0.628,0.733,0.122,8.240,24.841
0.177,0.668,0.761,1.831,4.639,23.987
0.162,0.699,0.787,2.136,2.869,21.362
0.157,0.702,0.802,1.892,2.563,17.212
0.134,0.699,0.812,2.869,2.930,13.367
0.119,0.695,0.796,5.554,3.052,10.498
0.101,0.691,0.777,6.042,2.869,9.888
0.088,0.668,0.758,4.822,2.441,12.268
0.100,0.649,0.749,3.723,1.160,16.174
0.109,0.651,0.757,2.808,-1.282,19.531
0.127,0.643,0.756,1.648,-3.967,21.912
0.143,0.624,0.757,-0.305,-6.470,23.743
0.135,0.601,0.760,-2.075,-9.399,23.560
0.122,0.580,0.753,-2.625,-12.451,21.851
0.092,0.572,0.751,-2.686,-15.747,19.531
0.081,0.576,0.744,-2.197,-17.212,17.090
0.068,0.578,0.729,-1.648,-16.113,15.015
0.045,0.572,0.729,-1.953,-14.526,13.306
0.033,0.576,0.734,-1.953,-13.245,11.963
0.005,0.581,0.737,-0.793,-11.902,10.498
0.004,0.586,0.720,0.854,-10.742,10.437
0.003,0.589,0.695,0.977,-10.010,12.451
-0.005,0.566,0.681,-0.427,-10.681,14.587
0.010,0.558,0.680,-2.686,-13.123,15.930
0.011,0.559,0.695,-5.676,-16.724,16.418
0.018,0.568,0.719,-9.644,-19.165,14.343
0.018,0.580,0.740,-13.550,-18.982,10.376
0.007,0.599,0.760,-16.785,-14.954,6.042
0.010,0.612,0.768,-18.311,-8.484,1.587
0.010,0.627,0.768,-18.250,-2.380,-1.587
-0.012,0.633,0.762,-17.395,1.465,-4.089
-0.036,0.636,0.767,-15.259,4.883,-5.432
-0.043,0.624,0.756,-11.597,7.446,-4.089
-0.030,0.639,0.734,-7.874,6.470,-0.793
-0.024,0.644,0.730,-4.517,1.221,2.502
-0.018,0.630,0.725,-3.845,-4.272,4.822
-0.017,0.626,0.727,-3.601,-8.423,5.737
-0.022,0.644,0.731,-2.258,-9.033,5.188
-0.005,0.662,0.726,-0.793,-6.470,4.822
0.005,0.673,0.727,-1.526,-2.808,4.456
0.015,0.683,0.737,-2.808,-0.427,3.052
0.025,0.698,0.743,-3.662,1.526,1.892
0.027,0.713,0.737,-4.639,2.930,0.854
0.007,0.717,0.742,-5.798,2.991,0.488
-0.006,0.710,0.740,-4.883,1.953,2.075
-0.002,0.702,0.731,-2.747,-0.183,5.615
0.009,0.691,0.713,-0.427,-4.028,9.766
0.003,0.686,0.702,0.793,-8.667,12.573
0.003,0.692,0.697,0.427,-11.902,13.611
0.006,0.703,0.700,-0.183,-11.780,12.512
0.003,0.705,0.711,-0.854,-8.240,9.460
0.012,0.716,0.725,-1.587,-3.235,5.493
0.012,0.726,0.753,-2.014,2.625,1.221
-0.000,0.731,0.783,-1.770,7.690,-2.563
-0.008,0.734,0.795,0.732,10.132,-4.333
-0.021,0.724,0.807,3.235,9.644,-3.113
-0.035,0.697,0.807,5.127,6.470,-0.977
-0.035,0.686,0.800,7.080,1.404,2.014

0.265,0.487,1.823,-63.232,99.243,-34.119
0.281,0.321,2.063,-81.055,118.896,-51.025
0.210,0.177,2.307,-95.276,129.883,-68.909
0.093,0.057,2.482,-105.469,125.793,-83.191
-0.161,-0.026,2.661,-114.685,107.178,-93.567
-0.449,-0.231,2.756,-114.624,82.764,-91.919
-0.640,-0.464,2.703,-98.022,62.256,-64.331
-0.727,-0.659,2.497,-66.956,40.466,-22.949
-0.651,-0.720,2.163,-20.813,15.320,22.583
-0.500,-0.684,1.788,20.752,-12.207,66.162
-0.348,-0.643,1.340,41.199,-34.668,91.553
-0.128,-0.576,0.767,47.668,-38.879,97.656
0.145,-0.498,0.179,46.143,-27.344,92.957
0.329,-0.403,-0.355,21.606,-10.132,75.745
0.409,-0.158,-0.727,-14.954,2.563,41.992
0.394,0.228,-0.861,-54.199,8.179,1.038
0.167,0.688,-0.796,-85.205,9.827,-40.405
-0.051,1.061,-0.728,-98.206,18.494,-81.421
-0.119,1.396,-0.705,-92.041,31.433,-109.436
-0.142,1.694,-0.662,-75.195,36.194,-123.291
-0.176,1.888,-0.585,-54.199,32.288,-131.897
-0.123,1.971,-0.563,-30.273,33.325,-133.789
-0.023,1.955,-0.520,-14.099,40.955,-125.549
0.009,1.851,-0.449,-7.080,44.373,-114.136
0.042,1.711,-0.365,-3.357,40.466,-97.839
0.080,1.569,-0.284,-1.160,29.907,-71.228
0.126,1.444,-0.235,-0.488,15.015,-37.781
0.204,1.333,-0.177,-0.061,-1.526,-3.418
0.282,1.239,-0.103,1.770,-16.479,24.963
0.365,1.137,-0.018,3.784,-25.146,42.480
0.419,1.060,0.063,7.629,-26.733,49.316
0.457,1.011,0.074,14.771,-23.315,48.401
0.463,0.945,0.062,20.142,-18.799,43.396
0.466,0.874,0.062,22.339,-16.296,36.682
0.450,0.827,0.083,23.132,-16.357,30.701
0.430,0.809,0.111,23.315,-16.785,25.330
0.409,0.804,0.144,23.499,-15.564,20.264
0.375,0.810,0.175,23.987,-11.963,14.160
0.335,0.825,0.222,25.146,-6.531,6.775
0.301,0.841,0.271,26.550,0.366,-1.221
0.259,0.877,0.320,29.480,8.240,-9.216
0.246,0.887,0.368,34.668,16.296,-15.625
0.273,0.887,0.379,39.063,22.827,-16.663
0.297,0.880,0.401,40.405,25.024,-12.756
0.311,0.859,0.438,39.490,23.132,-8.728
0.334,0.834,0.444,37.781,20.935,-3.967
0.368,0.814,0.454,32.471,18.433,2.014
0.394,0.781,0.478,23.804,15.564,8.423
0.407,0.753,0.507,15.625,11.353,14.160
0.417,0.752,0.531,11.108,7.019,17.822
0.414,0.758,0.543,9.155,3.357,19.714
0.390,0.767,0.554,8.423,0.732,19.104
0.357,0.773,0.564,10.193,-1.221,15.869
0.318,0.767,0.561,14.038,-1.770,12.756
0.290,0.760,0.557,19.592,-0.977,11.414
0.267,0.752,0.559,25.208,0.061,10.742
0.264,0.760,0.535,26.184,0.427,10.071
0.252,0.749,0.524,23.437,0.610,12.085
0.245,0.721,0.527,19.348,2.563,16.846
0.245,0.700,0.545,15.625,5.676,22.095
0.245,0.693,0.568,12.695,6.775,25.879
0.239,0.687,0.594,10.010,6.104,27.344
0.220,0.667,0.622,8.667,6.226,26.489
0.217,0.662,0.640,9.766,6.897,24.048
0.216,0.668,0.664,11.597,7.874,20.508
0.213,0.665,0.673,13.062,8.911,16.296
0.193,0.655,0.683,13.916,8.667,12.146
0.164,0.656,0.697,14.771,6.836,8.789
0.124,0.651,0.709,17.944,5.493,7.385
0.121,0.646,0.688,21.973,6.226,11.169
0.133,0.623,0.669,23.193,6.042,19.348
0.152,0.618,0.664,21.179,0.671,26.611
0.165,0.629,0.667,15.564,-7.446,31.616
0.139,0.614,0.672,8.789,-15.381,35.400
0.136,0.605,0.682,1.221,-18.799,37.781
0.145,0.591,0.704,-5.249,-18.799,39.124
0.145,0.576,0.742,-7.874,-19.348,40.894
0.141,0.583,0.786,-8.240,-20.813,42.053
0.138,0.609,0.823,-7.690,-20.203,40.283
0.136,0.604,0.822,-5.493,-16.113,36.926
0.115,0.600,0.802,-1.648,-11.597,32.227
0.105,0.603,0.764,2.563,-8.301,26.794
0.086,0.596,0.752,4.517,-6.165,23.071
0.075,0.587,0.753,6.165,-4.761,22.156
0.075,0.578,0.756,7.812,-5.554,23.804
0.064,0.566,0.771,8.789,-9.949,27.161
0.074,0.545,0.779,10.681,-15.686,31.311
0.089,0.534,0.768,13.733,-22.156,35.217
0.098,0.522,0.753,15.808,-29.297,37.231
0.095,0.513,0.732,16.113,-34.363,36.804
0.088,0.520,0.710,15.442,-35.889,34.119
0.075,0.527,0.697,15.198,-33.997,31.067
0.064,0.534,0.684,15.320,-28.748,28.809
0.063,0.538,0.672,14.832,-22.400,26.001
0.061,0.549,0.680,12.634,-18.188,22.522
0.036,0.540,0.705,9.094,-17.029,18.738
0.028,0.529,0.741,7.568,-17.273,15.686
0.045,0.543,0.765,9.094,-17.639,13.611
0.043,0.553,0.785,10.010,-18.982,10.193
0.037,0.549,0.786,8.789,-20.569,5.554
0.027,0.536,0.789,7.324,-20.325,2.747
0.019,0.546,0.782,6.592,-17.639,2.075
-0.002,0.554,0.796,4.578,-13.245,4.089
-0.007,0.555,0.834,0.977,-7.263,8.179
0.021,0.568,0.875,-1.953,-2.075,12.512
0.060,0.595,0.908,-3.418,-0.549,14.526
0.062,0.601,0.945,-4.700,-2.441,13.306
0.044,0.593,0.965,-4.456,-6.165,9.888
0.016,0.596,0.955,-1.770,-11.353,6.775
-0.016,0.589,0.929,2.258,-17.700,5.676
-0.050,0.573,0.880,4.456,-24.475,5.859
-0.089,0.552,0.838,5.676,-30.090,7.080
-0.120,0.559,0.822,6.653,-32.471,8.240
-0.117,0.571,0.804,9.094,-31.006,9.460
-0.113,0.579,0.782,11.353,-27.405,9.827
-0.111,0.578,0.780,11.230,-22.888,7.568
-0.117,0.572,0.784,9.216,-18.494,4.822
-0.120,0.569,0.787,6.348,-14.038,2.197
-0.108,0.562,0.789,2.808,-9.033,1.160

0.307,0.176,2.311,-42.542,65.918,-33.447
0.380,0.051,2.623,-55.176,72.937,-43.823
0.515,-0.153,2.834,-60.547,72.327,-45.593
0.668,-0.370,2.965,-55.786,58.044,-36.987
0.707,-0.571,3.013,-45.654,28.137,-27.649
0.648,-0.801,2.941,-34.363,-5.737,-20.630
0.589,-1.034,2.732,-19.836,-31.860,-12.390
0.523,-1.166,2.293,-2.686,-48.340,-6.897
0.505,-1.152,1.743,5.981,-53.101,-5.798
0.480,-1.022,1.315,-7.324,-58.472,-15.747
0.395,-0.850,0.901,-35.034,-62.073,-32.959
0.295,-0.559,0.579,-60.608,-52.795,-50.720
0.193,-0.222,0.280,-75.317,-39.001,-61.646
0.117,0.197,-0.058,-74.524,-29.358,-62.927
0.074,0.633,-0.424,-63.599,-32.776,-53.650
0.028,1.072,-0.676,-58.594,-48.462,-38.574
0.078,1.469,-0.845,-50.842,-69.458,-35.950
0.125,1.883,-1.045,-35.767,-82.458,-54.871
0.053,2.258,-1.181,-26.184,-78.430,-98.572
-0.162,2.514,-1.218,-32.898,-61.462,-161.621
-0.524,2.610,-1.120,-51.392,-49.133,-218.872
-1.046,2.485,-0.873,-68.726,-47.363,-242.737
-1.383,2.194,-0.658,-71.167,-54.749,-225.037
-1.605,1.911,-0.450,-58.411,-73.181,-169.495
-1.699,1.701,-0.277,-39.917,-85.815,-104.004
-1.566,1.609,-0.049,-20.325,-77.148,-51.514
-1.290,1.497,0.176,-2.014,-46.204,-19.592
-0.842,1.327,0.289,17.151,-0.977,-6.958
-0.242,1.133,0.237,39.490,42.725,5.554
0.375,0.972,0.109,56.885,67.261,21.240
0.785,0.924,-0.001,61.523,69.641,27.954
0.961,0.848,-0.012,50.720,66.650,23.376
1.048,0.743,0.068,34.546,69.885,13.245
1.060,0.713,0.164,23.071,69.336,4.333
0.942,0.736,0.267,15.991,59.204,-2.869
0.720,0.780,0.368,14.343,44.250,-8.057
0.488,0.827,0.440,19.104,32.532,-7.812
0.315,0.843,0.490,26.855,25.452,-3.906
0.173,0.847,0.517,35.950,19.897,0.671
0.064,0.886,0.504,46.143,14.587,5.249
0.009,0.935,0.486,55.359,15.198,10.376
-0.010,0.960,0.470,60.303,23.437,15.564
-0.000,0.959,0.461,61.096,34.363,19.958
0.026,0.941,0.457,60.242,44.250,25.208
0.070,0.918,0.451,58.594,51.208,30.518
0.098,0.869,0.447,55.725,52.734,32.410
0.132,0.823,0.455,53.284,50.049,32.288
0.164,0.747,0.449,51.086,45.044,32.043
0.183,0.675,0.441,49.194,39.124,30.762
0.207,0.622,0.422,47.119,34.607,30.212
0.247,0.590,0.421,43.274,32.288,31.006
0.290,0.556,0.452,37.415,32.166,30.518
0.312,0.526,0.504,30.579,33.386,27.771
0.334,0.506,0.559,25.208,34.302,22.705
0.332,0.488,0.598,20.569,34.363,17.029
0.308,0.473,0.647,18.311,32.471,12.329
0.288,0.445,0.675,15.015,29.663,7.874
0.293,0.433,0.673,11.658,27.161,4.822
0.268,0.444,0.712,7.202,23.376,1.587
0.246,0.459,0.753,3.357,20.996,-1.526
0.241,0.466,0.807,1.953,23.071,-2.197
0.232,0.453,0.825,3.052,27.588,-1.892
0.231,0.430,0.834,6.409,30.457,-0.488
0.227,0.412,0.812,7.874,29.968,2.808
0.219,0.388,0.795,8.728,26.611,7.690
0.215,0.382,0.785,8.728,22.339,13.794
0.206,0.363,0.786,7.874,18.066,20.203
0.205,0.349,0.788,7.202,15.076,26.611
0.221,0.335,0.791,5.920,13.184,32.654
0.235,0.337,0.801,4.944,11.047,37.109
0.237,0.362,0.846,7.385,9.460,38.513
0.251,0.399,0.880,10.498,9.766,37.231
0.253,0.415,0.886,13.245,10.986,33.447
0.260,0.428,0.864,13.672,12.939,28.870
0.251,0.446,0.849,13.184,13.794,25.391
0.228,0.450,0.835,13.733,13.000,23.376
0.196,0.438,0.823,13.550,11.230,22.888
0.159,0.417,0.824,13.306,9.094,24.292
0.141,0.403,0.827,14.709,7.568,27.893
0.143,0.394,0.809,17.456,6.653,31.799
0.162,0.384,0.800,20.325,4.822,34.485
0.173,0.388,0.791,20.935,1.404,35.889
0.171,0.396,0.793,22.034,-0.549,35.217
0.182,0.404,0.788,22.339,-0.244,33.081
0.183,0.419,0.791,21.973,1.648,29.297
0.158,0.424,0.815,21.667,3.784,24.292
0.116,0.405,0.826,19.348,6.165,19.165
0.087,0.375,0.825,17.517,8.118,15.869
0.079,0.371,0.801,18.188,8.423,17.639
0.081,0.393,0.801,19.165,6.531,21.667
0.104,0.414,0.809,18.982,3.357,26.367
0.141,0.428,0.810,17.944,0.305,31.067
0.183,0.452,0.834,16.663,-2.930,34.546
0.216,0.465,0.863,14.709,-5.920,35.889
0.227,0.468,0.889,11.414,-7.568,35.156
0.214,0.464,0.929,8.789,-7.690,32.288
0.188,0.434,0.935,7.629,-5.859,29.968
0.168,0.410,0.930,8.179,-4.089,28.137
0.154,0.401,0.915,10.620,-4.456,26.733
0.151,0.391,0.889,13.855,-6.653,25.513
0.153,0.395,0.866,18.494,-9.644,24.475
0.155,0.422,0.854,22.278,-11.658,22.766
0.167,0.457,0.848,24.658,-10.864,19.836
0.180,0.464,0.842,24.780,-6.836,16.541
0.182,0.454,0.849,22.583,-2.075,11.902
0.181,0.440,0.862,20.081,1.526,6.653
0.184,0.446,0.877,19.165,3.845,2.441
0.177,0.468,0.896,19.714,5.310,-0.183
0.187,0.466,0.899,20.752,6.042,-1.282
0.201,0.472,0.884,22.461,4.333,-0.854
0.222,0.482,0.865,23.621,-1.282,0.916
0.229,0.492,0.846,21.973,-9.155,2.930
0.217,0.480,0.825,16.785,-16.174,4.822
0.195,0.448,0.807,9.888,-19.714,6.775
0.169,0.440,0.815,2.747,-20.752,7.935
0.147,0.450,0.845,-4.700,-19.409,6.897
0.143,0.483,0.904,-10.559,-14.282,5.859
0.163,0.503,0.996,-14.587,-5.859,5.005
0.205,0.508,1.063,-15.381,1.404,2.441

-0.435,-0.786,2.075,-107.788,10.925,18.494
-0.536,-0.982,2.263,-112.610,13.000,23.682
-0.600,-1.178,2.352,-104.492,13.977,32.166
-0.671,-1.305,2.266,-88.501,9.583,44.617
-0.672,-1.427,2.108,-64.880,5.310,57.129
-0.561,-1.444,1.812,-40.100,1.831,66.467
-0.414,-1.401,1.487,-25.696,-4.883,68.909
-0.214,-1.315,1.209,-27.344,-10.254,62.195
-0.001,-1.090,0.867,-38.452,-10.986,47.668
0.138,-0.812,0.530,-50.415,-9.827,22.949
0.204,-0.431,0.296,-70.190,-4.028,-11.047
0.135,0.123,0.087,-85.205,7.385,-46.753
0.044,0.699,-0.140,-87.646,26.062,-80.078
0.018,1.202,-0.289,-87.158,44.373,-107.239
0.081,1.682,-0.348,-83.862,58.533,-122.131
0.297,2.050,-0.324,-81.482,69.031,-118.774
0.487,2.274,-0.189,-82.520,65.369,-106.384
0.581,2.483,-0.048,-74.341,50.781,-97.534
0.597,2.586,-0.012,-56.458,35.828,-90.515
0.597,2.506,-0.026,-42.114,26.184,-83.496
0.527,2.349,-0.044,-30.212,16.602,-72.815
0.500,2.135,-0.074,-19.043,5.371,-55.908
0.525,1.868,-0.069,-13.611,-7.080,-30.334
0.539,1.645,-0.077,-11.169,-22.522,-3.845
0.540,1.461,-0.099,-9.827,-35.217,18.311
0.564,1.300,-0.091,-11.536,-41.443,32.471
0.572,1.182,-0.069,-13.794,-41.626,35.339
0.550,1.082,-0.038,-15.869,-35.400,28.442
0.515,0.978,0.007,-18.066,-25.391,15.991
0.458,0.916,0.093,-18.738,-15.442,4.211
0.380,0.875,0.191,-16.174,-6.897,-3.357
0.343,0.854,0.262,-9.827,-0.122,-7.324
0.312,0.844,0.323,-4.211,2.686,-9.644
0.276,0.833,0.381,-0.061,3.052,-11.047
0.256,0.850,0.435,3.784,4.517,-11.841
0.228,0.869,0.480,8.118,7.263,-13.062
0.207,0.880,0.515,11.841,12.207,-16.357
0.182,0.884,0.548,14.038,18.005,-19.592
0.161,0.880,0.581,14.771,24.414,-21.118
0.147,0.879,0.614,16.418,28.809,-19.958
0.149,0.881,0.642,19.043,29.419,-16.418
0.154,0.869,0.654,21.484,26.062,-11.292
0.131,0.850,0.651,25.330,18.738,-3.296
0.123,0.828,0.648,29.907,10.498,5.432
0.129,0.796,0.627,34.241,3.418,15.381
0.139,0.770,0.598,37.598,-3.479,25.085
0.146,0.743,0.577,38.391,-9.766,33.325
0.141,0.699,0.562,38.452,-14.038,40.161
0.154,0.655,0.538,36.621,-15.381,45.837
0.161,0.617,0.518,33.142,-15.137,49.927
0.161,0.590,0.504,29.602,-14.221,52.063
0.164,0.570,0.505,25.208,-10.620,52.551
0.182,0.560,0.517,19.653,-5.554,50.720
0.181,0.541,0.546,13.977,-2.197,47.119
0.184,0.536,0.590,10.010,-0.977,44.006
0.205,0.554,0.626,8.057,-0.244,41.809
0.220,0.565,0.669,6.470,0.732,40.527
0.227,0.545,0.714,5.188,0.916,39.734
0.225,0.527,0.758,5.798,-0.183,39.551
0.235,0.516,0.784,6.714,-2.258,39.551
0.220,0.500,0.807,6.714,-4.456,38.513
0.197,0.496,0.827,5.920,-5.920,36.133
0.174,0.492,0.850,5.615,-5.493,33.142
0.157,0.487,0.857,6.775,-3.296,29.297
0.150,0.492,0.852,8.728,-1.221,25.818
0.132,0.503,0.844,11.230,-0.244,21.301
0.116,0.522,0.836,14.282,0.000,16.907
0.091,0.547,0.833,17.517,0.427,13.611
0.082,0.559,0.833,20.325,1.709,11.353
0.079,0.554,0.838,22.705,3.906,11.475
0.074,0.537,0.845,25.818,5.127,12.146
0.071,0.517,0.851,28.259,4.883,12.390
0.075,0.491,0.849,29.419,3.906,12.634
0.076,0.465,0.856,29.297,2.808,12.817
0.085,0.441,0.866,29.480,2.136,12.207
0.091,0.438,0.869,29.602,1.709,10.925
0.111,0.463,0.878,27.588,1.892,9.094
0.080,0.449,0.888,20.081,1.526,5.371
0.068,0.420,0.899,14.954,1.282,1.831
0.069,0.413,0.894,15.320,1.099,1.221
0.054,0.418,0.876,17.151,0.122,0.793
0.018,0.419,0.868,16.968,-0.610,-0.610
0.002,0.406,0.856,15.930,0.488,-0.610
0.001,0.399,0.838,15.686,1.221,1.770
0.012,0.401,0.823,16.418,-0.671,5.493
0.032,0.405,0.812,15.564,-4.211,9.460
0.045,0.404,0.812,12.390,-7.690,12.390
0.047,0.394,0.814,8.728,-9.705,12.878
0.043,0.397,0.823,6.042,-9.216,11.658
0.045,0.398,0.832,4.639,-6.287,9.888
0.041,0.394,0.847,3.723,-2.380,7.751
0.048,0.399,0.859,3.235,1.221,5.554
0.033,0.409,0.875,2.625,4.272,2.747
0.020,0.416,0.891,2.258,6.714,0.061
0.022,0.417,0.898,3.052,8.057,-1.526
0.030,0.433,0.903,4.272,6.836,-1.648
0.045,0.466,0.904,5.554,3.296,-1.099
0.050,0.494,0.912,5.737,0.000,-1.160
0.046,0.512,0.930,5.432,-1.038,-1.709
0.024,0.525,0.951,6.470,-0.061,-2.319
0.023,0.532,0.943,9.644,1.038,-1.404
0.026,0.524,0.927,12.939,0.122,0.916
0.029,0.502,0.906,15.686,-3.540,4.395
0.020,0.483,0.877,17.700,-9.216,8.301
0.007,0.462,0.861,17.883,-14.099,11.292
0.010,0.436,0.849,17.334,-16.052,13.184
0.017,0.422,0.845,16.174,-14.954,14.404
0.022,0.409,0.852,13.672,-11.230,14.587
0.043,0.407,0.849,11.108,-6.348,14.038
0.062,0.415,0.861,7.874,-2.563,12.878
0.063,0.420,0.892,4.517,-0.610,10.376
0.059,0.425,0.925,2.686,1.587,8.179
0.064,0.427,0.939,3.113,3.845,6.958
0.064,0.419,0.933,4.639,4.700,5.676
0.053,0.416,0.917,6.409,3.296,4.395
0.034,0.408,0.910,7.385,1.282,3.357
0.016,0.404,0.906,7.751,0.549,2.563
0.005,0.397,0.906,8.301,1.038,2.441
0.010,0.390,0.897,9.094,2.136,3.052

-0.309,-1.089,2.126,-83.557,18.860,-0.916
-0.516,-1.318,2.318,-98.511,17.517,1.709
-0.647,-1.412,2.356,-95.520,14.282,9.705
-0.695,-1.410,2.229,-73.425,6.470,25.574
-0.574,-1.420,1.998,-48.157,0.427,43.396
-0.356,-1.450,1.749,-37.048,-6.348,58.594
-0.117,-1.378,1.524,-33.569,-15.747,69.580
0.144,-1.198,1.292,-33.081,-22.827,69.702
0.365,-0.987,1.005,-39.429,-22.217,53.711
0.526,-0.750,0.688,-55.054,-12.390,22.705
0.578,-0.339,0.415,-73.242,0.793,-15.808
0.611,0.100,0.135,-83.435,11.169,-52.246
0.526,0.572,-0.105,-91.858,15.198,-81.055
0.411,1.006,-0.271,-94.666,16.479,-101.135
0.384,1.439,-0.356,-94.604,21.851,-109.619
0.284,1.881,-0.337,-88.196,25.696,-112.000
0.263,2.208,-0.352,-73.120,33.203,-109.253
0.266,2.421,-0.380,-56.580,38.574,-101.440
0.241,2.569,-0.374,-44.922,33.325,-90.515
0.215,2.650,-0.334,-37.842,21.118,-78.735
0.198,2.624,-0.269,-38.025,2.441,-60.791
0.254,2.525,-0.115,-41.138,-18.677,-43.579
0.208,2.396,-0.010,-42.419,-39.429,-32.593
0.123,2.212,-0.011,-36.865,-55.359,-25.024
0.096,1.991,-0.099,-30.396,-63.538,-12.756
0.067,1.744,-0.175,-28.687,-69.580,1.282
0.063,1.487,-0.182,-30.945,-76.965,13.428
0.169,1.299,-0.165,-33.630,-72.571,24.536
0.178,1.180,-0.094,-32.349,-66.101,32.227
0.272,1.062,-0.027,-28.137,-46.387,30.579
0.327,0.958,0.025,-22.034,-23.071,23.437
0.394,0.875,0.080,-14.954,-1.953,12.512
0.429,0.815,0.156,-8.972,14.648,2.075
0.446,0.771,0.246,-3.845,24.353,-7.629
0.450,0.734,0.341,2.319,29.541,-16.602
0.445,0.704,0.437,9.705,32.471,-23.376
0.442,0.700,0.520,16.846,33.691,-28.564
0.441,0.714,0.609,23.682,32.898,-32.166
0.432,0.709,0.673,27.771,31.616,-34.973
0.390,0.687,0.721,28.259,30.396,-36.804
0.347,0.677,0.738,27.893,30.396,-34.912
0.299,0.668,0.747,28.259,31.128,-31.311
0.251,0.651,0.742,27.710,31.616,-26.917
0.198,0.638,0.734,23.437,31.494,-17.700
0.142,0.643,0.720,19.104,22.766,-5.188
0.089,0.653,0.705,18.005,8.362,7.080
0.066,0.648,0.682,20.813,1.404,20.447
0.062,0.634,0.658,26.428,-0.916,32.959
0.061,0.618,0.631,33.142,-5.371,41.687
0.080,0.583,0.612,35.217,-9.094,45.227
0.100,0.547,0.606,32.288,-10.559,46.143
0.099,0.525,0.617,28.625,-9.827,45.166
0.110,0.518,0.638,24.902,-4.761,42.725
0.128,0.510,0.654,20.691,2.258,39.856
0.131,0.496,0.668,16.846,7.996,35.950
0.137,0.497,0.675,12.756,11.536,32.288
0.125,0.496,0.702,9.766,12.634,28.870
0.131,0.482,0.714,9.155,13.428,26.733
0.127,0.466,0.729,9.094,12.207,25.696
0.127,0.450,0.758,9.155,9.277,25.085
0.125,0.437,0.783,9.216,6.897,25.635
0.129,0.426,0.800,9.583,5.615,26.306
0.146,0.432,0.811,9.399,4.517,26.611
0.164,0.452,0.824,8.850,2.502,25.879
0.170,0.486,0.834,9.644,0.488,24.902
0.175,0.512,0.846,10.437,-0.977,23.071
0.176,0.526,0.857,10.498,-1.831,18.677
0.155,0.513,0.889,11.597,-2.686,14.038
0.135,0.510,0.889,13.977,-2.441,11.047
0.121,0.518,0.885,18.982,-2.441,10.925
0.104,0.522,0.876,23.315,-3.357,10.925
0.083,0.520,0.873,25.085,-5.066,10.010
0.072,0.503,0.863,25.574,-5.859,8.606
0.071,0.492,0.839,26.611,-3.967,8.362
0.070,0.492,0.825,28.442,0.427,8.484
0.088,0.484,0.805,29.724,6.042,8.484
0.105,0.483,0.789,29.724,9.399,8.606
0.111,0.480,0.778,27.588,8.911,8.789
0.121,0.476,0.773,23.621,5.310,11.414
0.126,0.458,0.787,17.883,0.732,15.991
0.125,0.428,0.820,10.742,-4.395,20.935
0.122,0.415,0.875,3.540,-10.437,25.635
0.127,0.414,0.928,-1.892,-15.198,29.053
0.136,0.424,0.962,-4.028,-18.066,30.884
0.146,0.443,0.994,-2.380,-19.714,30.701
0.156,0.462,0.999,0.793,-19.592,26.978
0.145,0.471,0.997,6.165,-17.395,20.386
0.121,0.475,0.995,13.184,-13.000,12.146
0.109,0.476,0.976,19.470,-6.775,4.272
0.075,0.455,0.942,23.682,-1.038,-2.014
0.038,0.434,0.918,26.367,2.319,-6.409
0.018,0.425,0.891,29.114,3.174,-7.263
0.017,0.424,0.854,30.212,1.343,-4.150
0.024,0.416,0.826,27.466,-2.930,0.427
0.037,0.417,0.814,22.522,-8.972,5.615
0.066,0.424,0.814,17.883,-13.306,10.071
0.092,0.434,0.824,14.282,-12.817,11.841
0.113,0.438,0.840,10.986,-9.094,10.986
0.121,0.450,0.867,8.057,-3.906,8.240
0.131,0.448,0.885,6.409,1.465,4.517
0.140,0.446,0.896,5.310,6.409,1.648
0.148,0.444,0.895,4.578,8.423,-0.122
0.149,0.449,0.888,4.761,7.690,-1.038
0.138,0.459,0.877,5.798,5.554,-1.221
0.130,0.461,0.873,6.897,2.014,-0.366
0.135,0.458,0.869,7.812,-2.258,1.648
0.140,0.454,0.866,8.728,-7.202,3.967
0.151,0.449,0.858,9.644,-11.902,5.554
0.150,0.444,0.853,10.132,-15.015,6.042
0.139,0.438,0.853,8.972,-16.357,5.249
0.128,0.425,0.858,6.836,-15.259,3.967
0.115,0.418,0.874,5.127,-12.695,2.502
0.104,0.418,0.892,4.211,-11.108,1.221
0.089,0.411,0.895,5.371,-11.169,0.549
0.072,0.406,0.896,7.080,-12.634,0.916
0.057,0.397,0.902,8.667,-14.526,1.648
0.052,0.403,0.902,11.047,-15.869,2.014
0.040,0.401,0.903,13.123,-16.663,0.977
0.025,0.393,0.896,14.282,-17.822,-0.793

-0.143,-0.875,2.478,-106.018,5.493,10.925
-0.355,-1.190,2.916,-126.892,7.629,10.315
-0.554,-1.344,3.189,-136.169,2.502,17.090
-0.641,-1.252,3.170,-115.967,-9.521,38.269
-0.616,-1.131,2.866,-75.012,-26.306,69.702
-0.468,-1.080,2.424,-40.100,-43.518,101.868
-0.241,-1.009,1.966,-26.001,-61.401,123.047
-0.024,-0.911,1.438,-21.667,-73.364,124.878
0.161,-0.771,0.804,-26.489,-67.261,108.704
0.476,-0.548,0.331,-52.002,-41.626,68.542
0.570,-0.217,0.043,-87.524,-24.353,4.883
0.258,0.380,-0.271,-107.117,-22.827,-64.819
-0.224,1.207,-0.650,-101.868,-13.000,-114.258
-0.601,1.848,-0.964,-82.397,11.230,-146.057
-0.787,2.273,-1.171,-66.284,31.189,-161.865
-0.716,2.552,-1.162,-58.472,34.912,-146.606
-0.594,2.689,-0.989,-50.964,22.339,-108.459
-0.369,2.631,-0.795,-39.063,10.193,-70.251
-0.100,2.490,-0.614,-23.804,0.671,-39.368
0.042,2.213,-0.465,-8.850,-10.498,-16.052
0.176,1.860,-0.385,4.089,-17.334,-1.709
0.349,1.552,-0.323,12.390,-21.179,14.648
0.516,1.319,-0.231,14.954,-29.724,32.349
0.627,1.138,-0.127,13.855,-43.335,45.349
0.672,1.001,-0.067,10.559,-54.932,51.453
0.660,0.895,-0.047,4.761,-59.021,51.575
0.592,0.810,0.017,-2.808,-57.678,46.143
0.517,0.752,0.112,-9.155,-52.734,35.461
0.421,0.728,0.204,-12.329,-44.556,22.705
0.309,0.742,0.270,-10.559,-35.339,10.071
0.178,0.785,0.320,-5.920,-27.954,-1.648
0.047,0.829,0.394,-1.709,-19.348,-14.648
-0.058,0.878,0.472,5.615,-10.193,-25.208
-0.146,0.942,0.518,16.785,-2.197,-32.532
-0.202,0.981,0.585,29.358,3.723,-37.659
-0.248,0.993,0.601,39.917,9.460,-40.405
-0.271,0.974,0.610,48.340,14.526,-39.307
-0.288,0.963,0.593,53.833,17.212,-33.264
-0.278,0.936,0.548,54.016,17.883,-24.353
-0.262,0.908,0.506,47.607,17.517,-13.489
-0.239,0.871,0.490,35.889,16.052,-2.502
-0.254,0.802,0.493,23.315,7.996,6.348
-0.226,0.792,0.508,14.893,-4.211,13.245
-0.199,0.785,0.489,15.015,-10.803,20.081
-0.200,0.741,0.515,14.648,-9.949,25.818
-0.186,0.681,0.537,15.076,-5.737,27.649
-0.167,0.651,0.562,18.616,-2.563,27.405
-0.154,0.619,0.588,23.376,0.122,26.245
-0.141,0.600,0.598,26.855,4.211,23.743
-0.101,0.589,0.586,25.635,9.033,20.264
-0.095,0.571,0.612,19.775,11.780,15.564
-0.099,0.548,0.648,14.160,14.221,10.864
-0.111,0.537,0.683,11.475,18.433,7.568
-0.107,0.522,0.705,12.024,23.743,5.798
-0.092,0.487,0.704,12.329,27.161,5.981
-0.078,0.437,0.721,10.803,26.489,7.324
-0.050,0.418,0.736,7.751,21.851,9.094
-0.046,0.428,0.789,4.517,15.076,9.888
-0.036,0.447,0.849,2.991,10.742,9.216
-0.023,0.490,0.906,3.784,11.108,8.240
-0.014,0.512,0.947,3.845,13.367,7.019
-0.035,0.518,0.991,4.089,14.832,4.028
-0.041,0.501,1.000,5.859,17.151,2.502
-0.041,0.498,0.987,10.254,18.799,5.310
-0.045,0.486,0.973,13.794,15.442,9.216
-0.061,0.467,0.986,15.259,8.850,12.817
-0.064,0.465,0.997,17.456,2.014,16.602
-0.075,0.457,0.994,20.508,-3.235,19.653
-0.087,0.445,0.985,24.292,-7.629,19.897
-0.086,0.441,0.970,29.663,-10.559,18.982
-0.081,0.448,0.938,35.095,-10.681,17.883
-0.095,0.449,0.910,37.537,-8.301,14.709
-0.123,0.443,0.890,38.208,-4.639,10.376
-0.127,0.440,0.872,38.757,-0.793,7.263
-0.127,0.431,0.864,38.513,2.075,5.310
-0.129,0.422,0.857,37.476,2.686,4.822
-0.124,0.443,0.869,35.217,1.648,5.249
-0.129,0.435,0.886,30.273,0.000,5.676
-0.119,0.406,0.893,24.536,-0.977,6.409
-0.120,0.390,0.898,21.484,-2.991,8.423
-0.119,0.385,0.904,20.020,-6.104,10.925
-0.114,0.363,0.897,19.409,-9.521,12.329
-0.102,0.352,0.867,19.775,-13.550,14.038
-0.099,0.348,0.837,19.775,-17.944,16.357
-0.115,0.335,0.824,17.578,-20.569,16.968
-0.127,0.325,0.823,15.076,-19.592,16.418
-0.147,0.326,0.834,11.475,-16.113,15.076
-0.174,0.316,0.860,6.592,-11.230,11.353
-0.188,0.316,0.887,1.953,-3.845,6.958
-0.191,0.340,0.942,-2.258,5.005,3.052
-0.181,0.355,0.997,-4.883,14.343,-1.404
-0.165,0.373,1.033,-4.700,21.240,-5.249
-0.162,0.390,1.054,-2.686,24.292,-8.057
-0.145,0.404,1.049,-1.160,24.170,-9.644
-0.149,0.416,1.047,0.244,20.874,-9.521
-0.146,0.420,1.039,1.160,16.724,-7.263
-0.153,0.416,1.026,1.831,13.489,-4.089
-0.163,0.413,1.020,2.502,10.010,-1.038
-0.165,0.412,1.003,4.395,5.981,2.075
-0.170,0.416,0.973,7.263,1.831,5.554
-0.174,0.414,0.943,10.132,-1.282,6.836
-0.162,0.425,0.904,14.160,-3.357,6.409
-0.152,0.447,0.866,17.761,-3.174,4.150
-0.160,0.458,0.849,19.592,0.122,0.366
-0.163,0.458,0.838,21.667,7.812,-3.174
-0.153,0.459,0.816,23.254,17.395,-6.531
-0.143,0.454,0.794,21.301,24.170,-8.423
-0.151,0.443,0.804,16.235,26.245,-7.874
-0.143,0.437,0.824,12.024,25.940,-3.906
-0.107,0.443,0.831,8.362,23.560,1.526
-0.089,0.419,0.843,3.357,18.311,6.226
-0.081,0.402,0.864,-0.610,12.207,9.644
-0.060,0.411,0.887,-1.343,8.667,12.146
-0.038,0.406,0.894,-0.427,7.935,13.428
-0.019,0.399,0.888,0.488,8.057,12.878
-0.010,0.391,0.877,0.366,8.240,11.169
-0.018,0.378,0.882,-0.549,9.094,8.667
-0.031,0.362,0.895,-1.160,11.108,5.493
-0.043,0.347,0.900,-1.038,13.672,2.869

-0.260,-0.696,2.029,-21.851,11.292,21.423
-0.213,-0.914,2.023,-15.503,1.404,27.832
-0.159,-1.057,1.948,-4.517,-6.104,30.823
-0.133,-1.172,1.826,3.906,-10.315,29.297
-0.076,-1.244,1.683,7.812,-11.353,22.339
-0.040,-1.298,1.508,6.165,-10.376,11.536
-0.009,-1.371,1.315,-8.240,-10.620,3.540
0.060,-1.351,1.167,-30.151,-10.864,-2.258
0.200,-1.192,1.003,-51.208,-11.780,-8.362
0.261,-0.905,0.873,-73.608,-18.738,-23.865
0.245,-0.532,0.705,-85.205,-21.179,-49.500
0.281,-0.103,0.377,-79.102,-12.817,-68.237
0.309,0.376,0.032,-66.772,-3.784,-75.256
0.484,0.755,-0.357,-54.382,0.916,-75.073
0.552,1.150,-0.746,-49.072,-2.686,-72.754
0.608,1.498,-1.004,-59.082,-10.315,-74.036
0.683,1.815,-1.068,-83.008,-16.907,-75.256
0.698,2.260,-1.026,-104.187,-21.912,-79.407
0.742,2.690,-0.838,-117.615,-18.799,-90.820
0.607,2.912,-0.578,-129.883,-14.954,-113.892
0.298,2.943,-0.384,-127.686,-16.907,-138.855
0.007,2.812,-0.249,-111.389,-19.836,-140.137
-0.193,2.584,-0.135,-91.064,-23.499,-114.441
-0.300,2.363,0.005,-66.406,-30.273,-77.881
-0.231,2.074,0.126,-34.851,-29.358,-42.236
-0.019,1.831,0.206,-13.489,-17.578,-4.700
0.268,1.651,0.250,0.244,-7.080,27.405
0.538,1.489,0.297,7.080,5.737,39.551
0.688,1.373,0.361,9.521,15.137,40.466
0.780,1.229,0.438,9.155,28.137,36.255
0.843,1.072,0.482,9.949,37.720,33.569
0.854,0.966,0.508,12.939,35.828,33.325
0.786,0.880,0.537,13.550,25.574,32.043
0.665,0.820,0.577,15.625,16.968,28.870
0.559,0.777,0.602,20.325,16.052,27.100
0.493,0.726,0.624,23.743,19.653,26.550
0.426,0.663,0.671,25.330,21.729,25.330
0.404,0.610,0.721,27.832,21.362,26.001
0.410,0.578,0.765,30.273,16.541,27.649
0.381,0.547,0.794,33.081,7.507,24.597
0.307,0.497,0.789,36.621,0.366,16.846
0.219,0.449,0.759,38.208,-1.587,9.460
0.134,0.412,0.720,37.048,1.099,6.592
0.093,0.391,0.693,32.837,6.409,9.094
0.071,0.382,0.687,26.001,9.949,13.489
0.050,0.363,0.694,18.982,9.705,18.188
0.058,0.365,0.693,13.000,7.751,22.644
0.055,0.369,0.707,8.850,4.761,25.696
0.048,0.379,0.736,6.958,2.625,26.489
0.075,0.419,0.748,8.362,2.014,25.757
0.089,0.464,0.746,11.414,1.465,21.118
0.083,0.478,0.745,11.963,0.854,12.329
0.072,0.492,0.742,13.855,1.953,1.892
0.065,0.513,0.734,17.517,7.446,-5.188
0.071,0.537,0.718,20.325,15.015,-8.789
0.071,0.551,0.730,21.912,21.118,-9.399
0.071,0.555,0.744,23.376,25.269,-6.836
0.087,0.524,0.748,24.475,26.733,-1.160
0.092,0.499,0.753,22.705,22.766,7.874
0.085,0.493,0.771,18.555,14.221,17.212
0.068,0.496,0.800,12.878,3.235,22.949
0.076,0.514,0.818,7.690,-4.333,25.146
0.063,0.535,0.844,4.822,-7.141,23.865
0.057,0.565,0.856,5.005,-4.822,19.287
0.049,0.604,0.861,6.348,0.732,13.306
0.034,0.622,0.859,8.545,8.362,7.629
0.033,0.624,0.848,11.841,15.198,4.028
0.038,0.618,0.833,15.564,18.188,4.150
0.036,0.594,0.822,18.433,16.174,7.202
0.043,0.556,0.812,18.738,10.986,11.658
0.023,0.513,0.829,18.433,3.479,16.846
0.005,0.476,0.852,18.005,-3.540,21.851
0.006,0.450,0.863,18.127,-9.399,25.513
0.006,0.445,0.866,19.592,-13.245,26.001
0.026,0.456,0.842,20.569,-14.587,23.437
0.049,0.490,0.816,19.836,-13.672,18.066
0.054,0.501,0.819,18.250,-10.742,10.193
0.047,0.510,0.822,17.456,-6.775,2.808
0.016,0.509,0.837,19.348,-3.479,-3.113
0.000,0.483,0.838,23.682,-0.793,-5.859
-0.009,0.444,0.804,29.114,1.648,-3.479
-0.016,0.411,0.776,32.654,3.540,0.793
-0.023,0.365,0.752,31.677,3.662,5.249
-0.005,0.359,0.752,28.320,4.089,8.484
0.027,0.371,0.763,24.475,5.676,9.399
0.064,0.387,0.778,20.691,6.775,9.705
0.117,0.421,0.820,18.311,4.639,9.644
0.179,0.475,0.855,17.944,0.183,8.789
0.196,0.527,0.908,18.372,-4.028,5.676
0.168,0.521,0.960,16.357,-5.981,0.427
0.121,0.487,0.989,15.442,-4.639,-4.944
0.092,0.462,1.006,21.179,-2.014,-5.737
0.054,0.461,0.966,28.015,-1.526,-4.395
0.036,0.459,0.917,35.156,-2.747,-2.808
0.074,0.483,0.884,42.419,-4.700,-0.916
0.104,0.493,0.868,48.340,-6.226,0.610
0.119,0.459,0.850,52.002,-7.446,1.404
0.137,0.404,0.836,51.819,-8.606,1.953
0.131,0.354,0.814,50.537,-9.766,4.028
0.116,0.291,0.803,46.753,-9.888,5.005
0.113,0.234,0.801,41.260,-7.568,4.272
0.129,0.195,0.823,34.607,-3.662,4.456
0.158,0.195,0.864,26.917,-0.916,5.737
0.207,0.232,0.907,20.752,0.000,8.118
0.232,0.235,0.956,14.587,0.000,9.460
0.263,0.229,0.995,9.521,0.122,8.362
0.288,0.257,1.001,8.179,-0.977,7.202
0.278,0.293,1.009,8.972,-3.113,5.066
0.245,0.333,1.003,10.132,-3.479,0.000
0.210,0.366,0.996,12.024,-0.977,-5.432
0.195,0.393,0.984,14.771,1.038,-10.437
0.160,0.410,0.977,17.273,-0.244,-13.611
0.154,0.406,0.954,21.362,-4.150,-14.465
0.137,0.394,0.915,25.696,-8.606,-13.000
0.117,0.382,0.879,29.236,-12.329,-12.268
0.089,0.350,0.837,29.785,-13.855,-13.855
0.058,0.311,0.799,28.503,-11.780,-14.771
0.056,0.282,0.765,25.085,-6.775,-13.733
0.066,0.241,0.757,19.287,-2.625,-10.986

-0.140,-0.959,1.643,-58.472,-24.353,12.573
-0.173,-1.103,1.648,-60.303,-17.273,0.183
-0.218,-1.283,1.671,-70.801,-9.338,-13.855
-0.263,-1.372,1.689,-83.862,-6.348,-28.076
-0.290,-1.377,1.673,-91.125,-6.592,-37.903
-0.243,-1.286,1.579,-92.163,-9.277,-43.579
-0.140,-1.162,1.337,-83.923,-15.686,-46.082
-0.011,-0.989,1.005,-71.655,-21.545,-44.739
0.143,-0.734,0.611,-59.875,-22.156,-39.490
0.338,-0.348,0.103,-50.171,-13.428,-33.386
0.604,0.117,-0.354,-49.011,1.404,-28.076
0.861,0.621,-0.776,-61.340,12.817,-26.611
1.065,1.183,-1.089,-83.191,13.428,-29.175
1.281,1.790,-1.200,-108.704,4.089,-37.781
1.471,2.367,-1.140,-129.456,-10.742,-60.730
1.219,2.895,-0.913,-141.663,-31.006,-105.347
0.822,3.207,-0.674,-137.329,-38.086,-153.076
0.415,3.237,-0.408,-125.610,-28.809,-177.246
-0.159,3.031,-0.214,-100.037,-27.405,-175.903
-0.616,2.881,-0.051,-77.454,-26.062,-147.339
-1.271,2.786,0.226,-60.120,-41.321,-106.262
-1.716,2.740,0.586,-44.495,-30.029,-86.609
-1.726,2.559,1.022,-15.991,27.344,-74.890
-1.025,2.013,1.241,28.870,107.483,-48.157
0.120,1.315,1.059,82.458,143.921,11.902
1.061,0.918,0.610,117.798,100.281,88.867
1.628,0.591,0.282,115.662,13.123,142.334
1.825,0.259,0.109,79.346,-60.852,156.250
1.746,0.050,0.036,31.738,-89.600,136.047
1.446,0.015,0.027,-11.047,-79.956,89.661
0.994,0.085,0.084,-41.626,-55.420,31.067
0.634,0.236,0.202,-61.218,-26.367,-19.348
0.309,0.469,0.438,-72.083,-4.395,-53.406
0.085,0.674,0.682,-69.214,7.629,-67.932
-0.029,0.802,0.855,-53.467,16.357,-65.857
-0.083,0.871,0.945,-30.640,15.564,-50.171
-0.136,0.898,0.957,-4.761,2.625,-28.259
-0.166,0.895,0.886,17.822,-15.747,-4.944
-0.167,0.864,0.799,32.898,-32.532,18.372
-0.126,0.832,0.696,42.114,-42.725,37.476
-0.068,0.814,0.598,47.485,-39.246,45.227
-0.049,0.782,0.505,47.058,-27.039,41.443
-0.019,0.755,0.415,41.748,-11.902,29.846
0.000,0.752,0.350,29.663,0.305,21.851
0.028,0.753,0.328,15.442,3.784,19.531
0.075,0.762,0.339,5.005,-0.732,21.240
0.110,0.757,0.387,-3.479,-9.155,24.536
0.112,0.776,0.462,-10.864,-16.968,24.109
0.140,0.771,0.563,-15.991,-18.372,21.545
0.168,0.770,0.661,-15.076,-12.573,20.935
0.170,0.703,0.772,-8.606,-2.747,19.226
0.222,0.655,0.789,-1.831,6.775,16.663
0.264,0.632,0.773,5.310,8.179,17.395
0.247,0.619,0.774,8.118,1.892,18.982
0.208,0.609,0.756,10.071,-6.287,16.418
0.182,0.620,0.721,9.705,-9.338,10.071
0.073,0.612,0.689,8.911,-6.653,1.892
-0.013,0.593,0.679,7.996,1.160,-8.362
-0.059,0.598,0.659,11.169,12.329,-16.785
-0.099,0.636,0.665,17.456,21.973,-18.005
-0.093,0.647,0.683,21.057,28.992,-13.794
-0.058,0.635,0.715,23.193,33.936,-6.470
0.029,0.638,0.742,25.330,35.583,3.113
0.109,0.637,0.802,23.865,32.959,12.207
0.201,0.620,0.842,17.944,26.855,16.907
0.281,0.602,0.914,11.169,18.982,16.907
0.274,0.587,0.973,6.165,10.193,11.841
0.222,0.568,1.037,3.845,5.310,2.563
0.133,0.539,1.022,6.226,4.822,-6.836
0.082,0.550,0.980,10.986,9.094,-10.925
-0.006,0.565,0.936,20.264,8.362,-10.559
-0.047,0.563,0.873,29.053,4.761,-7.690
-0.077,0.531,0.833,35.583,-0.122,0.427
-0.066,0.506,0.802,41.321,-5.310,10.132
-0.040,0.455,0.778,45.776,-10.071,19.958
-0.032,0.385,0.773,44.556,-13.733,27.771
-0.019,0.337,0.784,40.405,-16.052,31.555
0.019,0.347,0.799,36.926,-14.893,32.715
0.035,0.379,0.835,33.142,-10.864,29.724
0.034,0.384,0.867,29.968,-4.944,21.729
0.029,0.397,0.887,29.846,0.977,13.245
0.042,0.451,0.885,33.142,6.104,7.263
0.031,0.496,0.878,37.842,8.972,4.150
0.001,0.497,0.863,38.757,9.521,3.784
-0.038,0.481,0.858,38.391,7.324,5.188
-0.071,0.461,0.880,37.048,3.601,9.399
-0.090,0.433,0.885,35.645,0.793,14.343
-0.073,0.415,0.890,35.645,-1.526,19.531
-0.042,0.396,0.878,35.034,-3.967,23.926
0.000,0.383,0.856,32.043,-7.324,25.757
0.020,0.367,0.858,28.931,-10.498,25.879
0.043,0.368,0.871,27.222,-12.573,25.391
0.065,0.372,0.885,26.550,-12.512,24.048
0.071,0.357,0.896,25.391,-11.719,21.729
0.046,0.331,0.918,24.719,-11.780,18.860
0.030,0.324,0.915,26.428,-11.597,17.761
0.028,0.328,0.909,28.259,-11.597,17.334
0.011,0.302,0.902,27.954,-11.963,15.808
0.005,0.292,0.885,26.855,-12.756,14.832
0.031,0.317,0.867,26.978,-12.939,15.076
0.048,0.340,0.858,25.391,-12.268,13.794
0.033,0.329,0.863,21.606,-10.681,10.315
0.021,0.325,0.871,18.372,-8.789,7.202
0.011,0.316,0.880,15.991,-6.836,5.676
-0.004,0.305,0.884,13.611,-5.188,5.005
-0.016,0.306,0.885,11.230,-4.456,5.737
-0.025,0.315,0.890,8.850,-3.967,7.812
-0.019,0.314,0.896,6.958,-3.174,9.827
-0.004,0.318,0.894,5.249,-2.563,11.963
0.015,0.336,0.886,3.174,-2.869,13.245
0.012,0.355,0.908,1.160,-3.418,12.695
0.003,0.349,0.924,0.366,-2.686,10.742
-0.000,0.346,0.921,0.977,-0.793,9.460
-0.016,0.351,0.918,0.916,0.000,8.850
-0.039,0.359,0.936,0.305,0.183,7.324
-0.061,0.356,0.957,0.427,1.831,6.042
-0.066,0.363,0.972,1.953,4.944,5.676
-0.052,0.376,0.972,4.456,7.507,5.737
-0.046,0.391,0.973,6.104,7.812,6.531

-0.462,-0.673,2.334,-101.929,-54.260,93.933
-0.574,-1.035,2.531,-118.652,-78.369,120.667
-0.687,-1.308,2.612,-121.826,-99.609,140.076
-0.748,-1.439,2.506,-112.122,-107.483,145.325
-0.751,-1.540,2.250,-93.445,-103.760,138.428
-0.672,-1.622,1.896,-73.547,-91.858,123.108
-0.565,-1.606,1.440,-59.143,-76.233,102.234
-0.471,-1.479,0.980,-60.547,-58.777,80.261
-0.320,-1.196,0.572,-82.214,-48.035,62.439
-0.263,-0.794,0.303,-117.859,-58.105,54.749
-0.330,-0.234,0.148,-148.682,-84.045,56.396
-0.274,0.364,-0.127,-155.823,-113.037,70.496
-0.311,1.015,-0.402,-141.663,-146.851,92.896
-0.220,1.481,-0.697,-116.211,-172.485,101.746
-0.202,1.907,-0.901,-86.609,-178.223,90.271
-0.207,2.149,-1.175,-54.382,-167.969,62.622
-0.355,2.166,-1.409,-30.579,-147.766,22.461
-0.623,2.025,-1.570,-19.348,-126.160,-14.160
-0.849,1.824,-1.594,-23.926,-103.699,-32.349
-0.962,1.670,-1.424,-39.429,-86.182,-28.503
-1.012,1.624,-1.102,-56.641,-75.439,-14.465
-0.898,1.617,-0.765,-65.002,-61.646,-3.113
-0.761,1.618,-0.465,-61.157,-42.053,-1.343
-0.660,1.600,-0.262,-46.387,-19.409,-11.414
-0.580,1.511,-0.110,-27.710,4.089,-28.625
-0.511,1.409,0.009,-7.874,26.062,-43.518
-0.440,1.285,0.095,12.085,41.931,-51.819
-0.381,1.156,0.179,29.419,48.645,-53.345
-0.348,1.072,0.247,43.152,46.692,-50.415
-0.319,1.028,0.291,52.429,41.870,-43.030
-0.312,0.970,0.347,53.772,37.964,-33.691
-0.292,0.902,0.406,49.561,35.034,-25.330
-0.285,0.842,0.452,42.725,30.823,-17.395
-0.297,0.778,0.478,32.410,24.170,-9.888
-0.329,0.717,0.524,23.193,18.005,-5.432
-0.364,0.671,0.543,19.104,14.954,-3.113
-0.371,0.665,0.513,15.991,14.160,0.122
-0.390,0.654,0.489,15.991,12.878,-3.113
-0.454,0.652,0.452,13.000,10.376,-4.028
-0.504,0.658,0.427,14.343,11.780,-3.845
-0.532,0.649,0.408,17.395,14.648,-4.089
-0.538,0.632,0.407,19.531,14.893,-2.625
-0.542,0.612,0.413,20.325,13.550,2.747
-0.540,0.575,0.425,18.982,11.475,10.132
-0.534,0.528,0.433,16.296,7.874,14.587
-0.531,0.507,0.459,13.000,4.272,16.785
-0.494,0.492,0.495,10.986,6.165,17.395
-0.481,0.475,0.528,9.460,12.634,10.925
-0.497,0.485,0.551,9.399,19.531,-1.221
-0.506,0.505,0.552,12.268,25.879,-12.939
-0.497,0.511,0.548,16.663,31.494,-23.499
-0.490,0.493,0.551,19.165,33.447,-31.128
-0.538,0.462,0.554,20.020,32.166,-36.438
-0.576,0.445,0.542,20.569,30.945,-39.001
-0.586,0.443,0.527,19.409,32.043,-37.354
-0.583,0.452,0.521,16.052,33.508,-34.180
-0.574,0.487,0.525,9.827,34.180,-31.128
-0.554,0.553,0.541,3.418,34.485,-28.320
-0.549,0.602,0.588,-1.770,34.668,-26.611
-0.544,0.633,0.637,-5.493,33.813,-26.917
-0.506,0.670,0.676,-4.944,32.227,-27.344
-0.497,0.695,0.685,-1.099,30.212,-28.076
-0.531,0.690,0.686,2.014,29.480,-33.203
-0.560,0.683,0.679,6.653,31.860,-38.818
-0.566,0.693,0.652,13.977,36.560,-40.100
-0.560,0.725,0.640,19.531,38.879,-38.635
-0.556,0.746,0.645,20.447,36.499,-36.194
-0.570,0.744,0.659,18.799,31.677,-33.203
-0.585,0.735,0.666,18.799,27.222,-28.320
-0.597,0.712,0.656,20.569,23.743,-22.217
-0.613,0.681,0.626,22.400,21.606,-17.395
-0.612,0.672,0.581,24.414,20.813,-13.123
-0.612,0.657,0.548,24.536,20.935,-8.362
-0.594,0.660,0.544,24.170,21.790,-4.944
-0.567,0.657,0.542,24.048,24.963,-2.380
-0.536,0.639,0.534,23.071,29.907,-1.465
-0.490,0.638,0.534,20.569,34.302,-1.221
-0.445,0.629,0.571,17.029,37.292,-0.977
-0.421,0.603,0.633,11.475,38.696,-1.526
-0.398,0.591,0.696,7.751,38.147,-3.113
-0.387,0.587,0.741,6.714,37.415,-4.578
-0.381,0.583,0.758,8.240,36.926,-5.859
-0.383,0.581,0.766,11.597,36.377,-6.165
-0.381,0.577,0.756,16.174,35.156,-4.517
-0.372,0.569,0.733,20.569,33.875,-1.831
-0.355,0.553,0.694,22.400,32.104,0.183
-0.339,0.544,0.666,21.057,28.259,2.502
-0.345,0.526,0.669,17.212,22.400,5.554
-0.351,0.519,0.687,12.390,17.151,8.484
-0.359,0.513,0.710,7.385,14.343,9.949
-0.379,0.501,0.735,3.906,14.099,9.644
-0.364,0.513,0.760,3.113,15.503,8.911
-0.332,0.543,0.777,4.517,17.212,7.385
-0.326,0.562,0.796,6.897,18.250,1.831
-0.345,0.558,0.799,9.644,20.142,-5.249
-0.369,0.541,0.795,12.634,23.743,-9.888
-0.385,0.532,0.771,17.029,26.855,-11.047
-0.398,0.525,0.738,18.982,26.245,-8.606
-0.403,0.511,0.724,18.616,22.278,-3.235
-0.385,0.498,0.702,16.174,17.700,3.906
-0.364,0.495,0.706,12.573,14.221,9.705
-0.318,0.523,0.709,9.888,13.306,12.756
-0.269,0.552,0.711,7.263,15.198,12.146
-0.252,0.557,0.740,4.700,18.066,6.714
-0.265,0.546,0.779,5.066,21.973,-1.465
-0.276,0.530,0.791,7.935,26.855,-8.606
-0.298,0.513,0.806,11.597,31.860,-13.794
-0.293,0.490,0.793,15.503,34.729,-15.320
-0.283,0.479,0.780,17.822,33.752,-14.038
-0.274,0.475,0.767,18.433,30.396,-12.024
-0.264,0.476,0.747,17.029,26.978,-9.644
-0.257,0.494,0.741,14.587,24.231,-7.507
-0.244,0.500,0.752,11.841,21.667,-4.578
-0.221,0.502,0.761,9.277,19.165,-1.343
-0.201,0.500,0.764,6.470,15.686,2.075
-0.195,0.490,0.775,3.113,10.864,4.089
-0.198,0.479,0.791,0.732,7.080,4.272
-0.198,0.473,0.805,0.305,6.653,2.991
-0.188,0.468,0.808,-0.427,9.033,-0.061

-0.542,-0.653,2.195,-60.364,55.725,-22.461
-0.707,-1.190,2.423,-86.731,44.128,-2.808
-0.766,-1.656,2.672,-108.582,23.926,24.658
-0.657,-1.898,2.788,-116.760,0.305,57.007
-0.413,-1.942,2.748,-110.474,-22.034,80.872
-0.030,-1.834,2.498,-97.473,-39.612,80.139
0.276,-1.581,2.082,-84.900,-50.049,50.232
0.424,-1.220,1.619,-78.613,-46.021,-1.465
0.461,-0.811,1.125,-70.068,-24.536,-66.223
0.458,-0.316,0.561,-59.326,1.038,-125.183
0.302,0.339,-0.034,-48.279,15.930,-162.781
0.211,1.131,-0.695,-33.325,16.785,-164.307
0.224,1.814,-1.342,-22.339,6.226,-132.874
0.134,2.446,-1.688,-37.354,-16.357,-86.609
0.073,2.877,-1.585,-61.890,-44.983,-40.955
0.026,3.162,-1.305,-74.036,-62.439,-2.258
-0.026,3.089,-0.974,-70.068,-73.303,25.879
-0.249,2.926,-0.705,-61.584,-82.458,3.235
-0.489,2.585,-0.503,-51.941,-76.965,-10.498
-0.512,2.219,-0.401,-34.424,-57.373,-10.437
-0.467,1.980,-0.328,-16.235,-34.546,0.305
-0.324,1.810,-0.238,-3.174,-12.329,10.193
0.074,1.675,-0.123,1.648,20.752,15.076
0.339,1.528,0.054,5.005,37.292,21.729
0.589,1.356,0.170,11.414,44.067,15.686
0.678,1.186,0.220,18.188,46.326,13.123
0.735,1.053,0.228,25.085,42.053,8.484
0.747,0.955,0.250,28.809,37.842,4.150
0.707,0.915,0.295,28.076,34.546,-0.061
0.627,0.909,0.370,24.658,31.311,-2.930
0.533,0.919,0.443,23.132,27.100,-3.723
0.400,0.901,0.502,23.010,19.775,-3.601
0.276,0.876,0.531,26.550,12.207,-2.563
0.179,0.863,0.550,32.532,6.775,1.831
0.124,0.861,0.559,38.391,3.296,8.362
0.085,0.864,0.574,42.969,1.343,13.367
0.074,0.864,0.579,46.021,2.014,15.198
0.054,0.846,0.573,46.204,4.150,14.954
0.005,0.807,0.573,43.152,5.737,12.878
-0.046,0.729,0.566,35.950,6.714,10.681
-0.087,0.670,0.560,30.273,7.751,11.230
-0.109,0.637,0.564,27.466,8.545,14.099
-0.130,0.592,0.585,26.306,9.033,14.954
-0.134,0.549,0.604,27.100,9.460,15.137
-0.131,0.511,0.619,28.503,9.827,15.747
-0.145,0.477,0.628,29.297,10.254,16.907
-0.144,0.437,0.629,30.090,11.597,17.578
-0.134,0.414,0.644,28.503,13.489,17.334
-0.109,0.404,0.680,26.001,16.724,16.479
-0.090,0.393,0.726,22.522,21.240,13.611
-0.086,0.393,0.780,19.958,25.879,9.033
-0.087,0.405,0.818,20.447,29.602,5.188
-0.086,0.425,0.849,22.949,31.738,2.502
-0.089,0.445,0.872,24.475,31.250,-0.183
-0.093,0.464,0.889,26.978,28.931,-2.502
-0.085,0.476,0.892,30.029,26.978,-3.906
-0.068,0.475,0.918,32.288,24.719,-4.639
-0.029,0.492,0.904,30.212,24.048,-5.859
-0.018,0.518,0.918,24.841,23.560,-6.470
-0.018,0.506,0.935,19.409,21.729,-8.850
-0.010,0.498,0.941,15.259,21.118,-11.047
-0.015,0.521,0.940,15.015,19.287,-11.292
-0.021,0.568,0.919,16.296,16.174,-11.475
-0.064,0.595,0.921,13.794,13.489,-11.108
-0.114,0.561,0.930,8.728,11.719,-10.620
-0.143,0.537,0.922,7.874,10.742,-7.812
-0.137,0.561,0.894,13.123,9.399,-2.380
-0.123,0.589,0.866,19.897,7.141,1.526
-0.116,0.612,0.843,24.414,4.944,3.418
-0.119,0.628,0.829,24.536,5.005,3.296
-0.128,0.602,0.818,25.085,8.423,3.357
-0.116,0.589,0.791,29.114,13.062,5.676
-0.108,0.566,0.775,32.959,14.648,8.484
-0.097,0.532,0.759,35.034,13.306,11.536
-0.088,0.504,0.750,35.706,11.475,15.625
-0.075,0.475,0.753,34.973,10.620,17.517
-0.051,0.452,0.758,32.776,11.414,18.066
-0.032,0.428,0.769,30.334,13.550,18.921
0.010,0.435,0.785,28.015,15.869,20.020
0.052,0.448,0.794,23.254,16.663,19.470
0.053,0.439,0.821,15.198,15.381,17.151
0.039,0.421,0.863,8.850,13.123,16.113
0.045,0.399,0.875,5.798,12.024,18.799
0.058,0.379,0.875,4.272,9.521,24.536
0.063,0.372,0.863,2.991,3.784,30.945
0.068,0.395,0.865,1.160,-2.747,35.522
0.065,0.410,0.881,-0.732,-6.042,35.339
0.057,0.401,0.891,-0.793,-5.310,31.982
0.062,0.396,0.877,0.977,-2.319,28.381
0.056,0.383,0.860,3.113,0.305,24.109
0.052,0.388,0.839,5.798,2.136,19.287
0.044,0.425,0.826,9.766,3.662,14.404
0.037,0.431,0.821,15.076,5.676,6.592
0.064,0.439,0.826,17.273,11.902,-0.122
0.037,0.443,0.831,24.231,13.916,-4.639
0.049,0.465,0.838,28.442,16.785,-11.475
0.042,0.464,0.843,30.579,19.470,-14.465
0.036,0.455,0.841,30.457,19.348,-14.954
0.043,0.463,0.828,29.053,17.151,-12.817
0.060,0.493,0.813,25.208,13.855,-8.667
0.040,0.464,0.816,17.822,10.010,-4.456
0.033,0.443,0.817,12.390,6.531,0.610
0.045,0.434,0.817,8.911,3.662,7.385
0.057,0.420,0.824,5.920,0.183,12.939
0.068,0.402,0.825,3.601,-3.235,17.639
0.070,0.383,0.826,1.221,-5.859,21.423
0.067,0.361,0.836,-0.977,-6.775,23.071
0.069,0.352,0.845,-2.258,-6.104,22.827
0.081,0.364,0.851,-3.235,-4.456,21.057
0.103,0.386,0.869,-4.822,-2.930,17.273
0.105,0.397,0.898,-6.226,-0.854,10.925
0.106,0.397,0.919,-7.751,1.526,4.150
0.095,0.391,0.930,-7.629,3.357,-0.916
0.082,0.396,0.934,-7.080,3.235,-3.296
0.055,0.403,0.939,-7.141,1.648,-3.723
0.039,0.395,0.936,-6.409,0.183,-3.906
0.032,0.385,0.933,-5.188,-0.977,-2.869
0.025,0.382,0.925,-3.784,-3.723,-0.488
0.013,0.401,0.923,-3.052,-7.263,2.441

-0.435,-0.813,1.798,-88.135,-8.240,14.404
-0.518,-0.986,2.013,-99.609,-4.272,11.902
-0.543,-1.069,2.134,-103.699,-0.305,10.681
-0.548,-1.104,2.207,-98.145,1.587,12.756
-0.545,-1.146,2.251,-89.355,-1.343,13.428
-0.523,-1.170,2.198,-76.416,-8.606,11.047
-0.478,-1.115,2.022,-56.641,-17.822,5.859
-0.398,-1.016,1.718,-34.363,-22.644,-2.747
-0.264,-0.876,1.333,-18.311,-19.104,-13.733
-0.133,-0.692,0.851,-10.559,-10.193,-26.672
0.025,-0.385,0.416,-12.390,0.244,-39.429
0.212,-0.048,0.059,-23.743,8.728,-49.561
0.448,0.349,-0.280,-39.978,12.268,-53.162
0.666,0.734,-0.551,-58.899,7.385,-53.589
0.728,1.135,-0.687,-74.341,-5.371,-57.983
0.808,1.500,-0.804,-82.825,-10.193,-66.406
0.827,1.885,-0.792,-84.412,-6.653,-75.195
0.766,2.254,-0.745,-79.468,-0.427,-80.872
0.668,2.524,-0.617,-75.928,5.981,-84.534
0.583,2.643,-0.394,-77.759,6.470,-88.257
0.443,2.649,-0.170,-81.970,-3.906,-82.031
0.221,2.577,0.017,-81.726,-28.015,-68.604
-0.025,2.416,0.176,-76.660,-52.124,-49.133
-0.185,2.212,0.281,-63.782,-66.284,-22.522
-0.251,2.008,0.348,-46.387,-65.674,4.333
-0.220,1.831,0.377,-27.588,-56.519,25.269
-0.107,1.678,0.402,-11.292,-43.396,38.757
0.031,1.539,0.416,0.977,-26.855,45.349
0.170,1.418,0.414,11.047,-8.301,45.776
0.269,1.303,0.398,20.264,8.972,41.321
0.313,1.175,0.382,28.503,22.766,33.325
0.341,1.058,0.367,36.011,33.020,25.269
0.365,0.954,0.359,42.358,39.856,19.592
0.395,0.866,0.365,45.715,42.603,16.418
0.430,0.782,0.407,46.570,39.856,14.648
0.435,0.725,0.444,44.617,32.288,13.062
0.409,0.654,0.518,43.274,22.461,9.644
0.379,0.592,0.567,40.833,15.198,6.348
0.327,0.592,0.651,39.490,10.925,4.333
0.260,0.575,0.742,38.696,10.071,2.136
0.230,0.543,0.781,38.513,15.320,-0.305
0.203,0.510,0.788,38.696,20.874,0.183
0.199,0.508,0.783,39.551,23.376,1.953
0.164,0.541,0.794,40.466,22.949,2.563
0.121,0.566,0.814,40.100,23.315,2.136
0.097,0.532,0.828,40.100,26.062,2.747
0.096,0.486,0.817,42.114,27.527,6.958
0.101,0.478,0.795,45.471,24.414,13.306
0.099,0.461,0.775,46.509,17.822,18.311
0.089,0.428,0.758,45.898,10.986,22.034
0.068,0.384,0.748,45.288,6.042,23.987
0.063,0.341,0.737,43.701,4.944,24.719
0.075,0.313,0.718,40.039,5.676,24.292
0.067,0.301,0.714,33.936,6.348,21.790
0.061,0.310,0.720,28.015,8.850,16.785
0.060,0.324,0.743,22.156,14.709,10.071
0.065,0.327,0.770,16.052,21.484,2.930
0.058,0.315,0.800,10.010,25.635,-3.601
0.032,0.312,0.846,5.920,25.208,-9.399
0.010,0.314,0.882,5.554,22.278,-12.695
0.014,0.322,0.880,6.714,20.264,-11.414
0.013,0.332,0.867,8.362,18.372,-7.874
0.016,0.377,0.880,11.353,16.602,-5.615
0.001,0.409,0.886,14.404,16.174,-6.775
-0.008,0.395,0.886,17.700,17.090,-10.315
-0.005,0.376,0.881,23.254,18.799,-12.390
0.004,0.359,0.867,28.564,19.165,-11.414
0.039,0.382,0.843,29.968,17.334,-9.094
0.041,0.406,0.857,25.391,14.648,-7.385
0.022,0.399,0.891,19.592,13.184,-7.507
0.030,0.417,0.895,15.930,13.672,-6.531
0.026,0.441,0.907,12.756,13.489,-5.188
0.023,0.446,0.906,9.521,12.146,-4.272
0.004,0.433,0.903,7.385,9.338,-2.686
-0.015,0.424,0.899,7.507,5.432,0.183
-0.010,0.430,0.868,9.338,2.014,5.249
-0.009,0.403,0.829,9.460,-0.183,10.376
-0.014,0.366,0.807,8.240,-2.380,14.465
-0.015,0.356,0.797,7.996,-4.333,17.334
-0.004,0.363,0.781,8.118,-4.700,19.104
0.009,0.354,0.773,7.629,-2.930,19.104
0.023,0.330,0.782,6.775,0.610,17.395
0.044,0.312,0.798,6.958,4.333,15.808
0.072,0.305,0.810,7.446,7.446,14.587
0.095,0.305,0.817,7.385,9.216,13.977
0.118,0.299,0.830,6.409,9.521,13.977
0.164,0.290,0.831,3.418,8.606,13.794
0.180,0.291,0.845,-1.099,5.432,13.184
0.154,0.283,0.895,-5.981,0.122,12.451
0.169,0.288,0.926,-7.629,-3.357,13.855
0.206,0.311,0.957,-6.958,-4.944,15.930
0.188,0.318,0.997,-5.310,-6.470,14.221
0.167,0.327,1.018,-1.282,-6.775,9.521
0.146,0.353,1.013,4.456,-5.005,5.432
0.124,0.371,0.996,10.620,-1.770,3.296
0.101,0.363,0.969,15.259,0.671,2.869
0.091,0.370,0.924,17.151,0.427,4.150
0.082,0.370,0.891,16.541,-1.831,6.897
0.076,0.374,0.874,13.855,-3.784,9.644
0.085,0.401,0.883,10.498,-4.028,10.864
0.092,0.413,0.898,6.348,-2.563,10.742
0.085,0.407,0.921,3.479,-0.732,10.559
0.084,0.413,0.933,2.258,0.549,10.437
0.094,0.423,0.935,1.770,1.221,10.864
0.091,0.422,0.943,0.671,1.282,11.780
0.085,0.418,0.947,-0.244,0.244,12.390
0.092,0.432,0.937,0.183,-0.610,12.512
0.089,0.446,0.933,1.038,-0.732,11.658
0.081,0.449,0.922,1.282,-0.244,9.460
0.065,0.435,0.922,1.709,0.427,6.775
0.059,0.425,0.922,2.441,1.404,5.005
0.048,0.416,0.917,3.418,2.136,4.761
0.044,0.411,0.920,4.211,1.343,5.493
0.050,0.406,0.920,5.005,-0.122,7.080
0.062,0.405,0.918,6.104,-2.014,8.545
0.080,0.414,0.905,6.653,-4.028,9.338
0.086,0.421,0.893,5.798,-5.981,8.484
0.076,0.410,0.886,4.517,-5.981,5.798
0.066,0.388,0.890,3.479,-4.028,2.502

-0.521,-0.667,1.644,-74.524,-9.521,10.742
-0.592,-0.831,1.665,-78.857,-15.320,28.442
-0.550,-0.989,1.601,-78.735,-19.165,48.950
-0.465,-1.079,1.504,-76.965,-24.719,69.763
-0.387,-1.134,1.412,-78.247,-32.166,81.177
-0.252,-1.133,1.293,-80.933,-35.461,82.275
-0.124,-1.051,1.134,-78.918,-29.785,77.209
0.081,-0.883,0.940,-75.745,-19.165,66.345
0.299,-0.639,0.736,-74.524,-10.132,50.842
0.533,-0.377,0.528,-77.393,-3.601,32.349
0.605,-0.065,0.450,-83.557,-2.380,9.094
0.590,0.252,0.372,-80.200,-1.099,-12.756
0.638,0.565,0.172,-69.580,9.644,-22.156
0.642,0.882,-0.046,-59.814,16.907,-18.005
0.636,1.320,-0.281,-53.955,7.263,-7.019
0.571,1.770,-0.395,-50.232,-8.911,2.869
0.496,2.056,-0.376,-49.866,-25.513,-0.061
0.486,2.199,-0.252,-48.767,-33.997,-8.972
0.296,2.459,-0.152,-38.513,-46.143,-10.254
0.141,2.662,-0.127,-23.499,-51.392,-4.578
-0.123,2.693,-0.105,-22.278,-50.537,-4.089
-0.378,2.481,0.022,-25.635,-58.044,-8.301
-0.533,2.216,0.112,-31.067,-68.542,0.916
-0.664,1.972,0.188,-30.212,-84.473,24.902
-0.647,1.740,0.224,-23.743,-94.360,55.237
-0.494,1.565,0.231,-15.198,-89.783,79.346
-0.320,1.434,0.257,-11.597,-73.547,84.412
-0.127,1.325,0.351,-12.329,-45.715,71.655
0.071,1.217,0.455,-12.878,-9.888,48.035
0.211,1.127,0.529,-9.827,22.766,21.118
0.290,1.070,0.581,-4.333,44.800,-2.380
0.325,1.026,0.620,2.930,57.190,-19.531
0.349,0.979,0.627,11.353,62.744,-30.579
0.350,0.946,0.619,19.897,61.768,-35.889
0.337,0.910,0.618,27.283,55.481,-37.292
0.320,0.873,0.624,34.607,47.180,-38.452
0.290,0.847,0.634,41.565,40.161,-39.429
0.257,0.804,0.650,46.326,36.255,-38.818
0.235,0.742,0.704,51.025,33.691,-35.767
0.229,0.693,0.751,54.382,32.288,-29.541
0.221,0.632,0.755,56.213,31.372,-18.677
0.235,0.590,0.756,53.589,31.067,-6.653
0.242,0.538,0.739,49.194,28.320,3.906
0.241,0.506,0.730,43.945,23.071,13.184
0.234,0.479,0.731,38.696,17.151,20.813
0.230,0.453,0.722,35.645,11.902,25.574
0.210,0.424,0.707,33.630,5.798,28.320
0.190,0.408,0.691,31.982,-0.854,29.663
0.163,0.397,0.683,30.273,-6.042,29.907
0.142,0.381,0.676,28.076,-9.338,27.527
0.117,0.378,0.669,25.452,-9.949,23.315
0.076,0.347,0.677,22.827,-7.507,17.944
0.051,0.331,0.686,21.484,-2.991,11.780
0.047,0.355,0.690,21.545,2.197,5.249
0.069,0.423,0.699,19.897,7.874,-0.366
0.062,0.461,0.748,11.475,14.954,-7.690
0.047,0.459,0.794,3.967,23.193,-17.822
0.045,0.494,0.820,6.042,29.602,-24.902
0.048,0.545,0.835,13.611,33.020,-28.076
0.053,0.569,0.822,17.883,33.752,-29.480
0.021,0.538,0.830,17.334,31.738,-30.090
0.004,0.523,0.839,16.907,28.320,-28.442
-0.031,0.513,0.854,17.578,24.109,-23.315
-0.038,0.488,0.850,18.860,20.813,-15.076
-0.013,0.481,0.828,19.531,18.005,-4.578
0.004,0.488,0.816,18.005,12.817,4.700
0.013,0.489,0.822,14.648,6.104,11.169
0.029,0.485,0.829,11.536,1.648,15.076
0.052,0.478,0.844,9.033,0.122,16.785
0.065,0.458,0.857,7.874,-1.526,16.174
0.057,0.451,0.872,7.629,-4.822,14.587
0.046,0.440,0.891,7.080,-8.545,13.550
0.025,0.415,0.902,6.836,-10.010,12.756
0.005,0.411,0.905,8.789,-9.155,12.695
-0.005,0.422,0.900,13.916,-7.385,12.756
-0.006,0.427,0.888,19.653,-4.456,11.597
-0.004,0.435,0.869,26.123,-0.977,9.338
0.015,0.464,0.852,32.349,2.319,6.226
0.025,0.480,0.844,34.973,4.761,1.221
0.022,0.458,0.850,34.485,6.775,-4.639
0.017,0.440,0.867,33.569,9.338,-8.362
0.014,0.424,0.871,33.569,11.902,-9.277
0.010,0.406,0.890,33.264,12.024,-8.606
0.021,0.386,0.882,33.081,10.620,-5.859
0.039,0.361,0.886,32.959,7.812,-1.282
0.053,0.352,0.885,30.640,3.479,3.723
0.066,0.331,0.880,28.076,-0.732,8.728
0.086,0.319,0.871,25.330,-3.357,12.817
0.105,0.317,0.857,22.705,-4.944,15.747
0.115,0.312,0.851,19.165,-5.371,17.395
0.119,0.304,0.847,15.076,-5.432,17.090
0.110,0.294,0.848,11.658,-5.432,15.381
0.090,0.283,0.843,9.766,-4.883,13.245
0.062,0.267,0.841,8.484,-3.601,10.742
0.029,0.262,0.853,8.362,-1.160,7.019
0.010,0.276,0.863,9.521,3.235,4.578
-0.005,0.276,0.872,12.024,9.705,3.906
0.002,0.269,0.866,14.893,16.235,4.333
0.031,0.274,0.852,17.761,20.264,5.859
0.074,0.287,0.836,19.348,20.630,8.301
0.094,0.311,0.845,19.592,17.700,9.583
0.128,0.326,0.854,19.165,14.160,9.277
0.145,0.329,0.863,18.005,10.681,8.118
0.128,0.302,0.879,15.991,6.287,6.104
0.126,0.281,0.890,15.320,3.357,4.761
0.127,0.285,0.881,15.930,1.648,5.615
0.111,0.264,0.915,16.968,-0.549,6.287
0.101,0.258,0.906,14.771,-1.221,7.202
0.092,0.273,0.914,14.343,-1.831,10.193
0.110,0.292,0.900,15.564,-3.052,13.306
0.114,0.278,0.868,16.113,-5.493,14.893
0.116,0.275,0.837,14.648,-10.742,16.174
0.108,0.273,0.808,13.550,-15.747,17.517
0.111,0.264,0.780,11.475,-18.066,17.517
0.104,0.253,0.759,7.446,-19.226,15.991
0.083,0.234,0.749,3.601,-19.958,14.099
0.076,0.233,0.757,-0.122,-19.653,12.817
0.079,0.247,0.786,-2.686,-17.700,12.451
0.105,0.264,0.804,-5.127,-15.076,11.719

0.152,1.985,-0.521,-38.574,-26.978,-73.120
-0.021,2.073,-0.528,-59.387,-39.124,-56.274
-0.291,2.151,-0.455,-72.327,-78.308,-28.381
-0.516,2.178,-0.286,-74.707,-127.075,0.916
-0.642,2.126,-0.098,-73.059,-165.344,24.170
-0.858,2.043,0.123,-68.604,-185.242,30.029
-0.988,1.938,0.337,-67.017,-170.959,20.142
-1.213,1.807,0.550,-64.758,-127.747,1.709
-1.287,1.742,0.732,-53.162,-62.866,-21.606
-1.212,1.728,0.916,-36.072,10.193,-41.260
-0.907,1.625,1.014,-15.442,74.463,-54.565
-0.465,1.493,1.057,8.118,113.098,-50.476
0.000,1.340,1.003,26.733,119.324,-29.175
0.273,1.182,0.896,37.109,97.839,-6.165
0.414,0.993,0.779,43.457,65.674,9.216
0.505,0.820,0.659,46.570,40.283,20.447
0.522,0.680,0.572,42.603,23.132,26.306
0.464,0.557,0.547,32.227,10.864,23.926
0.352,0.480,0.559,20.203,2.991,15.320
0.227,0.464,0.575,9.827,2.808,4.395
0.099,0.466,0.612,1.160,9.460,-7.263
-0.001,0.499,0.632,-5.493,19.226,-19.409
-0.066,0.557,0.682,-5.615,30.640,-28.198
-0.116,0.643,0.738,-2.197,42.969,-30.640
-0.126,0.709,0.785,3.784,55.420,-28.137
-0.083,0.723,0.866,13.000,65.002,-23.560
-0.040,0.687,0.901,21.973,67.017,-17.639
-0.007,0.665,0.874,28.015,59.753,-9.094
0.000,0.623,0.833,33.264,43.884,-0.854
-0.025,0.566,0.770,36.438,26.184,6.470
-0.042,0.529,0.699,37.537,9.644,15.259
-0.056,0.480,0.629,35.034,-2.747,23.132
-0.065,0.430,0.577,29.602,-10.620,29.236
-0.055,0.395,0.557,21.362,-13.306,34.241
-0.031,0.394,0.566,10.864,-10.803,36.987
-0.004,0.407,0.606,-1.099,-4.028,34.485
-0.001,0.437,0.670,-11.475,5.005,26.672
-0.006,0.476,0.737,-17.090,15.503,16.602
0.012,0.500,0.778,-17.944,25.208,6.470
0.008,0.541,0.809,-15.076,31.860,-3.174
-0.035,0.573,0.808,-9.521,34.546,-13.367
-0.079,0.591,0.788,-2.869,32.471,-20.813
-0.125,0.575,0.762,3.723,27.100,-20.935
-0.153,0.544,0.739,8.606,21.362,-13.672
-0.166,0.533,0.718,10.925,13.855,-3.967
-0.179,0.531,0.694,8.362,4.150,4.822
-0.200,0.529,0.690,2.319,-5.798,11.963
-0.208,0.543,0.707,-4.272,-12.512,17.029
-0.206,0.567,0.733,-9.155,-13.306,18.982
-0.207,0.598,0.779,-11.536,-9.460,16.418
-0.195,0.618,0.821,-11.108,-3.601,11.108
-0.198,0.633,0.860,-9.033,2.930,5.310
-0.206,0.639,0.874,-4.211,8.667,0.854
-0.215,0.636,0.868,2.625,12.634,-0.610
-0.228,0.622,0.864,8.789,14.343,-0.366
-0.222,0.603,0.851,13.367,15.259,0.549
-0.223,0.578,0.828,15.991,14.771,0.854
-0.235,0.547,0.810,18.372,12.634,0.366
-0.216,0.531,0.780,20.325,11.780,0.305
-0.180,0.525,0.755,20.569,13.550,1.099
-0.156,0.522,0.742,18.494,16.541,0.610
-0.156,0.508,0.755,14.893,18.921,-2.563
-0.151,0.509,0.778,11.963,20.874,-5.676
-0.140,0.508,0.790,10.620,23.193,-6.348
-0.135,0.495,0.791,9.888,24.536,-4.272
-0.146,0.477,0.796,8.667,22.705,-1.831
-0.159,0.485,0.820,8.850,19.714,0.183
-0.156,0.481,0.819,8.606,18.433,3.906
-0.153,0.450,0.818,7.690,19.287,7.141
-0.127,0.443,0.819,10.193,21.851,8.850
-0.069,0.454,0.808,14.709,23.926,10.010
-0.039,0.466,0.806,18.250,25.085,9.583
-0.020,0.460,0.803,19.165,25.208,6.958
-0.024,0.442,0.822,18.494,24.902,2.075
-0.034,0.419,0.848,20.630,25.513,-1.160
-0.045,0.397,0.848,21.912,27.588,-1.526
-0.047,0.375,0.848,22.156,28.931,0.671
-0.042,0.373,0.867,24.414,27.771,5.371
-0.018,0.368,0.886,26.184,23.987,11.169
0.036,0.359,0.878,26.978,18.372,17.700
0.075,0.350,0.881,26.184,9.766,22.278
0.102,0.344,0.880,24.475,-0.671,24.109
0.115,0.322,0.882,20.935,-8.911,23.315
0.115,0.285,0.882,17.151,-12.878,20.874
0.103,0.267,0.880,13.977,-13.428,17.822
0.079,0.266,0.900,11.047,-12.512,12.756
0.043,0.248,0.932,8.423,-10.315,5.981
0.017,0.230,0.947,7.263,-6.226,0.549
0.002,0.243,0.947,8.179,-2.441,-2.075
-0.012,0.261,0.953,9.521,-0.183,-3.601
-0.032,0.266,0.959,10.315,0.488,-3.601
-0.035,0.288,0.958,12.878,-0.183,-1.709
-0.021,0.315,0.950,17.029,-2.869,1.038
-0.033,0.315,0.945,20.142,-7.751,3.418
-0.047,0.320,0.935,22.339,-13.367,5.676
-0.055,0.313,0.921,21.301,-16.968,7.629
-0.075,0.292,0.907,17.822,-17.639,7.263
-0.109,0.275,0.914,14.099,-16.785,4.700
-0.132,0.265,0.921,10.376,-14.404,2.625
-0.150,0.250,0.930,5.493,-10.925,1.648
-0.153,0.253,0.945,1.221,-8.057,2.014
-0.155,0.269,0.964,-2.747,-5.859,2.258
-0.158,0.275,0.984,-6.470,-3.906,2.502
-0.152,0.278,0.999,-9.033,-2.014,2.930
-0.135,0.301,1.007,-10.620,-0.671,3.662
-0.126,0.320,1.031,-12.329,0.061,3.479
-0.136,0.321,1.055,-13.367,-0.061,1.892
-0.145,0.322,1.064,-11.780,-0.183,1.038
-0.155,0.337,1.064,-8.606,0.061,0.793
-0.154,0.347,1.065,-5.371,0.305,0.000
-0.171,0.367,1.059,-0.671,0.549,-0.305
-0.158,0.364,1.036,3.113,1.831,1.099
-0.147,0.360,1.015,5.859,3.174,2.441
-0.133,0.378,0.991,7.812,3.174,3.052
-0.127,0.393,0.972,8.423,2.441,2.686
-0.119,0.402,0.952,7.568,2.869,1.892
-0.107,0.410,0.929,6.287,4.639,1.282
-0.090,0.421,0.904,5.920,5.859,1.343
-0.082,0.433,0.884,4.944,6.165,1.587

-0.421,-0.628,1.833,-64.880,4.272,20.569
-0.360,-0.775,1.880,-70.129,-2.869,27.222
-0.293,-0.887,1.889,-71.533,-11.292,32.410
-0.204,-0.965,1.860,-71.777,-19.531,33.875
-0.116,-1.036,1.825,-73.181,-25.818,31.982
-0.014,-1.066,1.683,-70.679,-30.151,28.381
0.077,-0.985,1.465,-61.035,-34.729,22.644
0.168,-0.833,1.152,-46.692,-40.405,12.268
0.230,-0.697,0.823,-38.391,-40.527,-0.427
0.352,-0.512,0.445,-38.269,-28.137,-11.902
0.435,-0.294,0.156,-39.795,-10.864,-23.010
0.546,-0.026,-0.082,-44.861,-0.793,-36.865
0.564,0.320,-0.190,-50.659,1.709,-50.476
0.613,0.647,-0.259,-47.241,4.944,-58.899
0.739,0.967,-0.400,-35.217,13.062,-59.204
0.806,1.341,-0.541,-18.127,11.353,-57.922
0.774,1.710,-0.725,-7.019,-1.709,-57.800
0.721,1.987,-0.791,-5.859,-19.348,-59.021
0.634,2.234,-0.714,-14.282,-37.048,-61.829
0.491,2.442,-0.548,-33.569,-54.077,-67.993
0.226,2.559,-0.277,-64.697,-68.726,-78.674
-0.146,2.530,0.043,-93.323,-77.698,-92.896
-0.480,2.468,0.327,-109.314,-82.520,-100.525
-0.981,2.351,0.565,-108.643,-85.327,-100.525
-1.470,2.291,0.794,-92.773,-70.435,-102.051
-1.787,2.221,1.007,-56.335,-42.603,-101.013
-1.539,1.933,1.068,-5.432,19.775,-86.670
-0.857,1.564,0.921,49.500,82.764,-37.842
-0.069,1.336,0.697,90.393,104.980,28.442
0.522,1.184,0.538,104.919,85.266,80.078
0.878,0.983,0.449,91.003,51.392,101.624
1.065,0.794,0.368,64.331,28.564,102.783
1.116,0.660,0.302,39.246,18.555,94.116
1.025,0.579,0.281,19.165,11.658,76.050
0.858,0.530,0.304,6.165,3.967,51.636
0.668,0.526,0.348,0.122,-0.977,30.334
0.503,0.526,0.391,-2.075,-3.479,15.747
0.390,0.500,0.447,-4.333,-4.761,6.226
0.302,0.486,0.498,-4.883,-8.606,1.648
0.253,0.517,0.536,-2.869,-10.559,-1.465
0.191,0.579,0.587,0.549,-9.033,-4.639
0.126,0.616,0.671,3.479,-2.625,-9.949
0.104,0.628,0.722,6.653,10.010,-12.756
0.142,0.625,0.768,12.390,23.987,-8.545
0.138,0.602,0.789,15.015,28.931,0.000
0.129,0.573,0.788,13.916,25.208,8.484
0.103,0.510,0.785,11.230,17.578,16.724
0.077,0.446,0.779,7.324,11.292,24.780
0.053,0.440,0.767,7.690,6.714,30.701
0.056,0.452,0.734,11.841,7.080,32.104
0.089,0.480,0.696,16.418,13.062,30.273
0.126,0.532,0.658,20.386,18.738,26.733
0.125,0.535,0.657,22.278,20.569,20.447
0.091,0.502,0.677,23.071,20.813,13.672
0.065,0.483,0.685,23.560,20.569,9.338
0.031,0.471,0.694,24.719,18.433,7.263
-0.000,0.464,0.699,26.672,15.503,7.263
-0.010,0.473,0.718,29.297,13.733,8.423
0.016,0.505,0.728,32.349,15.198,10.376
0.055,0.538,0.729,33.997,17.212,11.902
0.084,0.566,0.733,31.799,15.869,11.902
0.107,0.590,0.729,28.809,9.338,11.169
0.114,0.606,0.744,24.536,3.052,11.108
0.091,0.595,0.760,21.240,-2.319,10.925
0.032,0.563,0.780,15.442,-7.385,9.216
-0.031,0.517,0.814,8.728,-10.193,6.714
-0.061,0.520,0.828,8.545,-9.766,4.456
-0.070,0.537,0.862,12.451,-5.371,3.479
-0.073,0.540,0.869,16.174,0.977,2.380
-0.049,0.568,0.869,22.644,6.348,2.197
0.010,0.620,0.871,30.579,8.728,4.150
0.033,0.638,0.882,35.034,7.751,6.592
0.036,0.607,0.898,33.142,4.517,7.629
0.049,0.590,0.905,30.518,0.244,8.118
0.043,0.568,0.947,28.809,-4.883,10.986
-0.011,0.488,0.968,23.621,-10.620,12.451
-0.048,0.461,0.978,23.071,-14.832,13.000
-0.052,0.460,0.976,29.053,-15.381,15.930
-0.029,0.454,0.934,35.278,-13.550,17.944
-0.015,0.432,0.871,38.696,-13.672,18.311
-0.007,0.434,0.830,42.053,-18.005,18.494
-0.014,0.426,0.801,44.922,-22.766,18.982
-0.025,0.379,0.775,44.861,-24.109,20.264
-0.045,0.317,0.766,42.419,-23.926,22.156
-0.070,0.248,0.774,38.391,-23.804,24.536
-0.101,0.189,0.806,33.630,-23.376,26.001
-0.122,0.155,0.834,31.128,-20.325,26.062
-0.114,0.144,0.850,30.823,-14.099,26.855
-0.081,0.144,0.856,30.151,-8.301,27.100
-0.062,0.160,0.886,29.175,-5.859,25.574
-0.050,0.162,0.927,30.212,-6.226,23.865
-0.022,0.152,0.940,33.020,-6.775,24.292
0.013,0.159,0.932,36.499,-8.850,27.466
0.021,0.171,0.940,38.452,-13.550,30.029
-0.003,0.135,0.955,38.330,-18.677,30.334
-0.032,0.102,0.954,36.926,-20.874,30.273
-0.024,0.105,0.980,36.377,-18.982,30.029
-0.043,0.095,0.953,36.194,-15.259,29.297
-0.047,0.083,0.945,36.255,-13.245,28.625
-0.048,0.090,0.926,32.776,-13.123,27.405
-0.053,0.081,0.931,27.100,-13.245,26.123
-0.054,0.086,0.960,21.057,-12.634,24.780
-0.053,0.105,0.991,17.273,-10.742,23.010
-0.053,0.109,1.014,13.855,-7.385,21.423
-0.053,0.130,1.040,10.620,-4.028,19.409
-0.060,0.150,1.065,8.850,-1.953,17.029
-0.074,0.146,1.081,7.263,-0.488,15.076
-0.078,0.140,1.096,5.981,0.061,14.648
-0.071,0.137,1.093,3.967,-0.427,15.259
-0.080,0.133,1.102,1.221,-2.930,15.381
-0.093,0.123,1.110,-2.747,-6.042,14.587
-0.102,0.126,1.120,-6.042,-8.118,13.733
-0.106,0.145,1.127,-8.301,-9.033,12.085
-0.123,0.152,1.129,-9.705,-8.911,8.179
-0.144,0.162,1.128,-10.620,-7.935,3.479
-0.165,0.185,1.122,-10.193,-5.493,-0.244
-0.184,0.201,1.116,-9.583,-2.625,-2.991
-0.191,0.211,1.096,-7.935,0.000,-4.395
-0.196,0.219,1.073,-6.226,0.610,-4.517

-0.540,-0.978,1.703,-117.371,-2.197,22.339
-0.529,-1.049,1.804,-120.911,-0.061,23.926
-0.424,-1.054,1.838,-115.356,3.235,22.156
-0.289,-1.029,1.812,-106.506,5.798,20.142
-0.164,-0.985,1.733,-97.290,4.578,14.954
-0.070,-0.918,1.604,-91.187,-0.183,5.249
0.008,-0.803,1.424,-82.153,-2.075,-6.714
0.088,-0.627,1.186,-68.909,-0.061,-19.775
0.157,-0.417,0.916,-56.641,6.042,-33.630
0.281,-0.164,0.651,-48.950,13.062,-47.241
0.388,0.181,0.364,-46.204,18.555,-56.763
0.493,0.525,0.134,-48.035,25.024,-62.012
0.580,0.886,-0.041,-50.049,28.564,-62.439
0.696,1.196,-0.232,-49.377,25.452,-58.105
0.689,1.536,-0.409,-47.424,8.179,-51.514
0.584,1.833,-0.561,-49.500,-17.029,-44.250
0.435,2.003,-0.599,-59.082,-39.551,-44.128
0.238,2.054,-0.548,-69.641,-56.519,-51.636
0.045,2.057,-0.449,-75.806,-70.068,-55.603
-0.159,2.036,-0.321,-78.735,-79.468,-56.641
-0.424,1.981,-0.251,-74.951,-78.247,-65.247
-0.516,1.986,-0.154,-77.637,-53.894,-69.824
-0.617,1.953,0.063,-77.698,-29.480,-80.383
-0.630,1.947,0.314,-78.796,9.521,-94.238
-0.653,1.935,0.604,-69.092,46.082,-99.609
-0.530,1.857,0.861,-48.706,74.097,-97.595
-0.289,1.667,1.040,-19.165,89.355,-84.106
0.014,1.439,1.045,11.108,88.684,-56.213
0.299,1.233,0.907,39.795,70.129,-17.334
0.513,1.075,0.691,60.547,40.588,20.325
0.647,0.913,0.488,69.946,12.268,45.898
0.682,0.757,0.328,65.552,-7.629,58.105
0.667,0.624,0.221,51.331,-18.311,60.364
0.597,0.521,0.187,32.593,-20.325,54.688
0.484,0.492,0.215,14.587,-16.418,39.551
0.374,0.515,0.276,1.587,-6.897,18.982
0.284,0.535,0.353,-9.949,6.348,-0.549
0.216,0.531,0.437,-17.151,18.982,-14.465
0.167,0.618,0.536,-17.273,27.161,-20.447
0.109,0.717,0.643,-15.808,29.419,-20.081
0.068,0.770,0.709,-13.367,28.931,-13.123
0.039,0.754,0.769,-8.301,24.597,0.061
0.066,0.729,0.825,-0.610,14.587,18.311
0.066,0.661,0.869,4.822,-1.648,38.086
0.070,0.605,0.811,6.714,-15.930,54.932
0.090,0.581,0.760,10.132,-26.733,66.833
0.114,0.561,0.694,10.193,-30.151,69.153
0.124,0.498,0.653,5.676,-27.283,64.209
0.132,0.453,0.639,-0.854,-19.714,55.847
0.138,0.455,0.631,-4.639,-8.118,44.739
0.124,0.454,0.619,-7.019,4.333,28.503
0.087,0.454,0.606,-7.690,15.564,10.193
0.039,0.476,0.597,-5.188,24.414,-3.418
0.011,0.502,0.596,-1.953,29.602,-10.742
0.003,0.519,0.600,1.282,30.090,-11.475
0.005,0.546,0.612,5.066,26.062,-7.751
0.016,0.596,0.635,8.667,20.264,-2.563
0.014,0.632,0.651,12.695,14.893,1.587
0.024,0.662,0.637,16.724,11.108,5.066
0.019,0.657,0.601,17.761,8.484,7.874
0.021,0.640,0.567,16.479,6.042,10.315
0.027,0.620,0.527,11.902,3.662,12.695
0.014,0.592,0.522,2.625,2.686,13.550
0.038,0.601,0.534,-7.751,3.845,11.353
0.063,0.647,0.583,-17.639,9.583,5.188
0.086,0.710,0.653,-23.926,19.409,-2.441
0.101,0.762,0.711,-28.381,30.640,-10.376
0.087,0.795,0.768,-30.396,38.818,-17.273
0.067,0.833,0.814,-27.588,42.419,-21.301
0.022,0.852,0.843,-20.081,40.405,-20.325
-0.023,0.834,0.850,-10.559,33.386,-13.062
-0.066,0.807,0.828,-0.732,23.254,-0.610
-0.090,0.762,0.783,6.714,11.597,14.221
-0.070,0.713,0.736,8.850,0.305,28.931
-0.026,0.688,0.711,4.578,-10.376,39.795
-0.005,0.672,0.726,-2.563,-17.517,45.105
0.016,0.684,0.763,-7.874,-15.686,44.373
0.045,0.696,0.793,-10.315,-6.470,38.757
0.066,0.701,0.813,-11.658,4.333,30.457
0.089,0.723,0.821,-10.925,12.756,21.545
0.088,0.725,0.827,-8.911,16.296,12.329
0.037,0.682,0.844,-5.188,16.113,4.395
0.002,0.628,0.842,-0.122,16.418,1.221
-0.022,0.582,0.827,5.066,17.578,2.502
-0.037,0.557,0.800,8.362,16.541,5.981
-0.046,0.535,0.769,9.644,12.512,10.803
-0.038,0.532,0.753,7.812,6.592,16.113
-0.022,0.542,0.748,4.639,0.854,21.240
0.004,0.566,0.751,1.221,-1.831,24.231
0.037,0.583,0.757,-2.319,0.122,24.536
0.085,0.576,0.740,-7.812,4.700,22.217
0.110,0.577,0.731,-14.099,7.812,17.151
0.116,0.588,0.739,-19.897,11.353,9.277
0.119,0.577,0.780,-24.231,18.921,0.061
0.128,0.578,0.829,-25.757,27.161,-10.071
0.100,0.593,0.891,-23.682,32.410,-21.667
0.062,0.619,0.939,-17.761,34.180,-31.372
-0.003,0.606,0.950,-9.460,32.532,-34.912
-0.029,0.605,0.901,-0.854,28.931,-30.640
-0.055,0.599,0.845,8.423,19.226,-19.104
-0.067,0.569,0.805,13.733,5.981,-5.554
-0.041,0.555,0.760,16.602,-5.066,7.446
-0.013,0.534,0.723,15.442,-12.573,19.287
-0.018,0.491,0.732,10.864,-16.357,25.696
-0.034,0.451,0.747,7.324,-15.686,25.879
-0.015,0.449,0.760,7.324,-10.681,23.132
-0.000,0.440,0.776,7.507,-4.089,18.677
0.022,0.444,0.783,6.775,0.610,11.719
0.017,0.457,0.785,5.798,2.686,5.371
0.009,0.459,0.785,3.723,4.517,1.465
0.001,0.478,0.802,1.160,7.263,0.488
-0.001,0.505,0.818,-0.610,8.301,2.319
-0.008,0.518,0.839,-1.160,5.798,5.859
-0.006,0.526,0.835,-0.549,0.366,10.620
-0.003,0.530,0.821,-0.610,-5.432,15.991
0.009,0.532,0.797,-2.014,-11.536,20.630
0.024,0.536,0.789,-2.808,-16.541,23.560
0.038,0.544,0.798,-3.845,-18.982,24.963
0.036,0.545,0.824,-4.944,-18.127,23.926

-0.203,1.646,-0.774,11.719,-47.668,18.188
-0.160,1.648,-0.742,16.235,-47.302,24.231
-0.207,1.646,-0.704,17.517,-48.401,24.048
-0.254,1.615,-0.577,18.188,-44.250,18.250
-0.250,1.548,-0.412,20.935,-33.081,8.728
-0.198,1.466,-0.246,26.550,-20.264,-0.793
-0.142,1.391,-0.174,34.668,-9.644,-7.080
-0.040,1.300,-0.157,41.626,-2.136,-8.423
0.092,1.176,-0.069,44.312,0.977,-6.042
0.224,1.077,0.042,45.471,0.671,-3.540
0.325,1.021,0.120,47.363,0.183,-2.380
0.412,0.982,0.173,49.438,0.854,-2.808
0.445,0.938,0.203,51.208,0.671,-4.150
0.405,0.913,0.240,50.537,-1.343,-4.150
0.352,0.877,0.281,49.805,-5.920,-3.357
0.236,0.851,0.314,48.767,-9.766,-1.282
0.151,0.842,0.340,48.096,-13.184,1.038
0.061,0.849,0.377,47.974,-14.343,3.845
0.002,0.868,0.426,48.889,-13.245,5.554
0.008,0.905,0.467,50.415,-10.559,5.859
0.007,0.941,0.503,52.307,-8.057,4.272
-0.010,0.944,0.528,54.626,-5.554,1.526
-0.012,0.929,0.505,56.885,-2.380,-1.038
-0.030,0.890,0.465,58.167,0.000,-1.892
-0.058,0.827,0.428,58.044,-0.183,-0.977
-0.105,0.790,0.410,56.824,-1.953,1.831
-0.145,0.771,0.413,55.664,-3.479,6.653
-0.128,0.742,0.425,54.138,-4.395,12.329
-0.087,0.729,0.442,52.368,-6.592,17.761
-0.040,0.737,0.456,50.049,-9.583,21.545
0.020,0.753,0.481,47.607,-12.024,22.705
0.063,0.767,0.518,45.532,-13.245,20.203
0.064,0.789,0.555,44.983,-12.451,14.648
0.062,0.814,0.551,45.837,-9.155,8.057
0.043,0.817,0.540,46.692,-5.127,2.747
0.006,0.814,0.524,47.119,-3.235,-0.671
-0.034,0.815,0.494,47.424,-4.089,-1.587
-0.082,0.785,0.483,46.692,-6.775,-0.916
-0.109,0.777,0.477,46.204,-8.972,1.099
-0.110,0.794,0.468,45.837,-10.193,4.089
-0.093,0.802,0.476,45.044,-11.292,6.531
-0.064,0.833,0.490,44.495,-12.329,7.935
-0.047,0.866,0.517,44.312,-13.245,8.240
-0.034,0.901,0.536,45.105,-13.489,7.019
-0.031,0.932,0.543,47.302,-12.756,4.944
-0.047,0.947,0.537,49.866,-11.597,2.808
-0.064,0.937,0.526,51.758,-10.376,0.549
-0.086,0.916,0.524,53.040,-9.583,-1.587
-0.106,0.907,0.494,54.504,-9.277,-3.296
-0.149,0.875,0.473,54.993,-8.911,-4.456
-0.185,0.847,0.472,54.993,-7.629,-4.517
-0.180,0.843,0.460,55.603,-5.981,-3.357
-0.177,0.835,0.454,55.542,-5.554,-1.465
-0.152,0.838,0.446,55.237,-6.287,1.099
-0.111,0.837,0.429,53.955,-8.362,4.456
-0.095,0.831,0.435,52.063,-10.498,7.874
-0.090,0.799,0.464,49.805,-12.146,10.864
-0.076,0.782,0.505,48.340,-12.268,12.817
-0.065,0.802,0.560,47.974,-11.841,13.245
-0.051,0.818,0.593,49.377,-10.437,11.719
-0.042,0.813,0.588,52.856,-8.301,9.155
-0.035,0.801,0.548,56.458,-7.019,6.958
-0.011,0.803,0.495,58.655,-7.385,5.127
-0.025,0.794,0.474,58.960,-8.484,4.089
-0.025,0.795,0.484,58.594,-8.789,3.357
-0.017,0.807,0.505,57.800,-8.545,2.991
-0.051,0.782,0.537,56.458,-8.179,3.052
-0.075,0.746,0.556,54.993,-8.057,3.357
-0.093,0.723,0.550,53.955,-7.324,4.456
-0.086,0.716,0.543,52.673,-5.981,6.165
-0.063,0.717,0.545,50.842,-5.432,7.507
-0.041,0.728,0.568,48.950,-5.188,8.972
-0.023,0.750,0.597,47.974,-4.822,10.071
-0.007,0.769,0.631,47.852,-4.333,11.047
0.015,0.778,0.631,48.584,-3.601,11.536
0.019,0.762,0.619,49.072,-3.601,11.902
0.019,0.751,0.616,49.011,-4.822,12.268
0.008,0.751,0.625,49.133,-5.798,12.329
-0.003,0.754,0.641,49.744,-5.737,11.780
-0.001,0.766,0.648,51.697,-5.676,10.254
0.002,0.762,0.644,52.856,-6.348,8.667
-0.011,0.755,0.646,53.833,-7.446,6.653
-0.019,0.742,0.637,54.993,-8.484,5.127
-0.027,0.733,0.627,56.030,-9.277,4.028
-0.022,0.711,0.602,56.396,-9.888,3.357
-0.015,0.703,0.585,55.725,-10.925,3.479
-0.003,0.695,0.567,54.382,-12.451,3.723
-0.011,0.685,0.576,51.819,-14.343,3.662
-0.007,0.671,0.589,49.805,-14.893,3.784
0.006,0.673,0.595,48.279,-13.916,4.089
0.019,0.667,0.600,46.570,-13.489,4.456
0.022,0.670,0.617,45.349,-14.221,4.639
0.016,0.669,0.636,44.373,-14.343,4.456
0.012,0.672,0.653,44.312,-13.733,3.357
0.024,0.689,0.653,44.861,-12.878,1.770
0.023,0.707,0.645,46.082,-12.756,-0.305
0.015,0.707,0.634,47.119,-12.817,-2.075
0.010,0.710,0.619,47.974,-12.817,-3.784
-0.005,0.701,0.606,48.950,-13.123,-5.127
-0.022,0.690,0.601,49.194,-13.977,-5.310
-0.036,0.678,0.605,48.828,-14.526,-4.456
-0.044,0.660,0.614,48.340,-15.198,-2.625
-0.036,0.656,0.629,47.302,-15.686,-0.854
-0.027,0.674,0.648,46.936,-16.235,0.671
-0.018,0.704,0.670,47.607,-16.418,1.526
0.015,0.716,0.679,48.279,-16.174,1.892
0.030,0.719,0.675,48.584,-16.296,1.648
0.026,0.741,0.676,49.500,-16.968,1.038
-0.001,0.756,0.692,50.598,-16.663,-0.061
0.000,0.747,0.673,52.246,-15.259,-0.977
-0.001,0.728,0.652,53.345,-14.343,-1.465
-0.009,0.718,0.639,53.711,-14.648,-1.404
-0.016,0.718,0.624,53.467,-15.259,-0.793
-0.021,0.715,0.631,52.734,-16.113,0.549
-0.019,0.710,0.642,52.246,-16.907,2.380
-0.021,0.707,0.656,51.941,-17.639,4.517
-0.016,0.704,0.671,51.880,-18.127,6.531
-0.005,0.707,0.686,52.490,-18.738,7.812
0.009,0.716,0.692,53.223,-19.409,8.545

-0.658,-0.447,1.917,-10.803,43.335,-1.709
-0.604,-0.595,2.012,-17.883,34.668,4.333
-0.505,-0.735,2.027,-26.978,23.987,3.418
-0.376,-0.789,1.957,-35.278,19.348,1.099
-0.232,-0.733,1.816,-40.039,16.968,1.038
-0.116,-0.626,1.657,-43.945,12.695,-0.183
-0.024,-0.466,1.432,-46.265,8.789,-4.944
0.096,-0.279,1.093,-44.067,8.362,-12.329
0.243,-0.107,0.713,-41.382,8.667,-17.029
0.350,0.070,0.366,-46.265,0.488,-15.320
0.437,0.309,0.054,-55.298,-12.451,-9.705
0.563,0.567,-0.198,-61.584,-21.545,-0.122
0.759,0.824,-0.421,-66.895,-25.452,12.268
0.787,1.158,-0.545,-68.176,-34.119,15.320
0.755,1.519,-0.664,-59.631,-41.931,0.732
0.778,1.836,-0.746,-49.438,-41.321,-25.330
0.662,2.066,-0.789,-42.114,-36.072,-62.134
0.499,2.223,-0.786,-34.546,-29.907,-96.741
0.323,2.239,-0.719,-32.837,-27.771,-116.211
0.062,2.174,-0.653,-30.518,-36.865,-120.850
-0.234,2.043,-0.659,-25.513,-52.002,-106.445
-0.431,1.855,-0.642,-25.940,-65.552,-77.209
-0.555,1.715,-0.537,-29.907,-73.792,-44.556
-0.508,1.655,-0.353,-31.555,-68.542,-14.648
-0.315,1.674,-0.090,-30.884,-50.781,3.540
-0.208,1.603,0.145,-24.597,-25.940,0.549
-0.007,1.543,0.327,-14.893,11.230,-8.484
0.190,1.457,0.429,-1.953,40.222,-18.616
0.350,1.367,0.473,9.277,57.678,-22.766
0.433,1.269,0.466,20.569,59.814,-19.409
0.498,1.169,0.436,31.250,55.054,-11.719
0.546,1.086,0.408,38.147,47.668,1.526
0.564,1.007,0.421,40.344,36.255,14.404
0.522,0.938,0.419,38.635,23.437,23.010
0.442,0.856,0.432,33.875,11.414,28.442
0.366,0.804,0.460,28.625,2.563,29.175
0.288,0.796,0.503,25.391,-0.854,26.917
0.237,0.811,0.545,23.499,1.465,22.339
0.231,0.817,0.578,22.583,8.911,16.418
0.203,0.830,0.607,21.790,15.808,7.935
0.167,0.838,0.642,23.010,19.958,-1.770
0.135,0.817,0.664,26.550,23.437,-9.827
0.116,0.786,0.632,32.471,25.940,-12.573
0.101,0.731,0.573,36.255,24.536,-7.324
0.078,0.655,0.539,35.889,17.212,0.793
0.072,0.600,0.490,33.752,7.935,11.719
0.079,0.556,0.456,28.015,0.366,24.048
0.123,0.532,0.469,20.264,-4.883,33.569
0.160,0.526,0.492,12.878,-7.751,37.537
0.181,0.534,0.521,7.446,-6.897,33.752
0.193,0.549,0.528,4.456,-2.625,25.269
0.208,0.571,0.533,3.113,2.502,15.320
0.204,0.589,0.556,1.221,6.592,4.333
0.173,0.610,0.601,1.526,9.155,-4.578
0.148,0.631,0.632,4.517,13.428,-9.338
0.141,0.644,0.650,9.460,17.578,-9.094
0.156,0.669,0.645,14.099,17.334,-5.066
0.163,0.698,0.628,15.991,10.193,0.732
0.159,0.703,0.630,13.672,0.305,8.423
0.157,0.706,0.620,10.620,-8.057,15.442
0.169,0.725,0.607,7.263,-14.954,21.362
0.169,0.745,0.594,1.709,-20.142,24.475
0.154,0.755,0.594,-7.141,-23.315,24.536
0.121,0.757,0.616,-15.930,-24.353,21.545
0.074,0.771,0.652,-19.836,-23.193,16.602
0.042,0.779,0.666,-18.127,-18.738,12.817
0.023,0.781,0.656,-14.343,-12.390,11.353
0.011,0.769,0.645,-10.376,-6.714,11.780
0.020,0.775,0.619,-6.592,-3.479,13.062
0.016,0.776,0.606,-4.395,-2.869,14.221
0.002,0.774,0.609,-2.869,-3.052,14.771
0.009,0.781,0.611,-1.526,-1.404,16.052
0.009,0.773,0.611,-0.366,0.183,16.663
-0.005,0.755,0.608,1.648,-0.427,16.541
-0.015,0.756,0.593,3.845,-1.709,16.907
-0.022,0.756,0.586,5.188,-2.869,15.503
-0.051,0.745,0.589,6.836,-3.845,12.024
-0.062,0.745,0.574,9.338,-3.479,10.376
-0.067,0.734,0.560,10.193,-0.977,10.437
-0.065,0.715,0.558,8.972,1.404,10.437
-0.076,0.706,0.574,7.446,1.831,10.376
-0.087,0.700,0.596,6.042,1.953,12.207
-0.075,0.704,0.619,4.517,4.883,15.198
-0.059,0.704,0.645,2.441,9.338,18.616
-0.045,0.693,0.668,0.732,13.000,21.484
-0.013,0.708,0.671,0.610,13.733,24.231
0.038,0.739,0.652,-0.122,11.169,26.062
0.042,0.737,0.661,-3.357,5.005,23.621
0.020,0.728,0.677,-4.639,-1.709,18.799
-0.006,0.715,0.688,-2.686,-4.089,14.526
-0.018,0.698,0.670,-0.122,-2.441,11.414
-0.027,0.693,0.653,0.793,0.000,9.766
-0.058,0.694,0.667,1.709,1.709,8.789
-0.069,0.715,0.682,4.211,5.127,8.728
-0.033,0.737,0.670,7.080,11.230,9.644
-0.023,0.729,0.661,6.836,14.587,9.094
-0.024,0.754,0.670,6.226,13.245,8.850
-0.041,0.766,0.695,5.310,10.925,11.536
-0.047,0.755,0.707,5.920,11.108,17.151
-0.011,0.756,0.682,8.118,12.939,25.208
0.023,0.743,0.657,7.629,11.475,32.166
0.041,0.711,0.652,2.563,7.324,35.400
0.061,0.693,0.650,-3.418,4.089,34.485
0.060,0.681,0.657,-7.324,2.747,30.457
0.071,0.691,0.666,-8.118,3.418,23.071
0.064,0.704,0.678,-8.118,6.042,13.611
0.036,0.715,0.709,-6.470,9.399,4.639
0.020,0.741,0.735,-2.380,12.390,-1.038
0.017,0.753,0.747,2.991,13.977,-2.930
0.010,0.752,0.740,8.301,12.817,-3.113
-0.009,0.742,0.731,13.123,8.972,-2.441
-0.020,0.729,0.721,16.541,5.676,-1.953
-0.023,0.701,0.708,19.348,3.784,-1.526
-0.013,0.690,0.684,21.973,2.991,0.366
0.001,0.678,0.668,21.545,2.441,2.808
0.010,0.670,0.665,18.494,1.099,3.601
0.023,0.668,0.666,14.648,1.343,4.089
0.026,0.679,0.688,11.108,3.174,4.211
0.026,0.685,0.709,9.460,6.104,2.991

-0.455,-0.471,1.934,-65.002,11.780,34.668
-0.381,-0.518,1.986,-67.322,4.150,47.302
-0.249,-0.547,2.037,-66.284,-2.502,53.223
-0.100,-0.566,2.056,-63.171,-7.141,52.246
0.007,-0.544,2.002,-56.152,-8.423,42.969
0.087,-0.505,1.845,-46.204,-4.028,25.391
0.134,-0.404,1.617,-36.621,2.380,3.540
0.236,-0.305,1.298,-30.090,5.920,-18.066
0.257,-0.154,0.934,-31.311,2.625,-36.438
0.253,0.062,0.563,-36.743,-2.075,-45.227
0.294,0.367,0.213,-47.791,-5.249,-44.800
0.228,0.727,-0.062,-59.448,-11.169,-41.260
0.200,1.189,-0.299,-65.491,-10.864,-32.715
0.242,1.576,-0.481,-65.613,-4.944,-25.940
0.181,1.823,-0.458,-66.956,-5.066,-34.485
0.237,1.967,-0.412,-64.758,-5.188,-45.166
0.298,2.066,-0.434,-57.556,-10.742,-47.913
0.333,2.093,-0.446,-53.711,-25.024,-47.058
0.301,2.057,-0.383,-53.772,-43.884,-48.035
0.204,2.009,-0.331,-47.913,-61.584,-50.110
0.128,1.880,-0.353,-38.879,-64.575,-53.101
0.050,1.746,-0.420,-31.677,-59.265,-50.354
-0.068,1.636,-0.465,-28.931,-58.228,-41.199
-0.178,1.543,-0.454,-29.724,-59.814,-28.748
-0.244,1.452,-0.370,-31.189,-56.580,-16.174
-0.266,1.389,-0.231,-28.931,-47.180,-8.240
-0.259,1.333,-0.071,-20.264,-31.311,-6.531
-0.185,1.308,0.057,-6.165,-9.583,-8.911
-0.064,1.288,0.175,8.484,12.695,-12.756
0.044,1.256,0.288,19.470,28.503,-17.334
0.141,1.204,0.414,27.832,35.522,-21.057
0.204,1.176,0.506,35.950,38.452,-22.644
0.256,1.132,0.558,45.959,41.687,-23.010
0.294,1.060,0.588,54.138,44.067,-21.545
0.309,0.962,0.606,58.105,42.542,-17.395
0.308,0.873,0.628,60.181,37.292,-10.681
0.318,0.802,0.630,60.913,30.823,-1.404
0.332,0.748,0.619,59.204,24.048,8.789
0.342,0.693,0.616,54.077,17.395,18.005
0.340,0.623,0.628,46.448,11.658,24.597
0.335,0.561,0.645,40.955,6.836,28.625
0.334,0.516,0.651,37.109,2.319,31.128
0.323,0.494,0.651,30.884,-0.916,32.227
0.293,0.458,0.654,23.193,-2.197,32.410
0.283,0.441,0.646,17.334,-1.160,32.043
0.269,0.470,0.647,11.841,-0.366,30.823
0.234,0.497,0.667,7.019,0.549,27.405
0.228,0.511,0.670,3.723,4.089,21.973
0.216,0.526,0.659,2.319,7.019,17.090
0.202,0.543,0.641,2.258,7.263,12.695
0.194,0.583,0.616,2.319,5.798,8.789
0.171,0.641,0.615,1.038,4.272,4.089
0.134,0.668,0.629,-0.610,4.822,-2.258
0.117,0.688,0.620,-0.427,7.751,-8.484
0.095,0.703,0.602,1.770,10.681,-11.841
0.079,0.703,0.579,3.418,11.414,-13.062
0.071,0.701,0.561,3.662,10.376,-13.489
0.059,0.708,0.558,2.625,8.362,-13.672
0.041,0.730,0.560,1.770,7.080,-14.404
0.027,0.761,0.576,0.427,8.301,-15.076
0.014,0.776,0.605,-1.160,11.230,-15.503
0.010,0.793,0.622,-0.671,13.367,-15.503
0.008,0.807,0.627,2.563,12.939,-13.672
0.012,0.811,0.622,6.104,11.108,-9.460
0.022,0.810,0.596,8.179,8.240,-3.784
0.016,0.783,0.588,7.141,3.906,2.319
0.007,0.748,0.598,5.493,-0.366,8.789
0.013,0.722,0.614,4.150,-3.357,13.367
0.020,0.712,0.621,3.357,-6.287,16.174
0.027,0.710,0.608,1.160,-8.728,18.311
0.014,0.697,0.613,-3.845,-9.949,19.531
-0.005,0.705,0.641,-6.470,-9.338,20.325
-0.008,0.718,0.664,-5.676,-6.958,20.264
-0.005,0.725,0.667,-3.418,-5.127,19.409
-0.014,0.723,0.653,-1.831,-4.944,18.616
-0.042,0.704,0.668,-1.648,-3.723,18.860
-0.058,0.678,0.698,-0.916,-0.671,19.653
-0.042,0.664,0.716,1.099,2.319,20.752
-0.025,0.656,0.718,2.625,2.441,22.827
-0.014,0.645,0.723,1.892,0.122,24.902
-0.006,0.654,0.732,2.014,-2.747,25.635
0.013,0.665,0.714,2.197,-4.272,24.719
0.014,0.658,0.698,0.732,-5.310,22.705
0.004,0.648,0.698,-0.671,-5.310,19.104
-0.007,0.647,0.699,-1.038,-2.808,14.648
-0.024,0.645,0.711,-0.122,2.014,10.925
-0.044,0.650,0.737,0.671,7.080,7.690
-0.047,0.655,0.740,2.380,11.292,6.287
-0.033,0.679,0.732,4.272,13.672,6.897
-0.011,0.689,0.723,5.310,13.000,7.202
-0.007,0.690,0.726,5.554,9.766,6.775
-0.001,0.704,0.725,6.897,5.920,6.836
0.018,0.718,0.713,7.568,4.150,7.812
0.027,0.707,0.717,7.141,3.906,8.484
0.033,0.694,0.721,7.141,3.296,9.094
0.028,0.682,0.731,6.897,1.465,10.376
0.022,0.676,0.739,6.226,-0.244,12.207
0.019,0.668,0.730,5.798,0.671,15.076
0.017,0.656,0.736,5.920,3.174,17.700
0.037,0.658,0.734,6.531,4.578,18.433
0.054,0.674,0.728,7.568,3.601,18.799
0.073,0.676,0.725,7.385,2.319,17.639
0.072,0.670,0.734,6.653,1.465,15.198
0.058,0.650,0.752,7.202,1.831,12.512
0.052,0.645,0.764,9.155,2.930,10.376
0.055,0.644,0.762,11.536,3.296,8.911
0.057,0.643,0.751,12.634,1.953,8.911
0.057,0.636,0.751,11.230,0.427,9.338
0.063,0.635,0.759,9.033,-1.160,9.033
0.057,0.633,0.761,6.592,-2.502,8.850
0.047,0.628,0.765,4.639,-3.906,9.277
0.037,0.626,0.764,3.113,-4.822,10.620
0.029,0.631,0.765,2.197,-6.165,11.841
0.023,0.647,0.757,2.075,-7.874,12.146
0.001,0.656,0.760,1.404,-9.399,10.864
-0.025,0.655,0.769,1.892,-9.094,8.545
-0.037,0.653,0.769,4.944,-6.348,6.775
-0.032,0.657,0.750,8.667,-2.991,5.066
-0.031,0.653,0.731,10.132,-1.282,3.601

-0.621,-0.678,2.295,-69.702,47.668,-1.160
-0.580,-0.968,2.528,-75.317,38.391,8.118
-0.436,-1.076,2.640,-70.190,25.391,18.005
-0.252,-1.094,2.674,-56.030,14.465,24.048
0.013,-1.145,2.601,-43.457,8.850,20.508
0.268,-1.152,2.439,-33.081,2.319,12.756
0.381,-1.049,2.117,-21.423,-7.141,-1.282
0.493,-0.898,1.622,-7.751,-9.399,-15.991
0.546,-0.647,0.992,-2.197,-7.324,-28.809
0.569,-0.340,0.404,-7.690,-2.930,-41.870
0.655,-0.034,0.009,-26.978,-2.930,-49.011
0.714,0.471,-0.358,-44.861,-14.221,-43.579
0.831,1.029,-0.730,-53.284,-30.334,-32.715
0.961,1.541,-1.069,-55.908,-42.969,-28.748
0.930,2.051,-1.320,-49.316,-51.086,-40.100
0.904,2.460,-1.650,-46.997,-44.373,-58.228
0.800,2.820,-1.668,-66.711,-38.330,-76.233
0.556,3.097,-1.375,-92.102,-44.006,-92.529
0.238,3.106,-1.012,-107.544,-58.044,-98.633
-0.222,2.905,-0.702,-109.497,-85.510,-98.389
-0.746,2.550,-0.561,-98.328,-118.103,-81.299
-1.116,2.215,-0.562,-74.585,-135.681,-50.415
-1.320,2.048,-0.496,-55.054,-125.244,-20.264
-1.344,2.012,-0.262,-43.762,-80.811,-8.362
-1.085,1.994,0.075,-30.151,-10.620,-19.714
-0.703,1.807,0.320,-8.667,60.974,-37.537
-0.173,1.647,0.441,13.184,116.943,-36.682
0.198,1.514,0.420,35.583,126.038,-24.292
0.512,1.342,0.334,53.589,114.502,-8.789
0.784,1.157,0.246,62.439,95.581,11.414
0.951,1.004,0.201,63.538,74.097,27.405
0.983,0.885,0.194,57.312,52.673,34.424
0.922,0.788,0.210,46.875,35.889,35.095
0.833,0.700,0.259,35.583,26.001,31.921
0.728,0.660,0.296,26.001,20.935,28.381
0.643,0.657,0.364,22.217,18.738,25.269
0.562,0.680,0.467,21.240,18.799,21.545
0.504,0.682,0.570,23.682,21.118,16.907
0.473,0.661,0.621,29.968,25.635,13.184
0.443,0.627,0.637,39.673,27.283,10.254
0.421,0.618,0.613,49.561,25.391,9.521
0.417,0.606,0.574,56.091,22.095,12.146
0.397,0.556,0.541,55.237,17.334,15.625
0.365,0.498,0.529,49.683,10.620,20.142
0.326,0.461,0.514,42.786,3.052,27.344
0.298,0.437,0.518,35.583,-3.723,36.804
0.279,0.424,0.535,28.503,-8.362,45.166
0.257,0.428,0.558,22.522,-10.498,50.537
0.245,0.443,0.596,17.883,-10.193,52.795
0.245,0.461,0.625,14.038,-7.324,52.246
0.242,0.470,0.656,9.888,-4.028,49.255
0.237,0.478,0.676,7.324,-2.258,41.809
0.252,0.515,0.680,7.629,-0.305,33.508
0.255,0.550,0.658,7.812,3.601,25.452
0.249,0.592,0.630,7.263,8.423,17.273
0.238,0.635,0.634,6.165,12.146,9.583
0.207,0.650,0.636,4.822,15.503,3.357
0.178,0.666,0.635,4.700,18.127,0.488
0.155,0.676,0.638,3.845,16.968,0.610
0.131,0.668,0.665,-0.916,13.184,2.625
0.108,0.657,0.723,-6.836,8.606,5.676
0.089,0.666,0.786,-11.230,4.700,9.521
0.088,0.707,0.852,-11.841,0.793,13.550
0.092,0.740,0.890,-9.460,-2.686,16.296
0.099,0.768,0.895,-5.127,-5.005,16.846
0.092,0.785,0.880,0.916,-6.531,16.235
0.076,0.794,0.838,7.446,-6.897,14.221
0.035,0.773,0.797,11.658,-6.592,10.864
-0.013,0.746,0.764,15.442,-5.615,7.751
-0.050,0.718,0.723,18.921,-3.174,5.554
-0.061,0.695,0.677,21.912,-0.183,4.700
-0.065,0.665,0.648,24.231,1.099,5.005
-0.059,0.638,0.641,24.292,1.160,6.836
-0.058,0.624,0.661,22.644,1.831,11.230
-0.028,0.627,0.684,21.301,2.502,17.212
0.020,0.622,0.683,19.897,1.831,24.414
0.041,0.611,0.693,16.602,-2.014,29.663
0.054,0.606,0.715,12.878,-7.996,32.654
0.063,0.616,0.734,10.681,-10.498,33.875
0.064,0.623,0.753,10.071,-9.766,31.982
0.045,0.613,0.786,10.559,-7.935,26.855
0.061,0.608,0.794,13.977,-5.493,21.057
0.081,0.618,0.791,17.517,-3.113,15.198
0.079,0.625,0.788,19.775,-2.869,8.789
0.067,0.619,0.799,20.264,-2.808,3.296
0.071,0.604,0.808,19.165,-1.038,-0.488
0.084,0.597,0.815,17.700,0.305,-1.160
0.090,0.588,0.819,15.137,-1.160,-0.854
0.080,0.583,0.819,11.414,-5.249,0.732
0.044,0.564,0.815,6.836,-9.827,3.174
0.002,0.555,0.809,2.808,-12.756,5.676
-0.038,0.560,0.800,0.122,-12.634,10.925
-0.039,0.559,0.768,-0.977,-10.193,19.348
-0.028,0.561,0.735,-1.953,-9.705,27.649
-0.021,0.563,0.723,-4.639,-13.733,34.363
0.001,0.567,0.725,-8.484,-18.311,37.781
0.019,0.554,0.739,-11.292,-20.508,38.147
0.027,0.554,0.757,-11.597,-20.752,34.607
0.024,0.569,0.774,-10.132,-19.348,27.527
0.014,0.599,0.788,-8.301,-16.052,18.982
0.005,0.612,0.797,-7.141,-10.681,9.094
-0.023,0.614,0.826,-4.700,-5.920,-0.610
-0.047,0.617,0.823,1.953,-3.052,-6.531
-0.049,0.607,0.828,10.010,-1.709,-7.629
-0.053,0.605,0.805,14.404,-2.136,-6.409
-0.069,0.598,0.797,17.456,-5.371,-2.930
-0.068,0.581,0.786,18.738,-8.850,0.549
-0.058,0.556,0.772,17.090,-11.047,4.211
-0.047,0.555,0.775,14.099,-12.939,6.287
-0.040,0.561,0.796,11.353,-13.000,6.165
-0.039,0.542,0.809,8.850,-9.338,4.456
-0.033,0.533,0.821,7.507,-4.028,2.502
-0.018,0.534,0.831,6.470,-0.793,0.854
-0.017,0.538,0.842,5.310,-0.122,-0.732
-0.022,0.536,0.851,5.188,-0.732,-1.587
-0.022,0.544,0.852,6.226,-1.465,-1.709
-0.035,0.544,0.861,7.507,-1.831,-1.648
-0.039,0.536,0.854,8.911,-1.831,-2.258
-0.061,0.525,0.850,9.338,-2.197,-2.747

-0.563,-0.493,1.890,-43.945,6.104,10.315
-0.525,-0.584,1.905,-41.931,1.892,19.897
-0.449,-0.615,1.831,-33.752,-1.648,26.367
-0.354,-0.580,1.688,-24.109,-2.869,24.902
-0.305,-0.534,1.549,-19.104,-0.427,14.404
-0.306,-0.458,1.397,-14.587,11.169,-0.244
-0.217,-0.358,1.209,-6.958,27.527,-10.193
-0.088,-0.214,0.954,-1.587,30.029,-11.780
-0.015,0.005,0.662,1.099,15.686,-8.362
0.172,0.205,0.324,3.418,0.061,0.549
0.387,0.474,0.001,-3.174,-17.395,9.827
0.583,0.775,-0.209,-13.794,-35.522,6.897
0.708,1.075,-0.344,-24.475,-43.579,-10.193
0.685,1.370,-0.473,-29.053,-35.950,-37.415
0.592,1.600,-0.619,-32.227,-15.686,-66.040
0.508,1.756,-0.690,-40.833,4.456,-83.618
0.379,1.874,-0.669,-53.894,6.775,-84.778
0.246,1.963,-0.532,-63.721,-7.751,-71.533
0.250,2.027,-0.378,-65.369,-27.039,-48.584
0.274,2.069,-0.244,-59.387,-46.082,-28.809
0.187,2.036,-0.151,-52.002,-60.974,-25.513
0.040,1.932,-0.055,-41.382,-66.040,-29.724
-0.059,1.823,-0.012,-28.015,-55.298,-29.724
-0.120,1.701,0.016,-17.212,-39.673,-26.978
-0.137,1.594,0.068,-11.108,-29.602,-22.705
-0.121,1.502,0.104,-7.507,-22.888,-18.433
-0.092,1.394,0.153,-6.836,-13.123,-12.939
0.002,1.283,0.211,-6.714,0.061,-6.042
0.096,1.203,0.269,-5.920,10.193,0.427
0.157,1.144,0.336,-3.906,16.479,3.479
0.215,1.143,0.398,0.671,23.743,3.784
0.240,1.150,0.479,5.920,33.875,1.221
0.252,1.108,0.556,10.132,43.457,-3.479
0.229,1.069,0.595,17.212,48.706,-7.996
0.217,1.007,0.656,27.405,49.133,-8.972
0.199,0.963,0.677,35.400,46.387,-6.104
0.189,0.924,0.668,43.518,42.664,-0.305
0.189,0.861,0.634,47.913,37.109,6.836
0.191,0.797,0.616,50.110,29.907,15.930
0.207,0.743,0.582,49.194,22.034,26.672
0.224,0.696,0.561,43.152,12.451,36.438
0.215,0.637,0.574,33.325,2.319,44.617
0.206,0.592,0.587,24.902,-4.211,51.819
0.191,0.553,0.602,17.822,-8.057,57.190
0.174,0.506,0.614,12.085,-11.353,60.730
0.164,0.477,0.622,6.348,-14.526,62.866
0.159,0.459,0.641,1.648,-16.968,61.401
0.150,0.460,0.653,-0.549,-18.188,56.458
0.115,0.471,0.656,-0.610,-18.005,48.523
0.077,0.471,0.645,-0.183,-14.282,39.612
0.051,0.475,0.621,0.244,-5.493,32.837
0.043,0.490,0.611,0.671,2.930,26.062
0.040,0.514,0.606,1.038,7.935,18.799
0.044,0.534,0.604,-0.854,9.155,13.000
0.052,0.548,0.631,-6.104,7.507,9.644
0.055,0.572,0.682,-11.841,4.395,7.690
0.052,0.600,0.735,-15.320,1.587,6.226
0.053,0.625,0.775,-15.808,-0.977,4.822
0.049,0.656,0.793,-13.977,-3.662,3.174
0.026,0.672,0.814,-10.376,-6.287,0.732
0.009,0.703,0.818,-6.042,-7.385,-2.808
-0.022,0.726,0.795,-1.831,-7.690,-7.568
-0.071,0.733,0.758,0.793,-7.507,-11.658
-0.120,0.735,0.731,3.052,-6.226,-14.282
-0.154,0.732,0.703,5.249,-4.089,-15.198
-0.175,0.735,0.684,7.507,-1.648,-13.672
-0.181,0.745,0.659,8.728,1.221,-10.132
-0.168,0.762,0.648,7.690,2.686,-5.310
-0.171,0.775,0.660,5.615,1.099,-1.953
-0.170,0.783,0.671,3.845,-0.549,0.916
-0.166,0.786,0.683,2.258,-2.014,4.333
-0.167,0.795,0.693,3.052,-4.700,7.080
-0.179,0.805,0.700,5.493,-7.141,9.033
-0.173,0.796,0.687,7.446,-8.118,11.292
-0.170,0.766,0.673,7.996,-9.583,13.550
-0.173,0.747,0.662,9.827,-12.634,16.235
-0.164,0.750,0.645,11.780,-14.893,19.897
-0.150,0.735,0.630,12.146,-14.832,22.461
-0.154,0.700,0.637,11.536,-14.893,22.949
-0.159,0.670,0.656,11.841,-15.015,22.827
-0.151,0.646,0.670,11.902,-14.160,23.437
-0.148,0.619,0.679,11.169,-12.939,23.621
-0.142,0.611,0.692,10.193,-11.780,22.095
-0.126,0.620,0.691,9.033,-10.803,19.165
-0.120,0.605,0.702,7.935,-9.277,15.808
-0.130,0.607,0.730,5.920,-7.385,12.756
-0.147,0.597,0.771,4.944,-4.578,10.986
-0.157,0.581,0.793,5.981,-2.075,11.292
-0.146,0.594,0.782,7.263,-0.854,13.977
-0.146,0.586,0.756,5.615,-0.977,17.761
-0.138,0.587,0.759,1.892,-1.465,20.874
-0.113,0.605,0.774,-0.732,-2.075,22.766
-0.075,0.633,0.772,-2.502,-2.747,22.949
-0.078,0.650,0.796,-5.005,-3.662,20.142
-0.098,0.661,0.810,-6.348,-1.831,16.113
-0.095,0.669,0.817,-5.066,2.502,12.329
-0.105,0.661,0.821,-2.014,5.371,8.972
-0.124,0.657,0.814,2.014,5.615,6.836
-0.139,0.649,0.807,5.371,4.517,5.615
-0.141,0.633,0.799,8.728,3.723,5.554
-0.145,0.610,0.789,11.536,3.235,5.798
-0.133,0.594,0.794,14.343,2.563,6.287
-0.129,0.579,0.786,16.418,1.099,7.202
-0.118,0.574,0.786,19.287,-0.305,7.996
-0.103,0.576,0.769,22.522,-1.221,8.850
-0.085,0.574,0.735,22.949,-1.770,10.132
-0.076,0.552,0.699,18.494,-2.319,10.193
-0.093,0.531,0.684,11.475,-2.258,8.606
-0.111,0.520,0.691,6.042,-0.488,6.958
-0.105,0.526,0.712,2.197,3.357,5.188
-0.104,0.535,0.748,-0.488,6.470,3.662
-0.094,0.555,0.778,-2.136,7.629,2.441
-0.101,0.567,0.803,-4.211,7.996,1.465
-0.123,0.570,0.830,-3.845,8.545,0.793
-0.116,0.574,0.829,-0.488,10.071,0.671
-0.118,0.577,0.829,3.540,10.437,0.366
-0.120,0.578,0.837,7.446,8.911,-0.244
-0.119,0.578,0.835,11.169,6.653,-0.732
-0.120,0.570,0.823,13.367,4.578,-0.916

-0.727,-0.295,2.001,-23.560,29.175,20.752
-0.728,-0.546,1.956,-27.100,11.658,35.950
-0.755,-0.805,1.928,-26.611,-5.066,56.213
-0.707,-1.030,1.849,-25.269,-16.235,74.402
-0.553,-1.205,1.743,-28.870,-22.034,83.801
-0.349,-1.268,1.623,-32.532,-25.513,88.135
-0.088,-1.178,1.431,-34.241,-29.480,83.069
0.142,-1.008,1.229,-36.621,-33.325,63.232
0.330,-0.796,0.988,-43.701,-33.081,33.386
0.451,-0.537,0.827,-51.147,-26.672,-2.502
0.516,-0.300,0.678,-55.237,-14.404,-39.001
0.589,0.035,0.489,-54.871,-4.761,-65.979
0.567,0.413,0.259,-47.058,-3.845,-81.665
0.605,0.831,-0.051,-34.790,-0.793,-82.764
0.669,1.293,-0.320,-23.193,-0.183,-67.627
0.682,1.772,-0.539,-11.597,-5.066,-42.786
0.809,2.192,-0.853,-5.127,-16.113,-20.935
0.760,2.466,-1.077,-20.264,-40.833,-17.639
0.521,2.504,-1.131,-48.706,-73.059,-31.860
0.123,2.474,-1.000,-78.857,-100.220,-47.058
-0.266,2.256,-0.760,-97.595,-110.657,-53.223
-0.530,2.021,-0.637,-98.389,-107.544,-43.274
-0.711,1.868,-0.570,-84.900,-100.830,-22.461
-0.767,1.774,-0.442,-71.350,-84.900,-7.996
-0.641,1.776,-0.212,-57.251,-50.842,-8.118
-0.479,1.816,0.091,-41.138,-6.165,-22.461
-0.284,1.817,0.382,-21.179,38.391,-44.373
-0.177,1.729,0.566,-5.066,71.960,-52.490
0.021,1.578,0.643,10.803,83.252,-52.856
0.133,1.450,0.631,24.109,82.275,-40.955
0.237,1.356,0.566,33.508,76.416,-27.405
0.334,1.269,0.502,40.894,75.195,-17.395
0.390,1.197,0.472,50.720,71.655,-8.362
0.393,1.102,0.445,50.964,68.726,-3.113
0.352,1.009,0.432,48.401,61.462,1.221
0.304,0.917,0.441,47.058,50.903,7.751
0.272,0.854,0.438,46.814,42.419,15.930
0.258,0.784,0.464,48.950,36.438,22.888
0.253,0.734,0.470,48.096,31.677,27.466
0.240,0.686,0.474,46.265,27.771,29.297
0.242,0.648,0.494,43.152,25.024,27.832
0.235,0.631,0.541,38.574,26.062,25.574
0.237,0.594,0.568,34.729,29.358,22.034
0.247,0.584,0.589,32.715,30.029,18.005
0.227,0.597,0.617,30.334,27.039,14.038
0.184,0.573,0.639,27.588,24.963,10.986
0.148,0.539,0.651,26.306,24.475,10.193
0.127,0.525,0.639,27.344,23.621,13.733
0.115,0.515,0.626,27.771,20.264,19.043
0.105,0.513,0.621,26.306,14.221,23.071
0.096,0.514,0.610,23.132,8.423,26.123
0.092,0.498,0.609,19.043,4.822,28.931
0.088,0.492,0.610,14.954,2.991,29.358
0.094,0.507,0.608,11.414,3.296,27.771
0.108,0.518,0.611,6.775,4.578,24.536
0.109,0.524,0.625,1.587,6.775,19.775
0.116,0.524,0.647,-2.014,9.949,14.771
0.130,0.533,0.675,-3.113,13.367,9.216
0.123,0.572,0.713,-1.953,15.808,3.540
0.118,0.614,0.745,0.671,18.188,-1.709
0.110,0.628,0.789,3.845,21.729,-5.859
0.108,0.637,0.819,6.897,24.597,-10.071
0.102,0.653,0.833,11.047,24.719,-12.939
0.098,0.657,0.839,15.747,23.254,-14.587
0.091,0.653,0.823,18.860,20.386,-15.198
0.067,0.623,0.806,19.470,17.151,-13.428
0.057,0.602,0.795,18.433,13.916,-10.315
0.074,0.615,0.775,16.296,10.437,-7.385
0.069,0.612,0.764,11.658,6.897,-5.188
0.053,0.595,0.759,8.179,3.723,-3.906
0.054,0.586,0.738,7.629,1.953,-2.197
0.050,0.565,0.719,7.263,1.160,0.122
0.043,0.573,0.705,5.615,-0.122,2.869
0.005,0.599,0.718,3.601,-2.197,3.662
-0.028,0.599,0.717,3.235,-2.502,3.174
-0.046,0.594,0.705,5.127,-1.709,3.662
-0.047,0.589,0.676,8.118,-2.136,6.104
-0.052,0.583,0.654,8.423,-3.723,8.972
-0.061,0.576,0.649,7.141,-4.517,10.986
-0.055,0.581,0.644,6.287,-4.028,12.390
-0.047,0.587,0.640,5.554,-4.089,13.611
-0.037,0.604,0.651,5.554,-5.188,15.686
-0.036,0.629,0.683,3.296,-5.859,16.907
-0.022,0.624,0.718,-0.488,-3.479,17.090
-0.001,0.613,0.735,-3.052,0.244,17.639
0.017,0.615,0.753,-3.784,1.526,19.226
0.022,0.611,0.773,-3.784,-0.488,20.386
0.024,0.611,0.793,-3.540,-3.357,20.813
0.037,0.621,0.799,-3.235,-4.761,21.362
0.048,0.639,0.805,-3.113,-5.066,21.484
0.044,0.666,0.813,-2.258,-6.775,18.860
0.023,0.646,0.839,-1.343,-8.362,12.878
0.008,0.625,0.834,1.221,-7.996,7.080
0.003,0.618,0.815,6.287,-6.042,5.310
0.010,0.616,0.776,10.437,-4.517,5.981
0.009,0.624,0.745,11.658,-4.761,7.446
0.001,0.626,0.736,10.620,-6.104,8.728
-0.006,0.608,0.739,7.812,-7.568,9.949
-0.017,0.587,0.741,3.662,-9.277,11.658
-0.035,0.567,0.755,-1.221,-11.047,12.878
-0.048,0.553,0.776,-5.493,-12.268,13.672
-0.050,0.542,0.796,-8.118,-12.207,14.832
-0.027,0.556,0.806,-7.935,-10.925,15.991
0.004,0.592,0.815,-6.775,-10.193,15.259
0.011,0.610,0.834,-6.287,-10.864,11.902
0.010,0.617,0.845,-4.150,-10.498,7.812
0.007,0.622,0.845,1.160,-7.874,5.066
0.004,0.629,0.841,7.202,-5.249,1.953
0.000,0.631,0.833,11.719,-4.578,-1.404
-0.006,0.613,0.830,13.367,-4.883,-3.357
-0.022,0.583,0.825,14.221,-5.676,-2.930
-0.024,0.575,0.816,14.893,-6.836,-1.160
-0.024,0.574,0.814,13.672,-8.911,0.854
-0.020,0.573,0.811,11.597,-11.414,2.808
-0.009,0.584,0.805,9.705,-13.367,4.578
-0.010,0.574,0.808,7.690,-13.977,5.310
-0.007,0.568,0.806,6.897,-13.062,5.249
-0.003,0.575,0.797,7.019,-12.207,5.005
-0.008,0.573,0.788,6.348,-11.841,4.395

-0.501,-0.694,1.631,-42.114,-20.813,51.208
-0.465,-0.717,1.564,-43.823,-32.349,63.171
-0.384,-0.662,1.415,-36.926,-39.001,67.810
-0.316,-0.549,1.262,-28.992,-39.917,59.692
-0.235,-0.427,1.082,-20.996,-30.945,42.053
-0.145,-0.296,0.865,-15.015,-13.550,20.325
-0.068,-0.116,0.633,-13.489,4.272,-3.967
0.006,0.110,0.430,-13.672,19.226,-26.062
0.148,0.349,0.262,-16.541,29.663,-39.856
0.281,0.595,0.161,-20.142,29.541,-47.913
0.361,0.852,0.058,-19.104,18.433,-54.871
0.371,1.087,-0.049,-15.320,3.906,-61.523
0.371,1.252,-0.125,-12.451,-4.578,-66.833
0.388,1.409,-0.167,-10.986,-5.798,-70.618
0.339,1.529,-0.183,-10.071,-2.380,-74.707
0.322,1.623,-0.183,-11.719,2.808,-79.346
0.312,1.668,-0.148,-16.235,2.808,-83.740
0.259,1.680,-0.107,-21.667,-2.441,-88.623
0.169,1.675,-0.070,-25.635,-10.132,-91.797
0.079,1.644,-0.047,-29.114,-16.113,-89.050
-0.007,1.606,-0.035,-33.447,-20.935,-80.627
-0.077,1.551,-0.020,-36.987,-26.489,-68.237
-0.132,1.519,0.037,-41.626,-31.799,-52.917
-0.161,1.479,0.155,-45.776,-34.607,-36.621
-0.140,1.418,0.286,-47.180,-32.593,-22.339
-0.100,1.353,0.411,-43.396,-26.672,-11.414
-0.047,1.312,0.504,-35.461,-17.273,-3.418
0.008,1.279,0.577,-25.696,-5.066,1.221
0.073,1.219,0.621,-16.235,8.484,4.272
0.148,1.155,0.622,-6.836,22.522,6.042
0.201,1.097,0.603,2.258,33.264,7.935
0.241,1.037,0.594,8.484,40.955,9.033
0.278,0.987,0.602,13.550,46.814,8.423
0.314,0.950,0.626,17.944,51.514,7.019
0.345,0.921,0.658,21.423,54.382,5.615
0.363,0.891,0.683,24.475,54.626,4.028
0.354,0.853,0.701,26.733,52.917,3.296
0.345,0.821,0.738,29.907,49.927,3.723
0.330,0.770,0.748,34.546,45.593,6.592
0.329,0.726,0.738,39.185,39.490,11.597
0.309,0.676,0.713,41.748,32.410,17.761
0.294,0.627,0.660,41.748,25.146,25.757
0.275,0.572,0.611,38.818,18.311,34.424
0.270,0.540,0.570,33.264,11.963,41.443
0.247,0.529,0.552,24.780,7.629,45.227
0.236,0.502,0.555,14.587,7.812,44.556
0.261,0.486,0.567,6.104,11.597,41.016
0.267,0.511,0.584,1.648,15.747,34.973
0.258,0.548,0.617,-1.831,20.325,26.062
0.232,0.558,0.659,-4.883,25.330,15.259
0.203,0.560,0.695,-5.249,29.968,6.042
0.174,0.576,0.739,-2.502,32.959,0.061
0.169,0.582,0.759,1.282,34.607,-3.174
0.170,0.587,0.758,5.005,33.936,-4.761
0.160,0.593,0.759,8.362,29.236,-6.042
0.161,0.617,0.744,10.925,22.888,-7.812
0.141,0.633,0.729,11.963,17.334,-9.888
0.122,0.640,0.720,12.146,13.977,-12.573
0.128,0.647,0.709,12.207,12.695,-14.709
0.133,0.657,0.722,11.353,13.123,-17.700
0.121,0.650,0.739,11.536,14.465,-22.278
0.127,0.644,0.754,13.489,18.250,-28.137
0.122,0.630,0.753,17.517,22.644,-34.058
0.125,0.616,0.752,21.973,26.123,-39.429
0.118,0.609,0.741,26.001,27.832,-43.579
0.098,0.608,0.733,28.259,27.893,-44.739
0.097,0.618,0.746,29.968,26.306,-40.161
0.108,0.617,0.763,30.518,22.827,-30.823
0.126,0.612,0.772,29.907,15.198,-20.752
0.132,0.602,0.780,28.076,4.395,-10.437
0.144,0.591,0.789,25.146,-5.981,0.061
0.155,0.578,0.782,21.301,-15.930,9.644
0.147,0.565,0.808,18.188,-24.780,15.930
0.146,0.558,0.797,13.550,-29.541,18.677
0.150,0.564,0.803,12.085,-29.602,19.287
0.138,0.556,0.782,13.245,-27.100,17.151
0.123,0.542,0.757,15.625,-22.766,12.451
0.109,0.532,0.727,18.127,-19.043,9.338
0.094,0.519,0.706,19.043,-18.372,8.301
0.068,0.500,0.694,17.822,-20.813,8.850
0.047,0.474,0.691,15.137,-24.719,11.658
0.026,0.455,0.714,11.414,-29.785,16.113
0.022,0.448,0.741,7.690,-34.363,20.386
0.010,0.445,0.755,5.432,-38.574,22.400
-0.001,0.477,0.783,4.395,-42.297,23.682
-0.028,0.495,0.790,1.770,-44.556,24.719
-0.026,0.502,0.835,-1.221,-44.006,23.315
-0.026,0.503,0.832,-4.211,-41.565,22.095
-0.038,0.533,0.821,-6.897,-39.978,19.714
-0.084,0.528,0.854,-7.385,-38.513,16.235
-0.108,0.521,0.832,-8.606,-35.706,14.099
-0.160,0.513,0.872,-6.531,-36.011,14.832
-0.195,0.514,0.857,-6.531,-37.659,17.212
-0.219,0.499,0.857,-5.981,-40.588,22.705
-0.226,0.483,0.857,-4.883,-44.739,30.090
-0.221,0.470,0.849,-3.662,-49.988,37.292
-0.219,0.453,0.851,-2.869,-54.688,42.480
-0.221,0.431,0.855,-4.028,-56.824,43.518
-0.229,0.404,0.864,-6.104,-55.176,41.870
-0.240,0.387,0.887,-7.629,-48.889,37.048
-0.246,0.386,0.914,-8.423,-38.696,29.663
-0.248,0.389,0.954,-8.911,-26.184,20.691
-0.231,0.395,0.977,-7.751,-13.184,11.108
-0.224,0.409,1.003,-4.028,-2.563,1.892
-0.231,0.428,0.988,0.183,4.333,-6.409
-0.233,0.416,1.015,3.967,8.911,-12.146
-0.233,0.445,1.000,6.226,12.817,-15.320
-0.237,0.457,0.990,8.606,13.855,-16.113
-0.241,0.459,0.981,10.132,12.756,-15.137
-0.221,0.469,0.958,11.292,9.460,-12.878
-0.196,0.491,0.921,10.742,4.456,-8.911
-0.199,0.499,0.898,8.057,-0.671,-6.226
-0.194,0.498,0.882,4.761,-3.601,-4.333
-0.174,0.510,0.849,1.648,-3.235,-2.136
-0.165,0.517,0.825,-1.831,-1.343,-0.854
-0.156,0.527,0.820,-5.005,1.160,-1.038
-0.143,0.526,0.815,-7.507,5.493,-1.587
-0.122,0.529,0.809,-8.789,10.620,-2.441
-0.103,0.535,0.811,-9.033,13.916,-3.235

-0.728,-0.110,1.979,-39.978,28.259,-14.038
-0.869,-0.257,2.058,-44.495,29.358,-12.329
-0.983,-0.356,2.040,-49.805,24.292,-3.418
-1.089,-0.484,2.025,-54.993,12.878,11.230
-1.128,-0.646,1.956,-59.692,1.648,26.855
-1.078,-0.796,1.811,-56.885,-6.714,50.781
-0.982,-0.953,1.628,-53.467,-15.869,79.163
-0.787,-1.017,1.423,-50.171,-23.132,98.450
-0.500,-1.011,1.215,-51.819,-28.320,101.807
-0.236,-0.914,1.035,-57.190,-25.330,86.304
0.033,-0.748,0.796,-55.847,-7.385,59.448
0.349,-0.578,0.513,-54.138,16.235,33.142
0.535,-0.289,0.137,-59.753,25.940,9.155
0.627,0.044,-0.196,-60.242,23.315,-12.878
0.768,0.400,-0.576,-60.730,18.188,-25.879
0.837,0.861,-0.888,-63.293,6.775,-37.109
0.798,1.336,-1.083,-67.627,-3.113,-57.617
0.723,1.711,-1.206,-78.064,0.061,-85.632
0.652,1.895,-1.146,-97.229,9.949,-113.647
0.536,1.981,-0.905,-115.173,8.728,-127.747
0.379,2.029,-0.662,-118.652,-5.920,-122.620
0.196,2.053,-0.470,-104.614,-24.719,-103.821
0.050,2.021,-0.286,-80.383,-36.682,-80.505
-0.003,1.919,-0.108,-52.185,-36.926,-56.885
0.004,1.831,0.058,-21.667,-31.860,-34.363
0.071,1.742,0.246,9.583,-26.001,-17.273
0.175,1.623,0.378,32.410,-18.494,-5.188
0.275,1.515,0.485,46.143,-10.620,0.610
0.249,1.417,0.528,52.551,-4.761,-3.723
0.366,1.263,0.523,47.974,15.503,-17.090
0.340,1.135,0.514,36.682,28.625,-15.381
0.472,1.024,0.510,33.203,40.527,-14.771
0.521,0.964,0.501,31.616,42.358,-11.047
0.561,0.907,0.513,28.015,37.537,-7.385
0.552,0.862,0.534,22.095,32.959,-4.883
0.504,0.827,0.550,18.799,26.001,-4.150
0.435,0.809,0.568,16.174,19.592,-3.418
0.372,0.775,0.581,14.832,13.428,-0.427
0.347,0.703,0.598,14.099,6.042,4.822
0.369,0.646,0.607,14.709,-3.540,13.062
0.401,0.606,0.637,17.517,-15.503,22.339
0.424,0.585,0.653,19.897,-25.635,28.198
0.422,0.566,0.652,19.897,-30.273,27.466
0.383,0.531,0.659,15.808,-30.640,20.081
0.314,0.505,0.661,10.864,-27.649,10.620
0.225,0.512,0.646,7.568,-24.170,2.441
0.123,0.537,0.656,4.517,-21.179,-4.517
0.014,0.556,0.651,0.916,-16.296,-11.719
-0.061,0.581,0.666,-0.061,-9.338,-14.832
-0.103,0.631,0.694,2.930,-1.831,-13.062
-0.118,0.658,0.731,7.446,5.371,-9.583
-0.106,0.684,0.781,14.221,11.597,-4.028
-0.048,0.712,0.790,22.217,17.456,3.540
-0.008,0.745,0.777,28.687,19.043,12.085
-0.002,0.749,0.755,32.104,16.052,18.250
0.021,0.727,0.709,34.180,12.024,22.583
0.020,0.696,0.650,36.560,8.362,27.588
0.017,0.653,0.588,36.682,4.761,31.860
0.016,0.626,0.531,33.264,-0.122,33.875
0.027,0.635,0.489,24.231,-6.042,34.851
0.026,0.621,0.487,11.292,-12.329,34.546
0.018,0.598,0.500,0.732,-16.907,33.447
-0.001,0.612,0.518,-5.371,-19.226,35.278
-0.016,0.633,0.549,-8.850,-20.203,39.246
-0.021,0.637,0.579,-10.864,-20.508,44.373
-0.018,0.630,0.602,-10.864,-22.034,50.232
0.002,0.653,0.623,-9.155,-25.818,56.274
0.000,0.635,0.657,-7.690,-31.555,58.899
-0.014,0.646,0.682,-7.385,-36.438,59.021
-0.039,0.651,0.688,-3.418,-38.940,56.274
-0.039,0.673,0.689,1.526,-36.072,51.025
-0.034,0.689,0.683,7.446,-28.931,44.250
-0.062,0.700,0.672,14.404,-19.592,36.438
-0.098,0.692,0.643,19.653,-11.230,29.541
-0.117,0.672,0.619,22.034,-7.141,27.039
-0.119,0.650,0.612,19.165,-7.935,30.823
-0.144,0.607,0.630,12.756,-12.634,38.330
-0.141,0.575,0.648,6.592,-18.799,48.157
-0.103,0.569,0.666,0.000,-24.353,58.228
-0.069,0.573,0.688,-7.263,-29.358,64.575
-0.050,0.582,0.724,-13.428,-32.776,65.186
-0.023,0.612,0.767,-16.663,-31.067,59.875
-0.027,0.631,0.789,-17.029,-22.461,49.377
-0.063,0.604,0.804,-15.442,-8.850,33.752
-0.119,0.574,0.782,-8.667,6.836,17.456
-0.157,0.573,0.753,0.732,21.912,5.127
-0.201,0.538,0.736,5.432,32.349,-2.258
-0.208,0.492,0.735,7.996,37.964,-4.639
-0.186,0.492,0.754,10.254,39.551,-1.282
-0.142,0.500,0.780,10.315,37.903,4.456
-0.088,0.508,0.812,7.263,33.569,9.033
-0.051,0.527,0.840,3.479,26.611,11.414
-0.033,0.552,0.875,-1.221,19.897,12.085
-0.049,0.544,0.916,-5.493,16.296,9.949
-0.052,0.533,0.944,-5.737,15.808,7.874
-0.051,0.531,0.956,-3.418,16.846,6.897
-0.059,0.516,0.966,-0.916,17.395,4.700
-0.037,0.531,0.981,1.221,16.663,1.160
-0.008,0.554,1.015,3.113,15.137,-1.465
0.003,0.566,1.057,5.920,12.939,-2.930
0.032,0.610,1.085,11.963,9.033,-2.686
0.043,0.640,1.102,20.142,2.258,-0.793
0.019,0.638,1.121,28.992,-6.775,2.869
-0.022,0.620,1.090,36.621,-20.081,10.010
-0.088,0.563,1.024,41.687,-36.621,19.043
-0.157,0.508,0.927,43.030,-55.176,28.748
-0.201,0.459,0.827,42.297,-71.106,38.330
-0.222,0.411,0.720,37.048,-78.430,46.875
-0.243,0.374,0.644,27.161,-78.430,51.270
-0.216,0.384,0.610,14.404,-72.205,46.753
-0.220,0.344,0.581,0.488,-57.861,36.682
-0.222,0.358,0.610,-9.827,-35.767,21.362
-0.206,0.409,0.663,-15.808,-9.399,4.333
-0.194,0.444,0.704,-18.555,12.878,-9.155
-0.196,0.464,0.763,-20.447,27.771,-19.165
-0.193,0.469,0.830,-21.912,32.776,-25.024
-0.212,0.462,0.888,-20.508,27.893,-26.611
-0.230,0.460,0.913,-16.113,18.066,-23.193
-0.239,0.467,0.914,-11.536,7.446,-15.137

-0.958,-0.364,1.918,-48.584,39.124,-11.536
-1.052,-0.562,2.022,-56.946,35.095,-3.845
-1.044,-0.728,2.044,-57.922,27.710,7.263
-0.975,-0.831,2.041,-53.162,17.700,20.020
-0.915,-0.876,1.960,-44.983,7.019,25.757
-0.819,-0.946,1.818,-37.292,1.526,20.386
-0.679,-1.023,1.591,-28.137,2.625,9.216
-0.529,-1.039,1.244,-15.137,6.226,1.038
-0.352,-0.985,0.825,-6.348,8.057,-5.676
-0.190,-0.843,0.402,-10.132,8.911,-14.709
0.036,-0.600,-0.013,-21.362,9.583,-22.095
0.252,-0.219,-0.413,-38.330,8.850,-24.841
0.500,0.285,-0.722,-54.199,4.822,-26.306
0.849,0.890,-0.959,-63.599,0.061,-30.579
0.988,1.524,-1.049,-72.510,-5.737,-53.467
1.016,1.999,-0.968,-83.069,0.549,-95.032
1.051,2.341,-0.765,-92.346,22.583,-138.794
0.849,2.598,-0.483,-101.196,44.617,-176.453
0.510,2.602,-0.237,-103.271,57.007,-196.045
0.190,2.475,-0.096,-91.980,50.537,-177.490
-0.073,2.315,0.001,-72.632,15.808,-125.244
-0.256,2.200,0.046,-49.255,-28.137,-60.181
-0.209,2.081,0.087,-29.114,-51.453,-3.601
-0.095,1.979,0.233,-17.273,-48.645,30.640
0.031,1.885,0.396,-6.775,-29.846,37.842
0.242,1.661,0.486,8.545,5.127,24.231
0.289,1.464,0.459,20.142,36.438,23.132
0.452,1.259,0.342,35.339,40.649,16.785
0.497,1.119,0.257,43.030,38.269,20.142
0.582,1.000,0.200,48.279,31.250,20.752
0.589,0.900,0.156,47.668,26.062,17.395
0.529,0.789,0.121,39.917,23.315,12.329
0.447,0.709,0.135,28.809,20.874,7.446
0.365,0.678,0.184,17.212,16.907,5.249
0.263,0.665,0.259,6.104,11.414,2.991
0.169,0.660,0.336,0.000,7.690,0.854
0.092,0.678,0.424,-1.953,6.958,-1.770
0.037,0.746,0.548,2.991,10.376,-6.042
0.059,0.803,0.661,13.306,19.958,-9.888
0.105,0.842,0.750,26.062,32.227,-12.207
0.117,0.834,0.780,35.339,40.588,-15.930
0.100,0.786,0.786,41.138,44.006,-18.982
0.094,0.725,0.771,44.861,44.800,-16.968
0.092,0.668,0.728,46.021,43.030,-8.301
0.079,0.601,0.690,41.138,35.522,2.686
0.052,0.521,0.676,33.569,22.644,13.672
0.048,0.477,0.658,27.283,9.583,24.536
0.057,0.466,0.636,21.118,-0.854,35.522
0.061,0.470,0.633,13.916,-10.498,42.847
0.052,0.482,0.667,7.385,-16.968,46.997
0.048,0.478,0.715,3.906,-16.602,49.927
0.101,0.487,0.752,4.517,-11.841,50.842
0.133,0.485,0.766,6.470,-6.836,45.654
0.145,0.495,0.766,8.240,-2.075,34.790
0.138,0.490,0.759,10.803,4.700,21.240
0.158,0.494,0.743,13.000,12.207,8.362
0.177,0.523,0.722,12.207,17.883,-3.174
0.135,0.544,0.717,9.766,19.775,-14.526
0.108,0.545,0.709,7.568,22.095,-21.484
0.097,0.552,0.700,6.653,24.536,-22.095
0.097,0.571,0.686,6.775,21.545,-18.921
0.078,0.605,0.671,6.592,12.756,-14.343
0.058,0.633,0.662,3.113,1.831,-9.094
0.047,0.660,0.669,-1.343,-6.592,-4.517
0.051,0.699,0.685,-3.601,-11.963,-0.122
0.054,0.722,0.709,-3.906,-14.404,2.441
0.046,0.731,0.722,-3.296,-14.832,2.747
0.028,0.730,0.726,-3.113,-12.939,2.380
0.016,0.728,0.734,-2.380,-8.545,1.038
0.027,0.738,0.729,-1.587,-2.747,-1.953
0.035,0.740,0.728,-0.793,1.953,-6.042
0.038,0.748,0.723,1.953,5.493,-10.437
0.045,0.794,0.709,7.202,8.484,-13.672
0.042,0.817,0.700,11.414,10.437,-15.442
0.021,0.781,0.704,11.536,10.193,-16.357
-0.006,0.726,0.712,13.306,6.958,-13.123
-0.015,0.697,0.702,17.395,2.563,-4.395
-0.008,0.682,0.696,18.738,-2.258,5.859
-0.005,0.667,0.702,16.724,-8.606,13.855
0.012,0.673,0.702,13.611,-15.991,20.386
0.017,0.672,0.708,10.681,-22.949,26.672
0.001,0.650,0.723,7.568,-27.283,32.898
-0.014,0.625,0.743,4.089,-28.625,37.903
-0.024,0.606,0.744,1.709,-28.870,41.748
-0.047,0.570,0.743,0.061,-28.076,45.227
-0.072,0.530,0.743,0.671,-26.062,47.485
-0.068,0.503,0.737,3.052,-21.973,47.913
-0.048,0.482,0.725,5.859,-17.700,46.631
-0.018,0.483,0.721,7.019,-15.015,43.335
-0.003,0.483,0.736,5.310,-12.024,37.476
0.014,0.505,0.755,3.357,-6.592,29.358
0.024,0.542,0.781,1.648,0.122,20.203
0.017,0.574,0.809,-0.122,6.653,10.620
-0.002,0.597,0.839,-0.305,10.986,2.502
-0.034,0.621,0.876,1.709,13.062,-1.160
-0.047,0.634,0.874,6.042,14.221,-0.916
-0.041,0.630,0.842,9.888,14.038,1.831
-0.048,0.623,0.812,10.742,10.376,6.592
-0.056,0.595,0.783,8.179,4.456,11.902
-0.053,0.563,0.760,5.615,-1.343,16.541
-0.057,0.530,0.768,2.808,-5.310,21.179
-0.051,0.512,0.758,-0.244,-6.348,24.780
-0.044,0.515,0.768,-1.587,-5.920,26.306
-0.042,0.520,0.784,-2.991,-5.066,23.926
-0.052,0.537,0.797,-2.380,-3.967,20.142
-0.064,0.553,0.806,0.427,-1.831,15.259
-0.085,0.563,0.827,4.333,1.099,10.254
-0.096,0.551,0.832,12.024,4.883,6.836
-0.099,0.538,0.824,21.362,7.812,5.432
-0.095,0.519,0.804,30.579,7.935,5.859
-0.089,0.500,0.772,37.964,4.883,8.667
-0.068,0.474,0.742,38.818,-0.244,12.695
-0.062,0.439,0.736,33.325,-5.432,15.686
-0.045,0.435,0.745,27.893,-8.545,17.517
-0.027,0.448,0.762,21.790,-8.179,18.066
-0.013,0.456,0.784,15.686,-5.127,16.602
0.013,0.475,0.806,10.925,-2.075,13.977
0.018,0.495,0.826,7.812,-1.282,11.475
0.005,0.501,0.840,5.493,-2.441,9.338

-0.712,-0.524,1.791,-17.456,33.264,-6.287
-0.759,-0.842,1.787,-26.001,22.522,3.723
-0.814,-1.164,1.837,-32.043,7.385,22.339
-0.841,-1.351,1.783,-36.682,-3.540,39.429
-0.778,-1.496,1.698,-38.452,-8.423,49.988
-0.560,-1.606,1.565,-42.847,-5.066,57.739
-0.268,-1.520,1.412,-49.194,0.549,63.232
-0.033,-1.280,1.256,-56.152,5.188,52.429
0.201,-0.942,1.120,-66.772,9.705,20.264
0.332,-0.571,0.998,-72.388,21.484,-22.644
0.475,-0.212,0.757,-63.477,43.457,-62.866
0.595,0.193,0.433,-46.814,62.073,-88.135
0.624,0.696,0.134,-37.476,64.026,-97.595
0.812,1.159,-0.195,-30.334,56.702,-91.370
0.829,1.596,-0.407,-27.527,37.842,-78.430
0.746,1.788,-0.560,-32.166,17.273,-71.045
0.775,1.895,-0.695,-41.626,4.639,-54.810
0.714,2.068,-0.809,-52.673,-13.977,-36.804
0.572,2.158,-0.822,-72.205,-37.537,-31.921
0.377,2.203,-0.757,-95.093,-58.228,-33.386
0.138,2.211,-0.644,-110.962,-70.313,-35.767
0.041,2.110,-0.437,-119.690,-72.510,-39.001
-0.156,2.007,-0.270,-115.295,-73.914,-50.171
-0.224,1.907,-0.146,-102.234,-58.960,-64.026
-0.308,1.814,0.003,-88.135,-38.940,-58.777
-0.269,1.733,0.170,-66.650,-16.174,-60.181
-0.201,1.672,0.325,-42.725,8.789,-64.087
-0.047,1.583,0.459,-20.447,34.302,-66.040
0.144,1.453,0.567,-2.869,53.406,-63.599
0.318,1.315,0.613,12.268,58.899,-54.504
0.450,1.207,0.599,26.001,55.847,-39.673
0.519,1.081,0.546,34.729,45.959,-23.254
0.539,0.953,0.505,38.940,32.898,-10.925
0.539,0.860,0.467,40.527,22.217,-1.587
0.506,0.805,0.455,37.659,14.832,3.906
0.473,0.769,0.473,33.997,12.085,4.150
0.459,0.751,0.512,31.738,14.404,0.183
0.459,0.711,0.565,28.931,19.470,-5.249
0.469,0.630,0.625,25.085,25.696,-10.559
0.467,0.551,0.680,21.973,30.518,-11.047
0.460,0.480,0.707,20.508,30.334,-4.639
0.471,0.465,0.722,19.409,24.658,6.470
0.442,0.450,0.729,17.639,14.771,16.541
0.381,0.421,0.725,16.846,4.150,23.132
0.317,0.419,0.703,17.700,-5.615,26.611
0.254,0.436,0.678,16.846,-13.245,27.100
0.191,0.450,0.671,13.245,-17.456,26.978
0.143,0.467,0.681,9.583,-20.020,26.489
0.134,0.504,0.699,8.179,-21.057,26.855
0.161,0.573,0.728,8.728,-20.203,29.602
0.187,0.640,0.770,9.521,-17.822,31.677
0.191,0.664,0.800,10.498,-14.648,31.433
0.184,0.655,0.826,12.756,-10.559,29.480
0.189,0.650,0.799,17.761,-5.920,27.039
0.184,0.650,0.750,22.827,-3.174,25.513
0.152,0.613,0.715,24.048,-2.441,23.254
0.126,0.594,0.685,23.804,-2.502,18.982
0.105,0.607,0.661,25.208,-2.441,15.930
0.092,0.622,0.634,26.123,-2.197,12.878
0.085,0.637,0.613,25.452,-1.709,11.230
0.077,0.645,0.595,24.353,-1.770,11.414
0.094,0.653,0.586,21.973,-1.709,13.062
0.090,0.656,0.595,18.066,-2.075,16.418
0.096,0.651,0.619,13.550,-3.723,19.470
0.103,0.640,0.646,9.155,-5.798,22.339
0.111,0.640,0.669,4.578,-6.958,24.475
0.104,0.631,0.692,-0.061,-7.446,24.536
0.097,0.631,0.721,-2.502,-7.019,21.667
0.072,0.645,0.776,-1.892,-3.845,15.869
0.062,0.655,0.796,3.296,2.869,8.179
0.081,0.681,0.778,11.047,10.498,1.831
0.078,0.693,0.750,17.395,14.465,-3.418
0.049,0.669,0.726,20.264,14.282,-7.507
0.015,0.657,0.700,22.034,13.672,-7.690
-0.009,0.628,0.674,22.339,12.634,-2.625
-0.040,0.578,0.664,18.494,6.104,5.371
-0.062,0.533,0.661,12.695,-4.272,16.113
-0.058,0.520,0.655,7.996,-13.733,28.076
-0.047,0.510,0.659,4.578,-19.775,38.757
-0.022,0.505,0.686,2.991,-21.606,45.349
0.029,0.516,0.711,3.723,-18.921,46.997
0.067,0.517,0.745,5.737,-14.221,44.189
0.094,0.515,0.769,8.728,-9.155,38.940
0.113,0.513,0.782,12.085,-4.822,32.715
0.128,0.521,0.793,13.855,-1.343,26.794
0.102,0.503,0.813,15.198,0.916,22.034
0.086,0.489,0.818,17.761,1.709,19.592
0.059,0.474,0.811,22.095,0.916,19.653
0.049,0.470,0.786,26.733,-1.160,21.973
0.045,0.473,0.755,28.625,-5.249,25.269
0.047,0.472,0.734,29.175,-10.803,27.954
0.077,0.481,0.708,28.381,-15.137,29.663
0.097,0.486,0.698,26.733,-17.761,28.503
0.101,0.487,0.700,24.597,-17.700,23.987
0.108,0.472,0.696,21.362,-14.648,17.578
0.088,0.448,0.703,16.357,-13.062,11.475
0.043,0.425,0.720,10.376,-14.343,7.019
-0.003,0.429,0.749,5.371,-16.968,4.456
-0.065,0.436,0.768,0.977,-18.799,2.319
-0.094,0.449,0.835,-2.991,-17.700,-0.122
-0.127,0.415,0.874,-4.150,-14.160,-1.221
-0.109,0.448,0.881,-2.014,-10.071,1.343
-0.090,0.448,0.868,-0.244,-8.423,4.639
-0.086,0.437,0.850,-0.488,-10.925,7.385
-0.076,0.423,0.850,-1.831,-15.320,9.583
-0.091,0.432,0.858,-4.028,-18.433,11.353
-0.126,0.429,0.870,-5.005,-18.738,11.780
-0.144,0.409,0.918,-5.005,-15.930,10.315
-0.134,0.401,0.945,-6.470,-8.911,8.728
-0.132,0.408,0.954,-6.165,-3.723,8.789
-0.132,0.407,0.969,-4.761,-1.770,8.301
-0.122,0.413,0.962,-2.563,-2.258,8.911
-0.095,0.448,0.965,-0.244,-3.479,11.047
-0.081,0.469,0.983,-0.183,-4.761,11.902
-0.082,0.459,1.008,-0.366,-5.493,11.108
-0.080,0.461,1.017,1.038,-6.042,10.742
-0.076,0.461,1.018,3.235,-7.507,11.292
-0.084,0.449,1.021,5.005,-9.888,11.658
-0.082,0.445,1.004,7.202,-12.451,11.719

-0.997,-0.603,1.401,-51.331,11.902,-18.799
-1.159,-0.818,1.486,-63.538,20.081,-20.691
-1.214,-0.990,1.553,-71.899,27.222,-12.573
-1.203,-1.071,1.617,-76.050,27.405,3.540
-1.114,-1.086,1.660,-76.172,19.836,21.423
-0.868,-1.020,1.632,-68.909,10.681,35.278
-0.578,-0.895,1.522,-56.824,3.113,41.504
-0.284,-0.744,1.323,-44.800,1.526,37.598
-0.025,-0.509,1.037,-35.400,7.629,22.827
0.230,-0.214,0.696,-28.381,24.902,0.488
0.453,0.074,0.385,-28.809,41.077,-27.039
0.574,0.360,0.116,-37.659,49.011,-52.673
0.666,0.674,-0.125,-46.936,47.974,-69.153
0.764,1.039,-0.335,-50.049,37.659,-72.937
0.817,1.448,-0.503,-47.668,23.254,-68.054
0.726,1.847,-0.681,-45.898,11.108,-66.101
0.630,2.126,-0.808,-51.453,6.958,-64.270
0.561,2.284,-0.758,-68.604,1.099,-61.279
0.376,2.330,-0.587,-86.243,-18.127,-63.965
0.076,2.292,-0.425,-95.154,-46.265,-64.697
-0.156,2.152,-0.262,-95.642,-66.223,-52.612
-0.325,2.017,-0.128,-89.294,-73.486,-35.217
-0.430,1.923,0.004,-72.754,-71.167,-20.203
-0.396,1.886,0.170,-53.284,-55.359,-11.230
-0.411,1.756,0.274,-31.067,-27.710,-14.099
-0.214,1.713,0.367,-19.775,18.005,-12.268
-0.069,1.597,0.514,-1.038,39.734,-12.024
0.187,1.497,0.576,14.648,60.364,-13.306
0.311,1.387,0.569,29.907,63.782,-4.395
0.418,1.254,0.484,41.870,59.998,0.305
0.463,1.121,0.395,50.232,57.983,6.104
0.499,1.008,0.327,52.490,59.387,10.803
0.521,0.916,0.315,48.645,60.791,12.573
0.503,0.849,0.340,42.053,59.204,11.414
0.470,0.776,0.379,35.889,55.786,10.803
0.421,0.708,0.456,31.738,48.767,12.024
0.381,0.665,0.508,28.442,39.551,15.076
0.351,0.642,0.568,29.175,29.114,18.738
0.367,0.612,0.616,32.166,22.095,19.897
0.384,0.609,0.674,34.912,18.433,19.348
0.388,0.600,0.736,35.461,16.602,16.846
0.366,0.591,0.811,33.508,14.771,12.939
0.345,0.584,0.873,33.142,13.733,10.559
0.328,0.569,0.914,33.447,12.268,11.902
0.275,0.533,0.909,31.921,9.460,16.113
0.219,0.498,0.888,30.884,6.714,20.508
0.162,0.458,0.847,29.907,1.709,25.452
0.119,0.436,0.787,28.625,-3.540,29.968
0.096,0.430,0.729,27.100,-8.118,34.180
0.088,0.434,0.678,23.743,-11.230,37.781
0.082,0.433,0.654,19.043,-12.085,39.673
0.090,0.442,0.645,13.733,-10.193,38.696
0.102,0.459,0.645,8.057,-6.714,35.278
0.109,0.482,0.654,3.967,-4.089,29.236
0.116,0.505,0.674,1.770,-1.709,22.095
0.104,0.525,0.707,1.343,1.282,16.357
0.109,0.533,0.738,2.258,4.578,11.047
0.120,0.554,0.757,4.456,6.287,7.507
0.121,0.587,0.767,6.042,4.517,5.615
0.108,0.610,0.781,5.798,1.892,3.540
0.105,0.619,0.788,5.432,1.038,0.854
0.099,0.643,0.778,6.653,0.305,-0.488
0.079,0.655,0.767,6.897,-1.282,-0.793
0.045,0.637,0.758,4.395,-2.747,-1.038
0.012,0.614,0.746,2.136,-4.822,-0.916
-0.020,0.598,0.739,0.732,-8.484,0.549
-0.046,0.595,0.737,0.488,-13.062,2.319
-0.050,0.625,0.719,0.366,-15.808,3.113
-0.063,0.638,0.705,-2.197,-15.747,4.150
-0.084,0.626,0.723,-4.517,-13.184,3.113
-0.084,0.632,0.741,-3.845,-9.521,0.671
-0.087,0.640,0.760,-1.282,-6.042,-1.160
-0.084,0.638,0.762,1.770,-3.540,-2.686
-0.109,0.643,0.777,5.615,-2.258,-3.479
-0.138,0.615,0.784,8.606,-1.038,-2.686
-0.143,0.584,0.779,12.451,0.305,-0.793
-0.130,0.578,0.774,17.212,-0.732,2.686
-0.100,0.566,0.751,20.691,-5.310,6.714
-0.082,0.554,0.723,20.386,-13.306,11.719
-0.079,0.515,0.703,16.968,-19.592,18.982
-0.080,0.479,0.688,10.986,-21.912,25.391
-0.085,0.459,0.687,4.272,-23.437,29.968
-0.097,0.449,0.694,-1.892,-26.184,34.058
-0.097,0.453,0.709,-6.836,-28.564,38.940
-0.093,0.460,0.723,-10.132,-29.602,42.725
-0.100,0.458,0.737,-11.658,-30.334,43.945
-0.088,0.454,0.739,-11.719,-31.189,43.945
-0.097,0.447,0.734,-12.817,-32.776,42.725
-0.120,0.434,0.750,-13.245,-34.790,42.725
-0.125,0.427,0.734,-15.503,-34.912,44.861
-0.129,0.434,0.739,-20.142,-32.898,48.462
-0.148,0.412,0.739,-26.367,-31.311,51.819
-0.138,0.413,0.751,-32.715,-31.250,54.871
-0.135,0.401,0.779,-36.133,-31.128,56.458
-0.149,0.412,0.788,-36.987,-27.588,54.688
-0.139,0.437,0.792,-35.217,-19.714,49.438
-0.138,0.482,0.797,-30.579,-8.179,40.283
-0.153,0.544,0.822,-22.461,5.127,28.442
-0.144,0.603,0.833,-13.794,20.569,17.029
-0.128,0.647,0.848,-8.240,33.325,7.690
-0.125,0.666,0.869,-5.066,39.429,1.038
-0.128,0.675,0.884,-3.479,39.551,-2.136
-0.135,0.690,0.907,-2.380,35.522,-1.953
-0.128,0.695,0.909,-1.465,30.273,1.526
-0.122,0.688,0.902,-0.671,25.940,6.714
-0.112,0.673,0.886,-0.061,22.583,11.841
-0.101,0.649,0.871,0.061,19.409,16.235
-0.091,0.621,0.865,-0.305,16.785,18.799
-0.076,0.610,0.869,-0.793,15.137,20.142
-0.061,0.594,0.852,0.366,15.198,19.775
-0.044,0.585,0.833,2.197,15.991,17.273
-0.030,0.589,0.822,4.028,16.357,12.024
-0.027,0.605,0.817,6.897,16.907,5.310
-0.028,0.615,0.804,10.132,18.921,-1.953
-0.023,0.626,0.805,12.939,21.667,-7.874
-0.033,0.621,0.812,15.442,23.010,-12.329
-0.029,0.611,0.812,17.761,21.973,-14.893
-0.016,0.590,0.813,19.287,19.531,-15.198
-0.022,0.557,0.813,18.982,15.930,-13.550

-0.246,-0.621,2.261,-41.809,2.319,27.039
-0.229,-0.935,2.171,-44.189,-30.579,64.087
-0.195,-1.180,2.025,-46.021,-56.946,91.980
-0.158,-1.413,1.855,-48.767,-66.528,99.609
-0.055,-1.558,1.699,-49.255,-55.847,86.975
0.102,-1.620,1.472,-48.035,-37.048,59.509
0.084,-1.591,1.203,-52.612,-21.912,17.944
-0.025,-1.468,0.885,-58.716,-8.057,-27.161
-0.104,-1.186,0.554,-68.115,8.057,-57.068
-0.155,-0.862,0.216,-75.684,20.508,-62.317
-0.239,-0.411,-0.097,-79.590,19.348,-44.250
-0.138,0.083,-0.359,-74.158,9.033,-16.479
0.128,0.593,-0.659,-66.223,-11.169,6.042
0.157,1.159,-0.874,-61.218,-45.288,13.733
0.328,1.754,-1.035,-46.570,-66.589,11.841
0.577,2.374,-1.129,-30.518,-63.477,2.136
0.611,2.924,-1.130,-28.503,-53.467,-27.283
0.314,3.147,-1.002,-42.847,-46.509,-74.768
-0.175,3.000,-0.680,-67.749,-38.513,-114.807
-0.621,2.641,-0.335,-85.388,-39.551,-120.605
-0.953,2.260,-0.109,-80.139,-61.096,-85.510
-1.006,1.917,-0.005,-55.115,-85.571,-25.085
-0.884,1.799,0.035,-23.315,-87.646,15.442
-0.624,1.856,0.141,-5.432,-62.317,30.457
-0.362,1.848,0.334,3.540,-17.090,18.982
-0.158,1.790,0.527,9.033,31.372,-9.521
-0.068,1.633,0.644,19.653,66.956,-35.706
-0.001,1.411,0.639,35.767,80.872,-46.448
0.102,1.254,0.536,53.406,76.172,-34.912
0.224,1.125,0.438,64.636,61.462,-15.198
0.303,0.976,0.377,65.674,44.373,-1.953
0.307,0.833,0.335,59.570,29.846,5.920
0.274,0.695,0.332,49.133,19.958,12.451
0.233,0.601,0.348,37.231,12.451,15.991
0.172,0.551,0.369,25.208,6.592,16.785
0.123,0.532,0.418,13.611,4.150,15.076
0.117,0.540,0.492,3.113,5.493,10.437
0.129,0.549,0.564,-4.761,9.644,2.808
0.146,0.571,0.643,-7.141,15.686,-5.188
0.142,0.608,0.697,-6.653,20.935,-11.169
0.138,0.638,0.738,-3.601,25.269,-14.893
0.123,0.645,0.761,-0.244,26.733,-17.151
0.084,0.632,0.755,2.625,22.644,-17.273
0.019,0.616,0.726,5.310,14.893,-14.709
-0.015,0.598,0.693,7.751,6.531,-8.179
-0.041,0.571,0.660,8.606,0.061,0.732
-0.020,0.563,0.652,5.554,-5.676,10.498
-0.022,0.569,0.652,5.005,-17.700,17.090
-0.011,0.583,0.641,8.362,-21.973,16.663
0.009,0.609,0.613,12.207,-15.320,13.733
-0.004,0.605,0.589,16.296,-8.301,7.568
-0.001,0.610,0.598,19.470,-2.136,-0.061
0.008,0.629,0.608,22.827,4.578,-5.188
0.026,0.628,0.618,23.743,10.071,-8.545
0.032,0.602,0.635,22.156,13.123,-9.277
0.042,0.593,0.631,20.081,13.916,-6.775
0.030,0.602,0.638,15.808,12.085,-2.380
0.026,0.584,0.637,10.315,9.094,0.916
0.005,0.570,0.618,5.188,6.287,6.165
0.009,0.572,0.603,3.113,4.517,12.756
0.022,0.587,0.590,1.953,2.136,16.785
0.033,0.607,0.596,-0.549,-1.953,16.113
0.036,0.639,0.621,-4.700,-3.845,12.329
0.029,0.670,0.650,-10.559,-2.319,7.263
-0.016,0.689,0.709,-16.907,1.160,2.014
-0.061,0.720,0.782,-20.203,5.554,-1.587
-0.094,0.756,0.835,-18.433,9.277,-2.930
-0.115,0.784,0.858,-12.756,9.399,-1.709
-0.142,0.799,0.865,-5.493,6.226,1.160
-0.166,0.795,0.835,2.319,1.831,4.944
-0.193,0.770,0.801,9.583,-3.479,7.690
-0.234,0.723,0.754,15.076,-9.583,10.681
-0.273,0.690,0.699,19.043,-14.709,14.404
-0.279,0.666,0.646,20.630,-16.724,19.775
-0.265,0.649,0.598,20.081,-14.954,26.794
-0.244,0.638,0.592,17.761,-12.268,31.982
-0.214,0.628,0.604,14.160,-10.437,32.715
-0.207,0.631,0.630,10.193,-8.972,29.541
-0.211,0.634,0.661,8.179,-5.981,24.353
-0.207,0.627,0.674,8.850,-0.671,19.714
-0.219,0.617,0.679,10.437,4.395,15.564
-0.232,0.617,0.690,12.878,6.348,11.047
-0.262,0.610,0.706,16.785,4.578,7.019
-0.289,0.615,0.708,23.499,0.854,5.127
-0.284,0.636,0.678,32.043,-0.549,7.141
-0.244,0.652,0.651,39.063,0.427,11.536
-0.186,0.638,0.578,36.499,3.723,17.090
-0.155,0.576,0.577,24.292,8.423,21.057
-0.144,0.523,0.592,11.475,13.611,21.179
-0.115,0.534,0.670,-0.916,20.752,18.860
-0.065,0.542,0.777,-11.536,31.067,15.198
-0.002,0.607,0.876,-17.761,40.161,11.475
0.017,0.660,0.968,-22.522,44.495,4.883
-0.018,0.674,1.049,-22.827,44.373,-1.038
-0.022,0.686,1.102,-16.235,42.664,-2.197
-0.055,0.657,1.119,-6.592,39.246,-0.549
-0.064,0.639,1.080,3.174,33.447,3.235
-0.077,0.606,1.008,13.855,25.452,8.057
-0.083,0.595,0.919,22.522,18.311,13.733
-0.076,0.593,0.828,26.062,14.282,19.043
-0.069,0.586,0.759,23.926,13.977,22.034
-0.056,0.585,0.741,19.348,15.991,22.095
-0.038,0.573,0.748,13.184,19.836,20.508
-0.024,0.567,0.779,6.348,24.841,18.372
0.000,0.569,0.830,-0.122,30.029,17.029
0.024,0.559,0.863,-3.906,33.569,17.029
0.048,0.554,0.883,-3.418,33.203,15.747
0.057,0.548,0.897,1.160,28.015,13.550
0.048,0.534,0.882,7.507,20.020,11.108
0.051,0.514,0.850,14.221,13.733,9.338
0.062,0.512,0.806,21.118,8.118,8.484
0.060,0.518,0.777,28.503,2.930,7.690
0.065,0.514,0.756,33.325,0.244,5.676
0.077,0.503,0.730,35.461,-0.916,2.258
0.058,0.485,0.704,34.973,-3.113,-0.916
0.044,0.465,0.687,32.837,-6.226,-2.686
0.045,0.478,0.688,31.067,-9.338,-2.319
0.051,0.490,0.715,29.297,-10.620,-0.977
0.057,0.480,0.731,26.306,-9.216,0.122

-0.806,-0.414,2.068,-39.368,111.755,-52.551
-0.931,-0.639,2.181,-57.861,129.333,-60.730
-0.965,-0.923,2.349,-68.848,133.362,-52.795
-0.852,-1.119,2.403,-75.073,119.629,-27.039
-0.759,-1.196,2.399,-69.214,83.618,7.385
-0.664,-1.268,2.374,-62.622,46.082,33.386
-0.456,-1.314,2.303,-57.129,27.222,41.626
-0.204,-1.222,2.146,-40.405,22.644,38.086
0.016,-1.066,1.845,-16.846,25.879,24.414
0.229,-0.904,1.430,-0.122,34.180,0.977
0.377,-0.664,0.968,8.728,40.833,-29.480
0.509,-0.435,0.495,13.611,50.842,-60.425
0.544,-0.195,-0.010,7.019,64.148,-86.060
0.634,0.096,-0.414,-9.766,74.707,-103.516
0.708,0.418,-0.666,-36.194,74.463,-110.474
0.663,0.754,-0.747,-66.833,65.369,-112.000
0.760,1.033,-0.750,-91.614,57.434,-108.337
0.851,1.405,-0.743,-101.868,48.035,-96.313
0.955,1.838,-0.800,-93.750,37.354,-85.632
1.109,2.164,-0.888,-85.083,30.334,-86.182
0.983,2.446,-0.818,-86.182,22.583,-106.384
0.752,2.546,-0.673,-82.458,24.719,-133.545
0.621,2.438,-0.601,-82.275,40.833,-147.217
0.387,2.277,-0.428,-86.548,44.617,-141.968
0.205,2.037,-0.219,-85.266,27.649,-120.972
0.052,1.778,-0.076,-74.158,-1.404,-84.167
-0.051,1.491,-0.055,-54.993,-30.029,-43.030
-0.022,1.229,-0.047,-35.522,-42.419,-4.211
0.134,1.060,-0.021,-17.395,-34.607,25.208
0.385,0.899,0.068,-5.493,-14.832,35.522
0.700,0.713,0.187,-0.488,4.639,33.203
0.958,0.581,0.322,1.282,15.259,27.527
1.082,0.509,0.434,3.174,17.212,16.724
1.122,0.485,0.500,3.479,22.034,3.235
1.060,0.477,0.568,3.174,25.513,-8.423
0.962,0.470,0.666,2.563,26.001,-19.897
0.804,0.500,0.735,5.066,19.226,-23.560
0.661,0.532,0.796,12.756,10.681,-20.691
0.572,0.569,0.810,22.156,5.981,-15.198
0.473,0.591,0.792,30.701,1.404,-9.277
0.369,0.619,0.737,37.354,-2.380,-4.639
0.281,0.658,0.683,44.128,-1.038,-0.549
0.238,0.688,0.614,50.232,4.333,5.249
0.236,0.725,0.552,54.382,8.850,14.221
0.258,0.746,0.506,55.298,8.850,27.710
0.301,0.725,0.477,52.002,4.211,44.434
0.387,0.656,0.456,45.105,-4.089,64.026
0.496,0.595,0.457,36.072,-18.066,83.984
0.574,0.545,0.466,25.330,-36.621,101.135
0.646,0.514,0.484,13.916,-53.406,112.488
0.674,0.509,0.514,3.235,-63.904,115.234
0.672,0.513,0.551,-5.005,-64.697,108.826
0.664,0.520,0.573,-8.118,-55.359,94.116
0.655,0.553,0.594,-5.859,-37.720,70.374
0.597,0.593,0.614,1.160,-22.156,48.218
0.560,0.615,0.609,9.155,-7.629,24.048
0.481,0.627,0.617,16.479,1.038,3.723
0.412,0.638,0.630,24.963,5.310,-8.362
0.350,0.663,0.635,34.119,7.812,-14.709
0.316,0.690,0.651,38.879,7.507,-14.465
0.286,0.703,0.672,39.185,5.493,-9.094
0.289,0.707,0.695,36.987,3.418,0.610
0.303,0.706,0.720,33.691,0.549,10.925
0.324,0.708,0.752,28.748,-2.747,19.531
0.348,0.704,0.798,24.292,-5.981,26.245
0.373,0.695,0.838,19.653,-8.911,31.677
0.365,0.701,0.874,15.808,-13.123,37.048
0.313,0.682,0.913,13.550,-21.851,40.710
0.264,0.664,0.922,12.512,-31.860,42.847
0.218,0.647,0.907,17.273,-39.856,45.898
0.199,0.619,0.862,22.827,-43.152,47.729
0.167,0.593,0.823,27.649,-43.091,47.791
0.165,0.564,0.773,32.898,-39.246,47.668
0.186,0.550,0.725,36.743,-31.677,48.828
0.208,0.522,0.697,36.987,-23.987,48.523
0.218,0.498,0.696,33.386,-17.883,46.509
0.211,0.474,0.721,28.259,-14.404,44.006
0.184,0.437,0.749,22.766,-14.038,41.443
0.153,0.414,0.774,20.020,-17.212,39.490
0.156,0.409,0.786,19.775,-22.095,39.246
0.139,0.425,0.797,17.029,-26.794,37.659
0.110,0.414,0.818,15.381,-30.579,33.447
0.110,0.424,0.833,16.541,-30.579,29.297
0.112,0.455,0.838,19.653,-27.344,27.649
0.127,0.469,0.828,21.606,-21.973,26.428
0.140,0.454,0.817,21.301,-18.127,25.146
0.131,0.436,0.811,19.531,-19.226,25.574
0.109,0.393,0.823,17.517,-23.376,26.978
0.093,0.343,0.814,15.076,-25.940,29.175
0.085,0.317,0.816,12.817,-24.902,31.616
0.085,0.310,0.826,10.803,-21.301,31.738
0.101,0.303,0.832,8.911,-17.029,30.151
0.143,0.335,0.849,8.362,-12.512,27.222
0.158,0.345,0.850,8.667,-9.033,22.461
0.156,0.356,0.858,10.254,-6.165,15.869
0.140,0.358,0.872,13.855,-3.174,10.742
0.132,0.349,0.854,15.625,0.671,8.667
0.113,0.329,0.826,16.724,2.197,9.033
0.104,0.298,0.808,14.587,0.000,10.803
0.105,0.276,0.808,10.315,-5.005,13.733
0.108,0.283,0.823,5.188,-10.986,17.517
0.111,0.297,0.856,0.488,-15.625,19.043
0.106,0.307,0.893,-3.906,-17.395,17.334
0.098,0.329,0.925,-4.211,-15.625,14.221
0.093,0.361,0.954,-0.732,-10.742,10.376
0.091,0.391,0.961,2.625,-3.601,6.165
0.081,0.414,0.971,6.104,4.089,0.977
0.061,0.394,0.966,5.981,11.047,-4.028
0.030,0.347,0.946,5.127,13.977,-7.141
0.010,0.354,0.937,5.310,10.925,-5.554
-0.002,0.368,0.928,3.906,4.211,-1.282
-0.006,0.351,0.920,0.549,-4.272,4.395
-0.007,0.338,0.927,-3.113,-14.282,11.414
0.009,0.344,0.924,-5.859,-23.315,17.761
0.023,0.345,0.916,-8.667,-28.503,21.667
0.017,0.335,0.921,-11.108,-29.236,21.851
0.031,0.340,0.926,-10.498,-26.611,19.287
0.047,0.369,0.923,-5.920,-22.034,16.052
0.036,0.375,0.912,-0.244,-17.944,11.780

-0.003,-0.924,1.697,-42.847,-9.460,39.124
0.033,-1.028,1.694,-36.072,1.465,42.175
-0.050,-1.104,1.561,-33.630,10.071,46.143
-0.102,-1.164,1.399,-35.034,21.118,59.998
0.098,-1.146,1.220,-46.265,32.532,81.543
0.282,-1.037,1.028,-65.369,27.100,100.464
0.329,-0.833,0.912,-91.431,-5.432,108.459
0.272,-0.597,0.835,-118.225,-50.842,107.544
0.148,-0.317,0.716,-130.005,-86.487,104.858
0.278,0.064,0.561,-121.216,-101.379,106.140
0.493,0.380,0.351,-98.022,-116.577,95.764
0.469,0.739,0.067,-71.289,-148.437,55.420
0.222,1.109,-0.333,-43.213,-168.701,-4.272
0.020,1.341,-0.817,-18.860,-147.156,-61.768
-0.156,1.470,-1.190,-13.245,-100.464,-99.365
-0.248,1.597,-1.274,-29.175,-68.359,-115.356
-0.381,1.776,-1.072,-54.810,-70.557,-117.493
-0.469,1.910,-0.835,-71.533,-86.731,-104.065
-0.493,2.038,-0.631,-72.327,-100.037,-78.552
-0.569,2.150,-0.481,-60.181,-104.980,-57.983
-0.633,2.185,-0.379,-46.143,-95.642,-48.767
-0.701,2.196,-0.214,-32.471,-77.454,-45.898
-0.786,2.147,-0.028,-20.996,-59.875,-43.335
-0.867,2.008,0.142,-10.315,-48.523,-38.025
-0.883,1.848,0.242,3.540,-40.222,-25.574
-0.804,1.711,0.292,16.602,-28.137,-4.822
-0.649,1.591,0.346,22.522,-13.611,16.296
-0.435,1.484,0.439,21.729,1.099,30.823
-0.226,1.363,0.552,15.259,14.526,36.865
-0.060,1.261,0.642,5.615,29.480,38.574
0.066,1.169,0.673,-1.343,45.776,37.292
0.136,1.061,0.705,-3.845,55.847,33.936
0.161,0.987,0.737,-3.662,59.509,28.992
0.172,0.937,0.755,-0.366,61.218,23.132
0.149,0.899,0.789,3.296,60.974,18.494
0.102,0.831,0.825,6.226,58.533,15.381
0.076,0.761,0.865,11.658,54.749,16.907
0.100,0.725,0.875,17.273,49.622,21.729
0.100,0.693,0.853,20.935,40.771,23.254
0.182,0.670,0.854,20.203,37.720,23.193
0.174,0.633,0.856,22.766,28.992,21.851
0.208,0.606,0.818,25.208,22.461,15.503
0.190,0.578,0.781,28.320,12.695,10.925
0.169,0.539,0.729,29.297,1.770,4.822
0.079,0.516,0.655,28.320,-6.409,-0.366
-0.016,0.494,0.579,25.879,-8.362,-1.953
-0.069,0.485,0.536,21.912,-2.991,-0.549
-0.115,0.498,0.525,15.015,2.380,-0.854
-0.180,0.520,0.532,9.521,6.958,-3.418
-0.224,0.562,0.551,6.592,12.939,-6.531
-0.236,0.614,0.552,6.226,19.592,-10.437
-0.223,0.675,0.575,9.094,22.827,-12.146
-0.203,0.716,0.578,9.521,21.118,-14.893
-0.212,0.723,0.581,8.850,14.954,-17.822
-0.265,0.725,0.567,10.498,6.653,-20.508
-0.330,0.722,0.528,13.733,1.160,-18.555
-0.363,0.698,0.486,15.442,0.305,-9.949
-0.390,0.662,0.456,14.282,2.441,2.808
-0.384,0.632,0.453,11.353,3.479,16.418
-0.354,0.626,0.471,7.385,1.709,26.855
-0.321,0.635,0.475,5.066,1.343,31.372
-0.280,0.673,0.531,5.798,4.089,28.381
-0.230,0.699,0.556,5.920,11.963,17.883
-0.209,0.699,0.601,5.859,22.522,1.526
-0.221,0.700,0.656,6.470,32.837,-17.029
-0.245,0.705,0.714,9.705,41.870,-30.579
-0.256,0.716,0.749,14.648,49.805,-33.264
-0.250,0.716,0.775,16.968,56.641,-25.635
-0.225,0.690,0.792,17.761,56.152,-12.207
-0.193,0.684,0.801,16.785,45.471,1.343
-0.134,0.666,0.794,12.756,28.564,13.550
-0.120,0.624,0.817,4.822,10.681,20.081
-0.129,0.602,0.846,0.854,-0.977,20.813
-0.127,0.584,0.843,0.488,-1.160,19.348
-0.111,0.580,0.838,2.197,6.470,17.029
-0.098,0.565,0.839,3.540,15.503,12.085
-0.081,0.546,0.851,3.174,22.522,6.287
-0.070,0.543,0.877,1.587,26.306,2.808
-0.063,0.524,0.907,0.488,28.442,-0.427
-0.071,0.513,0.966,0.366,29.419,-3.601
-0.029,0.526,0.982,1.099,30.273,-6.348
-0.007,0.538,1.051,5.859,28.931,-8.606
0.005,0.549,1.053,9.033,27.161,-11.536
0.000,0.558,1.059,11.719,22.827,-15.137
-0.026,0.538,1.049,13.367,17.395,-18.433
-0.056,0.526,1.027,16.174,13.855,-18.433
-0.076,0.521,0.987,18.616,13.550,-15.930
-0.114,0.503,0.966,19.226,14.465,-14.526
-0.137,0.479,0.951,20.935,15.259,-12.634
-0.123,0.468,0.917,22.949,15.991,-9.766
-0.101,0.478,0.881,23.865,14.954,-7.202
-0.093,0.458,0.861,23.193,12.756,-6.104
-0.082,0.445,0.848,23.315,11.047,-5.493
-0.045,0.458,0.839,26.001,12.390,-5.798
-0.012,0.457,0.834,28.381,15.808,-9.216
-0.004,0.450,0.833,29.419,18.738,-14.526
-0.006,0.437,0.834,29.236,19.165,-20.325
-0.008,0.424,0.828,29.297,18.555,-23.682
-0.012,0.400,0.818,28.381,18.433,-23.254
-0.015,0.383,0.817,27.039,18.127,-20.386
-0.008,0.387,0.815,24.414,16.113,-15.686
0.003,0.390,0.833,20.081,12.329,-10.620
0.011,0.390,0.861,15.930,8.301,-5.798
0.042,0.401,0.884,13.489,4.944,-2.319
0.061,0.429,0.907,11.414,3.479,-1.526
0.045,0.439,0.914,10.071,4.639,-3.906
0.031,0.416,0.924,8.850,9.705,-7.751
0.017,0.416,0.926,8.301,17.212,-11.292
0.028,0.440,0.913,8.484,22.949,-14.709
-0.004,0.437,0.898,7.812,25.146,-18.005
-0.040,0.429,0.887,8.301,25.391,-18.005
-0.043,0.430,0.877,9.827,24.902,-15.198
-0.037,0.431,0.864,10.986,21.606,-10.559
-0.032,0.424,0.854,10.071,15.503,-5.188
-0.040,0.404,0.871,8.484,8.911,-1.465
-0.041,0.392,0.882,8.606,4.333,1.526
-0.034,0.366,0.899,10.315,1.648,4.822
-0.023,0.369,0.897,11.719,-0.488,7.751
-0.022,0.371,0.883,13.184,-1.160,9.644

-0.394,-0.575,1.935,-50.720,21.729,-2.441
-0.345,-0.687,1.918,-43.945,13.062,6.836
-0.216,-0.769,1.831,-34.302,-0.244,16.846
-0.080,-0.813,1.700,-28.198,-14.587,25.269
0.004,-0.871,1.651,-28.015,-25.757,26.672
0.048,-0.969,1.536,-29.480,-30.090,20.813
0.140,-1.024,1.428,-28.564,-24.414,11.169
0.229,-1.024,1.256,-26.245,-15.564,-0.916
0.302,-0.965,1.071,-28.564,-12.085,-14.771
0.348,-0.798,0.881,-35.645,-11.536,-29.724
0.489,-0.517,0.722,-44.312,-6.104,-44.800
0.622,-0.267,0.558,-53.833,0.671,-63.049
0.668,0.038,0.421,-57.556,1.648,-82.092
0.699,0.341,0.261,-58.228,0.305,-101.257
0.658,0.631,0.164,-59.326,2.319,-116.455
0.620,0.907,0.037,-55.542,9.705,-122.131
0.696,1.152,-0.106,-49.683,17.517,-116.638
0.732,1.412,-0.266,-49.561,18.372,-103.394
0.727,1.721,-0.350,-50.232,10.925,-86.304
0.734,1.978,-0.420,-53.955,1.587,-66.589
0.665,2.124,-0.437,-66.345,-12.573,-50.903
0.585,2.207,-0.347,-78.613,-35.583,-37.170
0.403,2.214,-0.233,-83.984,-62.500,-25.024
0.267,2.176,-0.128,-90.088,-78.125,-10.559
0.041,2.087,-0.023,-84.656,-96.863,-2.319
-0.166,1.956,0.026,-73.975,-103.577,0.427
-0.319,1.802,0.056,-57.007,-101.379,4.456
-0.394,1.672,0.076,-40.100,-86.731,7.324
-0.418,1.567,0.123,-26.917,-64.392,11.902
-0.371,1.505,0.199,-19.531,-36.072,14.771
-0.272,1.434,0.302,-16.235,-4.700,14.343
-0.139,1.338,0.420,-13.428,22.217,12.512
-0.031,1.235,0.518,-7.202,38.635,11.536
0.062,1.154,0.582,3.906,45.898,13.000
0.139,1.081,0.588,15.747,48.767,14.221
0.203,1.022,0.574,27.161,53.589,13.000
0.230,0.970,0.570,37.659,59.509,10.376
0.252,0.928,0.571,46.875,66.772,5.554
0.272,0.890,0.561,55.054,73.303,2.319
0.301,0.830,0.572,60.852,75.989,0.549
0.332,0.760,0.562,61.462,72.815,1.465
0.361,0.690,0.553,59.326,63.171,6.836
0.405,0.610,0.540,53.589,50.171,14.526
0.434,0.543,0.546,45.105,37.415,24.170
0.441,0.503,0.577,37.415,24.780,33.447
0.464,0.444,0.608,29.846,15.320,42.053
0.470,0.410,0.631,24.170,6.775,49.194
0.465,0.402,0.639,19.897,-1.709,53.894
0.453,0.382,0.654,14.465,-9.094,55.115
0.407,0.378,0.677,6.897,-12.695,52.307
0.364,0.382,0.708,1.343,-12.878,44.800
0.315,0.392,0.731,-0.488,-8.606,36.072
0.293,0.413,0.724,1.709,-0.427,28.198
0.309,0.450,0.742,5.188,7.996,20.874
0.266,0.496,0.744,3.479,13.977,13.123
0.208,0.494,0.782,1.831,15.869,5.737
0.178,0.484,0.794,3.357,17.517,2.686
0.155,0.483,0.793,8.179,17.761,4.456
0.153,0.506,0.774,13.855,15.747,7.690
0.182,0.552,0.751,17.883,13.000,9.888
0.208,0.600,0.729,15.442,11.292,8.972
0.158,0.615,0.754,8.606,8.850,2.075
0.103,0.622,0.795,7.019,8.545,-5.188
0.083,0.642,0.806,11.597,13.733,-7.019
0.079,0.633,0.813,18.127,19.165,-4.517
0.100,0.622,0.813,22.888,19.287,0.732
0.145,0.626,0.800,25.696,13.123,9.033
0.160,0.605,0.820,22.766,3.357,15.808
0.138,0.536,0.835,15.137,-7.019,17.944
0.115,0.519,0.880,13.611,-15.991,19.958
0.101,0.524,0.909,14.832,-17.761,21.484
0.106,0.513,0.907,15.320,-13.000,21.362
0.105,0.509,0.898,17.151,-7.263,22.583
0.129,0.519,0.885,19.165,-4.211,24.353
0.171,0.505,0.872,19.775,-4.517,26.550
0.180,0.482,0.868,19.043,-8.484,28.870
0.185,0.469,0.876,18.616,-13.916,29.663
0.180,0.447,0.881,19.104,-17.578,28.503
0.181,0.424,0.876,21.301,-19.104,27.100
0.178,0.401,0.874,24.719,-19.043,25.208
0.153,0.370,0.872,28.076,-18.066,22.278
0.138,0.342,0.862,31.799,-16.235,18.921
0.119,0.309,0.847,34.973,-13.611,15.991
0.107,0.291,0.835,37.231,-10.315,13.367
0.097,0.275,0.817,37.598,-7.263,10.437
0.083,0.265,0.810,36.499,-5.920,7.385
0.079,0.257,0.801,34.668,-5.676,5.249
0.067,0.255,0.802,31.799,-6.042,3.235
0.023,0.260,0.827,29.236,-6.409,0.732
-0.005,0.268,0.836,28.992,-5.066,-0.183
-0.005,0.272,0.804,28.992,-3.113,1.038
-0.005,0.260,0.821,27.954,-4.395,2.869
-0.001,0.241,0.812,22.583,-6.897,4.456
-0.006,0.232,0.811,18.677,-10.742,7.812
-0.004,0.227,0.838,17.151,-14.160,11.414
0.015,0.221,0.832,12.207,-14.954,13.428
0.024,0.215,0.847,6.470,-13.672,13.977
0.049,0.222,0.864,3.235,-11.658,13.062
0.064,0.258,0.917,1.343,-7.507,10.132
0.075,0.289,0.970,-0.061,-0.793,4.456
0.074,0.307,1.006,-0.732,7.935,-1.587
0.078,0.331,1.037,0.122,15.259,-5.554
0.050,0.352,1.057,1.953,19.287,-7.690
0.039,0.369,1.052,4.456,20.081,-7.080
0.037,0.394,1.043,5.737,17.883,-4.150
0.026,0.394,1.043,4.578,13.245,-1.282
0.004,0.394,1.037,2.319,7.019,1.221
0.011,0.409,1.035,-1.099,1.465,3.418
-0.004,0.407,1.029,-5.371,-2.014,5.005
-0.014,0.408,1.029,-10.193,-3.479,4.578
-0.020,0.406,1.031,-14.221,-3.296,2.930
-0.025,0.416,1.039,-16.296,-1.892,1.038
-0.035,0.418,1.041,-16.479,0.305,-1.099
-0.046,0.405,1.043,-16.541,2.991,-2.686
-0.051,0.383,1.041,-16.174,5.859,-4.089
-0.057,0.375,1.042,-13.733,7.690,-3.784
-0.046,0.382,1.045,-10.803,8.789,-2.502
-0.033,0.388,1.035,-8.362,8.240,-0.977
-0.028,0.384,1.019,-5.554,5.310,0.488

0.529,1.955,-0.860,-79.529,13.123,-38.879
0.480,2.444,-0.737,-72.998,6.226,-39.185
0.464,2.754,-0.684,-59.570,-0.610,-50.476
0.211,2.852,-0.599,-59.875,-14.648,-67.444
-0.125,2.730,-0.374,-75.195,-35.522,-82.214
-0.406,2.473,-0.041,-89.844,-51.208,-79.773
-0.579,2.142,0.211,-84.412,-58.289,-65.674
-0.558,1.811,0.329,-63.354,-49.805,-48.401
-0.356,1.606,0.448,-43.274,-30.334,-29.663
-0.038,1.442,0.654,-26.489,-4.028,-22.400
0.322,1.265,0.835,-9.033,25.391,-28.076
0.672,1.069,0.901,6.287,52.856,-31.738
0.884,0.855,0.886,17.639,58.472,-26.672
0.949,0.672,0.807,23.743,39.917,-11.108
0.860,0.581,0.717,22.949,8.972,12.878
0.677,0.575,0.669,13.855,-24.414,34.302
0.422,0.603,0.671,-0.732,-50.232,44.983
0.176,0.646,0.694,-12.939,-61.340,47.119
0.016,0.682,0.724,-18.616,-58.105,48.096
-0.063,0.708,0.781,-17.273,-50.232,49.683
-0.074,0.761,0.838,-9.155,-43.579,53.406
-0.076,0.798,0.887,2.319,-35.034,54.626
-0.039,0.825,0.888,14.709,-19.958,48.950
-0.030,0.851,0.843,26.062,-0.793,39.429
-0.041,0.872,0.755,34.058,15.808,28.809
-0.052,0.880,0.664,38.269,25.574,21.118
-0.045,0.876,0.586,37.659,28.931,20.020
-0.040,0.870,0.528,34.912,27.954,22.278
-0.004,0.825,0.492,32.532,25.024,25.452
0.041,0.815,0.471,29.968,20.325,33.875
0.130,0.789,0.462,27.710,16.052,43.701
0.225,0.741,0.484,22.339,12.024,49.500
0.274,0.686,0.520,17.761,4.089,49.988
0.325,0.666,0.589,13.977,-1.343,47.302
0.316,0.622,0.668,13.245,-2.197,41.260
0.296,0.559,0.712,16.113,3.113,32.593
0.291,0.522,0.700,22.705,11.230,25.391
0.273,0.505,0.674,26.855,16.052,19.409
0.228,0.452,0.667,28.076,15.625,11.536
0.174,0.418,0.657,28.625,11.780,4.761
0.136,0.425,0.648,30.884,6.714,1.038
0.141,0.445,0.626,30.396,3.540,-0.427
0.135,0.442,0.634,25.085,1.953,-0.977
0.122,0.430,0.686,18.005,0.977,-3.418
0.116,0.425,0.744,13.428,3.418,-5.920
0.113,0.432,0.768,12.268,8.667,-6.287
0.109,0.425,0.797,14.771,12.146,-6.714
0.146,0.477,0.833,14.282,14.160,-6.287
0.105,0.513,0.866,9.949,11.719,-8.667
0.064,0.499,0.888,8.423,7.996,-13.306
0.012,0.477,0.906,14.038,4.456,-13.611
-0.011,0.468,0.884,24.475,3.479,-9.399
0.003,0.494,0.851,33.813,3.479,-2.686
-0.002,0.509,0.830,34.729,2.319,3.723
-0.012,0.460,0.830,29.846,0.549,8.545
-0.008,0.434,0.825,27.893,0.366,13.977
0.030,0.443,0.822,28.748,1.282,20.020
0.083,0.429,0.791,24.475,1.038,22.705
0.061,0.386,0.804,17.029,-3.784,21.240
0.023,0.356,0.828,12.695,-9.521,18.250
-0.000,0.338,0.838,11.047,-9.827,16.418
-0.003,0.330,0.834,9.827,-5.554,16.113
-0.001,0.330,0.819,7.935,-1.343,16.418
-0.013,0.329,0.820,3.967,0.061,16.724
-0.018,0.330,0.830,0.549,0.061,18.372
-0.014,0.343,0.834,-0.671,0.366,21.912
-0.004,0.346,0.838,-0.793,0.732,25.146
0.008,0.337,0.835,-1.831,0.366,27.222
0.006,0.337,0.849,-2.930,-1.221,27.039
-0.005,0.349,0.875,-2.869,-3.113,25.085
0.007,0.359,0.889,-1.587,-2.930,23.376
0.016,0.370,0.893,0.488,-0.610,21.057
0.040,0.390,0.877,1.160,2.441,18.127
0.036,0.422,0.888,0.793,4.639,13.855
0.019,0.438,0.914,0.977,7.446,7.568
0.017,0.451,0.927,3.052,11.902,1.770
0.006,0.464,0.940,6.470,16.174,-1.343
0.015,0.459,0.937,10.376,19.287,-3.296
0.024,0.454,0.926,14.282,19.409,-3.784
0.019,0.447,0.911,16.541,14.404,-2.563
0.014,0.429,0.898,16.357,6.897,-0.854
0.032,0.411,0.869,14.282,2.014,3.296
0.037,0.384,0.848,11.414,0.793,8.484
0.045,0.380,0.848,10.010,1.343,11.414
0.056,0.387,0.845,8.972,2.441,12.695
0.061,0.380,0.845,6.531,3.235,12.207
0.063,0.376,0.852,3.357,3.723,9.155
0.058,0.386,0.873,1.953,4.517,6.165
0.040,0.405,0.893,2.747,7.751,4.761
0.040,0.404,0.912,4.211,12.085,5.249
0.044,0.422,0.938,6.897,15.442,8.179
0.070,0.448,0.936,12.146,15.991,12.756
0.092,0.434,0.934,13.916,14.343,16.418
0.111,0.415,0.915,11.963,11.658,18.982
0.127,0.404,0.910,9.583,9.216,20.203
0.143,0.377,0.903,6.226,7.751,19.531
0.142,0.377,0.926,1.770,5.676,17.151
0.155,0.388,0.958,-2.014,6.226,14.587
0.133,0.399,0.975,-1.221,4.211,14.526
0.143,0.421,0.984,2.625,2.380,12.695
0.121,0.432,0.996,8.972,0.244,11.108
0.112,0.420,0.998,16.479,-2.136,8.911
0.111,0.404,0.988,23.865,-4.395,8.057
0.103,0.388,0.959,28.870,-7.446,8.362
0.091,0.372,0.932,29.846,-10.315,9.094
0.079,0.344,0.905,27.832,-10.437,9.460
0.071,0.320,0.882,24.658,-8.423,10.071
0.068,0.323,0.874,21.423,-6.470,10.437
0.060,0.320,0.879,18.433,-5.615,10.254
0.058,0.328,0.881,13.184,-5.005,10.315
0.049,0.318,0.893,7.019,-6.042,9.277
0.050,0.322,0.903,3.967,-7.812,8.484
0.042,0.318,0.908,2.686,-9.399,7.385
0.036,0.310,0.906,1.343,-9.644,5.188
0.014,0.305,0.905,0.061,-9.521,3.479
-0.004,0.298,0.913,-1.038,-8.911,1.465
-0.015,0.290,0.917,-2.258,-7.690,0.610
-0.024,0.276,0.927,-3.540,-6.470,0.610
-0.019,0.271,0.930,-5.188,-5.188,0.916

1.025,1.688,-0.776,-41.321,-13.000,-72.266
0.975,2.094,-0.973,-63.599,-20.264,-83.496
0.751,2.283,-0.859,-102.051,-28.809,-101.624
0.399,2.340,-0.558,-135.010,-43.701,-117.432
0.165,2.366,-0.299,-139.221,-58.838,-113.525
0.036,2.419,-0.035,-122.314,-68.359,-94.666
-0.003,2.439,0.272,-93.689,-64.392,-79.651
-0.021,2.427,0.528,-60.486,-44.006,-77.637
-0.170,2.284,0.766,-33.447,-13.489,-82.458
-0.276,2.081,0.893,-8.606,16.479,-82.947
-0.342,1.880,0.897,14.832,33.386,-67.017
-0.299,1.653,0.841,32.715,32.898,-36.194
-0.141,1.434,0.787,45.898,16.907,4.089
0.048,1.274,0.736,55.237,-6.287,44.922
0.217,1.139,0.697,57.495,-21.912,74.829
0.342,1.027,0.688,53.894,-24.170,89.355
0.391,0.956,0.695,48.218,-15.930,88.867
0.368,0.887,0.699,44.250,-4.333,78.064
0.309,0.823,0.704,43.335,7.874,64.819
0.264,0.779,0.709,45.227,16.724,55.298
0.235,0.738,0.718,48.523,19.714,51.331
0.239,0.691,0.723,51.941,16.785,50.293
0.251,0.662,0.731,54.932,13.306,49.866
0.255,0.634,0.708,56.335,10.742,51.208
0.248,0.585,0.678,56.213,8.423,50.171
0.225,0.508,0.667,53.406,6.042,48.523
0.198,0.436,0.636,50.903,2.747,46.326
0.175,0.386,0.599,47.791,-0.549,45.288
0.148,0.325,0.585,41.931,-2.869,44.189
0.141,0.273,0.578,35.522,-2.747,43.823
0.160,0.245,0.590,28.809,-0.366,44.067
0.181,0.253,0.604,19.531,2.136,43.152
0.175,0.259,0.640,10.925,4.333,40.039
0.166,0.235,0.674,3.235,7.690,34.790
0.158,0.223,0.721,-0.122,12.451,29.358
0.176,0.251,0.736,-0.793,16.174,25.269
0.162,0.308,0.766,-1.648,18.311,20.691
0.148,0.332,0.805,-3.906,20.569,13.855
0.137,0.342,0.819,-2.625,23.254,7.507
0.131,0.341,0.825,1.038,24.231,3.418
0.150,0.365,0.823,4.333,23.499,0.977
0.176,0.425,0.852,4.395,21.179,-0.977
0.154,0.447,0.907,1.892,18.677,-5.310
0.152,0.447,0.945,2.930,17.761,-9.583
0.154,0.466,0.955,6.897,16.357,-10.437
0.139,0.472,0.949,11.414,11.536,-9.888
0.118,0.486,0.929,15.320,5.310,-8.545
0.087,0.502,0.907,17.639,0.549,-6.409
0.047,0.518,0.901,19.348,-1.770,-4.700
0.031,0.520,0.877,21.301,-2.075,-2.563
0.019,0.510,0.848,22.217,-1.526,0.061
0.015,0.484,0.838,21.179,-2.380,4.028
0.012,0.472,0.833,18.799,-5.432,8.301
0.006,0.490,0.828,15.747,-10.864,11.353
-0.016,0.504,0.840,12.878,-15.747,13.306
-0.012,0.512,0.835,12.512,-17.334,14.160
-0.025,0.534,0.828,14.465,-17.883,14.587
-0.052,0.539,0.815,17.090,-18.311,14.404
-0.083,0.520,0.802,20.264,-16.479,14.160
-0.113,0.502,0.784,23.743,-13.550,14.648
-0.128,0.507,0.747,25.879,-10.742,16.174
-0.139,0.501,0.719,24.658,-8.972,17.456
-0.142,0.487,0.712,20.630,-7.874,18.005
-0.143,0.472,0.732,15.991,-7.080,19.043
-0.136,0.470,0.765,11.719,-5.066,20.447
-0.115,0.482,0.794,9.338,-1.648,22.522
-0.086,0.508,0.802,8.606,1.160,24.597
-0.058,0.540,0.803,9.338,2.014,26.001
-0.068,0.524,0.798,9.583,0.610,25.208
-0.090,0.506,0.772,10.132,-2.869,26.367
-0.102,0.501,0.722,8.423,-7.874,30.029
-0.142,0.463,0.672,0.366,-13.550,35.217
-0.178,0.427,0.630,-11.353,-19.836,43.152
-0.182,0.454,0.612,-23.682,-25.818,54.199
-0.152,0.453,0.641,-35.889,-30.640,65.125
-0.112,0.443,0.710,-45.349,-33.630,71.167
-0.078,0.466,0.807,-46.509,-33.081,71.228
-0.015,0.479,0.879,-39.185,-23.315,64.941
0.040,0.477,0.934,-26.672,-5.798,53.894
0.090,0.461,0.965,-11.230,11.292,40.283
0.112,0.445,0.978,4.578,23.621,25.818
0.101,0.436,0.961,20.203,30.151,13.611
0.108,0.417,0.932,32.288,32.959,5.615
0.092,0.373,0.896,35.889,31.738,1.526
0.076,0.327,0.868,37.659,25.879,1.221
0.075,0.305,0.835,37.781,16.663,4.883
0.064,0.271,0.829,33.997,6.287,10.193
0.075,0.245,0.839,28.564,-2.319,15.564
0.096,0.235,0.853,22.766,-9.155,20.386
0.111,0.227,0.876,15.259,-15.747,23.987
0.116,0.213,0.906,6.958,-22.156,26.367
0.118,0.204,0.930,0.488,-27.405,27.649
0.101,0.191,0.959,-6.165,-31.616,27.222
0.077,0.174,0.998,-11.536,-34.119,24.597
0.038,0.160,1.047,-14.648,-33.997,21.240
-0.001,0.146,1.080,-16.846,-31.067,16.785
-0.062,0.157,1.114,-18.494,-25.757,9.827
-0.113,0.156,1.165,-17.456,-18.860,3.174
-0.145,0.154,1.191,-14.038,-11.047,-0.244
-0.161,0.148,1.204,-9.033,-5.188,-1.038
-0.170,0.134,1.209,-4.028,-2.930,-1.343
-0.182,0.129,1.206,-0.183,-3.845,-1.465
-0.195,0.111,1.197,0.977,-6.592,-1.648
-0.206,0.105,1.184,0.671,-9.338,-1.892
-0.228,0.101,1.173,-0.488,-11.047,-3.052
-0.243,0.113,1.147,-3.052,-10.864,-5.249
-0.267,0.133,1.128,-6.592,-8.850,-7.385
-0.280,0.164,1.106,-9.583,-5.249,-10.254
-0.293,0.196,1.092,-12.512,-0.549,-12.451
-0.296,0.222,1.077,-14.709,4.700,-13.855
-0.271,0.272,1.049,-14.832,9.460,-13.306
-0.235,0.333,0.996,-12.939,11.658,-10.193
-0.202,0.396,0.951,-11.963,11.353,-5.371
-0.185,0.390,0.919,-12.817,8.301,-2.075
-0.153,0.408,0.880,-11.047,4.211,1.587
-0.112,0.444,0.829,-8.362,0.183,6.714
-0.107,0.439,0.792,-7.751,-3.052,9.338
-0.105,0.414,0.762,-6.287,-4.456,9.766
-0.074,0.427,0.720,-2.686,-3.418,9.705

-0.423,-0.649,1.687,-14.709,25.696,-0.549
-0.380,-0.926,1.752,-19.043,20.264,11.841
-0.249,-1.228,1.790,-31.677,9.583,28.198
-0.141,-1.420,1.780,-40.894,-5.188,47.791
0.005,-1.462,1.725,-41.870,-19.775,60.242
0.134,-1.445,1.633,-40.649,-29.053,55.481
0.228,-1.433,1.492,-40.344,-28.687,36.682
0.265,-1.345,1.322,-39.917,-16.846,7.446
0.324,-1.161,1.128,-38.086,1.282,-26.672
0.328,-0.900,0.930,-37.781,19.836,-64.880
0.366,-0.633,0.708,-39.795,40.405,-97.839
0.351,-0.331,0.540,-42.236,57.800,-118.652
0.374,0.026,0.379,-41.809,65.308,-126.404
0.457,0.357,0.227,-41.321,56.641,-120.239
0.487,0.727,0.157,-41.748,32.593,-104.004
0.505,1.083,0.105,-35.400,8.057,-83.557
0.614,1.422,0.041,-20.630,-9.033,-60.974
0.746,1.742,-0.104,-5.615,-25.818,-35.339
0.763,2.033,-0.324,-5.859,-54.260,-9.888
0.727,2.231,-0.437,-28.503,-85.571,2.747
0.627,2.364,-0.452,-61.768,-109.131,-5.493
0.356,2.379,-0.378,-90.454,-120.850,-22.888
0.187,2.350,-0.242,-118.286,-108.948,-42.725
-0.191,2.241,-0.131,-128.601,-107.178,-61.096
-0.434,2.055,-0.057,-125.183,-106.445,-67.200
-0.605,1.875,-0.026,-109.314,-111.145,-54.260
-0.690,1.761,0.036,-86.975,-110.779,-37.048
-0.675,1.677,0.132,-68.665,-96.558,-22.217
-0.614,1.609,0.283,-56.580,-63.965,-18.433
-0.541,1.536,0.458,-46.753,-20.081,-23.071
-0.450,1.470,0.593,-35.767,23.865,-26.550
-0.298,1.370,0.704,-24.536,56.824,-25.513
-0.165,1.236,0.810,-13.428,70.801,-16.663
-0.031,1.126,0.847,-1.038,69.336,-2.869
0.062,1.037,0.843,11.169,58.716,12.207
0.120,0.962,0.825,21.484,48.096,25.024
0.153,0.888,0.806,28.564,43.335,31.555
0.149,0.816,0.781,33.447,43.030,33.752
0.134,0.759,0.750,35.522,43.823,34.363
0.116,0.704,0.726,34.485,43.640,35.828
0.105,0.657,0.714,31.250,41.687,38.574
0.108,0.612,0.703,25.879,40.161,42.419
0.128,0.584,0.706,20.142,38.574,46.265
0.156,0.571,0.709,14.404,36.194,49.500
0.180,0.565,0.704,10.132,32.898,51.575
0.194,0.558,0.692,7.141,28.931,52.002
0.189,0.535,0.687,5.615,23.987,50.903
0.170,0.503,0.692,6.714,19.287,49.011
0.159,0.460,0.690,10.803,15.808,48.645
0.180,0.431,0.675,15.137,13.916,48.401
0.202,0.415,0.668,16.052,12.512,44.678
0.201,0.409,0.667,14.587,11.597,37.903
0.199,0.424,0.667,13.062,13.916,28.076
0.192,0.462,0.666,11.902,19.653,17.334
0.154,0.495,0.672,11.719,26.550,6.958
0.123,0.509,0.676,12.451,32.471,-1.953
0.092,0.534,0.695,14.465,35.400,-7.202
0.077,0.543,0.709,16.541,35.461,-7.324
0.080,0.549,0.716,16.907,31.860,-4.089
0.086,0.563,0.730,15.381,25.940,0.183
0.082,0.580,0.748,11.963,20.874,4.333
0.079,0.594,0.769,6.958,18.066,5.920
0.075,0.606,0.796,3.967,16.846,5.432
0.071,0.637,0.806,3.357,17.700,4.211
0.076,0.661,0.818,3.113,20.081,2.747
0.064,0.656,0.837,2.197,21.362,0.732
0.035,0.632,0.873,2.747,20.935,0.122
0.022,0.604,0.885,4.944,18.860,2.136
0.018,0.575,0.898,8.301,14.282,7.141
0.011,0.559,0.889,10.498,7.263,13.489
0.010,0.557,0.873,11.108,0.000,19.287
0.005,0.549,0.859,9.705,-5.676,22.888
-0.006,0.536,0.839,8.362,-10.315,25.513
-0.011,0.535,0.812,7.507,-13.428,27.588
-0.018,0.525,0.786,6.470,-15.320,29.236
-0.030,0.495,0.767,4.883,-15.259,30.212
-0.036,0.476,0.758,3.662,-13.367,30.090
-0.049,0.453,0.748,3.174,-10.864,29.358
-0.053,0.435,0.754,3.296,-8.667,28.442
-0.034,0.443,0.764,4.150,-6.104,26.917
-0.022,0.433,0.781,4.211,-4.272,23.926
-0.023,0.428,0.806,5.920,-3.540,20.447
-0.007,0.447,0.819,9.888,-1.648,16.907
0.016,0.461,0.831,14.099,1.709,12.390
0.040,0.483,0.846,17.273,5.188,7.202
0.027,0.491,0.864,20.264,6.836,1.099
0.029,0.532,0.887,24.658,8.423,-4.272
0.005,0.515,0.882,26.428,11.047,-10.071
-0.019,0.496,0.865,29.785,13.367,-13.977
-0.034,0.493,0.843,33.264,14.160,-14.099
-0.038,0.475,0.819,35.034,13.184,-12.024
-0.024,0.469,0.798,32.898,10.498,-8.972
-0.025,0.445,0.778,27.283,5.798,-4.822
-0.024,0.435,0.775,20.081,1.831,-1.831
-0.023,0.457,0.787,15.015,-0.366,1.038
-0.016,0.466,0.797,10.986,-0.916,3.723
-0.007,0.462,0.809,8.179,-0.610,6.409
-0.009,0.462,0.814,7.080,-1.404,8.240
-0.026,0.457,0.812,6.226,-2.930,8.301
-0.050,0.438,0.816,4.517,-4.639,8.484
-0.060,0.406,0.814,4.822,-4.089,8.667
-0.059,0.387,0.800,7.141,-2.197,9.705
-0.046,0.380,0.805,9.705,-0.916,11.169
-0.025,0.373,0.810,10.803,-0.122,11.230
-0.005,0.386,0.823,12.207,1.282,11.047
0.027,0.403,0.837,9.827,5.066,10.376
0.046,0.393,0.854,3.662,9.644,7.019
0.042,0.393,0.882,-1.099,12.512,2.258
0.034,0.392,0.906,-1.770,13.123,-1.282
-0.001,0.408,0.875,-0.183,13.062,-3.540
-0.020,0.428,0.878,2.930,13.245,-5.188
-0.062,0.420,0.929,7.019,10.498,-6.042
-0.066,0.416,0.926,8.911,8.728,-5.249
-0.058,0.429,0.923,10.620,7.568,-0.977
-0.064,0.446,0.910,14.282,4.700,3.296
-0.058,0.446,0.888,17.334,0.183,5.798
-0.039,0.456,0.873,20.203,-4.028,7.690
-0.028,0.462,0.869,21.851,-6.714,9.277
-0.017,0.474,0.833,16.541,-8.667,9.583

-0.738,-1.353,1.177,286.560,-156.738,-62.744
-1.108,-1.205,0.982,193.298,-121.765,-54.871
-0.974,-0.767,0.843,79.773,-98.389,-64.758
-0.682,-0.610,0.887,36.560,-102.966,-54.321
-0.695,-0.627,0.859,101.013,-85.999,-35.645
-0.487,-0.647,1.007,74.463,-61.584,-33.691
-0.285,-0.611,1.027,52.490,-27.283,-20.020
-0.123,-0.558,1.026,48.523,2.380,-3.784
-0.099,-0.518,1.028,23.926,24.536,-0.488
-0.021,-0.494,1.072,8.911,37.903,-0.488
0.051,-0.448,1.114,4.944,46.997,-1.343
-0.006,-0.388,1.109,12.207,56.946,-3.113
-0.071,-0.350,1.073,23.315,65.308,-11.108
-0.219,-0.317,1.039,17.334,76.355,-29.724
-0.406,-0.315,0.978,11.902,88.074,-49.500
-0.590,-0.314,0.930,-1.404,102.173,-70.862
-0.571,-0.299,0.891,-9.216,117.432,-87.219
-0.452,-0.258,0.818,-10.559,132.751,-98.328
-0.267,-0.107,0.845,-10.986,148.560,-105.774
-0.436,-0.103,0.375,61.279,162.415,-93.933
-0.372,-0.121,0.346,26.367,155.518,-123.230
-0.211,-0.188,0.335,8.789,124.634,-153.259
-0.257,-0.272,0.340,5.127,100.281,-173.828
-0.305,-0.402,0.439,-24.719,75.195,-198.181
-0.373,-0.549,0.522,-30.579,52.979,-210.754
-0.430,-0.727,0.617,-39.795,38.330,-216.736
-0.353,-0.894,0.755,-61.523,32.104,-214.233
-0.248,-1.020,0.865,-64.453,31.006,-193.787
-0.278,-1.102,0.901,-62.927,39.246,-162.354
-0.302,-1.143,0.893,-61.096,50.049,-125.916
-0.362,-1.163,0.852,-58.044,58.167,-88.013
-0.352,-1.160,0.816,-57.617,62.927,-50.049
-0.289,-1.129,0.752,-57.007,65.247,-11.841
-0.268,-1.055,0.683,-55.847,63.477,24.902
-0.335,-0.970,0.582,-42.236,55.237,60.425
-0.312,-0.895,0.551,-40.466,40.588,86.548
-0.267,-0.810,0.530,-35.400,22.583,111.389
-0.283,-0.720,0.509,-18.494,4.761,136.597
-0.265,-0.640,0.491,-9.277,-13.306,155.151
-0.314,-0.559,0.474,-13.489,-27.039,166.443
-0.340,-0.469,0.473,-14.160,-39.185,177.490
-0.352,-0.391,0.470,-11.353,-51.941,184.998
-0.326,-0.328,0.492,-24.475,-61.462,182.129
-0.272,-0.263,0.516,-30.762,-71.228,177.307
-0.299,-0.190,0.527,-25.818,-81.360,173.157
-0.289,-0.129,0.561,-12.634,-95.642,166.504
-0.350,-0.100,0.601,-6.226,-110.107,152.039
-0.378,-0.119,0.678,-15.381,-120.483,129.456
-0.344,-0.161,0.799,-33.997,-126.221,105.164
-0.320,-0.204,0.892,-45.288,-126.282,86.853
-0.314,-0.259,0.958,-54.321,-120.605,71.289
-0.301,-0.312,1.030,-74.829,-108.765,57.251
-0.285,-0.345,1.071,-78.857,-96.252,53.528
-0.350,-0.355,1.076,-74.036,-81.787,54.871
-0.372,-0.352,1.095,-70.740,-69.519,56.824
-0.403,-0.341,1.090,-56.763,-57.556,61.523
-0.395,-0.329,1.079,-48.889,-44.739,63.721
-0.397,-0.303,1.054,-45.227,-31.799,62.988
-0.419,-0.282,1.009,-40.588,-21.423,59.814
-0.462,-0.264,0.979,-47.852,-10.193,53.040
-0.397,-0.245,0.960,-45.898,-0.854,49.072
-0.343,-0.229,0.937,-38.879,4.700,45.166
-0.348,-0.222,0.894,-35.095,7.629,38.513
-0.360,-0.227,0.885,-37.354,8.118,28.381
-0.347,-0.250,0.870,-39.612,8.789,19.958
-0.324,-0.292,0.870,-41.626,9.827,12.939
-0.296,-0.339,0.888,-48.340,10.254,6.592
-0.276,-0.372,0.896,-49.377,10.925,4.822
-0.296,-0.384,0.879,-44.495,13.184,8.301
-0.288,-0.387,0.863,-40.222,15.564,13.611
-0.265,-0.389,0.848,-38.330,16.479,17.700
-0.270,-0.391,0.824,-38.696,17.090,21.301
-0.279,-0.390,0.790,-40.527,18.433,25.085
-0.303,-0.393,0.753,-43.152,18.677,28.809
-0.275,-0.394,0.749,-47.607,16.541,32.227
-0.242,-0.375,0.733,-43.945,13.062,39.185
-0.197,-0.347,0.713,-34.302,7.874,47.852
-0.195,-0.315,0.695,-27.832,-0.183,54.260
-0.216,-0.297,0.679,-22.583,-9.521,58.594
-0.202,-0.315,0.715,-27.527,-20.874,58.655
-0.256,-0.332,0.695,-26.306,-30.273,62.012
-0.332,-0.350,0.717,-25.208,-39.856,65.063
-0.348,-0.384,0.778,-27.466,-49.866,66.528
-0.347,-0.408,0.853,-29.114,-56.458,68.970
-0.361,-0.419,0.896,-29.724,-56.824,73.730
-0.375,-0.419,0.911,-27.954,-53.894,80.627
-0.416,-0.412,0.902,-27.710,-48.950,87.646
-0.466,-0.395,0.882,-31.311,-42.542,92.651
-0.474,-0.381,0.862,-35.706,-36.438,95.764
-0.442,-0.364,0.865,-46.021,-29.724,96.558
-0.383,-0.332,0.864,-49.744,-24.170,98.816
-0.326,-0.274,0.861,-38.696,-23.071,104.553
-0.334,-0.207,0.819,-18.860,-24.780,111.206
-0.319,-0.167,0.811,-10.803,-29.968,110.107
-0.279,-0.146,0.835,-10.681,-36.987,103.333
-0.289,-0.125,0.862,-5.127,-44.983,97.168
-0.354,-0.105,0.881,2.258,-51.147,90.820
-0.359,-0.108,0.943,-1.160,-54.749,79.163
-0.346,-0.126,0.997,-8.545,-53.040,65.735
-0.353,-0.143,1.031,-13.306,-46.997,54.138
-0.353,-0.154,1.044,-16.296,-36.804,44.678
-0.328,-0.163,1.040,-16.235,-25.879,36.865
-0.309,-0.172,1.021,-16.724,-15.015,29.663
-0.328,-0.184,0.979,-15.686,-6.653,23.376
-0.327,-0.220,0.950,-19.653,-1.038,16.296
-0.288,-0.269,0.942,-32.410,4.211,9.155
-0.297,-0.293,0.911,-33.630,7.996,9.277
-0.320,-0.293,0.883,-19.714,6.042,14.404
-0.339,-0.298,0.882,-13.000,2.808,16.907
-0.299,-0.302,0.900,-14.282,1.404,18.188
-0.325,-0.295,0.894,-10.803,1.343,21.729
-0.358,-0.295,0.885,-8.606,1.099,23.987
-0.358,-0.300,0.897,-16.602,3.052,21.423
-0.334,-0.307,0.912,-24.109,6.470,19.165
-0.335,-0.312,0.899,-22.522,8.606,19.348
-0.338,-0.322,0.893,-21.606,9.644,18.921
-0.360,-0.343,0.874,-21.301,10.193,18.250
-0.346,-0.379,0.872,-26.001,11.475,16.235
-0.275,-0.398,0.888,-29.846,12.085,17.395

-0.141,-1.827,1.190,-53.406,31.738,26.489
-0.105,-2.006,1.123,-107.422,42.236,46.936
-0.333,-2.054,1.237,-136.597,34.668,66.284
-0.652,-2.095,1.234,-152.588,48.157,83.557
-0.875,-2.140,1.163,-155.884,83.008,82.703
-0.921,-2.286,1.109,-124.939,108.032,62.134
-0.948,-1.968,1.053,-105.225,106.750,49.255
-0.869,-1.831,0.942,-63.416,86.487,92.468
-0.695,-1.727,0.898,-33.691,71.228,166.443
-0.351,-2.178,0.486,2.075,56.274,234.680
-0.070,-2.130,0.462,-43.396,50.232,263.977
0.419,-1.776,0.507,-71.655,62.622,239.319
0.679,-1.532,0.312,-100.220,68.176,183.533
1.165,-0.924,0.194,-149.475,60.364,122.620
1.307,-0.155,0.020,-188.354,50.354,57.434
1.250,0.578,-0.126,-187.073,48.279,5.737
1.030,1.333,-0.183,-156.555,72.205,-41.382
0.735,1.978,-0.201,-138.977,130.066,-95.947
0.338,2.492,-0.167,-141.541,204.041,-126.770
0.153,2.789,-0.229,-142.090,265.930,-112.061
0.070,2.957,-0.252,-142.334,276.123,-59.875
-0.034,3.210,-0.247,-154.907,215.942,2.502
0.080,3.361,-0.111,-175.537,115.540,40.039
0.045,3.377,0.370,-201.965,14.038,38.940
-0.377,2.985,0.983,-218.750,-68.359,8.606
-0.862,2.450,1.249,-215.576,-111.938,-28.748
-1.253,2.109,1.207,-191.284,-117.249,-42.175
-1.461,1.804,1.129,-163.513,-88.257,-33.081
-1.544,1.491,1.133,-132.996,-43.579,-16.724
-1.428,1.268,1.158,-87.158,2.686,-1.526
-1.007,1.211,1.126,-29.724,41.504,18.799
-0.361,1.167,0.988,30.334,63.477,44.067
0.210,1.092,0.830,75.317,67.871,64.636
0.596,1.002,0.702,92.285,62.927,69.885
0.818,0.872,0.586,88.440,61.035,58.594
0.887,0.739,0.518,72.815,60.547,42.358
0.846,0.675,0.475,55.664,58.716,28.503
0.730,0.642,0.473,44.922,55.237,16.785
0.613,0.575,0.483,43.030,52.856,6.104
0.539,0.513,0.501,45.837,50.415,-0.183
0.496,0.476,0.538,49.927,45.532,-1.892
0.469,0.473,0.567,55.054,40.161,-3.357
0.453,0.475,0.601,59.204,34.607,-3.845
0.441,0.448,0.618,62.927,28.320,-3.235
0.418,0.426,0.637,65.918,19.653,-0.671
0.418,0.389,0.628,65.063,8.850,5.859
0.472,0.353,0.619,61.951,-2.747,17.334
0.500,0.317,0.619,53.589,-15.015,29.358
0.503,0.268,0.606,39.368,-26.489,35.950
0.509,0.240,0.597,24.353,-34.790,37.537
0.537,0.224,0.597,12.024,-39.490,35.889
0.523,0.189,0.619,4.700,-39.185,29.724
0.500,0.165,0.622,1.526,-34.180,21.301
0.470,0.156,0.628,0.244,-26.367,12.451
0.451,0.167,0.630,1.038,-17.517,3.418
0.429,0.151,0.638,2.563,-10.498,-4.150
0.396,0.148,0.657,3.967,-6.836,-7.996
0.364,0.154,0.678,5.249,-5.493,-8.606
0.355,0.162,0.699,7.019,-5.371,-5.005
0.357,0.174,0.725,8.850,-6.287,1.831
0.366,0.225,0.764,8.118,-9.338,9.644
0.398,0.289,0.822,4.822,-13.733,15.320
0.432,0.314,0.895,0.793,-17.578,16.724
0.445,0.312,0.944,-2.197,-21.179,15.503
0.439,0.292,0.980,-3.357,-25.146,13.611
0.441,0.302,1.008,-3.235,-27.771,11.658
0.458,0.337,1.022,-3.357,-28.687,9.827
0.458,0.341,1.035,-3.113,-28.259,7.751
0.419,0.303,1.052,-2.258,-26.367,4.333
0.390,0.283,1.055,0.610,-22.583,0.305
0.368,0.301,1.036,5.310,-17.517,-2.441
0.357,0.332,1.005,10.986,-12.695,-4.272
0.386,0.371,0.983,15.198,-9.888,-6.104
0.393,0.402,0.952,15.625,-10.925,-8.972
0.352,0.372,0.931,15.564,-17.090,-12.817
0.298,0.316,0.932,15.625,-24.048,-16.418
0.251,0.269,0.907,17.029,-27.893,-17.883
0.223,0.257,0.870,19.348,-28.992,-15.442
0.194,0.256,0.838,21.790,-28.442,-10.437
0.174,0.242,0.796,22.522,-27.954,-4.639
0.163,0.220,0.764,21.912,-29.175,-0.183
0.165,0.218,0.743,20.020,-31.494,4.150
0.178,0.234,0.735,17.883,-33.936,9.155
0.195,0.236,0.729,13.489,-35.400,13.367
0.192,0.190,0.737,8.301,-36.072,14.221
0.177,0.152,0.751,2.930,-35.767,13.062
0.166,0.152,0.774,-3.052,-33.630,12.329
0.154,0.158,0.791,-9.705,-28.625,11.658
0.148,0.130,0.826,-14.404,-22.095,10.864
0.177,0.115,0.852,-15.259,-15.991,10.803
0.204,0.131,0.877,-12.634,-12.451,11.658
0.211,0.153,0.910,-9.033,-11.047,11.230
0.219,0.153,0.926,-7.385,-8.972,7.812
0.233,0.168,0.941,-5.859,-6.287,3.540
0.217,0.190,0.982,-3.479,-3.235,0.610
0.190,0.180,1.001,-1.404,0.061,-0.854
0.174,0.173,0.997,-1.160,2.930,-0.671
0.165,0.183,0.977,-1.709,3.052,0.183
0.155,0.203,0.956,-2.441,0.549,0.549
0.138,0.212,0.955,-4.150,-2.197,-0.183
0.127,0.203,0.955,-5.676,-3.845,-1.099
0.112,0.199,0.967,-5.371,-5.737,-0.793
0.119,0.213,0.957,-5.188,-6.897,0.793
0.148,0.228,0.946,-5.249,-8.179,2.258
0.166,0.248,0.933,-5.615,-10.986,3.540
0.157,0.259,0.932,-6.958,-15.198,4.211
0.152,0.255,0.933,-8.728,-18.372,4.333
0.165,0.255,0.927,-10.071,-19.287,4.578
0.168,0.254,0.915,-10.742,-18.799,4.456
0.151,0.252,0.912,-11.169,-17.212,3.174
0.132,0.239,0.912,-10.620,-14.648,1.465
0.109,0.240,0.922,-10.071,-11.169,0.366
0.091,0.251,0.934,-8.789,-7.385,0.305
0.081,0.255,0.942,-7.324,-4.395,0.977
0.086,0.263,0.939,-6.226,-3.235,2.014
0.093,0.281,0.933,-5.859,-3.906,3.906
0.093,0.296,0.948,-4.944,-5.554,5.188
0.103,0.304,0.951,-5.188,-6.348,5.005
0.105,0.305,0.959,-4.761,-6.958,4.211

0.085,-1.007,1.730,-146.912,7.874,13.672
0.081,-1.037,1.815,-150.269,6.470,14.282
0.012,-1.155,1.841,-147.705,5.859,16.663
-0.016,-1.246,1.849,-138.855,5.798,17.761
-0.048,-1.287,1.793,-127.625,8.667,11.536
-0.024,-1.228,1.643,-107.910,8.667,8.240
-0.013,-1.127,1.463,-83.557,3.723,13.428
-0.009,-1.036,1.234,-63.171,-2.747,20.508
0.007,-0.925,0.976,-54.016,-2.869,23.926
0.076,-0.781,0.763,-55.847,4.089,21.790
0.247,-0.596,0.536,-62.073,14.709,14.526
0.408,-0.330,0.322,-67.566,16.846,5.920
0.411,0.010,0.152,-72.510,10.742,-6.897
0.406,0.400,-0.019,-74.890,7.568,-27.710
0.364,0.876,-0.201,-75.317,15.686,-48.035
0.284,1.324,-0.324,-74.341,32.959,-62.134
0.225,1.577,-0.374,-73.059,49.683,-78.125
0.263,1.722,-0.438,-74.829,54.016,-85.083
0.270,1.824,-0.444,-78.979,39.246,-71.533
0.261,1.901,-0.339,-78.918,11.230,-40.588
0.204,1.854,-0.109,-75.195,-19.714,-11.047
0.341,2.103,-0.096,-51.575,-47.180,-34.729
0.296,2.000,0.022,-31.067,-41.199,-14.893
0.283,2.000,0.108,-25.635,-44.067,-13.000
0.173,1.977,0.135,-17.151,-44.250,-29.114
0.041,1.928,0.145,-21.301,-40.039,-29.053
-0.034,1.842,0.224,-32.166,-33.264,-27.832
-0.114,1.745,0.311,-35.583,-31.982,-24.536
-0.170,1.652,0.383,-30.579,-36.987,-15.076
-0.178,1.561,0.435,-20.813,-44.189,-2.747
-0.140,1.449,0.501,-10.864,-47.424,9.766
-0.051,1.334,0.561,-1.099,-44.189,20.386
0.037,1.231,0.600,9.460,-39.001,28.381
0.137,1.151,0.629,17.456,-27.832,31.738
0.203,1.078,0.634,23.499,-14.832,30.334
0.255,1.001,0.637,28.076,-0.427,23.682
0.311,0.931,0.639,32.349,14.526,15.381
0.365,0.862,0.638,36.621,27.222,7.568
0.415,0.796,0.648,41.016,33.875,1.465
0.442,0.728,0.664,45.593,33.936,-2.380
0.448,0.658,0.677,50.232,29.907,-5.310
0.457,0.600,0.693,53.589,23.865,-6.531
0.443,0.531,0.699,54.565,16.418,-5.615
0.409,0.476,0.728,52.368,9.521,-2.197
0.378,0.430,0.768,48.218,5.676,2.380
0.368,0.412,0.801,44.006,3.845,7.996
0.344,0.415,0.797,37.537,1.953,15.137
0.313,0.410,0.771,29.053,-1.099,20.691
0.292,0.388,0.753,22.827,-4.761,23.010
0.285,0.380,0.731,20.020,-6.958,24.536
0.288,0.399,0.697,17.700,-7.996,26.184
0.273,0.407,0.685,13.489,-8.362,26.306
0.259,0.401,0.684,8.301,-6.897,24.292
0.256,0.407,0.694,4.028,-3.662,21.973
0.257,0.426,0.702,2.014,-0.732,20.142
0.266,0.455,0.710,0.916,1.099,18.921
0.252,0.495,0.734,0.061,1.038,17.578
0.228,0.520,0.764,-1.221,-0.916,13.672
0.207,0.528,0.802,-1.892,-3.113,8.911
0.195,0.532,0.831,-1.526,-4.089,5.310
0.171,0.534,0.849,-0.061,-4.822,2.441
0.144,0.533,0.856,2.808,-5.615,0.305
0.136,0.536,0.847,6.226,-5.737,-0.305
0.136,0.549,0.835,9.705,-5.127,0.061
0.137,0.563,0.819,12.207,-3.784,0.244
0.132,0.556,0.806,12.451,-2.319,-0.427
0.125,0.525,0.802,11.536,-1.221,-0.732
0.131,0.489,0.797,10.193,-0.122,0.427
0.139,0.477,0.798,9.521,-0.427,3.174
0.128,0.467,0.803,8.423,-2.258,5.676
0.119,0.453,0.805,7.080,-4.883,7.690
0.120,0.442,0.808,5.249,-7.141,9.766
0.138,0.458,0.806,3.174,-9.460,11.841
0.126,0.476,0.807,-0.488,-11.963,12.573
0.092,0.465,0.831,-3.723,-14.038,10.559
0.075,0.437,0.833,-5.615,-13.428,8.667
0.068,0.418,0.827,-5.188,-10.498,9.949
0.061,0.413,0.830,-2.808,-7.324,11.536
0.057,0.398,0.824,-1.221,-5.249,11.902
0.056,0.380,0.821,0.183,-4.761,12.878
0.063,0.379,0.810,1.526,-5.249,14.404
0.069,0.389,0.794,2.502,-6.104,14.954
0.072,0.406,0.785,2.563,-6.714,14.526
0.068,0.402,0.792,2.380,-6.409,12.695
0.069,0.410,0.793,2.625,-4.761,10.010
0.066,0.418,0.793,2.136,-2.502,7.751
0.055,0.401,0.802,1.648,-0.793,6.348
0.060,0.386,0.809,1.770,0.793,5.798
0.077,0.389,0.818,1.770,1.404,6.287
0.084,0.393,0.830,0.732,0.488,6.836
0.079,0.400,0.862,-0.488,-0.977,6.958
0.087,0.414,0.898,-0.916,-1.160,5.981
0.099,0.430,0.927,0.122,0.549,5.310
0.118,0.441,0.937,1.831,2.319,6.042
0.133,0.457,0.959,2.258,2.808,7.202
0.139,0.460,0.960,1.587,1.038,7.568
0.128,0.448,0.960,1.099,-1.465,7.812
0.108,0.441,0.974,1.465,-3.174,8.545
0.102,0.438,0.974,3.357,-3.601,10.376
0.109,0.454,0.962,7.202,-3.723,12.939
0.115,0.474,0.948,10.498,-4.883,14.526
0.121,0.468,0.929,12.146,-7.507,14.893
0.115,0.454,0.916,12.390,-10.193,14.648
0.107,0.448,0.908,12.085,-12.024,13.794
0.101,0.442,0.904,11.414,-12.146,12.756
0.101,0.444,0.895,10.559,-10.925,12.146
0.096,0.449,0.885,8.728,-10.315,12.024
0.079,0.437,0.888,7.263,-10.376,11.169
0.068,0.437,0.889,7.141,-10.132,10.498
0.054,0.443,0.889,7.996,-9.644,10.315
0.046,0.437,0.881,9.216,-9.521,10.254
0.043,0.429,0.866,10.071,-9.949,10.498
0.035,0.422,0.857,10.498,-11.230,10.742
0.027,0.410,0.856,10.681,-12.329,10.742
0.031,0.410,0.850,11.047,-12.695,11.230
0.039,0.425,0.846,10.864,-12.451,12.024
0.048,0.443,0.838,8.484,-12.146,11.475
0.032,0.427,0.852,6.104,-12.512,9.033
0.018,0.427,0.867,6.531,-12.451,6.653

-0.072,-0.968,1.912,-48.096,11.475,8.423
-0.154,-1.080,1.927,-58.594,-3.418,12.329
-0.203,-1.133,1.924,-62.500,-12.695,11.536
-0.193,-1.194,1.831,-61.096,-16.541,10.681
-0.149,-1.276,1.648,-52.490,-20.569,15.442
-0.075,-1.308,1.390,-40.344,-24.841,26.672
0.056,-1.206,1.063,-27.710,-26.794,38.757
0.137,-1.112,0.661,-18.127,-26.489,45.166
0.215,-0.948,0.324,-21.790,-18.555,36.255
0.323,-0.759,0.030,-33.752,1.831,14.038
0.377,-0.489,-0.197,-53.711,26.917,-9.705
0.463,-0.176,-0.367,-79.590,47.546,-31.738
0.456,0.258,-0.404,-104.980,60.303,-49.011
0.494,0.704,-0.367,-119.446,68.604,-56.519
0.507,1.167,-0.237,-125.793,70.313,-56.152
0.543,1.514,-0.100,-116.943,63.538,-51.880
0.547,1.862,0.064,-92.957,52.429,-39.551
0.436,2.178,0.206,-52.124,41.016,-18.982
0.497,2.465,0.212,-5.066,33.936,5.554
0.431,2.655,0.060,21.973,19.226,30.151
0.278,2.471,-0.066,14.587,-10.620,44.067
0.068,2.198,0.027,-1.526,-57.068,45.715
-0.253,1.931,0.159,-9.338,-108.704,44.556
-0.518,1.676,0.232,-13.550,-143.799,45.410
-0.638,1.438,0.265,-9.521,-155.029,46.021
-0.569,1.305,0.275,-6.287,-135.132,41.931
-0.534,1.247,0.328,-12.878,-103.638,41.199
-0.317,1.219,0.491,-29.785,-62.927,26.917
-0.127,1.142,0.661,-46.387,-16.479,8.789
0.066,1.054,0.791,-53.833,24.109,-6.348
0.216,0.956,0.838,-50.720,48.340,-11.902
0.321,0.902,0.836,-39.063,51.880,-5.188
0.359,0.866,0.826,-26.001,42.480,4.333
0.340,0.812,0.812,-14.709,32.471,9.338
0.288,0.752,0.807,-3.723,27.527,10.864
0.234,0.732,0.799,6.653,27.649,10.071
0.189,0.745,0.792,15.320,32.166,7.263
0.165,0.758,0.796,20.386,39.551,3.967
0.152,0.763,0.818,23.804,47.668,-0.793
0.161,0.774,0.848,28.076,56.641,-6.775
0.189,0.775,0.863,33.569,63.538,-11.108
0.208,0.741,0.853,41.626,67.322,-13.245
0.251,0.713,0.835,47.729,70.801,-10.376
0.264,0.682,0.809,52.002,67.017,-3.357
0.270,0.648,0.787,54.077,57.495,5.188
0.285,0.612,0.758,54.199,46.326,15.930
0.314,0.557,0.710,53.040,34.790,27.710
0.340,0.489,0.671,52.429,22.095,38.391
0.364,0.439,0.637,51.147,10.193,46.448
0.382,0.402,0.602,47.546,1.343,50.659
0.383,0.362,0.576,42.053,-4.456,50.293
0.383,0.336,0.561,35.339,-7.324,47.546
0.391,0.342,0.558,27.954,-8.057,44.312
0.400,0.348,0.554,19.348,-8.545,40.039
0.392,0.341,0.566,9.827,-10.620,33.875
0.377,0.321,0.583,1.465,-12.817,27.100
0.359,0.316,0.607,-4.089,-13.306,21.118
0.342,0.337,0.636,-6.775,-12.268,16.907
0.318,0.379,0.668,-7.629,-11.047,13.062
0.305,0.396,0.694,-8.301,-9.827,8.301
0.291,0.395,0.725,-7.690,-8.972,3.418
0.280,0.396,0.762,-5.554,-8.911,0.732
0.260,0.432,0.823,-3.357,-8.545,0.671
0.255,0.474,0.899,-1.160,-6.897,2.808
0.264,0.473,0.940,0.732,-4.639,5.493
0.269,0.456,0.960,2.563,-2.991,8.728
0.259,0.445,0.960,5.798,-5.127,12.085
0.252,0.452,0.933,9.888,-9.949,15.442
0.234,0.463,0.902,12.512,-15.137,17.639
0.215,0.445,0.876,13.000,-17.883,18.188
0.210,0.417,0.852,12.451,-18.127,17.761
0.204,0.415,0.822,11.536,-18.127,17.273
0.190,0.413,0.797,8.667,-18.677,15.869
0.168,0.385,0.785,3.967,-19.409,13.550
0.148,0.367,0.783,-1.160,-20.142,12.390
0.128,0.367,0.782,-5.371,-20.996,12.329
0.108,0.367,0.786,-8.057,-22.156,12.512
0.094,0.370,0.787,-9.094,-23.682,12.939
0.073,0.372,0.799,-8.911,-24.780,13.062
0.047,0.378,0.816,-7.446,-25.085,12.756
0.031,0.387,0.833,-4.944,-23.621,12.573
0.036,0.393,0.832,-1.953,-20.081,12.390
0.048,0.401,0.832,0.366,-16.968,11.719
0.057,0.419,0.832,1.709,-15.259,10.559
0.051,0.421,0.840,0.671,-13.184,8.789
0.050,0.419,0.847,-1.587,-9.888,5.920
0.054,0.427,0.843,-3.113,-5.981,3.601
0.052,0.433,0.832,-4.333,-2.930,2.319
0.046,0.426,0.834,-5.676,-0.671,1.038
0.041,0.429,0.847,-8.057,0.977,-0.305
0.026,0.433,0.874,-10.315,3.113,-1.770
0.018,0.437,0.889,-10.559,7.080,-3.540
0.021,0.450,0.888,-9.766,11.108,-4.333
0.030,0.457,0.885,-8.301,13.245,-4.395
0.040,0.457,0.878,-6.409,13.733,-4.028
0.052,0.461,0.880,-5.066,13.367,-3.235
0.070,0.478,0.881,-3.662,12.329,-1.770
0.081,0.504,0.884,-2.502,10.742,-0.244
0.097,0.533,0.905,-2.808,8.972,0.793
0.102,0.550,0.942,-4.517,6.958,0.244
0.091,0.537,0.971,-4.578,4.395,-1.343
0.080,0.530,0.978,-1.160,1.831,-1.709
0.075,0.522,0.966,3.967,-0.061,-0.793
0.075,0.510,0.946,8.484,-2.136,0.793
0.072,0.501,0.925,11.353,-5.188,2.869
0.063,0.486,0.909,12.207,-8.728,4.883
0.060,0.471,0.895,11.597,-11.169,6.714
0.071,0.462,0.882,9.277,-12.695,7.751
0.069,0.444,0.883,6.531,-13.855,7.812
0.061,0.441,0.886,5.432,-15.015,7.935
0.055,0.451,0.893,5.371,-14.893,7.874
0.050,0.450,0.895,5.493,-13.489,7.141
0.046,0.437,0.897,6.470,-11.719,6.409
0.050,0.437,0.895,7.141,-10.498,6.470
0.047,0.437,0.892,7.996,-10.010,6.653
0.036,0.425,0.900,8.118,-10.742,6.226
0.039,0.413,0.901,9.277,-11.414,6.409
0.045,0.412,0.903,10.437,-11.780,7.385
0.046,0.405,0.912,10.986,-12.390,8.484

-0.171,-0.954,2.230,-67.505,15.747,85.876
-0.043,-1.115,2.423,-72.510,-6.714,110.474
0.062,-1.414,2.586,-86.426,-20.142,114.746
0.505,-1.686,2.579,-109.985,-29.663,111.450
0.835,-1.826,2.533,-111.816,-49.561,114.197
1.050,-1.794,2.349,-88.379,-82.275,112.671
1.095,-1.508,1.776,-65.796,-101.135,73.303
1.009,-1.337,1.022,-35.706,-91.370,-6.104
0.801,-1.009,0.147,-22.644,-51.208,-88.379
0.495,-0.688,-0.365,-49.866,8.789,-164.307
0.214,-0.142,-0.592,-95.764,56.030,-217.834
-0.130,0.677,-0.690,-130.127,66.772,-230.957
-0.556,1.552,-0.775,-141.846,56.519,-216.431
-0.900,2.297,-0.803,-146.606,52.795,-190.613
-1.029,2.791,-0.726,-145.020,55.969,-145.935
-0.846,2.913,-0.579,-142.090,50.415,-72.571
-0.595,2.922,-0.325,-129.456,21.973,3.723
-0.339,2.916,-0.087,-100.891,-18.738,39.612
-0.101,2.753,0.050,-66.895,-39.612,67.505
0.052,2.522,0.118,-37.354,-39.307,55.847
0.080,2.236,0.140,-19.592,-23.376,26.611
0.033,1.917,0.081,-7.446,0.366,-0.488
0.016,1.620,0.017,-0.549,13.123,-11.963
0.056,1.342,0.005,4.456,8.301,-6.653
0.167,1.129,0.029,9.583,-2.441,7.507
0.308,0.992,0.053,14.404,-10.620,22.644
0.442,0.918,0.081,15.320,-13.672,26.794
0.524,0.851,0.133,11.108,-8.972,17.822
0.546,0.806,0.211,6.775,1.953,0.183
0.514,0.778,0.294,5.493,11.719,-18.921
0.461,0.755,0.409,8.362,16.907,-33.813
0.353,0.760,0.489,12.085,20.203,-40.100
0.263,0.769,0.547,16.541,21.790,-42.847
0.202,0.760,0.586,20.325,22.461,-43.884
0.170,0.742,0.620,25.330,22.644,-40.527
0.139,0.728,0.638,27.222,21.118,-33.691
0.114,0.710,0.658,27.222,17.700,-25.146
0.112,0.699,0.672,26.306,13.245,-15.381
0.084,0.674,0.683,24.414,8.118,-7.568
0.064,0.616,0.701,20.630,3.418,1.526
0.051,0.572,0.718,17.822,-3.784,6.531
0.044,0.529,0.738,13.733,-7.751,11.475
0.047,0.520,0.751,10.742,-9.583,18.250
0.066,0.526,0.761,7.629,-10.254,21.912
0.081,0.532,0.782,5.859,-8.423,23.071
0.081,0.536,0.786,3.479,-4.883,22.522
0.082,0.529,0.783,1.831,-1.648,20.020
0.090,0.520,0.776,0.732,1.160,16.235
0.086,0.512,0.779,-0.183,3.418,12.390
0.067,0.515,0.791,0.305,4.639,8.667
0.049,0.543,0.797,1.465,5.310,4.822
0.024,0.569,0.798,3.113,6.287,1.648
-0.002,0.600,0.802,5.249,7.202,-1.465
-0.007,0.632,0.794,9.155,8.118,-4.089
-0.033,0.680,0.775,15.137,9.766,-4.639
-0.044,0.707,0.764,15.808,11.902,-5.798
-0.046,0.709,0.775,12.207,12.634,-7.385
-0.054,0.711,0.792,10.010,12.024,-6.836
-0.052,0.726,0.792,10.315,11.719,-4.395
-0.046,0.728,0.778,11.047,10.620,-1.709
-0.039,0.714,0.765,11.658,8.789,0.610
-0.026,0.703,0.751,13.123,7.080,3.540
-0.017,0.687,0.736,14.099,4.578,6.409
-0.007,0.668,0.725,12.024,2.136,9.521
-0.003,0.646,0.727,10.254,0.488,12.939
0.002,0.627,0.740,9.094,-0.427,15.503
0.005,0.611,0.745,8.911,-0.610,17.151
0.015,0.611,0.745,8.972,-0.305,18.188
0.016,0.599,0.747,9.521,-0.305,19.043
0.014,0.589,0.743,10.193,-0.305,19.226
0.017,0.578,0.743,11.230,-0.183,18.860
0.018,0.576,0.737,12.695,0.000,18.433
0.024,0.570,0.746,14.893,0.000,17.273
0.010,0.555,0.730,19.043,0.793,16.907
0.017,0.585,0.717,23.071,2.563,17.334
0.018,0.555,0.717,20.447,3.174,12.268
0.013,0.547,0.718,18.860,1.526,9.949
0.004,0.549,0.719,18.311,0.732,10.010
0.001,0.537,0.717,16.479,0.610,9.827
-0.004,0.515,0.744,14.648,0.427,10.681
0.015,0.519,0.740,12.756,1.404,11.353
0.013,0.559,0.739,12.207,3.235,13.855
0.027,0.580,0.748,9.827,4.333,14.160
0.032,0.578,0.768,6.592,4.333,12.085
0.040,0.592,0.774,6.348,4.700,12.512
0.040,0.604,0.785,7.080,5.920,12.146
0.041,0.610,0.802,7.202,7.324,10.071
0.046,0.596,0.816,7.141,8.179,7.874
0.058,0.590,0.817,7.874,8.179,7.446
0.069,0.588,0.835,10.620,7.019,8.057
0.070,0.567,0.838,12.085,5.371,8.667
0.076,0.571,0.837,15.198,3.662,10.498
0.079,0.575,0.825,17.334,1.343,13.184
0.081,0.579,0.823,15.320,-1.282,12.573
0.067,0.562,0.832,13.672,-3.601,12.207
0.052,0.556,0.827,14.221,-4.517,11.658
0.050,0.553,0.805,14.771,-4.089,11.047
0.033,0.529,0.806,14.099,-4.089,10.376
0.020,0.504,0.804,13.489,-3.662,9.460
0.006,0.487,0.805,11.963,-3.052,8.789
-0.006,0.481,0.801,10.315,-2.686,8.911
-0.004,0.483,0.795,8.728,-2.258,9.399
-0.010,0.485,0.800,7.080,-2.014,9.888
-0.007,0.491,0.800,5.737,-1.343,10.437
-0.006,0.490,0.806,4.578,-1.160,10.925
-0.011,0.479,0.809,3.662,-1.587,10.864
-0.021,0.493,0.814,3.296,-2.136,10.132
-0.022,0.505,0.813,2.747,-1.587,8.667
-0.028,0.495,0.814,1.099,0.244,6.470
-0.031,0.498,0.820,0.427,1.831,4.761
-0.030,0.502,0.826,0.305,3.113,3.601
-0.031,0.494,0.834,1.038,3.662,3.479
-0.033,0.485,0.842,2.197,3.418,4.272
-0.028,0.487,0.842,3.357,3.235,5.798
-0.022,0.495,0.848,4.578,3.357,6.958
-0.016,0.491,0.852,6.042,4.028,7.751
-0.003,0.489,0.862,7.141,4.456,8.301
0.004,0.505,0.849,8.728,3.479,7.996
0.015,0.505,0.842,8.423,2.563,8.057

-0.331,-0.992,1.827,-53.528,22.888,11.841
-0.281,-1.109,1.836,-63.049,11.963,28.503
-0.158,-1.134,1.787,-60.242,-2.625,49.133
0.012,-1.127,1.678,-57.434,-17.517,60.608
0.180,-1.102,1.507,-52.917,-28.687,65.796
0.349,-0.979,1.281,-44.983,-33.386,60.608
0.494,-0.788,0.953,-34.851,-33.325,41.443
0.572,-0.597,0.630,-30.518,-28.748,13.611
0.529,-0.326,0.337,-38.513,-19.104,-19.531
0.447,0.043,0.053,-53.406,1.343,-50.293
0.383,0.465,-0.192,-74.280,21.301,-69.153
0.226,1.080,-0.275,-82.092,30.212,-71.655
0.049,1.724,-0.249,-80.505,37.476,-71.960
0.005,2.159,-0.165,-81.604,48.157,-73.975
-0.000,2.426,0.008,-78.918,48.157,-64.453
0.044,2.571,0.177,-67.078,39.429,-46.326
0.045,2.671,0.285,-46.509,21.912,-24.597
0.045,2.638,0.352,-26.428,5.432,-4.089
0.050,2.479,0.376,-11.658,-7.751,6.409
0.016,2.304,0.369,0.610,-19.287,13.794
0.032,2.119,0.338,9.033,-24.841,24.353
-0.020,1.879,0.236,13.672,-30.212,34.729
0.043,1.715,0.202,11.719,-29.846,45.410
0.032,1.563,0.182,9.338,-37.415,54.871
0.084,1.378,0.185,5.432,-40.833,56.458
0.143,1.221,0.197,3.662,-36.194,57.251
0.192,1.064,0.235,2.869,-30.762,53.528
0.241,0.913,0.287,3.540,-24.170,45.532
0.264,0.818,0.316,8.850,-15.076,35.706
0.262,0.736,0.346,13.306,-7.446,22.278
0.242,0.680,0.384,16.724,-2.563,7.629
0.205,0.644,0.435,19.775,1.770,-4.944
0.168,0.617,0.490,22.583,5.493,-15.198
0.130,0.590,0.544,23.865,7.202,-18.921
0.094,0.541,0.580,24.475,7.019,-18.311
0.080,0.524,0.633,23.010,5.127,-12.756
0.071,0.487,0.680,17.517,1.892,-6.042
0.076,0.472,0.722,11.963,-0.122,0.610
0.104,0.483,0.738,8.301,-0.244,6.287
0.105,0.488,0.762,3.906,-0.244,10.315
0.100,0.480,0.787,-1.221,0.916,9.216
0.098,0.467,0.795,-1.953,2.869,7.446
0.094,0.456,0.801,-0.610,3.174,6.042
0.077,0.437,0.794,1.282,1.648,4.517
0.070,0.457,0.793,4.211,0.671,3.906
0.048,0.458,0.780,6.836,1.526,3.662
0.034,0.488,0.757,7.263,3.418,2.380
0.034,0.495,0.741,4.517,4.700,-1.038
0.025,0.486,0.740,-0.366,5.005,-3.662
0.011,0.498,0.752,-3.540,4.517,-3.296
-0.010,0.513,0.765,-6.042,3.479,-2.991
-0.006,0.521,0.777,-7.446,2.808,-2.136
-0.026,0.540,0.791,-6.714,3.784,-0.427
-0.029,0.564,0.798,-3.967,5.554,-0.610
-0.045,0.584,0.800,-0.977,7.446,-2.197
-0.048,0.607,0.794,3.235,9.216,-3.357
-0.034,0.628,0.780,4.395,10.437,-5.676
-0.030,0.628,0.781,3.723,10.132,-7.019
-0.028,0.626,0.782,3.540,8.850,-6.836
-0.023,0.640,0.777,4.333,7.690,-5.432
-0.020,0.633,0.776,4.761,6.775,-3.784
-0.026,0.623,0.780,5.127,5.798,-2.136
-0.031,0.629,0.778,5.493,3.784,-0.061
-0.024,0.626,0.775,5.371,1.709,2.197
-0.026,0.626,0.767,5.066,-0.305,4.883
-0.017,0.613,0.766,4.089,-2.197,7.507
-0.008,0.609,0.766,4.395,-3.845,10.254
-0.001,0.596,0.756,4.883,-5.615,12.695
-0.000,0.570,0.755,5.371,-7.263,14.771
0.004,0.547,0.744,5.981,-8.423,16.785
0.009,0.529,0.743,5.920,-9.277,18.005
0.013,0.528,0.743,5.371,-9.949,17.822
0.016,0.526,0.752,4.639,-10.132,16.174
0.015,0.527,0.760,4.028,-8.728,13.367
0.007,0.526,0.773,3.967,-6.470,9.949
0.004,0.537,0.773,5.127,-4.456,6.775
0.000,0.552,0.777,6.409,-3.113,3.723
-0.015,0.555,0.776,7.751,-1.770,0.793
-0.028,0.554,0.774,9.094,-0.061,-0.916
-0.030,0.553,0.774,10.254,1.709,-1.831
-0.033,0.562,0.766,11.169,2.808,-1.587
-0.028,0.562,0.762,11.292,3.357,-0.610
-0.021,0.556,0.769,10.681,3.601,1.526
-0.005,0.553,0.775,9.277,3.113,4.456
0.016,0.557,0.789,7.141,1.465,7.751
0.035,0.566,0.801,5.066,-0.854,10.254
0.044,0.571,0.811,3.235,-3.113,11.169
0.036,0.557,0.828,2.747,-4.639,10.803
0.030,0.587,0.830,4.089,-4.639,10.437
0.029,0.592,0.827,5.554,-3.845,6.958
0.013,0.584,0.824,7.874,-2.930,3.845
0.003,0.557,0.829,11.230,-2.258,2.075
-0.045,0.541,0.820,18.127,-1.099,2.075
-0.041,0.595,0.819,22.522,0.732,1.648
-0.046,0.550,0.828,17.944,1.892,-2.441
-0.052,0.515,0.839,15.442,1.770,-2.686
-0.049,0.516,0.833,14.954,1.465,-0.793
-0.035,0.526,0.835,14.038,0.488,1.221
-0.034,0.517,0.834,12.634,-0.977,4.089
-0.017,0.519,0.844,11.169,-2.197,7.385
0.003,0.507,0.847,9.216,-2.991,10.132
0.008,0.498,0.853,7.996,-4.822,12.390
0.006,0.491,0.856,7.080,-6.165,12.634
-0.005,0.485,0.859,6.470,-5.554,11.963
-0.011,0.489,0.859,5.737,-3.235,10.620
-0.014,0.493,0.862,3.662,-0.671,7.874
-0.020,0.493,0.876,2.625,0.671,4.395
-0.033,0.507,0.873,3.601,1.892,2.075
-0.026,0.513,0.866,4.028,3.418,0.549
-0.034,0.510,0.860,4.944,4.272,0.305
-0.026,0.512,0.865,6.348,5.005,0.183
-0.028,0.514,0.859,7.324,4.639,-0.305
-0.029,0.512,0.846,8.362,3.845,-0.488
-0.027,0.513,0.839,8.972,3.662,-0.488
-0.029,0.497,0.836,9.399,3.540,0.122
-0.034,0.476,0.842,9.521,3.479,0.854
-0.039,0.480,0.841,10.193,3.662,2.197
-0.025,0.463,0.835,9.583,3.906,3.906
-0.022,0.448,0.827,9.216,3.357,6.836

-0.336,-0.696,1.995,-53.406,33.569,-12.146
-0.294,-0.972,2.038,-58.044,15.808,13.794
-0.211,-1.114,2.003,-53.772,-6.714,43.213
-0.074,-1.165,1.823,-49.255,-22.217,56.335
0.049,-1.108,1.594,-39.612,-28.259,56.702
0.187,-0.984,1.258,-23.560,-33.386,43.152
0.224,-0.821,0.919,-17.578,-32.837,12.756
0.215,-0.594,0.625,-23.499,-17.273,-23.254
0.191,-0.250,0.364,-37.720,7.263,-53.223
0.146,0.115,0.248,-54.260,31.799,-75.500
0.084,0.517,0.193,-66.528,43.884,-83.069
0.058,0.999,0.114,-65.247,49.194,-71.777
0.084,1.463,0.014,-57.922,48.706,-53.345
0.098,1.883,-0.033,-56.030,42.908,-36.865
0.094,2.182,0.010,-53.345,37.659,-27.649
0.113,2.261,0.119,-44.006,33.569,-26.245
0.219,2.190,0.183,-36.560,29.541,-21.545
0.218,2.102,0.190,-24.048,13.306,-6.042
0.188,2.006,0.111,-8.728,-9.949,5.981
0.151,1.884,0.021,-0.916,-28.198,15.564
0.124,1.785,-0.037,-0.549,-36.255,21.667
0.125,1.692,-0.043,-5.188,-36.316,25.635
0.159,1.595,0.006,-12.573,-34.180,29.175
0.182,1.526,0.054,-16.724,-33.203,28.748
0.190,1.460,0.098,-16.052,-32.288,26.001
0.201,1.376,0.132,-13.611,-29.846,23.804
0.201,1.298,0.187,-9.460,-25.818,22.034
0.194,1.207,0.265,-3.845,-21.240,19.958
0.183,1.125,0.310,4.211,-15.686,18.433
0.156,1.085,0.320,13.916,-9.460,18.677
0.140,0.998,0.353,17.578,-4.761,13.611
0.143,0.917,0.390,20.630,-0.122,8.423
0.178,0.847,0.430,23.865,7.202,6.592
0.171,0.809,0.467,25.513,14.343,6.226
0.244,0.769,0.520,21.423,21.423,7.629
0.252,0.709,0.612,18.982,19.409,6.592
0.266,0.661,0.685,18.005,19.104,4.333
0.262,0.618,0.749,20.203,18.250,2.441
0.247,0.579,0.792,23.621,14.954,-0.427
0.219,0.560,0.825,26.794,12.695,-1.953
0.194,0.524,0.841,26.978,11.108,-2.808
0.162,0.482,0.852,24.963,10.864,-3.723
0.111,0.471,0.835,24.902,10.315,-1.587
0.089,0.469,0.806,24.963,10.498,0.366
0.076,0.454,0.776,23.926,10.986,1.709
0.059,0.419,0.762,22.095,11.108,2.686
0.053,0.400,0.745,20.935,10.864,3.906
0.055,0.381,0.743,19.348,9.705,5.310
0.041,0.365,0.745,17.029,6.897,6.958
0.032,0.354,0.765,14.099,4.761,7.141
0.042,0.379,0.773,12.756,4.700,8.606
0.032,0.412,0.769,12.634,5.737,9.827
0.035,0.445,0.766,11.169,6.958,8.911
0.043,0.460,0.775,8.362,8.911,6.226
0.057,0.473,0.785,6.042,11.536,3.662
0.070,0.481,0.785,4.944,13.428,1.587
0.065,0.491,0.788,4.761,13.733,0.244
0.075,0.495,0.812,2.991,13.306,-1.587
0.078,0.502,0.821,2.625,12.085,-2.563
0.078,0.507,0.851,5.432,9.644,-2.869
0.077,0.535,0.843,8.972,6.836,-1.892
0.058,0.579,0.818,13.306,3.784,0.366
0.041,0.582,0.813,12.451,1.221,-1.404
0.027,0.551,0.814,10.559,0.305,-2.380
0.005,0.544,0.807,10.925,-0.793,-1.465
0.001,0.538,0.796,10.986,-1.404,0.366
-0.008,0.519,0.801,10.132,-3.174,3.479
-0.013,0.504,0.796,10.376,-5.859,7.446
0.001,0.503,0.782,10.620,-7.324,10.803
0.026,0.483,0.769,8.423,-8.179,14.038
0.042,0.454,0.779,5.127,-10.010,16.785
0.061,0.437,0.787,2.869,-11.353,19.409
0.076,0.430,0.798,2.197,-11.780,21.118
0.083,0.423,0.808,2.808,-11.292,21.240
0.077,0.411,0.814,3.601,-10.803,19.775
0.069,0.410,0.812,4.822,-10.925,17.517
0.058,0.427,0.813,6.958,-11.047,13.733
0.038,0.433,0.822,8.667,-10.254,8.667
0.009,0.426,0.830,10.193,-7.996,3.784
-0.012,0.417,0.835,10.437,-4.517,-0.488
-0.031,0.425,0.843,10.742,-1.526,-3.052
-0.047,0.428,0.845,9.644,0.549,-3.357
-0.054,0.428,0.848,7.629,1.526,-1.282
-0.051,0.437,0.855,6.531,1.099,2.686
-0.020,0.438,0.864,5.676,-0.305,7.324
-0.007,0.445,0.863,6.531,-1.831,11.169
0.001,0.495,0.852,9.216,-2.625,15.991
0.014,0.528,0.831,8.789,-2.441,18.188
0.026,0.516,0.841,2.625,-1.770,12.085
0.018,0.512,0.851,0.183,-1.343,8.118
0.002,0.530,0.853,1.099,0.793,3.601
-0.003,0.536,0.843,2.380,4.272,-1.282
-0.007,0.545,0.839,4.456,7.385,-4.761
-0.012,0.531,0.837,6.531,10.132,-7.935
-0.013,0.540,0.836,8.362,11.902,-9.521
0.007,0.526,0.828,7.935,12.268,-8.850
0.026,0.514,0.830,7.263,10.681,-5.371
0.043,0.501,0.838,5.310,7.324,-1.587
0.055,0.507,0.849,3.357,4.272,1.953
0.060,0.503,0.866,3.540,1.282,5.859
0.078,0.505,0.875,3.845,-0.671,7.751
0.083,0.502,0.873,5.066,-1.343,8.667
0.085,0.519,0.885,8.423,-1.709,8.850
0.079,0.506,0.876,7.996,-1.099,6.897
0.069,0.499,0.876,8.423,0.549,5.615
0.062,0.496,0.865,9.949,2.075,4.456
0.055,0.478,0.865,11.414,2.197,3.296
0.033,0.477,0.846,14.343,2.197,3.723
0.048,0.493,0.827,13.245,2.686,4.456
0.046,0.445,0.829,9.033,2.014,2.869
0.050,0.448,0.826,8.118,0.305,5.066
0.055,0.446,0.828,6.226,-1.282,5.737
0.061,0.438,0.827,4.028,-2.441,6.470
0.063,0.438,0.827,2.563,-3.479,7.507
0.071,0.441,0.826,0.549,-4.028,7.629
0.071,0.448,0.830,-1.343,-5.005,7.507
0.057,0.447,0.847,-2.258,-5.798,7.202
0.054,0.439,0.863,-2.441,-5.310,6.714
0.043,0.455,0.858,-0.916,-4.333,6.470

-0.336,-0.742,2.017,-34.607,20.996,29.175
-0.302,-0.853,2.028,-35.950,-1.831,44.434
-0.193,-0.903,1.990,-29.663,-23.376,57.495
-0.033,-0.906,1.855,-26.123,-37.720,62.439
0.103,-0.878,1.678,-18.799,-49.255,56.641
0.164,-0.757,1.484,-9.155,-57.800,39.429
0.208,-0.626,1.168,-1.465,-53.650,9.766
0.243,-0.436,0.811,11.169,-37.781,-20.447
0.262,-0.180,0.439,12.878,-20.752,-46.082
0.251,0.112,0.152,-0.977,-7.141,-70.068
0.145,0.487,0.036,-23.621,-1.099,-86.304
-0.003,0.995,-0.021,-38.025,1.648,-90.454
-0.143,1.506,-0.001,-47.485,7.751,-89.600
-0.142,1.858,0.048,-52.124,16.846,-81.604
-0.066,2.095,0.099,-49.561,18.799,-61.890
0.020,2.221,0.195,-41.809,11.719,-39.612
0.126,2.236,0.303,-36.377,-1.892,-18.921
0.160,2.182,0.386,-29.419,-21.606,-7.263
0.163,2.072,0.407,-20.569,-38.086,-2.686
0.153,1.955,0.350,-11.719,-45.593,1.038
0.095,1.843,0.280,-5.859,-46.997,4.395
0.036,1.734,0.206,-2.075,-46.021,6.592
0.002,1.612,0.132,2.380,-44.861,8.118
-0.006,1.542,0.119,4.211,-38.208,7.629
-0.071,1.452,0.091,2.747,-33.203,15.869
-0.074,1.358,0.135,1.404,-33.508,13.428
-0.081,1.261,0.209,0.916,-21.851,12.512
-0.039,1.185,0.264,3.540,-8.362,13.672
-0.013,1.127,0.316,8.667,0.122,10.437
0.012,1.069,0.360,14.465,9.155,4.272
0.033,1.005,0.398,18.982,21.423,-2.136
0.077,0.937,0.436,22.522,33.875,-7.385
0.123,0.861,0.463,24.536,43.579,-11.353
0.145,0.799,0.489,23.865,49.927,-13.245
0.170,0.721,0.506,21.301,50.903,-12.634
0.157,0.670,0.576,17.090,49.316,-10.010
0.134,0.591,0.618,10.803,47.546,-6.409
0.115,0.542,0.661,8.240,44.128,-1.099
0.096,0.515,0.692,7.568,39.490,4.822
0.107,0.483,0.719,5.554,34.302,11.658
0.093,0.468,0.749,4.028,26.917,19.409
0.084,0.467,0.771,4.944,19.226,25.513
0.079,0.455,0.812,8.667,14.954,28.809
0.057,0.460,0.823,13.184,16.235,28.809
0.064,0.426,0.819,16.724,18.677,24.597
0.069,0.383,0.818,18.066,20.142,18.250
0.065,0.360,0.809,19.287,20.325,14.954
0.063,0.335,0.802,18.433,20.203,11.963
0.054,0.320,0.804,17.395,19.531,10.437
0.055,0.310,0.806,13.611,18.372,9.705
0.042,0.309,0.813,10.010,17.456,9.521
0.039,0.310,0.817,7.507,17.639,8.972
0.042,0.317,0.812,5.920,17.944,7.690
0.042,0.333,0.818,4.761,17.029,5.920
0.038,0.338,0.819,2.075,16.479,3.784
0.037,0.363,0.823,1.404,16.541,2.075
0.047,0.365,0.830,2.441,17.090,0.244
0.009,0.449,0.840,8.057,18.921,1.160
0.007,0.485,0.837,9.399,21.362,-0.244
-0.000,0.495,0.858,8.911,22.522,-4.272
-0.013,0.495,0.870,10.742,22.339,-5.371
-0.012,0.492,0.869,13.123,21.729,-5.249
-0.003,0.478,0.865,14.282,19.348,-3.967
0.006,0.464,0.855,13.367,15.564,-1.404
0.000,0.456,0.860,11.230,10.864,1.404
-0.001,0.451,0.859,9.460,6.653,4.944
0.012,0.455,0.861,8.240,3.845,8.545
0.017,0.457,0.853,6.958,1.526,10.803
0.023,0.459,0.842,5.920,-0.610,12.085
0.005,0.441,0.834,6.104,-2.136,13.245
-0.006,0.444,0.818,6.714,-2.930,14.343
-0.000,0.440,0.810,3.784,-3.540,12.146
-0.008,0.420,0.805,1.465,-4.822,11.169
-0.021,0.416,0.805,1.526,-5.066,11.292
-0.028,0.405,0.802,1.038,-3.967,10.376
-0.021,0.401,0.802,0.793,-2.747,10.559
-0.012,0.402,0.807,0.977,-2.625,10.803
-0.001,0.413,0.812,1.831,-4.211,10.681
0.009,0.401,0.820,3.052,-6.653,10.803
-0.010,0.429,0.836,7.507,-8.057,13.062
-0.020,0.457,0.840,10.803,-8.057,14.404
-0.023,0.455,0.844,9.094,-6.287,10.132
-0.029,0.451,0.846,8.118,-4.028,7.324
-0.027,0.435,0.843,9.521,-1.892,5.859
-0.047,0.455,0.831,12.756,0.183,6.104
-0.046,0.462,0.824,12.146,1.831,5.249
-0.039,0.455,0.834,8.850,3.357,2.197
-0.028,0.454,0.847,7.385,4.883,2.075
-0.011,0.458,0.857,8.179,6.348,3.784
0.030,0.428,0.861,9.033,5.859,6.470
0.024,0.483,0.861,12.878,3.052,12.207
0.028,0.477,0.872,10.132,-0.061,13.184
0.017,0.451,0.900,7.263,-2.014,10.254
0.028,0.441,0.910,7.202,-1.892,9.155
0.001,0.431,0.921,11.658,0.610,8.850
0.012,0.457,0.921,15.076,3.357,8.301
0.023,0.451,0.918,14.771,5.249,5.188
0.020,0.443,0.932,15.381,5.432,4.333
0.010,0.434,0.940,15.686,5.432,3.418
0.014,0.424,0.936,14.832,5.066,2.502
0.016,0.407,0.921,13.428,3.479,3.052
0.016,0.381,0.933,11.719,1.343,3.235
0.013,0.373,0.909,7.812,0.183,2.991
0.012,0.366,0.907,4.333,-0.549,3.479
0.015,0.369,0.906,1.465,-0.977,3.296
0.020,0.363,0.910,-0.488,-0.977,3.418
0.009,0.407,0.904,0.061,-0.244,5.005
0.011,0.433,0.917,-2.258,0.732,2.502
0.003,0.427,0.927,-5.127,1.587,-0.793
-0.005,0.429,0.929,-5.737,2.197,-2.258
-0.008,0.443,0.921,-4.395,2.625,-2.930
-0.013,0.448,0.910,-3.357,2.747,-3.418
-0.017,0.441,0.900,-2.563,3.235,-3.418
-0.015,0.436,0.885,-2.380,3.601,-2.747
-0.010,0.434,0.873,-3.052,3.479,-1.953
0.001,0.443,0.864,-3.662,2.380,-1.282
0.003,0.455,0.865,-4.272,1.221,-0.977
0.001,0.451,0.868,-4.517,0.854,-1.038
0.001,0.454,0.865,-4.883,1.160,-0.793

-0.214,-0.774,1.579,-65.063,-7.751,21.118
-0.171,-0.753,1.481,-59.204,-18.860,24.231
-0.108,-0.676,1.327,-50.476,-26.733,18.066
-0.039,-0.562,1.150,-40.466,-27.527,4.333
0.040,-0.449,0.944,-32.349,-24.658,-13.794
0.054,-0.298,0.751,-26.245,-19.836,-34.363
0.077,-0.135,0.539,-26.672,-7.568,-52.917
0.131,0.055,0.322,-28.381,8.057,-66.772
0.123,0.320,0.109,-36.133,21.851,-75.134
0.062,0.685,-0.041,-46.570,30.579,-78.186
-0.011,1.125,-0.079,-48.462,34.973,-73.730
-0.027,1.515,-0.095,-46.570,45.532,-61.768
0.040,1.810,-0.075,-48.340,55.481,-47.424
0.106,2.017,0.024,-53.955,47.607,-30.457
0.154,2.195,0.159,-54.932,23.743,-10.986
0.205,2.310,0.307,-48.828,0.061,8.118
0.238,2.300,0.439,-39.490,-16.968,19.958
0.243,2.207,0.533,-27.039,-27.527,21.240
0.261,2.070,0.556,-13.550,-25.635,12.512
0.229,1.922,0.448,-1.953,-13.000,11.169
0.231,1.770,0.317,6.592,-3.540,7.874
0.231,1.612,0.224,9.033,5.310,9.338
0.256,1.465,0.176,11.475,8.850,14.465
0.289,1.319,0.178,13.611,7.324,19.043
0.324,1.204,0.190,16.174,3.967,24.719
0.387,1.094,0.218,17.761,0.793,27.771
0.427,1.016,0.256,20.874,-0.305,28.809
0.451,0.951,0.291,23.682,-0.977,27.222
0.447,0.891,0.338,24.902,-1.160,20.142
0.411,0.831,0.390,26.550,-0.183,12.573
0.373,0.760,0.458,27.832,2.502,4.944
0.305,0.750,0.511,29.968,6.409,-0.305
0.260,0.710,0.597,33.813,10.742,-5.981
0.218,0.672,0.655,35.583,15.503,-11.475
0.163,0.635,0.727,39.246,18.982,-12.268
0.148,0.604,0.748,35.278,22.949,-12.878
0.130,0.566,0.756,29.785,23.071,-11.353
0.101,0.519,0.764,24.353,20.020,-8.362
0.080,0.487,0.771,20.325,17.578,-4.822
0.058,0.462,0.783,17.029,15.808,-1.404
0.033,0.430,0.791,14.343,14.160,1.648
0.028,0.405,0.798,10.925,12.024,5.798
0.017,0.359,0.828,7.080,8.728,11.475
0.024,0.340,0.833,1.648,5.432,18.921
0.023,0.333,0.854,-1.953,1.648,25.757
0.032,0.312,0.852,-6.165,-1.526,30.090
0.041,0.320,0.853,-7.263,-4.028,33.081
0.041,0.337,0.857,-7.080,-5.005,31.982
0.038,0.334,0.865,-4.272,-3.967,27.466
0.029,0.317,0.861,0.488,-1.099,22.278
0.032,0.318,0.844,4.883,2.014,16.113
0.009,0.312,0.843,10.132,4.333,9.521
0.000,0.339,0.827,16.724,6.104,3.479
-0.008,0.361,0.813,21.118,8.301,-3.235
-0.004,0.386,0.795,22.400,10.376,-7.080
-0.013,0.395,0.797,22.827,9.583,-9.827
-0.021,0.407,0.795,23.865,8.545,-11.597
-0.016,0.412,0.798,23.743,9.888,-11.353
-0.008,0.417,0.802,21.240,9.888,-8.911
-0.004,0.420,0.811,17.578,7.080,-5.554
0.004,0.424,0.816,14.526,4.028,-1.831
0.015,0.415,0.835,10.864,1.404,2.075
0.032,0.421,0.851,7.080,-1.648,6.775
0.056,0.425,0.864,5.920,-5.432,10.254
0.043,0.468,0.886,9.277,-7.446,13.550
0.036,0.463,0.906,11.719,-7.629,14.832
0.047,0.424,0.913,8.484,-5.920,10.315
0.048,0.400,0.914,8.240,-4.089,8.911
0.048,0.392,0.905,10.010,-3.662,9.460
0.034,0.367,0.895,10.376,-4.517,8.911
0.029,0.367,0.884,11.475,-5.249,9.033
0.032,0.370,0.869,12.207,-5.432,8.606
0.020,0.374,0.856,13.733,-6.165,7.751
0.013,0.383,0.854,13.672,-7.141,6.531
0.006,0.371,0.852,12.878,-6.287,5.554
0.005,0.366,0.852,12.390,-4.333,5.615
0.013,0.359,0.850,10.437,-3.113,5.615
0.012,0.355,0.853,7.812,-3.723,6.042
0.013,0.354,0.859,5.554,-4.822,7.568
0.014,0.355,0.868,3.601,-5.310,9.155
0.016,0.338,0.866,2.930,-5.249,10.559
0.021,0.392,0.869,3.357,-4.761,12.268
0.022,0.396,0.881,-0.732,-3.601,9.399
0.018,0.387,0.886,-2.930,-1.770,6.836
0.028,0.404,0.879,-2.991,0.366,6.226
0.046,0.425,0.866,-4.089,1.160,6.165
0.039,0.431,0.876,-7.019,0.671,5.310
0.033,0.437,0.892,-9.583,1.038,3.479
0.031,0.446,0.909,-10.620,2.869,2.502
0.031,0.436,0.920,-9.644,4.333,3.235
0.029,0.464,0.920,-6.226,4.456,5.981
0.055,0.502,0.925,-7.996,3.967,4.883
0.059,0.500,0.941,-9.949,3.235,3.845
0.056,0.509,0.948,-9.827,3.174,3.052
0.056,0.519,0.945,-8.728,3.662,2.014
0.054,0.519,0.937,-7.812,3.845,1.831
0.054,0.517,0.927,-6.775,2.991,2.136
0.051,0.512,0.923,-5.737,1.404,2.563
0.053,0.530,0.916,-3.784,0.305,2.686
0.050,0.533,0.910,-2.075,-0.183,2.563
0.049,0.534,0.895,-0.427,-0.305,2.319
0.044,0.523,0.881,1.160,-0.732,2.380
0.038,0.510,0.864,2.197,-1.099,2.319
0.033,0.510,0.849,2.563,-0.916,2.075
0.027,0.517,0.837,2.136,-0.427,1.587
0.018,0.512,0.828,1.709,0.671,0.610
0.010,0.509,0.826,1.526,1.648,0.244
0.014,0.512,0.828,1.892,2.625,0.122
0.015,0.519,0.833,2.258,2.808,0.610
0.024,0.520,0.826,3.113,2.686,1.709
0.031,0.527,0.818,4.272,2.380,2.380
0.035,0.517,0.807,4.211,1.770,2.563
0.033,0.505,0.807,3.967,2.075,2.502
0.035,0.501,0.809,3.662,2.930,2.197
0.039,0.494,0.808,3.418,3.601,2.197
0.040,0.486,0.810,2.991,3.784,2.686
0.044,0.479,0.812,2.319,3.296,3.479
0.048,0.470,0.816,1.465,2.563,4.578
0.049,0.456,0.824,0.549,2.136,5.432

-0.235,-1.053,1.745,-65.552,-9.766,20.752
-0.159,-1.274,1.749,-74.280,-25.696,30.090
-0.069,-1.303,1.656,-69.275,-41.382,37.048
-0.003,-1.240,1.511,-53.711,-51.575,35.950
0.129,-1.089,1.231,-37.598,-52.734,21.057
0.225,-0.863,0.923,-25.757,-42.297,1.038
0.239,-0.589,0.655,-24.292,-28.259,-19.592
0.184,-0.166,0.368,-34.363,-7.568,-39.368
0.094,0.249,0.153,-44.373,8.118,-55.237
-0.076,0.789,-0.003,-50.110,16.602,-59.021
-0.282,1.475,-0.111,-49.133,22.949,-55.786
-0.522,2.112,-0.109,-41.626,37.048,-52.307
-0.513,2.434,-0.015,-39.246,60.608,-47.668
-0.363,2.494,0.186,-38.635,70.496,-31.555
-0.289,2.497,0.384,-30.457,55.969,-10.193
-0.135,2.379,0.492,-12.756,33.630,5.310
0.075,2.112,0.517,4.211,13.000,23.376
0.281,1.854,0.442,17.822,0.122,37.903
0.412,1.624,0.350,20.508,-10.437,48.340
0.552,1.427,0.290,15.320,-18.372,49.927
0.585,1.299,0.215,-0.305,-26.245,61.157
0.615,1.218,0.191,-16.785,-39.368,64.270
0.605,1.165,0.187,-30.701,-44.739,58.411
0.545,1.137,0.206,-37.964,-47.119,49.988
0.475,1.075,0.229,-40.710,-48.157,37.109
0.393,1.000,0.252,-38.879,-46.021,24.475
0.300,0.984,0.263,-32.776,-43.457,14.832
0.172,0.975,0.306,-24.048,-41.138,5.493
0.080,0.962,0.361,-12.695,-33.081,-3.235
0.019,0.974,0.400,0.793,-19.470,-7.935
0.009,0.962,0.444,10.132,-5.798,-10.498
0.007,0.941,0.485,17.212,1.648,-12.207
0.023,0.924,0.526,21.667,7.263,-11.841
0.046,0.864,0.569,22.949,12.207,-9.827
0.050,0.785,0.629,18.677,15.747,-8.606
0.049,0.717,0.675,15.564,15.259,-6.287
0.031,0.664,0.718,10.742,13.000,-1.892
-0.004,0.606,0.767,6.226,11.353,3.296
-0.016,0.563,0.799,5.493,10.437,9.521
-0.029,0.537,0.815,6.348,9.705,15.137
-0.059,0.505,0.825,7.507,8.545,18.738
-0.075,0.486,0.817,10.254,8.240,20.752
-0.077,0.493,0.811,12.878,8.728,21.729
-0.088,0.480,0.819,13.733,9.766,20.569
-0.098,0.464,0.803,13.733,11.841,17.700
-0.100,0.469,0.795,12.329,15.137,15.747
-0.095,0.447,0.791,9.705,18.799,14.709
-0.083,0.451,0.789,8.240,22.278,13.489
-0.073,0.457,0.797,7.996,25.146,9.949
-0.044,0.471,0.802,7.812,26.855,4.761
-0.044,0.484,0.815,7.568,27.100,0.549
-0.036,0.505,0.844,8.423,25.879,-2.502
-0.049,0.498,0.886,9.766,23.254,-4.639
-0.040,0.500,0.918,13.855,21.179,-4.822
-0.060,0.519,0.928,20.264,19.592,-2.258
-0.035,0.520,0.926,22.339,16.602,-0.671
-0.029,0.497,0.919,17.395,11.780,-1.038
-0.040,0.486,0.908,15.381,6.897,1.038
-0.041,0.496,0.892,14.465,3.845,3.601
-0.040,0.494,0.876,13.000,1.465,4.272
-0.058,0.503,0.874,12.085,-0.366,4.639
-0.064,0.499,0.877,11.292,-1.099,5.005
-0.076,0.486,0.888,12.024,-0.366,5.615
-0.084,0.488,0.888,15.076,1.282,7.202
-0.073,0.479,0.878,15.991,2.625,8.423
-0.070,0.448,0.881,14.160,2.258,7.812
-0.059,0.439,0.877,14.099,0.793,8.972
-0.055,0.431,0.878,14.404,0.000,9.644
-0.050,0.408,0.871,13.916,0.000,9.705
-0.042,0.400,0.859,13.977,0.305,10.620
-0.029,0.403,0.841,14.099,-0.122,11.169
-0.023,0.401,0.830,12.817,-1.587,11.536
-0.029,0.403,0.824,11.169,-2.869,11.047
-0.034,0.425,0.820,9.521,-2.930,8.850
-0.041,0.418,0.827,7.446,-1.526,5.859
-0.046,0.415,0.831,6.470,0.977,3.357
-0.041,0.407,0.827,5.737,3.784,1.160
-0.036,0.402,0.830,4.517,5.737,0.427
-0.021,0.401,0.835,4.089,6.531,0.854
-0.009,0.394,0.836,4.272,6.409,2.625
-0.001,0.436,0.857,5.737,4.517,4.211
0.008,0.434,0.871,2.319,3.113,2.075
0.005,0.447,0.882,1.709,2.991,1.465
0.012,0.471,0.880,3.296,4.211,1.709
0.004,0.478,0.881,4.944,5.127,0.000
-0.003,0.483,0.867,6.531,5.615,-1.038
-0.006,0.489,0.853,8.789,6.470,-1.343
-0.015,0.500,0.841,10.925,7.019,-0.916
-0.020,0.486,0.837,9.399,7.568,-3.052
-0.021,0.481,0.837,8.057,8.057,-4.517
-0.023,0.483,0.839,7.751,8.484,-3.967
-0.013,0.479,0.839,6.714,8.728,-2.930
0.002,0.480,0.840,5.310,8.301,-1.099
0.021,0.490,0.841,4.028,6.470,1.221
0.031,0.492,0.848,2.319,3.967,2.991
0.035,0.482,0.859,0.488,1.953,3.967
0.038,0.474,0.863,-0.610,1.343,4.700
0.042,0.481,0.861,-0.671,1.404,5.127
0.034,0.480,0.861,-1.038,1.099,5.005
0.026,0.473,0.856,-0.671,0.793,4.272
0.025,0.478,0.842,0.305,0.854,3.967
0.022,0.471,0.837,1.038,1.160,3.845
0.020,0.465,0.836,2.197,1.770,3.418
0.030,0.458,0.833,3.723,2.625,2.686
0.028,0.474,0.832,6.470,3.174,2.747
0.025,0.481,0.836,7.751,3.174,1.526
0.030,0.462,0.841,4.883,3.357,-1.831
0.023,0.457,0.846,4.517,3.906,-2.625
0.022,0.469,0.842,4.089,4.333,-3.052
0.004,0.461,0.853,2.502,4.211,-3.601
-0.005,0.450,0.864,1.038,4.395,-2.747
-0.008,0.448,0.874,-0.183,4.761,-1.221
0.005,0.446,0.879,-0.977,4.272,0.549
0.010,0.448,0.887,-1.465,2.869,2.197
0.014,0.456,0.892,-1.648,1.587,2.563
0.018,0.460,0.896,-1.709,1.587,2.319
0.025,0.466,0.898,-1.404,2.136,1.892
0.019,0.468,0.905,-1.099,2.136,0.977
0.010,0.469,0.903,-0.916,1.770,0.061

-0.486,-0.436,2.095,-58.105,55.908,-28.748
-0.559,-0.637,2.231,-60.913,54.749,-18.494
-0.476,-0.866,2.266,-62.378,43.945,-5.127
-0.383,-1.067,2.180,-60.181,22.156,13.367
-0.232,-1.179,2.023,-50.964,-8.789,37.476
-0.053,-1.241,1.826,-46.265,-37.720,54.504
0.151,-1.291,1.509,-39.917,-61.646,61.096
0.292,-1.207,1.074,-30.823,-79.224,56.030
0.405,-0.969,0.500,-25.940,-76.233,30.518
0.467,-0.604,-0.081,-30.396,-42.542,-9.216
0.510,-0.253,-0.473,-46.448,7.080,-55.786
0.516,0.165,-0.657,-71.777,46.814,-91.125
0.498,0.795,-0.788,-88.745,66.162,-102.478
0.435,1.455,-0.830,-101.196,62.012,-102.844
0.276,1.996,-0.731,-106.750,41.321,-99.121
0.114,2.305,-0.540,-102.661,21.851,-91.614
0.093,2.489,-0.361,-92.834,10.376,-73.242
0.066,2.603,-0.173,-76.416,-3.601,-48.462
0.052,2.593,0.010,-56.335,-19.897,-28.198
0.014,2.440,0.135,-36.377,-36.438,-14.832
-0.142,2.256,0.172,-12.207,-47.791,-2.136
-0.192,2.069,0.162,11.047,-52.368,6.592
-0.009,1.892,0.137,21.240,-29.846,14.526
-0.022,1.767,0.116,19.287,-24.353,34.424
0.122,1.639,0.156,12.329,-26.123,42.236
0.232,1.527,0.213,7.690,-23.621,52.124
0.345,1.411,0.263,7.385,-21.362,57.251
0.413,1.304,0.311,7.751,-18.555,55.176
0.444,1.185,0.335,11.414,-11.719,48.157
0.472,1.090,0.336,15.320,-1.038,39.063
0.464,1.007,0.345,17.822,8.484,28.442
0.444,0.940,0.359,19.714,16.968,15.442
0.432,0.893,0.400,21.240,25.635,3.479
0.409,0.860,0.473,24.170,33.325,-6.042
0.435,0.839,0.554,26.062,41.504,-13.550
0.394,0.774,0.661,29.663,41.565,-16.052
0.374,0.707,0.746,31.311,42.358,-19.775
0.308,0.656,0.792,31.921,41.138,-16.907
0.275,0.599,0.803,28.931,38.147,-11.597
0.224,0.550,0.795,21.973,33.936,-2.747
0.179,0.542,0.784,11.719,25.208,11.230
0.134,0.530,0.774,2.441,10.864,23.499
0.095,0.534,0.771,-1.831,0.854,30.823
0.078,0.545,0.766,-0.366,-0.061,35.156
0.076,0.533,0.751,4.211,3.479,33.386
0.066,0.515,0.754,8.240,7.507,27.161
0.074,0.490,0.755,12.573,12.329,18.311
0.083,0.496,0.749,16.663,18.188,9.766
0.086,0.478,0.767,19.287,23.010,3.723
0.104,0.465,0.761,20.264,27.283,0.916
0.126,0.465,0.755,21.667,29.907,0.793
0.153,0.461,0.749,20.935,30.212,1.831
0.157,0.467,0.739,16.602,28.259,2.869
0.152,0.474,0.741,13.611,24.292,3.296
0.145,0.475,0.751,10.559,21.057,3.296
0.138,0.480,0.772,8.301,19.287,2.502
0.130,0.500,0.781,7.019,18.127,0.916
0.127,0.510,0.798,7.812,17.029,-0.366
0.102,0.560,0.809,11.230,16.479,0.427
0.092,0.575,0.825,11.963,17.273,-1.953
0.083,0.550,0.832,12.512,18.799,-6.348
0.074,0.544,0.824,16.418,19.836,-6.897
0.066,0.555,0.812,21.057,18.616,-6.226
0.056,0.542,0.803,23.315,15.076,-5.310
0.046,0.521,0.806,23.987,10.803,-2.747
0.048,0.509,0.802,23.560,7.568,-0.122
0.055,0.504,0.794,22.400,4.639,3.418
0.059,0.495,0.781,20.325,1.160,8.362
0.072,0.505,0.771,17.395,-3.052,12.939
0.078,0.508,0.771,13.977,-7.568,15.930
0.075,0.492,0.779,11.230,-11.414,18.494
0.068,0.477,0.792,10.864,-13.855,21.057
0.073,0.469,0.803,12.268,-14.465,22.156
0.072,0.443,0.803,13.306,-14.221,23.010
0.062,0.404,0.801,13.916,-13.855,22.766
0.060,0.397,0.796,14.954,-12.390,21.179
0.063,0.408,0.792,16.296,-10.071,18.250
0.065,0.418,0.790,16.602,-7.446,14.038
0.061,0.422,0.801,16.663,-4.944,8.972
0.061,0.432,0.800,17.761,-2.380,4.333
0.049,0.430,0.810,18.433,-0.549,0.488
0.036,0.414,0.819,18.250,0.977,-1.160
0.035,0.385,0.827,17.273,2.136,0.000
0.048,0.399,0.833,15.564,1.709,4.517
0.058,0.399,0.850,11.169,-0.793,9.888
0.062,0.400,0.875,6.775,-4.456,14.221
0.068,0.417,0.897,2.747,-6.897,17.517
0.077,0.433,0.906,-0.122,-7.935,19.531
0.084,0.450,0.913,-1.099,-8.240,19.714
0.080,0.459,0.916,-0.732,-8.484,17.822
0.069,0.461,0.917,1.160,-7.751,15.015
0.060,0.469,0.911,4.211,-5.798,11.780
0.051,0.483,0.902,7.568,-2.991,7.507
0.043,0.478,0.889,10.864,-0.732,2.930
0.023,0.482,0.883,13.611,0.610,-0.549
0.019,0.458,0.871,14.893,1.648,-2.625
0.012,0.455,0.860,16.724,1.648,-3.235
0.013,0.447,0.849,17.578,1.099,-2.380
0.019,0.427,0.840,17.761,0.061,-0.610
0.018,0.408,0.836,15.625,-1.282,2.380
0.022,0.397,0.840,12.695,-2.075,5.432
0.032,0.398,0.847,9.277,-1.831,8.118
0.038,0.403,0.855,6.042,-1.343,9.888
0.056,0.394,0.876,3.357,-1.282,10.376
0.071,0.396,0.881,0.793,-0.610,10.925
0.057,0.410,0.897,0.793,0.244,12.451
0.078,0.438,0.886,-0.549,0.549,12.390
0.080,0.431,0.898,-3.723,-0.244,7.690
0.071,0.440,0.904,-2.930,-0.671,6.348
0.070,0.442,0.898,-2.014,0.488,4.883
0.065,0.433,0.892,-0.488,0.793,3.174
0.061,0.431,0.880,1.221,-0.061,2.930
0.059,0.438,0.872,2.502,-1.282,2.869
0.048,0.444,0.869,2.747,-1.709,1.709
0.026,0.452,0.861,4.089,-0.732,0.671
0.030,0.483,0.841,4.761,1.465,0.061
0.026,0.445,0.831,2.380,2.991,-2.686
0.010,0.446,0.828,3.540,2.808,-1.709
0.027,0.452,0.807,2.319,3.662,-1.099

0.180,-0.954,1.978,-72.144,-35.339,40.100
0.274,-1.025,1.949,-65.430,-37.903,31.250
0.295,-1.069,1.824,-51.147,-45.288,17.578
0.325,-1.033,1.612,-36.255,-54.321,2.258
0.299,-0.938,1.322,-19.104,-61.096,-15.991
0.307,-0.792,0.964,-7.751,-57.129,-34.058
0.222,-0.612,0.545,-9.338,-45.349,-49.377
0.015,-0.284,0.141,-17.883,-33.386,-58.960
-0.091,0.110,-0.214,-26.489,-24.231,-64.819
-0.073,0.545,-0.458,-45.349,-21.484,-56.519
-0.186,1.077,-0.487,-61.890,-34.241,-37.598
-0.276,1.564,-0.425,-76.538,-50.110,-23.865
-0.229,1.990,-0.351,-88.623,-57.800,-12.695
-0.124,2.281,-0.189,-90.576,-58.228,-4.578
-0.091,2.482,-0.004,-83.557,-54.016,-7.568
-0.207,2.637,0.122,-63.293,-42.419,-36.316
-0.343,2.670,0.207,-42.786,-21.545,-55.481
-0.460,2.523,0.232,-24.475,-1.892,-62.744
-0.558,2.328,0.218,-7.507,2.869,-55.786
-0.610,2.135,0.179,7.446,-6.104,-28.259
-0.542,1.960,0.137,16.296,-19.348,5.798
-0.363,1.791,0.134,19.226,-28.687,39.734
-0.141,1.636,0.172,17.151,-31.738,64.941
0.068,1.518,0.241,13.123,-28.931,77.087
0.244,1.395,0.303,10.071,-23.987,79.773
0.357,1.250,0.361,8.118,-15.259,68.298
0.390,1.114,0.400,8.240,-2.563,49.683
0.395,1.013,0.432,11.169,12.085,28.625
0.395,0.912,0.466,15.381,26.367,10.132
0.385,0.808,0.508,18.677,33.936,-1.526
0.332,0.707,0.555,20.813,33.081,-8.240
0.270,0.620,0.592,24.292,27.161,-10.071
0.200,0.521,0.616,21.606,20.508,-11.292
0.120,0.434,0.636,17.578,13.977,-9.888
0.035,0.371,0.660,15.015,8.545,-7.263
-0.042,0.322,0.681,11.536,6.958,-5.005
-0.107,0.301,0.693,9.338,8.179,-4.028
-0.167,0.290,0.704,7.568,10.803,-4.333
-0.216,0.308,0.717,7.324,14.160,-3.662
-0.224,0.330,0.724,7.080,17.517,-2.747
-0.212,0.351,0.731,6.409,20.142,-1.038
-0.171,0.354,0.754,4.517,22.217,2.930
-0.125,0.354,0.773,-1.343,23.376,9.033
-0.073,0.354,0.786,-7.446,21.667,16.785
-0.031,0.345,0.862,-11.414,16.174,23.804
-0.011,0.338,0.902,-20.264,11.353,27.588
-0.018,0.360,0.958,-24.414,8.606,30.212
-0.031,0.381,0.981,-23.315,6.775,30.029
-0.041,0.404,1.000,-19.775,5.493,24.719
-0.057,0.444,0.993,-12.451,5.859,18.799
-0.081,0.494,0.958,-2.930,7.874,12.268
-0.116,0.521,0.918,4.883,10.803,3.235
-0.138,0.531,0.880,10.132,13.977,-6.165
-0.155,0.543,0.851,14.832,16.785,-13.489
-0.172,0.557,0.822,19.714,18.372,-17.456
-0.175,0.557,0.799,21.973,18.494,-18.738
-0.167,0.540,0.791,22.034,17.090,-18.738
-0.160,0.536,0.795,21.912,13.855,-15.076
-0.148,0.533,0.808,20.691,9.460,-9.338
-0.147,0.538,0.815,20.142,5.249,-2.869
-0.138,0.554,0.799,19.165,1.953,3.113
-0.138,0.544,0.827,17.395,-1.221,6.836
-0.138,0.548,0.824,11.902,-2.380,8.179
-0.140,0.549,0.834,8.606,-1.831,8.911
-0.130,0.544,0.839,8.179,0.305,8.728
-0.135,0.551,0.844,10.315,3.357,8.728
-0.131,0.546,0.848,11.902,6.165,7.385
-0.117,0.520,0.848,12.390,7.629,5.676
-0.111,0.506,0.849,14.526,7.629,6.714
-0.107,0.477,0.844,16.663,6.775,8.362
-0.090,0.455,0.841,18.494,5.249,9.949
-0.075,0.456,0.848,20.020,2.869,11.597
-0.062,0.438,0.824,20.874,0.793,11.963
-0.065,0.422,0.830,17.273,-0.916,12.207
-0.060,0.417,0.828,14.160,-0.977,12.085
-0.052,0.422,0.825,11.536,0.916,10.864
-0.046,0.427,0.826,8.484,3.235,8.972
-0.047,0.442,0.831,6.042,4.761,7.141
-0.049,0.454,0.830,4.272,5.981,4.883
-0.050,0.464,0.824,2.991,6.775,3.235
-0.047,0.465,0.834,2.808,7.629,1.465
-0.064,0.486,0.844,4.883,9.033,1.221
-0.053,0.482,0.841,4.211,10.925,0.122
-0.051,0.493,0.851,3.845,11.780,-0.977
-0.047,0.484,0.853,2.563,11.353,0.000
-0.044,0.485,0.859,1.221,10.376,1.160
-0.039,0.502,0.866,-0.244,9.521,3.235
-0.044,0.506,0.880,-1.465,8.911,4.944
-0.042,0.506,0.879,-1.343,9.216,6.470
-0.028,0.509,0.873,0.061,9.705,7.629
-0.008,0.505,0.872,1.282,9.705,7.507
0.002,0.504,0.876,2.136,9.155,6.958
0.011,0.503,0.880,2.502,8.362,6.958
0.014,0.497,0.890,2.258,7.141,7.263
0.025,0.495,0.894,1.709,6.287,7.263
0.019,0.499,0.902,1.221,5.554,6.714
0.004,0.504,0.910,0.366,3.723,5.432
-0.011,0.512,0.911,0.610,2.441,4.333
-0.015,0.516,0.895,0.549,2.625,3.967
-0.023,0.508,0.886,-0.183,3.357,4.395
-0.030,0.508,0.883,-0.793,3.662,4.456
-0.038,0.515,0.888,-1.343,3.601,4.150
-0.041,0.520,0.892,-1.831,4.150,4.150
-0.037,0.517,0.893,-1.343,4.700,3.967
-0.034,0.514,0.891,-0.122,4.761,3.296
-0.033,0.505,0.882,0.488,3.723,2.563
-0.035,0.491,0.875,0.977,2.869,2.319
-0.032,0.489,0.869,1.221,2.930,2.502
-0.030,0.491,0.864,1.770,3.235,3.235
-0.024,0.485,0.856,1.709,3.052,4.089
-0.021,0.485,0.845,1.160,2.197,4.761
-0.023,0.483,0.831,0.427,1.160,5.127
-0.033,0.479,0.824,0.366,0.977,4.700
-0.041,0.479,0.815,0.122,2.014,3.662
-0.054,0.474,0.817,0.244,3.479,2.747
-0.063,0.475,0.821,1.343,4.761,2.441
-0.059,0.477,0.821,2.869,5.676,2.319
-0.053,0.476,0.821,3.662,6.042,2.808
-0.041,0.473,0.822,4.578,5.737,3.418

0.098,-0.962,1.832,-49.744,-30.029,32.593
0.131,-1.002,1.782,-50.720,-39.001,29.480
0.135,-0.926,1.662,-44.556,-43.945,15.747
0.155,-0.767,1.462,-33.813,-39.429,-6.958
0.120,-0.551,1.199,-21.912,-26.794,-30.273
0.063,-0.310,0.924,-17.944,-7.019,-52.307
0.009,-0.091,0.632,-25.513,13.611,-73.364
0.007,0.106,0.410,-30.457,25.940,-85.571
0.053,0.442,0.187,-36.072,28.259,-85.938
-0.003,0.891,0.045,-39.124,22.156,-77.759
-0.076,1.206,-0.012,-45.532,13.428,-73.792
-0.074,1.417,-0.071,-51.697,5.493,-70.190
-0.029,1.620,-0.197,-54.199,-4.700,-54.871
-0.018,1.773,-0.280,-57.068,-22.949,-31.677
-0.008,1.893,-0.310,-57.495,-45.288,-16.541
-0.030,2.052,-0.300,-59.204,-61.707,-2.991
-0.079,2.099,-0.203,-61.218,-68.726,1.404
-0.174,2.083,-0.086,-64.026,-65.369,-4.333
-0.271,2.010,0.019,-59.631,-54.138,-8.301
-0.314,1.925,0.090,-51.086,-39.978,-6.287
-0.312,1.836,0.151,-39.490,-28.320,-0.122
-0.253,1.724,0.206,-26.123,-18.799,9.705
-0.141,1.612,0.251,-12.634,-10.132,20.081
-0.022,1.485,0.278,-0.244,-3.845,26.978
0.071,1.338,0.297,9.644,0.671,30.396
0.154,1.204,0.305,17.639,4.639,30.518
0.207,1.079,0.329,23.315,8.972,27.588
0.240,0.992,0.350,26.184,15.137,22.461
0.264,0.933,0.396,26.672,21.912,16.296
0.284,0.872,0.455,26.184,26.367,11.536
0.279,0.796,0.537,26.184,26.306,11.230
0.263,0.718,0.603,25.330,21.362,15.015
0.197,0.662,0.641,25.391,12.878,19.409
0.142,0.583,0.671,22.949,3.845,20.752
0.077,0.491,0.719,23.315,-2.808,22.583
0.017,0.435,0.722,22.217,-5.310,24.841
-0.039,0.401,0.723,20.691,-4.883,25.085
-0.067,0.389,0.720,18.555,-2.197,23.621
-0.082,0.387,0.723,14.832,1.770,21.362
-0.101,0.384,0.745,8.606,5.066,16.907
-0.118,0.387,0.772,2.930,7.202,14.160
-0.126,0.388,0.797,-2.930,8.850,12.451
-0.128,0.410,0.802,-6.531,9.705,15.137
-0.121,0.407,0.831,-11.108,6.470,18.250
-0.122,0.403,0.874,-15.503,2.502,22.217
-0.111,0.400,0.888,-16.418,-0.549,28.809
-0.105,0.404,0.878,-13.855,-5.615,34.241
-0.088,0.435,0.856,-10.010,-10.681,37.476
-0.078,0.469,0.833,-6.287,-15.381,36.438
-0.074,0.491,0.827,-3.784,-17.700,29.968
-0.088,0.521,0.819,-0.549,-15.442,18.677
-0.116,0.547,0.814,3.784,-8.484,5.310
-0.161,0.571,0.813,8.850,0.732,-7.812
-0.184,0.593,0.812,12.634,10.498,-20.935
-0.211,0.613,0.810,15.869,17.395,-30.579
-0.226,0.637,0.800,19.409,21.667,-35.522
-0.238,0.659,0.787,21.790,23.254,-36.621
-0.238,0.675,0.764,23.376,22.766,-34.668
-0.225,0.676,0.771,24.414,20.081,-30.273
-0.214,0.666,0.765,21.851,16.846,-23.071
-0.202,0.659,0.767,19.958,12.695,-13.611
-0.190,0.640,0.779,17.273,8.118,-5.371
-0.180,0.618,0.783,13.855,4.089,1.587
-0.159,0.592,0.782,10.925,2.014,8.362
-0.138,0.561,0.781,8.545,0.916,13.672
-0.118,0.541,0.770,6.592,-0.488,17.578
-0.100,0.537,0.754,4.333,-2.136,19.409
-0.103,0.532,0.750,3.296,-2.441,18.860
-0.115,0.508,0.751,3.601,-0.549,15.320
-0.116,0.477,0.749,4.333,3.723,12.207
-0.115,0.459,0.748,5.432,7.507,10.559
-0.113,0.443,0.752,6.775,8.484,9.766
-0.104,0.427,0.759,7.629,7.690,10.376
-0.085,0.409,0.766,7.507,6.653,12.085
-0.061,0.415,0.780,7.446,4.700,14.282
-0.045,0.429,0.790,6.897,2.441,15.198
-0.037,0.429,0.811,6.714,0.793,14.465
-0.026,0.443,0.813,6.042,0.488,13.245
-0.032,0.456,0.823,5.615,0.549,10.925
-0.037,0.456,0.830,4.395,1.038,6.958
-0.041,0.454,0.836,3.296,2.197,3.296
-0.046,0.463,0.840,2.930,4.028,0.916
-0.056,0.463,0.851,2.625,5.920,-1.099
-0.063,0.489,0.854,3.723,7.019,-2.197
-0.067,0.491,0.863,4.272,7.324,-2.686
-0.087,0.518,0.866,5.737,7.202,-2.502
-0.088,0.523,0.870,6.226,5.737,-2.747
-0.096,0.517,0.871,7.263,3.784,-2.319
-0.097,0.524,0.876,7.629,3.113,-0.793
-0.096,0.532,0.868,7.874,2.625,0.244
-0.116,0.562,0.872,8.301,2.502,1.038
-0.115,0.551,0.878,6.592,4.028,-0.427
-0.117,0.546,0.890,6.287,6.653,-0.549
-0.107,0.552,0.888,6.836,8.789,1.526
-0.104,0.546,0.886,6.958,9.277,2.502
-0.103,0.542,0.878,6.653,7.629,4.089
-0.097,0.530,0.867,5.127,5.554,5.920
-0.093,0.522,0.865,3.906,3.845,7.996
-0.087,0.521,0.873,3.113,2.686,9.460
-0.087,0.510,0.882,2.380,2.075,9.888
-0.082,0.514,0.889,2.136,1.831,10.498
-0.072,0.516,0.896,2.197,1.709,10.681
-0.067,0.502,0.898,2.258,1.831,10.437
-0.062,0.497,0.897,3.235,2.319,10.193
-0.056,0.492,0.891,4.028,2.258,9.521
-0.055,0.498,0.882,4.639,1.465,8.789
-0.059,0.504,0.873,4.822,0.549,7.935
-0.065,0.495,0.865,4.456,0.610,6.836
-0.076,0.484,0.861,4.272,0.916,6.042
-0.082,0.490,0.859,4.272,0.916,5.493
-0.089,0.498,0.854,3.784,0.671,5.005
-0.103,0.501,0.856,2.625,0.732,4.517
-0.117,0.505,0.864,2.197,1.770,3.723
-0.120,0.507,0.862,2.625,3.601,3.174
-0.121,0.514,0.858,3.601,5.249,3.174
-0.118,0.521,0.857,4.211,6.104,2.747
-0.115,0.530,0.857,5.066,6.714,2.380
-0.113,0.529,0.855,5.310,7.568,2.319
-0.098,0.528,0.846,5.554,8.240,2.869

-0.202,-0.576,2.052,-31.189,11.169,-20.508
-0.165,-0.636,2.017,-27.405,2.319,-20.813
-0.086,-0.633,1.911,-20.508,-3.540,-23.499
0.025,-0.597,1.720,-11.230,-4.272,-26.245
0.088,-0.495,1.495,-3.113,-2.563,-30.701
0.157,-0.377,1.196,2.625,2.441,-39.368
0.193,-0.235,0.903,2.747,9.094,-49.744
0.235,-0.051,0.585,-6.226,14.526,-61.340
0.262,0.133,0.262,-18.677,16.785,-71.289
0.283,0.392,-0.002,-33.020,12.756,-73.425
0.259,0.699,-0.197,-47.058,1.709,-70.496
0.204,0.975,-0.325,-59.265,-12.451,-68.726
0.125,1.204,-0.399,-66.589,-25.208,-65.002
0.113,1.396,-0.473,-68.359,-33.020,-54.688
0.107,1.576,-0.509,-66.772,-43.335,-37.781
0.054,1.719,-0.491,-65.613,-62.805,-22.644
-0.069,1.782,-0.420,-66.406,-86.182,-14.526
-0.163,1.788,-0.329,-63.721,-100.525,-6.897
-0.240,1.772,-0.261,-55.969,-102.966,-1.038
-0.323,1.732,-0.200,-49.622,-96.252,-1.343
-0.457,1.646,-0.117,-44.922,-85.999,-6.287
-0.583,1.557,-0.013,-40.466,-68.970,-11.292
-0.621,1.490,0.098,-36.194,-45.166,-10.925
-0.583,1.448,0.227,-30.823,-21.790,-5.371
-0.497,1.411,0.383,-23.987,-3.662,-0.793
-0.373,1.345,0.505,-13.245,12.390,3.357
-0.271,1.315,0.581,2.502,30.334,9.338
-0.152,1.267,0.594,17.212,47.180,13.123
-0.022,1.187,0.597,26.917,59.143,10.986
0.109,1.126,0.609,36.621,67.017,9.644
0.210,1.095,0.604,44.617,71.411,10.071
0.278,1.043,0.597,47.668,70.435,10.010
0.299,0.968,0.594,46.082,63.660,10.742
0.301,0.855,0.586,41.870,53.406,12.634
0.268,0.746,0.590,37.109,41.626,15.930
0.239,0.649,0.603,34.424,33.020,22.522
0.232,0.567,0.597,33.447,28.259,30.396
0.223,0.486,0.589,31.982,23.132,35.767
0.209,0.429,0.583,28.870,17.700,37.415
0.182,0.387,0.593,24.109,14.282,35.767
0.171,0.360,0.599,17.395,14.160,32.166
0.146,0.353,0.622,9.277,15.991,25.940
0.114,0.346,0.660,2.014,18.921,18.311
0.081,0.340,0.705,-2.808,22.217,11.963
0.065,0.345,0.734,-5.981,24.658,7.568
0.048,0.362,0.770,-8.789,25.757,5.310
0.035,0.369,0.799,-10.559,25.208,4.150
0.035,0.402,0.814,-10.498,22.766,3.723
0.040,0.440,0.810,-10.315,19.592,4.456
0.036,0.468,0.813,-11.841,16.174,4.578
0.040,0.500,0.829,-12.085,11.780,4.150
0.030,0.529,0.849,-10.803,7.263,2.991
0.009,0.574,0.865,-7.507,5.188,0.244
-0.029,0.583,0.897,-3.418,5.371,-3.723
-0.059,0.602,0.889,0.793,8.301,-7.080
-0.082,0.623,0.875,4.639,11.414,-11.353
-0.107,0.644,0.852,7.446,12.695,-15.015
-0.134,0.649,0.838,8.179,12.695,-16.052
-0.146,0.663,0.822,8.423,11.719,-14.404
-0.154,0.683,0.806,8.667,10.132,-11.353
-0.159,0.677,0.807,8.789,8.850,-7.751
-0.149,0.664,0.804,9.644,7.996,-3.967
-0.145,0.649,0.800,10.498,7.263,-0.427
-0.138,0.626,0.797,8.850,6.958,3.174
-0.127,0.611,0.804,5.859,6.836,6.775
-0.100,0.612,0.815,3.601,5.676,10.620
-0.087,0.603,0.832,2.991,3.479,13.855
-0.068,0.597,0.832,4.028,0.793,16.968
-0.051,0.596,0.827,6.104,-1.709,19.470
-0.046,0.599,0.832,7.812,-3.601,19.836
-0.042,0.582,0.837,9.644,-3.723,19.470
-0.027,0.582,0.830,12.146,-2.136,19.226
-0.030,0.565,0.830,14.282,-1.587,17.822
-0.049,0.534,0.843,16.052,-2.014,15.564
-0.069,0.504,0.845,18.311,-2.625,13.794
-0.078,0.507,0.855,21.057,-2.747,13.245
-0.087,0.501,0.855,22.095,-3.174,12.817
-0.089,0.507,0.842,21.667,-4.150,12.878
-0.091,0.496,0.833,19.775,-5.371,13.123
-0.100,0.498,0.829,16.602,-5.676,13.428
-0.101,0.500,0.828,14.343,-4.150,13.489
-0.093,0.495,0.815,12.146,-2.197,13.977
-0.103,0.495,0.822,9.521,-1.831,15.015
-0.110,0.500,0.825,7.141,-1.892,15.381
-0.130,0.494,0.831,6.348,-1.282,15.137
-0.139,0.478,0.833,6.897,0.977,15.625
-0.130,0.481,0.821,8.606,4.150,15.930
-0.118,0.489,0.804,10.559,6.104,15.930
-0.109,0.476,0.787,10.559,6.348,14.832
-0.101,0.466,0.789,10.254,6.042,14.160
-0.085,0.470,0.797,10.681,6.287,14.343
-0.068,0.468,0.804,10.925,6.409,14.709
-0.058,0.453,0.805,10.315,5.920,14.221
-0.054,0.443,0.816,8.423,6.042,13.672
-0.042,0.437,0.822,6.592,7.263,12.756
-0.033,0.447,0.827,5.249,7.874,12.329
-0.024,0.462,0.827,4.517,6.531,12.085
-0.012,0.470,0.825,4.639,4.944,11.841
-0.002,0.465,0.827,4.395,4.272,12.207
-0.004,0.458,0.833,3.662,5.127,12.085
-0.008,0.440,0.830,1.221,6.714,11.108
-0.020,0.432,0.830,-1.953,8.179,10.254
-0.036,0.438,0.841,-4.944,8.545,8.728
-0.048,0.449,0.851,-7.141,8.423,7.751
-0.055,0.472,0.868,-7.751,8.545,7.874
-0.040,0.491,0.872,-7.385,8.728,7.935
-0.037,0.501,0.875,-7.019,7.690,7.263
-0.048,0.519,0.883,-5.310,6.042,6.836
-0.057,0.527,0.888,-2.747,5.432,6.409
-0.076,0.523,0.896,0.122,5.371,6.226
-0.089,0.516,0.893,3.052,4.944,5.859
-0.097,0.509,0.895,5.615,4.761,5.493
-0.099,0.503,0.894,7.019,5.066,4.944
-0.086,0.503,0.879,8.606,5.371,5.676
-0.076,0.512,0.868,8.911,5.249,6.897
-0.068,0.516,0.861,7.935,4.578,7.385
-0.061,0.519,0.863,7.080,3.662,7.996
-0.057,0.514,0.861,6.653,2.441,9.094
-0.061,0.508,0.855,6.287,0.916,9.827

-0.235,-0.550,2.169,-30.273,20.325,-1.526
-0.213,-0.744,2.213,-26.550,13.489,10.681
-0.171,-0.881,2.172,-19.958,2.258,23.437
-0.140,-0.985,1.983,-4.639,-9.460,31.128
-0.091,-0.999,1.687,9.949,-13.428,29.907
-0.023,-0.951,1.277,12.817,-6.531,22.217
0.078,-0.832,0.974,11.841,5.127,8.606
0.136,-0.641,0.737,3.052,17.639,-10.010
0.171,-0.388,0.496,-13.000,30.334,-30.762
0.194,-0.116,0.305,-31.799,41.809,-47.424
0.154,0.252,0.170,-48.645,48.218,-55.237
0.146,0.637,0.105,-55.054,46.753,-56.580
0.136,1.003,0.034,-54.749,40.161,-54.382
0.078,1.327,-0.017,-48.950,29.419,-49.316
0.049,1.597,-0.084,-40.100,17.212,-42.297
0.013,1.799,-0.170,-34.058,3.906,-34.180
-0.099,1.882,-0.209,-33.508,-9.216,-30.579
-0.257,1.860,-0.181,-36.987,-22.827,-31.799
-0.351,1.768,-0.099,-41.504,-30.518,-29.541
-0.366,1.723,-0.015,-43.274,-31.677,-19.653
-0.371,1.646,0.053,-40.833,-31.738,-10.498
-0.333,1.526,0.123,-35.583,-30.762,-3.113
-0.247,1.430,0.184,-30.273,-26.489,5.615
-0.156,1.365,0.244,-23.682,-20.447,13.428
-0.032,1.292,0.292,-15.686,-13.367,17.944
0.095,1.218,0.333,-7.935,-6.165,20.264
0.186,1.127,0.373,-2.808,-0.793,17.761
0.248,1.014,0.401,1.160,2.747,13.428
0.292,0.897,0.411,2.625,5.066,10.132
0.293,0.797,0.424,2.258,5.310,5.493
0.272,0.725,0.445,1.892,6.287,0.183
0.263,0.676,0.480,0.732,10.254,-4.333
0.247,0.665,0.540,-0.122,15.137,-9.338
0.217,0.683,0.598,-1.587,19.531,-14.404
0.197,0.700,0.667,-2.686,24.475,-16.846
0.181,0.716,0.745,0.061,27.954,-18.188
0.173,0.712,0.821,4.333,29.175,-17.151
0.181,0.687,0.845,7.629,29.358,-13.489
0.189,0.665,0.846,12.146,25.208,-6.531
0.174,0.606,0.826,12.756,17.700,1.892
0.170,0.553,0.815,11.536,10.498,10.376
0.152,0.508,0.798,9.827,4.517,17.944
0.137,0.461,0.765,7.324,-0.061,25.635
0.151,0.443,0.738,4.333,-2.686,32.471
0.147,0.443,0.721,0.122,-7.080,35.217
0.124,0.434,0.725,-3.418,-11.780,33.691
0.117,0.443,0.729,-5.493,-13.367,30.579
0.099,0.446,0.734,-6.104,-12.512,26.428
0.069,0.435,0.746,-5.493,-10.071,20.508
0.044,0.442,0.754,-3.296,-4.883,15.808
0.041,0.448,0.749,-0.549,1.587,12.878
0.046,0.455,0.744,0.977,7.446,10.315
0.066,0.477,0.748,1.038,12.451,7.690
0.098,0.518,0.748,0.061,16.968,4.517
0.123,0.578,0.769,-1.221,20.935,0.732
0.154,0.620,0.813,-2.258,24.475,-4.272
0.154,0.662,0.836,-2.441,27.100,-9.460
0.130,0.657,0.888,-1.709,27.161,-14.709
0.106,0.622,0.891,-1.465,26.855,-17.456
0.091,0.600,0.884,1.831,24.841,-14.221
0.085,0.595,0.873,5.188,19.836,-10.498
0.063,0.591,0.852,7.812,13.367,-7.263
0.042,0.601,0.842,9.338,7.996,-3.113
0.037,0.610,0.838,9.888,4.456,1.465
0.054,0.612,0.827,10.071,1.892,6.592
0.049,0.609,0.812,10.437,-2.197,11.292
0.031,0.587,0.801,10.071,-6.470,14.038
0.016,0.556,0.792,9.705,-8.911,16.174
0.007,0.531,0.782,9.094,-10.132,18.250
-0.005,0.505,0.784,8.362,-11.047,19.043
-0.017,0.477,0.786,7.202,-11.108,17.883
-0.022,0.472,0.786,6.958,-9.277,16.846
0.003,0.483,0.779,8.240,-5.981,16.235
0.024,0.511,0.780,9.766,-3.113,14.465
0.021,0.515,0.788,11.658,-1.648,11.475
0.024,0.517,0.797,13.062,-0.671,10.498
0.047,0.496,0.804,12.695,0.000,9.949
0.066,0.488,0.810,14.221,-1.343,11.902
0.069,0.476,0.799,15.991,-4.395,13.916
0.065,0.450,0.823,17.090,-8.179,14.587
0.056,0.437,0.813,16.052,-10.742,15.747
0.050,0.432,0.809,15.259,-11.963,16.235
0.046,0.441,0.802,15.564,-12.085,14.709
0.030,0.483,0.800,13.367,-9.949,11.780
0.016,0.437,0.801,7.874,-5.737,7.935
0.005,0.412,0.807,5.737,-0.977,7.141
0.011,0.420,0.815,4.395,2.869,7.141
0.022,0.415,0.829,2.563,4.639,5.981
0.031,0.406,0.841,-0.061,4.517,5.981
0.038,0.413,0.867,-2.563,4.150,6.409
0.054,0.428,0.885,-4.333,4.456,6.531
0.061,0.448,0.902,-5.432,4.578,7.812
0.075,0.459,0.903,-5.737,3.479,9.888
0.064,0.464,0.902,-5.554,0.732,11.414
0.052,0.472,0.902,-3.845,-1.831,11.169
0.042,0.471,0.899,-1.770,-2.991,9.888
0.041,0.466,0.889,0.427,-2.869,8.362
0.033,0.474,0.879,2.197,-2.380,7.019
0.019,0.469,0.880,3.784,-2.014,7.080
0.019,0.462,0.874,5.249,-1.770,8.728
0.025,0.458,0.865,7.202,-2.441,10.376
0.020,0.468,0.861,8.362,-4.272,11.292
0.025,0.460,0.853,7.751,-5.554,11.719
0.032,0.466,0.847,7.019,-6.348,12.634
0.032,0.462,0.845,4.700,-7.263,12.451
0.026,0.449,0.865,2.747,-7.874,12.512
0.025,0.450,0.881,1.343,-7.446,12.268
0.029,0.462,0.893,1.526,-6.287,12.085
0.033,0.481,0.889,2.075,-5.920,11.658
0.022,0.468,0.883,3.052,-6.104,10.681
0.017,0.463,0.877,4.395,-5.798,10.498
0.015,0.464,0.875,5.554,-4.578,10.071
-0.005,0.441,0.864,6.958,-3.784,8.789
-0.021,0.428,0.847,7.446,-3.052,8.423
-0.031,0.420,0.833,7.446,-2.502,8.301
-0.035,0.411,0.819,7.324,-2.502,8.362
-0.047,0.399,0.813,6.287,-3.113,8.057
-0.026,0.411,0.802,5.615,-2.991,8.301
-0.001,0.437,0.804,4.517,-2.930,8.911

-0.368,-0.488,1.971,-29.175,33.386,-25.330
-0.359,-0.577,2.047,-31.311,33.203,-17.944
-0.334,-0.637,2.027,-26.794,26.062,-11.658
-0.255,-0.677,1.909,-15.137,13.733,-4.578
-0.177,-0.699,1.723,-1.343,-1.709,3.296
-0.105,-0.716,1.494,6.348,-14.526,6.775
-0.056,-0.707,1.233,8.667,-21.484,5.127
0.010,-0.686,0.915,7.141,-20.569,0.977
0.053,-0.587,0.606,-0.122,-11.902,-6.836
0.080,-0.419,0.329,-9.583,2.197,-21.851
0.110,-0.167,0.079,-26.184,16.907,-39.246
0.160,0.112,-0.093,-46.997,24.170,-54.138
0.236,0.426,-0.197,-62.866,21.973,-63.599
0.205,0.770,-0.241,-69.214,12.817,-67.322
0.217,1.109,-0.319,-69.702,4.639,-65.674
0.221,1.388,-0.337,-71.228,-1.892,-62.256
0.233,1.647,-0.319,-72.021,-10.071,-57.434
0.201,1.874,-0.232,-69.824,-19.043,-50.232
0.086,2.019,-0.083,-68.176,-26.123,-46.814
-0.031,2.050,0.066,-64.453,-27.405,-44.128
-0.123,2.020,0.170,-55.542,-25.696,-38.574
-0.218,1.933,0.227,-42.297,-26.184,-28.992
-0.293,1.856,0.260,-26.611,-28.870,-16.296
-0.328,1.733,0.255,-12.024,-30.640,-1.648
-0.318,1.601,0.259,-1.892,-30.396,14.771
-0.272,1.472,0.268,4.639,-28.015,28.870
-0.192,1.345,0.288,8.118,-22.156,39.124
-0.089,1.224,0.312,9.033,-12.756,45.410
0.012,1.125,0.337,7.568,-1.770,46.692
0.098,1.032,0.358,5.127,9.155,42.847
0.157,0.947,0.387,2.686,19.897,35.400
0.209,0.886,0.432,1.404,30.762,26.611
0.270,0.836,0.488,1.465,41.504,18.921
0.308,0.785,0.563,2.075,48.218,12.146
0.333,0.738,0.634,4.944,50.415,7.935
0.350,0.691,0.691,9.277,49.255,7.202
0.347,0.649,0.732,13.855,44.678,8.911
0.320,0.606,0.759,16.541,36.865,12.146
0.322,0.546,0.781,16.724,28.809,16.296
0.326,0.489,0.808,13.916,20.569,20.813
0.312,0.451,0.822,10.925,13.123,24.109
0.281,0.425,0.824,8.240,7.629,24.780
0.244,0.393,0.830,5.859,4.456,23.560
0.218,0.379,0.821,4.395,3.723,21.057
0.188,0.383,0.808,2.319,4.578,17.395
0.147,0.386,0.810,0.122,6.653,12.878
0.147,0.394,0.812,-2.014,10.254,8.667
0.152,0.408,0.816,-3.662,13.306,6.348
0.150,0.430,0.831,-2.869,13.062,5.615
0.140,0.458,0.848,-1.526,10.620,5.066
0.126,0.474,0.850,-2.991,9.521,4.089
0.105,0.473,0.853,-3.357,8.301,3.479
0.091,0.472,0.850,-3.357,6.531,3.052
0.064,0.461,0.850,-3.601,3.540,2.441
0.036,0.460,0.846,-3.601,0.916,0.671
0.011,0.462,0.840,-3.052,0.916,-1.709
-0.021,0.505,0.835,-0.793,4.150,-4.211
-0.027,0.550,0.821,0.305,10.559,-8.118
-0.043,0.582,0.820,0.183,17.151,-13.184
-0.055,0.617,0.817,1.282,21.667,-17.273
-0.069,0.646,0.808,4.028,24.963,-19.470
-0.076,0.644,0.801,6.836,27.100,-18.433
-0.063,0.635,0.799,9.155,25.696,-15.320
-0.053,0.626,0.799,10.254,20.752,-11.536
-0.056,0.606,0.808,10.437,13.611,-6.409
-0.067,0.585,0.829,10.254,7.812,-1.038
-0.062,0.566,0.841,9.949,4.150,5.066
-0.042,0.561,0.849,9.583,0.305,12.939
-0.027,0.561,0.852,7.751,-5.798,19.775
-0.018,0.560,0.848,5.554,-12.878,25.635
-0.020,0.555,0.844,5.371,-17.212,29.663
-0.023,0.540,0.831,6.897,-18.066,31.189
-0.028,0.521,0.810,9.583,-16.113,31.006
-0.050,0.481,0.796,12.390,-12.695,29.358
-0.062,0.453,0.777,15.442,-9.155,26.917
-0.041,0.441,0.755,18.433,-5.554,26.001
-0.010,0.417,0.733,19.531,-3.906,25.574
0.018,0.412,0.721,19.043,-5.371,24.963
0.032,0.431,0.734,16.785,-6.775,22.949
0.048,0.427,0.760,14.404,-5.615,20.447
0.057,0.411,0.786,12.390,-3.296,18.677
0.054,0.412,0.796,11.353,-2.441,16.541
0.049,0.404,0.821,11.597,-2.319,14.221
0.031,0.388,0.813,10.498,-2.747,12.817
0.023,0.413,0.810,10.864,-3.113,12.878
0.029,0.403,0.797,11.536,-3.296,14.038
0.037,0.414,0.778,12.939,-3.967,16.968
0.038,0.401,0.777,14.648,-5.554,18.677
0.044,0.394,0.765,15.015,-6.287,19.531
0.055,0.390,0.767,12.085,-4.944,19.897
0.068,0.379,0.771,8.789,-3.845,19.714
0.071,0.370,0.788,4.578,-4.272,17.944
0.065,0.381,0.806,-0.183,-5.005,14.771
0.055,0.391,0.852,-5.432,-5.188,11.414
0.034,0.410,0.884,-6.592,-4.639,9.033
0.039,0.430,0.938,-3.906,-5.005,6.897
0.042,0.461,0.970,-3.845,-4.700,4.333
0.030,0.452,0.981,-2.747,-6.226,3.601
-0.007,0.449,0.975,-0.122,-9.033,4.517
-0.023,0.461,0.972,2.136,-10.132,4.883
-0.019,0.417,0.967,2.441,-9.521,2.869
-0.026,0.407,0.948,4.456,-10.498,5.249
-0.032,0.402,0.931,3.784,-13.062,7.507
-0.042,0.393,0.923,1.221,-16.479,8.728
-0.051,0.386,0.927,-1.709,-18.005,9.399
-0.042,0.390,0.942,-4.150,-16.357,9.705
-0.035,0.382,0.946,-6.775,-13.428,10.132
-0.031,0.377,0.953,-9.644,-10.742,9.644
-0.038,0.387,0.969,-12.207,-8.545,7.874
-0.054,0.399,0.987,-13.489,-5.371,4.639
-0.068,0.401,1.000,-13.245,-1.831,1.587
-0.076,0.412,1.009,-11.780,1.160,-0.427
-0.085,0.425,1.019,-10.010,3.174,-1.831
-0.078,0.439,1.019,-8.423,4.211,-2.625
-0.069,0.451,1.022,-6.470,4.395,-2.502
-0.062,0.465,1.027,-4.761,4.211,-2.441
-0.061,0.473,1.023,-2.991,2.991,-2.686
-0.058,0.478,1.009,-1.465,1.587,-2.258
-0.062,0.471,0.996,-0.366,0.000,-1.221

0.079,-0.736,2.075,-37.659,12.451,5.737
0.243,-0.832,2.064,-39.612,-7.141,17.700
0.393,-0.850,1.921,-36.194,-26.489,16.785
0.492,-0.812,1.626,-29.785,-34.790,0.183
0.543,-0.712,1.199,-19.775,-25.757,-24.719
0.563,-0.541,0.668,-17.029,-8.301,-52.246
0.521,-0.307,0.231,-26.489,3.296,-77.332
0.437,-0.008,-0.021,-44.067,4.761,-93.262
0.342,0.363,-0.255,-62.256,-7.080,-95.581
0.206,0.792,-0.428,-75.256,-28.625,-84.106
-0.016,1.300,-0.485,-82.764,-51.086,-63.965
-0.157,1.764,-0.495,-84.839,-61.768,-46.204
-0.276,2.134,-0.481,-79.895,-58.716,-33.936
-0.373,2.373,-0.372,-71.289,-49.683,-28.015
-0.455,2.464,-0.188,-58.594,-38.086,-26.428
-0.508,2.440,-0.045,-41.687,-23.926,-23.560
-0.522,2.316,0.040,-21.118,-10.742,-12.390
-0.469,2.132,0.099,-0.977,-1.953,3.723
-0.329,1.950,0.097,17.212,4.456,20.447
-0.142,1.766,0.072,31.799,10.132,35.278
0.073,1.621,0.050,41.260,17.090,46.631
0.281,1.464,0.085,43.823,23.071,52.063
0.431,1.314,0.132,42.053,25.269,49.561
0.503,1.159,0.190,38.208,25.879,42.419
0.546,1.009,0.254,34.363,28.809,33.142
0.577,0.904,0.311,33.447,32.471,24.475
0.579,0.846,0.403,33.508,34.363,17.639
0.566,0.791,0.520,33.508,36.316,13.306
0.555,0.726,0.613,32.837,37.476,12.817
0.525,0.675,0.689,33.569,35.400,14.160
0.491,0.632,0.743,33.508,31.616,15.503
0.461,0.571,0.782,31.067,28.320,15.503
0.436,0.509,0.836,26.917,26.917,14.954
0.358,0.453,0.826,22.766,25.024,11.292
0.343,0.440,0.831,18.433,26.489,9.583
0.285,0.428,0.843,19.592,24.658,5.188
0.261,0.424,0.846,20.569,26.001,-0.549
0.234,0.427,0.840,24.536,24.597,-5.005
0.211,0.418,0.849,31.189,18.860,-6.775
0.194,0.405,0.858,35.034,12.695,-4.700
0.172,0.378,0.853,33.081,8.850,1.099
0.163,0.334,0.857,31.128,4.333,9.888
0.159,0.300,0.843,25.146,-1.526,19.775
0.156,0.275,0.829,18.066,-7.446,29.114
0.165,0.275,0.841,11.963,-12.512,35.034
0.148,0.283,0.848,7.324,-14.893,35.461
0.132,0.283,0.846,3.479,-11.780,30.151
0.129,0.288,0.832,-0.122,-3.906,22.400
0.117,0.304,0.814,-2.563,4.700,15.198
0.097,0.324,0.794,-3.052,11.719,8.728
0.084,0.332,0.782,-2.747,17.029,4.517
0.089,0.343,0.769,-2.686,20.447,3.845
0.111,0.354,0.768,-2.319,21.118,5.005
0.128,0.359,0.773,-1.099,18.799,5.920
0.136,0.384,0.778,0.610,14.893,7.935
0.137,0.405,0.796,0.244,10.864,8.789
0.138,0.415,0.821,-1.160,7.385,7.751
0.149,0.428,0.852,-1.221,5.493,6.348
0.150,0.453,0.877,0.671,5.737,5.493
0.142,0.478,0.886,2.991,6.958,3.845
0.139,0.491,0.885,5.249,8.362,0.732
0.140,0.495,0.889,7.324,10.010,-1.343
0.134,0.500,0.859,7.935,10.193,-1.892
0.120,0.499,0.866,8.606,7.202,-1.282
0.102,0.481,0.856,7.324,4.639,-0.366
0.090,0.461,0.840,7.751,2.869,3.296
0.086,0.445,0.828,9.338,0.488,7.385
0.084,0.430,0.820,10.742,-3.113,9.827
0.071,0.394,0.813,12.390,-7.141,11.292
0.072,0.360,0.807,13.733,-8.972,12.512
0.085,0.346,0.801,14.099,-8.911,13.855
0.097,0.328,0.806,12.085,-7.935,14.099
0.109,0.318,0.817,8.545,-6.653,13.550
0.128,0.336,0.834,4.761,-5.310,12.756
0.133,0.357,0.860,1.465,-4.028,11.108
0.131,0.365,0.886,0.061,-2.563,9.583
0.145,0.367,0.903,0.061,-1.160,8.789
0.145,0.375,0.906,-0.427,0.366,7.080
0.144,0.378,0.895,-1.221,1.343,5.249
0.140,0.375,0.897,-1.648,2.319,4.333
0.128,0.376,0.909,-2.258,3.601,3.418
0.120,0.370,0.919,-2.747,4.517,2.625
0.122,0.379,0.919,-3.235,4.211,2.563
0.125,0.401,0.919,-3.418,2.686,2.808
0.121,0.410,0.920,-3.662,1.038,2.930
0.126,0.416,0.911,-3.235,0.183,3.479
0.134,0.419,0.902,-2.136,-0.488,4.883
0.134,0.426,0.891,-1.465,-1.770,6.165
0.129,0.439,0.889,-1.831,-2.808,6.104
0.120,0.443,0.886,-2.991,-2.747,4.883
0.121,0.447,0.889,-3.235,-1.160,3.784
0.123,0.472,0.903,-2.930,1.343,1.526
0.119,0.487,0.918,-2.380,4.028,-1.648
0.123,0.495,0.918,-1.587,6.348,-2.930
0.134,0.497,0.916,-0.366,7.690,-2.502
0.147,0.492,0.912,1.221,6.409,-1.282
0.161,0.493,0.900,2.502,2.625,1.343
0.182,0.493,0.877,2.869,-2.075,4.639
0.179,0.477,0.870,1.831,-6.409,7.446
0.172,0.456,0.868,1.038,-9.338,8.667
0.169,0.445,0.866,0.793,-10.376,9.033
0.161,0.437,0.863,0.610,-10.376,7.935
0.144,0.434,0.864,0.244,-9.399,5.676
0.133,0.433,0.857,0.244,-6.714,3.052
0.134,0.438,0.847,-0.305,-3.418,1.099
0.134,0.451,0.851,-0.977,-2.014,-0.854
0.130,0.455,0.859,-0.977,-2.014,-2.319
0.124,0.460,0.868,-0.427,-2.197,-2.869
0.147,0.471,0.858,0.671,-2.380,-1.953
0.161,0.491,0.852,1.709,-3.662,-0.671
0.155,0.492,0.862,1.770,-5.676,-0.671
0.141,0.482,0.873,2.197,-6.226,-1.282
0.120,0.482,0.887,3.113,-5.066,-2.014
0.104,0.494,0.886,4.578,-3.845,-3.174
0.083,0.488,0.883,6.348,-2.502,-4.089
0.076,0.474,0.876,7.874,-0.671,-4.700
0.078,0.472,0.869,9.460,0.793,-4.333
0.071,0.468,0.869,10.376,0.732,-3.601
0.070,0.460,0.868,11.719,0.183,-2.502

-0.943,-1.288,3.361,-101.624,80.872,-2.808
-1.025,-2.226,4.000,-148.804,107.971,20.996
-0.640,-2.983,4.000,-157.288,107.056,60.547
0.096,-3.297,4.000,-118.347,58.167,113.037
0.722,-3.186,4.000,-14.954,-38.391,148.254
0.946,-3.140,2.936,56.946,-131.531,140.076
1.233,-3.280,0.217,113.342,-157.959,98.999
1.794,-3.246,-1.717,78.125,-65.796,13.428
1.902,-1.866,-2.452,-71.411,45.837,-111.206
1.390,0.790,-2.834,-212.097,72.876,-211.182
-0.014,3.373,-3.061,-273.499,60.547,-277.588
-1.183,4.000,-2.704,-293.945,74.280,-325.195
-1.547,4.000,-2.121,-267.700,89.539,-282.593
-1.724,4.000,-1.694,-191.528,63.232,-151.978
-1.623,4.000,-1.448,-107.971,16.785,-37.415
-1.095,4.000,-1.395,-34.546,0.366,65.491
-0.293,3.804,-1.340,31.738,4.028,110.840
0.536,2.718,-1.285,84.106,-1.587,130.005
1.222,1.869,-1.181,101.074,-7.202,143.738
1.628,1.255,-0.949,80.261,-1.465,138.916
1.707,0.975,-0.578,43.457,9.827,119.263
1.679,0.832,-0.156,18.188,17.334,86.548
1.334,0.721,0.172,6.775,22.156,47.363
1.071,0.597,0.413,-8.911,45.105,36.255
0.851,0.504,0.585,-1.770,24.536,40.894
0.724,0.418,0.746,-1.831,19.836,45.837
0.617,0.376,0.884,-3.967,16.235,59.021
0.549,0.415,0.952,-0.671,13.489,65.308
0.507,0.490,0.969,3.662,10.071,59.387
0.448,0.568,1.002,10.376,10.132,42.236
0.315,0.618,1.035,21.851,17.395,16.785
0.183,0.621,1.019,38.086,29.602,-12.329
0.049,0.594,0.971,55.603,41.077,-38.757
-0.052,0.574,0.886,69.641,45.410,-52.612
-0.142,0.558,0.795,75.317,43.518,-52.673
-0.182,0.527,0.720,72.388,37.598,-39.063
-0.197,0.478,0.666,65.674,25.635,-24.719
-0.199,0.451,0.633,53.772,11.230,-7.141
-0.220,0.408,0.606,41.870,-0.244,9.399
-0.215,0.375,0.623,32.349,-4.150,18.188
-0.157,0.349,0.638,26.672,-3.723,23.499
-0.079,0.336,0.695,23.071,-1.587,28.442
0.001,0.348,0.773,19.409,1.465,29.297
0.092,0.362,0.830,21.423,6.592,26.855
0.192,0.367,0.865,22.522,13.550,22.705
0.266,0.355,0.896,22.949,21.301,15.137
0.316,0.343,0.896,22.827,27.527,7.263
0.311,0.312,0.896,20.325,31.616,1.343
0.287,0.246,0.926,14.221,34.851,-2.747
0.284,0.222,0.956,7.568,35.889,-5.066
0.277,0.237,0.966,-0.427,32.532,-3.845
0.265,0.256,0.989,-8.240,22.705,0.000
0.262,0.295,1.011,-13.611,11.780,3.967
0.254,0.358,1.043,-14.404,3.906,8.179
0.254,0.395,1.053,-11.475,0.732,9.766
0.263,0.418,1.047,-7.080,0.916,9.155
0.266,0.439,1.016,-0.122,0.671,7.874
0.254,0.450,0.986,5.615,-0.488,4.333
0.231,0.460,0.939,9.827,-1.282,-0.061
0.205,0.468,0.887,12.695,-0.732,-3.662
0.174,0.472,0.838,13.611,0.122,-6.897
0.142,0.490,0.802,13.428,0.610,-9.460
0.109,0.499,0.779,11.475,2.258,-12.207
0.086,0.501,0.768,7.141,5.798,-15.076
0.080,0.521,0.773,3.662,9.094,-16.052
0.083,0.548,0.791,0.183,9.827,-15.259
0.085,0.562,0.811,-1.160,7.935,-12.573
0.094,0.570,0.827,-0.549,4.883,-7.446
0.112,0.570,0.848,1.099,1.587,-1.648
0.133,0.562,0.861,3.052,-0.916,3.174
0.143,0.538,0.868,4.211,-2.686,5.920
0.161,0.514,0.858,4.761,-3.418,7.324
0.171,0.493,0.849,4.944,-3.845,8.484
0.184,0.481,0.843,4.395,-4.456,9.094
0.190,0.474,0.836,4.028,-5.432,8.728
0.208,0.477,0.838,4.028,-4.822,7.080
0.233,0.485,0.843,4.700,-3.235,5.432
0.244,0.488,0.860,5.188,-3.052,3.235
0.250,0.487,0.870,5.310,-3.540,1.282
0.237,0.471,0.877,5.127,-3.784,0.061
0.219,0.459,0.880,3.967,-3.479,-1.221
0.188,0.453,0.874,2.319,-3.601,-1.892
0.152,0.445,0.874,0.183,-2.930,-2.014
0.140,0.460,0.872,-1.343,-1.038,-1.831
0.134,0.475,0.871,-2.441,0.122,-1.404
0.124,0.488,0.876,-2.686,-0.305,-1.099
0.124,0.503,0.876,-1.892,-0.916,-0.366
0.127,0.513,0.858,-0.549,-0.671,0.854
0.124,0.519,0.840,0.732,-0.732,1.282
0.119,0.511,0.826,2.197,-1.160,0.916
0.116,0.498,0.806,4.150,-1.282,0.793
0.110,0.502,0.779,5.798,-1.892,1.160
0.104,0.500,0.752,6.653,-3.357,1.526
0.105,0.501,0.730,6.958,-4.333,1.892
0.107,0.492,0.722,6.226,-3.784,2.869
0.109,0.497,0.732,4.822,-2.502,2.747
0.111,0.501,0.747,3.601,-0.244,1.953
0.124,0.505,0.759,2.197,1.709,2.136
0.140,0.497,0.783,1.038,2.502,3.845
0.160,0.490,0.800,0.732,1.404,6.470
0.180,0.493,0.818,0.183,-1.587,9.521
0.188,0.495,0.838,-0.549,-4.028,11.719
0.196,0.494,0.850,-0.732,-5.310,12.634
0.198,0.487,0.861,-0.427,-6.042,12.146
0.187,0.487,0.859,0.427,-6.836,10.742
0.171,0.495,0.866,1.404,-6.653,8.728
0.161,0.476,0.867,1.099,-5.249,6.775
0.144,0.449,0.874,1.038,-4.150,4.456
0.128,0.442,0.874,1.831,-3.540,3.479
0.114,0.434,0.875,1.831,-3.296,2.625
0.110,0.428,0.885,1.465,-2.930,2.625
0.119,0.429,0.893,1.526,-2.197,3.784
0.137,0.440,0.896,0.732,-1.953,4.822
0.138,0.451,0.888,0.183,-2.136,6.104
0.145,0.481,0.881,-1.282,-1.831,7.507
0.150,0.484,0.884,-5.493,-0.671,5.066
0.152,0.495,0.891,-8.179,0.427,2.625
0.146,0.514,0.906,-9.094,1.221,1.221
0.146,0.530,0.910,-8.362,2.258,0.732

0.050,-1.272,3.170,-103.638,79.163,-21.729
0.139,-2.536,3.970,-161.011,81.909,-4.333
0.699,-3.698,4.000,-208.374,46.570,36.194
1.409,-3.872,4.000,-190.308,-33.264,88.684
2.079,-3.269,4.000,-81.970,-120.056,114.563
2.482,-2.953,3.573,21.301,-165.161,67.078
2.575,-2.743,1.680,74.463,-134.705,-31.677
2.415,-2.381,-0.527,55.420,-54.993,-147.888
1.709,-1.212,-1.993,-35.034,3.845,-250.427
0.630,0.568,-2.784,-140.015,-7.812,-279.053
-0.161,2.438,-3.699,-195.374,-52.307,-240.601
-1.257,4.000,-4.000,-221.130,-87.280,-189.209
-1.650,4.000,-3.711,-236.572,-68.176,-155.273
-1.740,4.000,-2.737,-228.149,-48.767,-98.938
-1.751,4.000,-1.828,-168.945,-47.119,-52.368
-1.728,4.000,-1.193,-91.492,-17.273,-17.273
-1.345,4.000,-0.887,-8.484,26.733,-2.380
-0.597,3.877,-0.876,75.134,54.077,31.006
0.230,3.115,-0.939,130.371,43.884,79.041
0.960,2.480,-0.939,148.071,21.790,110.901
1.392,1.994,-0.761,136.719,17.395,117.188
1.435,1.568,-0.521,114.563,27.588,100.220
1.542,1.303,-0.215,74.341,56.580,74.707
1.299,1.122,0.068,37.048,45.715,82.336
1.116,0.924,0.287,16.418,29.724,70.984
0.868,0.756,0.473,5.249,20.935,58.716
0.692,0.601,0.608,4.517,18.860,51.575
0.566,0.454,0.701,4.333,33.203,44.128
0.480,0.340,0.745,6.531,50.171,38.269
0.446,0.236,0.751,13.184,57.617,33.875
0.449,0.200,0.757,17.822,54.871,32.898
0.437,0.159,0.819,19.653,47.791,28.076
0.448,0.122,0.882,24.597,43.762,15.686
0.423,0.068,0.946,32.104,44.861,1.099
0.398,0.033,0.970,40.039,48.523,-12.390
0.351,0.026,0.949,43.701,51.208,-21.118
0.285,0.027,0.933,43.152,52.063,-24.231
0.279,0.054,0.880,38.818,51.575,-22.034
0.276,0.099,0.855,32.532,47.302,-17.273
0.275,0.127,0.838,26.917,40.466,-13.000
0.260,0.152,0.832,22.339,34.302,-9.827
0.228,0.176,0.804,19.592,30.396,-5.798
0.232,0.208,0.792,18.433,25.635,2.441
0.246,0.262,0.798,18.799,13.733,9.033
0.242,0.289,0.821,18.250,-1.831,19.348
0.254,0.327,0.857,18.616,-8.850,30.640
0.260,0.330,0.886,22.705,-11.902,35.522
0.272,0.318,0.910,27.161,-15.442,33.569
0.286,0.302,0.921,33.264,-17.151,28.992
0.279,0.271,0.953,38.208,-14.404,20.142
0.255,0.253,0.961,34.302,-9.155,10.010
0.235,0.268,0.970,34.180,-2.319,0.916
0.229,0.288,0.962,32.593,5.737,-8.301
0.206,0.285,0.967,27.222,12.390,-15.381
0.194,0.276,0.967,20.752,15.381,-16.602
0.213,0.286,0.954,14.221,14.893,-11.963
0.214,0.291,0.969,6.653,9.521,-4.944
0.214,0.302,0.985,-1.038,2.686,2.686
0.220,0.327,1.001,-6.836,-2.808,10.803
0.238,0.357,1.008,-9.216,-7.751,16.174
0.241,0.398,1.001,-8.911,-12.878,17.883
0.251,0.442,0.973,-5.554,-17.090,16.418
0.211,0.481,0.956,-1.343,-18.494,12.634
0.181,0.500,0.930,3.235,-16.541,6.042
0.158,0.513,0.883,7.568,-12.085,-0.732
0.143,0.516,0.856,12.085,-8.545,-5.005
0.117,0.517,0.832,16.174,-6.775,-8.667
0.099,0.503,0.816,19.409,-5.188,-10.803
0.100,0.503,0.798,21.423,-3.845,-9.827
0.111,0.510,0.791,21.606,-3.601,-7.202
0.116,0.501,0.792,19.653,-5.127,-3.967
0.127,0.483,0.800,16.785,-7.751,0.305
0.157,0.489,0.801,14.282,-9.949,6.042
0.183,0.497,0.800,10.864,-12.268,11.292
0.197,0.487,0.805,6.104,-14.160,14.832
0.208,0.476,0.821,2.441,-14.648,17.029
0.216,0.468,0.833,0.244,-13.062,17.273
0.226,0.450,0.839,-0.305,-10.925,16.968
0.238,0.444,0.842,-0.549,-10.071,15.930
0.247,0.455,0.862,-1.526,-9.949,13.916
0.235,0.433,0.891,-2.319,-9.705,11.414
0.219,0.421,0.909,-2.136,-8.057,8.789
0.211,0.415,0.902,-1.526,-5.554,6.348
0.191,0.424,0.901,-1.343,-4.211,4.028
0.168,0.441,0.905,-1.038,-3.540,1.282
0.141,0.449,0.909,-1.038,-2.563,-0.671
0.125,0.450,0.919,-0.732,-0.732,-1.404
0.119,0.462,0.915,0.732,0.854,-1.587
0.121,0.475,0.909,2.197,0.977,-1.160
0.131,0.487,0.887,2.869,0.427,-0.122
0.130,0.477,0.869,2.258,0.244,1.709
0.130,0.485,0.865,0.000,1.770,2.808
0.131,0.491,0.864,-2.136,4.211,2.441
0.127,0.484,0.870,-3.357,6.165,2.502
0.130,0.484,0.867,-3.113,6.409,2.930
0.127,0.497,0.859,-2.502,5.615,3.662
0.122,0.483,0.845,-1.892,4.883,3.479
0.129,0.475,0.821,-0.732,5.127,3.967
0.142,0.467,0.790,-0.366,5.310,5.188
0.140,0.444,0.781,-0.732,4.028,6.714
0.145,0.429,0.774,-1.526,2.625,8.484
0.159,0.425,0.768,-2.625,2.319,10.193
0.175,0.435,0.767,-3.845,1.526,11.841
0.191,0.447,0.780,-4.639,0.671,11.414
0.208,0.454,0.794,-5.127,1.282,9.521
0.220,0.459,0.806,-5.493,2.502,7.751
0.226,0.454,0.821,-5.859,2.930,6.104
0.224,0.455,0.832,-6.165,2.136,5.127
0.219,0.449,0.844,-6.287,1.221,5.981
0.243,0.469,0.838,-5.737,0.366,7.935
0.231,0.469,0.866,-5.249,-1.709,8.484
0.245,0.496,0.869,-4.578,-2.991,8.789
0.231,0.511,0.887,-4.456,-2.808,7.324
0.233,0.509,0.904,-4.944,-2.563,5.310
0.212,0.506,0.912,-4.272,-3.418,3.723
0.202,0.518,0.898,-2.808,-4.089,3.235
0.186,0.505,0.881,-2.563,-3.967,2.441
0.172,0.499,0.865,-2.563,-3.662,1.770
0.162,0.505,0.855,-2.563,-3.418,1.404

0.549,-0.487,1.633,-50.293,-17.456,30.273
0.630,-0.583,1.695,-53.955,-22.705,25.757
0.763,-0.785,1.796,-60.730,-21.362,18.494
0.891,-0.997,1.922,-66.895,-21.118,14.526
0.913,-1.160,2.040,-71.289,-26.001,5.920
0.868,-1.247,2.117,-70.862,-31.128,-13.123
0.775,-1.193,2.056,-60.730,-31.006,-39.063
0.584,-0.913,1.773,-47.913,-24.109,-61.768
0.393,-0.712,1.430,-31.189,-22.583,-84.106
0.200,-0.469,1.122,-22.339,-26.489,-88.196
-0.021,-0.267,0.729,-17.517,-35.706,-77.820
-0.198,0.142,0.415,-13.000,-42.358,-64.636
-0.276,0.486,0.198,-9.766,-41.321,-45.410
-0.311,0.923,-0.021,-7.385,-38.879,-30.518
-0.279,1.327,-0.276,-6.775,-37.720,-22.339
-0.234,1.631,-0.416,-17.822,-43.762,-22.705
-0.125,1.920,-0.501,-33.386,-51.514,-28.809
-0.053,2.123,-0.446,-48.767,-50.659,-39.185
-0.113,2.256,-0.274,-54.932,-40.100,-50.903
-0.081,2.314,-0.160,-52.124,-21.118,-58.716
-0.070,2.301,-0.075,-41.870,-6.775,-77.515
-0.119,2.233,0.012,-32.532,-2.441,-69.885
-0.072,2.144,0.030,-19.775,-4.089,-56.396
-0.010,2.058,0.027,-9.460,-11.047,-35.950
-0.007,1.940,0.011,-4.028,-20.081,-14.648
0.061,1.874,0.068,-3.906,-26.733,1.770
-0.003,1.680,0.041,-1.709,-28.687,10.925
0.089,1.567,0.065,-7.202,-15.869,28.564
0.151,1.425,0.119,-6.226,-19.043,35.461
0.179,1.304,0.176,-7.263,-18.372,37.781
0.232,1.208,0.226,-7.263,-11.780,41.931
0.282,1.099,0.267,-6.775,-3.174,40.405
0.300,1.000,0.324,-3.662,4.089,35.400
0.308,0.910,0.401,-0.916,13.489,28.503
0.335,0.864,0.469,2.625,23.376,22.339
0.350,0.813,0.544,4.639,28.503,17.090
0.345,0.769,0.632,8.362,28.015,12.207
0.310,0.708,0.704,12.756,25.085,9.705
0.289,0.660,0.758,15.625,22.034,7.629
0.246,0.639,0.801,20.203,15.381,6.592
0.199,0.620,0.817,22.766,9.949,6.958
0.149,0.602,0.831,23.254,8.972,6.531
0.103,0.594,0.824,24.231,10.193,7.568
0.077,0.594,0.791,25.879,12.695,10.376
0.072,0.577,0.751,25.818,15.564,13.855
0.075,0.554,0.734,24.780,16.907,17.273
0.094,0.547,0.709,22.400,17.273,20.020
0.118,0.549,0.683,20.386,17.822,22.644
0.130,0.525,0.672,16.907,17.883,25.635
0.139,0.500,0.677,12.207,17.029,28.381
0.151,0.475,0.689,9.277,15.320,30.762
0.161,0.478,0.691,7.568,13.000,32.410
0.149,0.475,0.714,6.348,9.949,32.532
0.128,0.492,0.730,6.531,7.935,30.273
0.119,0.510,0.741,8.484,8.484,26.184
0.130,0.539,0.733,12.390,11.414,21.423
0.135,0.549,0.724,17.395,16.418,17.761
0.144,0.554,0.722,21.118,21.057,12.451
0.151,0.537,0.729,22.644,24.780,6.409
0.152,0.499,0.739,22.156,27.100,2.808
0.156,0.472,0.753,19.409,27.222,1.526
0.141,0.460,0.767,16.174,24.719,0.793
0.123,0.463,0.784,13.000,20.996,0.244
0.094,0.465,0.814,9.705,17.883,-0.183
0.077,0.464,0.839,8.606,16.479,-0.183
0.088,0.497,0.868,12.390,14.038,1.892
0.078,0.520,0.896,17.334,11.108,3.967
0.112,0.499,0.895,17.639,12.390,4.883
0.135,0.477,0.884,20.264,13.489,8.240
0.159,0.462,0.867,22.522,10.742,12.207
0.165,0.448,0.858,22.827,5.310,15.320
0.151,0.414,0.865,22.461,0.671,16.602
0.153,0.394,0.857,22.217,-0.488,16.724
0.154,0.375,0.842,21.179,0.122,15.930
0.142,0.342,0.837,19.287,0.061,14.099
0.137,0.321,0.826,17.761,0.366,11.780
0.147,0.321,0.815,16.418,1.343,10.376
0.156,0.340,0.818,15.015,2.014,9.949
0.155,0.344,0.826,13.184,1.831,9.094
0.167,0.335,0.832,11.169,2.075,8.911
0.167,0.324,0.837,8.911,1.648,9.949
0.161,0.326,0.844,7.141,0.549,10.437
0.154,0.323,0.856,5.493,0.427,8.728
0.151,0.320,0.862,3.784,1.160,6.714
0.136,0.322,0.885,2.930,2.075,4.822
0.112,0.337,0.915,3.723,2.136,1.648
0.115,0.345,0.944,7.385,2.136,-0.610
0.118,0.351,0.945,8.667,3.479,-1.282
0.126,0.368,0.942,11.658,4.211,-1.099
0.143,0.407,0.928,14.160,2.991,-0.488
0.147,0.416,0.916,13.367,0.977,-1.038
0.145,0.406,0.907,11.108,-0.488,-1.221
0.130,0.385,0.900,8.911,-1.160,-0.671
0.114,0.379,0.890,6.653,-1.282,0.061
0.103,0.392,0.889,4.700,-0.366,-0.366
0.088,0.392,0.887,3.540,1.831,-0.977
0.087,0.382,0.883,2.991,4.883,-0.916
0.095,0.381,0.879,2.930,6.714,0.549
0.120,0.402,0.868,2.869,6.531,2.686
0.132,0.421,0.874,2.136,5.188,3.601
0.140,0.414,0.881,0.793,4.578,2.808
0.145,0.413,0.890,0.183,5.005,2.197
0.158,0.411,0.888,-0.854,5.188,2.136
0.162,0.403,0.882,-2.991,4.822,2.136
0.149,0.398,0.896,-5.188,4.456,1.343
0.146,0.426,0.918,-6.714,5.005,-0.183
0.141,0.432,0.937,-7.507,6.897,-1.709
0.135,0.430,0.952,-7.690,8.484,-2.869
0.135,0.429,0.957,-7.080,9.155,-3.601
0.142,0.432,0.959,-6.653,9.216,-3.357
0.145,0.440,0.967,-5.554,8.911,-2.258
0.144,0.466,0.971,-3.418,8.728,-1.221
0.158,0.474,0.967,-2.686,8.057,-0.610
0.167,0.465,0.959,-2.625,6.287,1.038
0.170,0.457,0.952,-2.563,3.723,3.906
0.186,0.466,0.943,-2.686,1.770,5.371
0.183,0.475,0.945,-2.747,0.488,5.188
0.174,0.471,0.936,-2.380,0.183,4.089
0.166,0.471,0.920,-2.502,0.488,2.869

-0.171,-0.833,2.317,-102.112,12.451,7.446
-0.234,-1.110,2.469,-104.980,9.094,13.550
-0.185,-1.336,2.527,-99.915,-4.333,22.034
-0.054,-1.418,2.474,-80.566,-25.696,35.034
0.167,-1.352,2.226,-40.039,-51.636,46.265
0.345,-1.197,1.759,3.967,-78.064,45.898
0.431,-1.088,0.995,26.855,-83.740,23.865
0.542,-0.845,0.179,37.048,-52.856,-12.085
0.554,-0.517,-0.468,25.024,-10.803,-58.472
0.525,-0.052,-0.884,-14.709,21.851,-104.919
0.386,0.542,-1.066,-53.345,31.433,-128.906
0.217,1.111,-1.101,-85.388,21.851,-133.850
0.051,1.809,-1.118,-100.525,4.028,-119.812
-0.213,2.563,-1.010,-96.558,-4.333,-97.839
-0.334,2.963,-0.780,-85.999,5.188,-88.135
-0.290,3.092,-0.518,-70.984,17.212,-76.416
-0.194,3.151,-0.311,-43.213,15.015,-56.580
-0.088,3.091,-0.145,-13.855,4.395,-25.696
0.043,2.928,0.010,13.245,-5.310,-7.996
0.004,2.598,0.001,34.119,-17.273,-2.136
0.220,2.348,0.081,35.461,-4.822,14.832
0.230,2.092,0.063,31.555,-12.817,43.579
0.340,1.848,0.062,24.353,-22.949,61.401
0.344,1.668,0.079,14.832,-39.917,83.374
0.376,1.492,0.091,7.629,-52.124,96.313
0.398,1.335,0.128,3.174,-51.392,98.633
0.405,1.212,0.196,0.488,-42.297,95.642
0.404,1.114,0.261,0.549,-29.907,85.571
0.424,1.027,0.315,4.089,-14.160,71.289
0.424,0.940,0.398,7.629,1.160,55.359
0.386,0.867,0.483,8.118,13.977,38.940
0.334,0.800,0.601,15.442,20.874,23.865
0.271,0.762,0.680,25.391,24.048,10.986
0.234,0.702,0.747,35.217,25.513,0.305
0.194,0.652,0.781,45.654,25.818,-5.981
0.164,0.612,0.787,52.917,25.146,-9.888
0.123,0.573,0.796,55.359,24.902,-13.184
0.092,0.535,0.793,52.307,26.306,-13.367
0.063,0.509,0.770,44.739,29.846,-10.132
0.062,0.471,0.758,32.349,32.593,-3.906
0.035,0.435,0.762,20.325,29.053,3.906
0.039,0.406,0.774,10.620,27.344,11.597
0.043,0.367,0.797,5.249,27.405,17.212
0.061,0.351,0.809,1.892,24.292,21.606
0.072,0.332,0.827,-1.465,18.738,24.048
0.077,0.308,0.858,-1.953,14.771,24.475
0.099,0.297,0.882,0.793,15.015,23.865
0.137,0.297,0.869,5.676,17.273,22.278
0.150,0.302,0.868,10.620,17.578,19.470
0.134,0.287,0.886,14.709,17.273,13.550
0.137,0.278,0.877,19.043,20.691,7.996
0.163,0.270,0.862,23.315,25.818,3.723
0.162,0.261,0.875,26.489,29.053,-2.014
0.152,0.270,0.892,25.879,31.738,-8.728
0.141,0.285,0.904,26.428,33.936,-14.465
0.151,0.301,0.916,27.161,35.339,-17.700
0.165,0.317,0.938,27.161,34.180,-18.982
0.161,0.349,0.944,25.757,30.518,-19.165
0.150,0.368,0.950,24.231,26.062,-19.226
0.151,0.396,0.942,23.010,22.827,-18.799
0.155,0.415,0.927,22.217,20.630,-17.639
0.149,0.415,0.914,21.179,18.555,-15.442
0.144,0.398,0.905,20.874,15.747,-13.489
0.148,0.403,0.904,21.179,13.550,-13.184
0.149,0.388,0.894,21.118,10.254,-6.409
0.148,0.375,0.887,24.353,5.737,-3.540
0.156,0.365,0.883,28.015,2.075,-2.930
0.167,0.361,0.860,31.799,-1.709,-1.709
0.173,0.340,0.836,33.569,-4.761,-2.014
0.177,0.327,0.820,33.020,-6.287,-2.502
0.181,0.325,0.804,30.334,-6.287,-3.540
0.167,0.312,0.800,26.001,-4.883,-5.188
0.165,0.298,0.794,21.545,-1.282,-6.165
0.172,0.293,0.792,17.029,2.563,-6.348
0.180,0.282,0.801,13.794,4.333,-6.104
0.188,0.297,0.821,10.376,3.967,-5.432
0.192,0.297,0.844,6.897,2.197,-2.930
0.205,0.289,0.868,5.066,0.977,-1.038
0.222,0.308,0.894,3.052,-0.732,1.160
0.227,0.332,0.916,0.549,-3.418,2.625
0.226,0.337,0.936,-1.282,-5.310,2.747
0.223,0.344,0.967,-1.465,-5.615,2.625
0.222,0.358,0.972,-4.456,-4.028,1.892
0.214,0.359,0.982,-5.798,-3.296,1.465
0.213,0.377,0.982,-7.019,-3.479,1.526
0.204,0.384,0.983,-8.301,-3.235,1.831
0.186,0.379,0.990,-8.972,-2.197,1.526
0.180,0.391,0.985,-8.972,-0.977,1.404
0.171,0.404,0.978,-8.362,-0.305,1.404
0.163,0.413,0.964,-7.690,0.122,1.099
0.157,0.419,0.952,-6.348,0.122,0.305
0.153,0.423,0.937,-4.211,0.122,-0.122
0.150,0.427,0.923,-2.258,-0.183,-0.427
0.146,0.428,0.900,-0.732,-0.793,-0.671
0.135,0.418,0.877,-0.244,-1.221,-0.122
0.127,0.409,0.861,-0.183,-1.099,0.244
0.122,0.413,0.849,-0.732,0.000,0.366
0.117,0.404,0.839,-1.953,1.038,0.916
0.117,0.402,0.834,-3.235,1.770,1.343
0.117,0.405,0.828,-4.333,2.686,1.587
0.121,0.402,0.824,-5.066,3.723,2.136
0.132,0.403,0.827,-5.432,4.761,2.258
0.150,0.417,0.830,-6.470,5.554,2.136
0.159,0.418,0.843,-7.812,5.798,2.258
0.171,0.416,0.858,-8.423,6.287,2.014
0.180,0.438,0.870,-8.118,6.470,2.258
0.190,0.441,0.884,-9.399,5.188,0.977
0.196,0.442,0.890,-9.583,3.906,1.099
0.202,0.445,0.892,-9.338,2.808,2.319
0.201,0.445,0.892,-8.484,1.465,2.258
0.196,0.452,0.889,-6.775,0.732,2.625
0.204,0.461,0.875,-5.249,0.671,2.380
0.202,0.461,0.856,-4.517,0.610,1.953
0.197,0.455,0.841,-4.272,0.122,1.404
0.190,0.462,0.837,-4.761,-0.366,0.671
0.184,0.477,0.839,-4.456,-0.183,0.366
0.180,0.481,0.831,-4.578,0.366,0.122
0.174,0.480,0.828,-5.249,0.671,0.122
0.165,0.481,0.831,-5.737,1.404,-0.671

0.003,-0.883,2.062,-49.500,0.732,-35.339
-0.051,-1.015,2.104,-45.776,-3.113,-39.001
-0.048,-1.120,1.998,-36.377,-8.179,-42.114
0.012,-1.190,1.817,-22.766,-17.029,-36.560
0.142,-1.231,1.552,-8.179,-32.532,-20.691
0.270,-1.225,1.222,0.427,-57.129,-1.587
0.393,-1.161,0.886,3.296,-83.130,11.658
0.510,-0.981,0.517,-1.831,-95.581,14.709
0.621,-0.664,0.177,-10.742,-88.501,6.409
0.745,-0.303,-0.164,-30.945,-71.533,-18.433
0.662,0.051,-0.432,-58.228,-53.406,-53.284
0.615,0.527,-0.680,-79.468,-30.762,-80.444
0.561,1.110,-0.858,-96.985,-11.780,-95.459
0.416,1.772,-0.856,-110.107,-3.540,-101.990
0.174,2.339,-0.719,-114.563,-0.549,-109.436
-0.062,2.800,-0.485,-110.596,9.033,-115.234
-0.212,3.064,-0.238,-96.924,27.771,-108.032
-0.223,3.113,-0.028,-77.087,38.208,-85.815
-0.127,3.102,0.208,-51.270,25.635,-43.945
-0.133,2.931,0.334,-15.442,-9.216,-5.737
0.035,2.715,0.414,6.714,-31.067,31.006
0.112,2.438,0.415,24.109,-49.683,61.035
0.251,2.148,0.354,32.776,-45.715,72.205
0.362,1.886,0.272,31.494,-36.621,81.726
0.458,1.620,0.206,20.508,-32.410,87.891
0.527,1.364,0.185,10.742,-31.372,86.487
0.538,1.168,0.190,4.822,-27.405,80.322
0.546,1.012,0.213,0.977,-17.212,69.824
0.530,0.894,0.267,-0.793,-3.845,55.786
0.505,0.804,0.330,-0.610,8.667,41.565
0.477,0.769,0.392,1.648,17.334,30.151
0.455,0.762,0.464,6.409,21.118,20.447
0.404,0.738,0.536,13.428,19.836,10.315
0.338,0.714,0.622,23.437,16.785,0.671
0.273,0.702,0.683,38.025,14.893,-7.019
0.220,0.667,0.711,48.950,14.832,-13.123
0.187,0.627,0.719,54.321,15.564,-16.357
0.169,0.566,0.736,59.265,14.160,-15.442
0.155,0.536,0.733,57.556,13.794,-12.207
0.143,0.490,0.735,49.255,16.541,-5.981
0.129,0.432,0.745,39.307,21.667,0.977
0.127,0.397,0.740,28.442,26.184,8.789
0.128,0.365,0.736,17.334,27.161,16.785
0.123,0.329,0.738,6.287,23.682,24.048
0.120,0.306,0.749,-3.235,17.151,31.494
0.105,0.293,0.764,-11.047,8.850,38.208
0.080,0.286,0.804,-16.296,0.916,42.969
0.070,0.273,0.844,-18.372,-2.563,45.776
0.066,0.275,0.871,-15.137,-1.465,47.363
0.080,0.282,0.890,-9.033,1.099,44.434
0.084,0.306,0.896,-1.343,3.479,37.903
0.095,0.314,0.897,5.554,6.409,29.419
0.114,0.308,0.900,12.573,10.071,19.592
0.130,0.309,0.896,19.226,13.245,10.315
0.127,0.307,0.899,24.475,15.747,1.892
0.120,0.301,0.900,27.893,17.578,-4.822
0.114,0.298,0.900,29.480,18.677,-9.094
0.109,0.286,0.897,28.442,17.822,-10.681
0.101,0.290,0.891,23.865,15.503,-9.888
0.087,0.316,0.906,16.357,12.268,-7.080
0.060,0.339,0.920,10.681,7.507,-3.052
0.042,0.371,0.923,9.827,4.395,0.427
0.049,0.395,0.905,10.315,3.906,1.831
0.035,0.402,0.903,10.437,2.747,1.404
0.013,0.401,0.907,13.672,0.366,0.366
-0.000,0.392,0.899,17.517,-0.061,-0.366
0.000,0.385,0.883,20.935,0.793,0.549
0.003,0.394,0.873,23.193,0.244,1.587
0.001,0.395,0.876,24.658,-0.916,2.197
0.003,0.380,0.874,25.024,-1.099,3.601
0.017,0.370,0.868,24.902,-0.671,6.348
0.033,0.358,0.857,24.780,-1.648,9.033
0.039,0.343,0.855,23.315,-2.930,10.437
0.045,0.336,0.857,21.301,-3.174,11.536
0.056,0.327,0.866,18.494,-1.892,12.878
0.083,0.325,0.876,15.259,-0.671,14.099
0.105,0.329,0.880,10.742,-1.221,15.686
0.111,0.327,0.894,5.737,-2.869,17.151
0.114,0.339,0.914,2.075,-3.540,17.517
0.118,0.348,0.932,0.061,-2.136,16.724
0.128,0.355,0.943,-1.465,-0.549,15.625
0.131,0.371,0.950,-2.258,0.488,14.221
0.130,0.385,0.960,-2.502,1.343,12.024
0.121,0.399,0.972,-1.831,3.601,9.155
0.117,0.403,0.976,0.244,6.714,6.470
0.119,0.406,0.974,2.563,9.216,4.517
0.126,0.408,0.963,4.150,10.071,3.052
0.126,0.407,0.958,5.676,9.949,2.197
0.132,0.411,0.950,5.737,9.827,1.953
0.129,0.397,0.950,5.432,9.766,2.808
0.134,0.401,0.942,5.066,9.521,3.723
0.140,0.414,0.935,4.761,8.301,4.700
0.146,0.422,0.924,4.211,6.653,5.859
0.145,0.425,0.918,3.113,5.981,6.104
0.151,0.433,0.912,2.563,6.531,5.371
0.154,0.434,0.907,1.038,7.385,4.578
0.146,0.431,0.906,0.366,7.629,4.028
0.153,0.436,0.900,0.366,7.263,4.517
0.154,0.434,0.892,0.122,5.798,5.310
0.157,0.429,0.879,-0.061,3.845,6.714
0.161,0.430,0.868,-0.305,2.197,7.874
0.161,0.420,0.865,-1.038,1.221,8.484
0.166,0.419,0.858,-1.526,0.977,8.728
0.172,0.430,0.849,-2.563,0.427,8.789
0.159,0.417,0.850,-4.639,-0.427,7.568
0.147,0.420,0.855,-5.615,0.000,6.470
0.141,0.436,0.863,-5.981,1.343,4.822
0.131,0.439,0.862,-6.104,2.258,3.418
0.125,0.434,0.856,-5.859,2.808,3.479
0.124,0.441,0.854,-5.249,2.991,3.540
0.127,0.444,0.852,-4.150,2.808,3.662
0.127,0.441,0.849,-3.967,2.808,4.028
0.130,0.431,0.852,-4.028,2.441,4.395
0.132,0.428,0.857,-4.333,1.526,5.066
0.134,0.436,0.867,-4.639,0.610,5.676
0.133,0.435,0.874,-4.639,0.061,5.432
0.130,0.430,0.877,-4.089,0.305,4.578
0.135,0.427,0.869,-3.418,0.549,4.395
0.142,0.427,0.856,-3.479,0.305,4.272

-0.135,-0.936,2.023,-80.017,-26.306,16.907
-0.226,-1.215,2.144,-92.346,-24.292,12.573
-0.245,-1.395,2.188,-95.276,-26.672,7.812
-0.204,-1.449,2.113,-83.069,-32.959,4.517
-0.111,-1.366,1.901,-61.157,-41.382,2.136
-0.025,-1.198,1.677,-39.734,-46.143,-2.258
0.040,-0.998,1.436,-27.771,-42.114,-12.024
0.159,-0.736,1.068,-23.010,-30.823,-33.020
0.221,-0.459,0.735,-21.362,-22.644,-54.810
0.269,-0.180,0.457,-28.564,-16.235,-78.979
0.302,0.209,0.225,-35.278,-9.949,-97.778
0.323,0.740,-0.012,-38.269,-6.287,-102.905
0.319,1.227,-0.165,-43.335,-4.700,-104.126
0.299,1.660,-0.267,-46.570,-5.310,-103.760
0.254,2.100,-0.335,-42.297,0.488,-98.633
0.209,2.398,-0.323,-40.039,13.550,-92.773
0.258,2.563,-0.245,-43.518,22.400,-82.642
0.265,2.619,-0.120,-45.898,13.550,-67.871
0.257,2.637,0.004,-39.551,-7.812,-62.744
0.178,2.557,0.081,-33.325,-32.043,-41.077
0.109,2.419,0.161,-22.400,-56.885,-31.250
0.114,2.240,0.166,-12.512,-60.913,-24.353
-0.041,2.085,0.098,-6.897,-61.157,-0.305
-0.060,1.910,0.061,-3.784,-60.913,14.893
-0.080,1.759,0.057,0.244,-52.002,30.884
-0.054,1.609,0.069,7.446,-43.884,41.870
-0.012,1.454,0.100,14.587,-35.034,46.021
0.031,1.319,0.113,20.447,-22.217,45.166
0.064,1.193,0.119,23.987,-7.568,41.382
0.088,1.068,0.131,25.574,4.028,36.926
0.117,0.956,0.153,26.367,13.184,31.372
0.132,0.863,0.201,26.428,20.325,26.794
0.149,0.769,0.278,26.184,26.123,23.682
0.178,0.682,0.362,26.245,30.396,21.545
0.189,0.610,0.454,26.001,32.410,19.592
0.178,0.548,0.530,25.024,31.494,18.127
0.159,0.497,0.574,23.437,28.992,18.188
0.134,0.471,0.626,21.973,24.780,19.836
0.089,0.453,0.657,19.165,22.644,22.156
0.076,0.449,0.673,15.381,23.499,25.513
0.072,0.430,0.681,12.207,23.010,27.832
0.079,0.406,0.681,9.827,22.095,30.151
0.077,0.393,0.685,8.789,20.325,31.250
0.081,0.379,0.692,8.667,17.761,31.128
0.089,0.368,0.709,8.362,15.076,29.541
0.072,0.340,0.748,8.972,12.512,26.855
0.060,0.318,0.780,11.353,12.146,23.743
0.065,0.315,0.810,14.404,14.465,20.508
0.076,0.330,0.824,16.174,18.250,18.433
0.080,0.331,0.837,16.235,19.348,16.235
0.083,0.333,0.846,15.991,20.020,14.343
0.101,0.344,0.843,17.212,20.447,14.099
0.107,0.373,0.830,20.630,17.151,14.282
0.091,0.369,0.835,21.057,11.230,12.451
0.074,0.344,0.854,16.724,9.094,7.690
0.061,0.341,0.882,15.808,10.010,3.540
0.062,0.348,0.887,14.954,11.414,0.305
0.039,0.350,0.905,14.404,11.719,-1.953
0.032,0.363,0.906,12.573,10.559,-3.357
0.034,0.397,0.901,9.949,8.423,-3.235
0.017,0.445,0.913,6.836,6.042,-1.953
0.001,0.472,0.917,5.493,4.272,-1.282
-0.020,0.491,0.914,7.324,2.441,-0.427
-0.032,0.510,0.886,10.620,-0.183,1.526
-0.056,0.513,0.859,13.977,-3.052,3.723
-0.088,0.490,0.837,17.273,-4.639,5.554
-0.121,0.453,0.819,20.386,-4.272,6.836
-0.135,0.421,0.801,23.560,-2.258,8.423
-0.120,0.399,0.786,25.452,-0.122,10.254
-0.105,0.367,0.784,25.513,0.793,11.414
-0.079,0.344,0.792,24.109,0.671,12.878
-0.038,0.345,0.802,22.217,0.427,15.259
0.009,0.359,0.817,18.188,0.122,17.700
0.041,0.376,0.851,13.428,-1.343,18.799
0.052,0.372,0.895,10.010,-3.113,18.005
0.056,0.376,0.928,8.972,-3.784,17.212
0.060,0.390,0.947,10.071,-3.296,16.541
0.059,0.393,0.949,11.841,-3.174,15.381
0.070,0.383,0.945,13.062,-3.662,14.648
0.070,0.378,0.948,13.245,-4.700,13.489
0.064,0.378,0.954,12.817,-6.226,11.841
0.051,0.365,0.963,11.780,-6.836,10.498
0.040,0.367,0.966,11.292,-6.348,10.132
0.038,0.372,0.959,10.925,-5.859,10.376
0.017,0.366,0.961,9.827,-5.981,10.132
-0.015,0.357,0.977,8.911,-5.371,8.911
-0.034,0.368,0.977,7.996,-2.808,7.446
-0.060,0.355,1.003,6.042,1.770,3.845
-0.061,0.391,1.002,6.287,6.287,1.831
-0.063,0.390,1.003,4.517,8.911,-0.183
-0.059,0.411,1.006,2.747,9.216,-1.831
-0.057,0.412,1.002,1.404,8.850,-1.892
-0.044,0.412,0.986,0.366,8.484,-1.221
-0.038,0.408,0.978,-1.587,7.385,-0.427
-0.031,0.415,0.975,-3.967,5.676,0.366
-0.032,0.415,0.977,-6.592,4.211,1.038
-0.026,0.406,0.977,-8.301,3.113,1.770
-0.025,0.404,0.974,-8.667,2.625,2.319
-0.022,0.407,0.963,-8.423,2.258,2.563
-0.030,0.407,0.954,-7.690,2.502,1.892
-0.027,0.407,0.953,-5.554,3.296,0.549
-0.035,0.413,0.940,-3.845,4.761,-0.183
-0.034,0.406,0.934,-1.282,5.798,-0.122
-0.028,0.412,0.915,2.319,6.226,0.610
-0.011,0.434,0.894,4.944,5.737,2.808
-0.009,0.460,0.901,4.700,4.517,3.723
0.003,0.447,0.887,3.235,3.784,3.601
0.004,0.434,0.883,2.991,3.357,5.188
0.015,0.436,0.871,3.357,2.380,6.531
0.022,0.443,0.854,3.052,0.977,7.446
0.027,0.450,0.838,1.709,0.305,7.996
0.020,0.449,0.832,-0.183,0.977,6.836
0.013,0.446,0.834,-1.404,2.808,5.127
0.009,0.450,0.837,-2.319,5.127,3.418
0.010,0.450,0.840,-2.563,6.775,2.258
0.020,0.460,0.842,-2.319,7.324,1.892
0.023,0.465,0.856,-2.258,7.568,1.038
0.037,0.464,0.866,-2.075,8.301,0.122
0.049,0.458,0.877,-1.953,8.240,0.244

-0.374,-0.878,1.954,-61.707,16.479,5.005
-0.309,-1.056,2.013,-62.744,10.315,11.902
-0.162,-1.195,2.004,-60.425,-0.244,21.851
0.014,-1.247,1.931,-53.040,-14.160,32.043
0.240,-1.167,1.727,-40.100,-28.931,35.400
0.389,-0.998,1.431,-28.076,-43.640,27.100
0.435,-0.781,1.093,-22.278,-49.622,2.930
0.459,-0.528,0.732,-19.348,-34.424,-28.198
0.448,-0.195,0.331,-20.325,-14.587,-58.716
0.438,0.126,-0.084,-26.855,4.517,-88.989
0.421,0.495,-0.472,-36.072,15.198,-106.445
0.349,0.976,-0.811,-48.889,15.259,-109.314
0.227,1.616,-0.994,-61.951,10.742,-104.370
0.015,2.188,-0.964,-74.646,11.963,-101.563
-0.107,2.553,-0.745,-92.590,22.034,-101.318
-0.089,2.747,-0.461,-101.685,29.602,-88.562
-0.024,2.864,-0.184,-93.445,22.034,-59.021
0.031,2.881,0.042,-71.411,0.366,-24.536
0.104,2.788,0.255,-44.800,-20.691,-1.831
0.177,2.582,0.346,-18.616,-34.729,7.996
0.190,2.330,0.356,3.906,-29.724,2.747
0.224,2.095,0.269,10.986,-0.793,10.498
0.294,1.878,0.213,15.503,5.127,17.761
0.323,1.660,0.194,17.517,4.089,26.917
0.366,1.461,0.183,20.447,-1.465,39.001
0.392,1.276,0.183,22.156,-8.118,47.363
0.435,1.108,0.207,22.156,-9.399,50.293
0.442,0.965,0.237,20.874,-6.531,48.584
0.436,0.868,0.266,19.104,-2.930,44.434
0.394,0.766,0.302,18.127,0.549,37.598
0.360,0.702,0.351,14.954,6.470,31.921
0.306,0.675,0.446,19.531,9.155,28.381
0.234,0.627,0.535,25.879,11.230,21.179
0.194,0.591,0.595,33.142,15.625,12.878
0.164,0.574,0.644,44.312,19.104,6.592
0.111,0.555,0.680,54.077,20.691,0.977
0.074,0.520,0.697,57.922,23.804,-2.686
0.054,0.459,0.674,57.556,28.564,-5.066
0.035,0.447,0.695,51.758,32.776,-3.357
0.034,0.410,0.720,44.556,36.499,0.488
0.036,0.379,0.756,37.964,39.001,4.944
0.061,0.364,0.774,30.396,39.368,9.766
0.089,0.358,0.793,24.597,36.255,14.954
0.095,0.336,0.807,20.935,30.151,20.142
0.106,0.315,0.813,17.151,22.461,24.902
0.080,0.292,0.839,14.038,14.893,27.100
0.077,0.279,0.843,12.878,11.963,27.527
0.094,0.294,0.834,14.221,13.367,27.832
0.111,0.298,0.831,15.991,14.954,26.550
0.112,0.273,0.835,17.883,15.198,23.499
0.123,0.261,0.831,19.775,15.015,19.531
0.140,0.264,0.841,21.545,14.343,14.709
0.143,0.262,0.849,21.912,14.038,10.742
0.136,0.251,0.875,20.447,14.832,6.592
0.124,0.242,0.907,19.714,14.832,3.052
0.132,0.266,0.911,20.630,13.245,0.977
0.146,0.294,0.929,21.057,9.766,-0.305
0.116,0.307,0.969,17.700,7.080,-3.296
0.095,0.304,0.982,17.761,6.287,-5.127
0.103,0.311,0.973,20.264,6.592,-4.272
0.128,0.350,0.940,24.109,4.333,-2.075
0.143,0.380,0.899,24.597,0.671,0.916
0.139,0.406,0.882,18.433,-2.808,3.601
0.127,0.372,0.880,10.437,-6.531,3.113
0.106,0.360,0.884,7.690,-9.521,3.601
0.095,0.353,0.893,7.874,-10.559,4.883
0.083,0.330,0.897,9.155,-10.864,5.249
0.083,0.327,0.889,11.169,-11.169,6.592
0.087,0.330,0.875,13.184,-12.390,7.568
0.081,0.313,0.865,14.648,-15.076,8.362
0.084,0.298,0.855,15.015,-17.029,9.521
0.105,0.310,0.844,14.038,-17.883,10.742
0.114,0.308,0.847,10.132,-18.555,11.047
0.111,0.293,0.865,5.005,-18.921,10.010
0.093,0.289,0.897,-0.732,-19.165,8.545
0.063,0.277,0.937,-5.798,-19.104,7.141
0.038,0.257,0.969,-10.498,-18.005,6.104
0.003,0.262,1.004,-14.282,-16.602,5.188
-0.016,0.285,1.032,-16.357,-14.893,4.150
-0.037,0.298,1.060,-17.761,-12.695,3.113
-0.058,0.305,1.082,-17.029,-10.132,2.014
-0.061,0.321,1.094,-15.076,-7.935,1.587
-0.058,0.338,1.098,-13.184,-6.714,1.526
-0.054,0.365,1.087,-12.695,-6.470,1.282
-0.059,0.369,1.079,-13.184,-6.409,1.465
-0.066,0.376,1.076,-14.038,-4.578,1.465
-0.063,0.397,1.074,-14.709,-1.770,0.427
-0.067,0.416,1.076,-15.381,0.366,-0.977
-0.078,0.439,1.070,-15.320,1.221,-1.953
-0.076,0.471,1.053,-13.306,1.770,-2.197
-0.065,0.499,1.018,-9.766,2.075,-1.587
-0.048,0.523,0.977,-3.906,1.587,-0.305
-0.026,0.545,0.921,2.136,0.610,1.404
-0.000,0.547,0.860,6.165,-0.061,2.502
0.015,0.545,0.819,8.240,0.122,2.502
0.027,0.533,0.794,9.399,0.854,1.648
0.039,0.529,0.770,10.071,2.075,1.038
0.047,0.518,0.754,9.766,3.296,0.977
0.056,0.506,0.744,7.935,4.395,0.854
0.059,0.488,0.747,4.944,4.944,1.404
0.070,0.472,0.756,1.831,5.127,2.258
0.074,0.461,0.775,-1.038,4.883,3.540
0.082,0.462,0.796,-3.174,4.517,4.333
0.086,0.455,0.820,-5.188,4.456,4.089
0.088,0.448,0.843,-7.141,5.066,3.235
0.088,0.448,0.868,-7.996,5.737,2.014
0.092,0.448,0.886,-8.179,5.920,0.977
0.091,0.451,0.900,-7.751,5.676,0.427
0.096,0.453,0.900,-7.263,5.310,0.183
0.095,0.447,0.897,-7.263,4.761,0.488
0.090,0.445,0.898,-7.629,3.967,0.549
0.091,0.451,0.895,-7.690,2.991,0.427
0.094,0.467,0.884,-8.301,2.380,0.244
0.088,0.474,0.875,-9.216,1.404,-0.427
0.076,0.472,0.872,-9.949,1.160,-1.160
0.070,0.484,0.866,-9.644,1.587,-1.465
0.073,0.504,0.861,-8.972,1.892,-1.892
0.058,0.507,0.861,-8.606,2.136,-3.174
0.043,0.506,0.862,-7.446,3.052,-4.028

-0.511,-0.621,1.959,-71.167,28.931,-4.333
-0.455,-0.806,2.016,-76.782,20.447,19.470
-0.353,-0.979,2.075,-76.599,-3.906,43.213
-0.235,-1.124,2.065,-71.838,-33.386,59.021
-0.076,-1.224,1.983,-62.622,-51.636,60.425
0.135,-1.257,1.751,-48.767,-54.260,45.837
0.291,-1.260,1.377,-27.771,-49.438,19.043
0.363,-1.158,0.955,-8.606,-36.621,-18.188
0.411,-0.949,0.443,-0.854,-5.432,-55.908
0.460,-0.597,-0.041,-7.446,23.499,-86.670
0.532,-0.148,-0.407,-29.968,41.016,-108.887
0.472,0.438,-0.630,-50.659,40.405,-111.328
0.394,1.087,-0.749,-65.063,30.823,-102.417
0.385,1.705,-0.734,-71.777,23.437,-90.637
0.397,2.138,-0.616,-74.341,19.470,-82.947
0.403,2.385,-0.423,-73.853,11.902,-76.721
0.463,2.502,-0.239,-65.674,-0.488,-61.951
0.506,2.527,-0.080,-51.392,-15.747,-45.593
0.560,2.523,0.055,-36.133,-28.992,-29.297
0.518,2.426,0.159,-21.973,-38.147,-19.226
0.406,2.293,0.226,-12.756,-48.584,-17.822
0.455,2.192,0.314,-10.254,-37.170,-17.517
0.315,2.042,0.336,-12.207,-38.696,-0.366
0.266,1.894,0.334,-13.367,-50.720,15.747
0.194,1.762,0.338,-13.855,-59.570,36.804
0.180,1.629,0.336,-8.911,-62.012,53.772
0.146,1.471,0.331,-0.122,-60.730,61.279
0.140,1.330,0.328,9.155,-52.246,62.561
0.173,1.192,0.304,16.479,-38.269,60.059
0.188,1.048,0.305,21.118,-23.132,54.688
0.194,0.928,0.330,24.109,-9.338,49.500
0.211,0.820,0.375,26.001,1.404,42.603
0.225,0.728,0.440,26.917,8.118,35.400
0.217,0.659,0.509,29.297,10.315,26.123
0.184,0.601,0.582,32.471,9.949,14.648
0.144,0.555,0.641,35.950,9.766,3.540
0.077,0.547,0.658,40.039,10.254,-3.906
0.022,0.530,0.760,46.570,8.240,-8.850
-0.034,0.512,0.779,42.419,14.099,-11.353
-0.073,0.481,0.762,42.847,21.362,-8.728
-0.092,0.462,0.729,42.603,25.513,-3.418
-0.091,0.426,0.699,41.626,25.452,2.869
-0.078,0.370,0.683,40.710,23.682,10.132
-0.045,0.339,0.678,38.330,22.156,15.991
-0.007,0.327,0.691,34.119,19.104,19.653
0.020,0.293,0.705,27.893,14.954,21.301
0.020,0.271,0.748,22.583,10.864,21.545
0.032,0.273,0.746,16.418,9.033,20.508
0.035,0.258,0.787,11.353,7.812,19.714
0.028,0.283,0.774,1.831,9.644,19.287
0.016,0.297,0.785,-6.531,13.733,18.311
-0.003,0.297,0.804,-9.521,17.517,16.785
-0.001,0.318,0.813,-10.681,21.301,14.771
-0.002,0.351,0.839,-10.132,24.292,12.939
0.009,0.357,0.857,-8.362,24.902,10.986
0.017,0.346,0.876,-5.310,23.804,9.827
0.039,0.361,0.904,-1.587,20.935,9.094
0.066,0.378,0.925,1.831,17.090,7.202
0.083,0.395,0.936,4.089,12.939,5.554
0.060,0.376,0.977,6.470,9.094,1.953
0.035,0.384,1.001,7.019,10.071,-1.099
0.048,0.408,1.001,8.057,13.550,-1.465
0.027,0.427,1.006,9.766,11.902,-1.099
0.021,0.452,0.988,11.047,8.667,-0.427
0.003,0.450,0.966,13.794,6.165,-2.502
-0.014,0.438,0.925,15.381,5.859,-3.174
-0.014,0.438,0.888,15.686,5.432,0.244
-0.022,0.439,0.862,15.930,0.916,5.554
-0.028,0.431,0.848,18.311,-4.578,9.644
-0.036,0.418,0.820,23.010,-8.423,12.207
-0.030,0.404,0.794,26.978,-9.644,13.916
-0.024,0.387,0.772,28.381,-10.498,15.259
-0.009,0.361,0.758,27.527,-10.925,16.357
0.015,0.349,0.751,24.597,-11.230,18.250
0.027,0.324,0.761,19.836,-12.268,20.081
0.043,0.318,0.781,14.221,-13.123,21.973
0.056,0.324,0.806,7.812,-13.550,22.583
0.051,0.314,0.850,2.014,-14.343,21.973
0.043,0.305,0.896,-3.357,-14.404,20.447
0.018,0.298,0.952,-8.484,-12.512,17.822
-0.011,0.291,1.017,-12.390,-8.118,13.367
-0.032,0.300,1.072,-14.587,-2.136,8.179
-0.039,0.315,1.112,-14.465,3.723,4.272
-0.043,0.321,1.140,-13.123,8.057,2.319
-0.040,0.327,1.164,-11.536,10.498,1.831
-0.034,0.336,1.180,-9.277,10.986,1.770
-0.033,0.351,1.194,-6.104,9.949,1.953
-0.034,0.350,1.195,-2.502,8.606,1.770
-0.027,0.361,1.177,1.282,8.057,1.770
-0.023,0.377,1.155,3.784,7.690,1.831
-0.030,0.388,1.135,5.310,6.714,1.038
-0.040,0.404,1.109,7.080,6.287,-0.244
-0.044,0.413,1.069,10.132,7.385,-0.916
-0.033,0.439,1.008,14.282,9.033,-0.610
-0.010,0.457,0.936,16.968,8.789,0.549
0.001,0.461,0.877,17.517,7.324,2.686
0.010,0.473,0.832,17.395,5.676,4.028
0.026,0.480,0.792,16.663,5.127,5.005
0.042,0.479,0.755,14.343,6.042,5.920
0.052,0.476,0.735,10.864,6.592,6.592
0.055,0.476,0.735,7.385,6.958,7.019
0.061,0.473,0.742,4.456,7.446,7.202
0.067,0.466,0.759,2.258,8.362,8.057
0.078,0.453,0.771,0.427,8.850,9.338
0.090,0.439,0.784,-0.732,8.057,10.193
0.092,0.427,0.801,-1.892,6.653,10.254
0.098,0.416,0.819,-2.930,6.104,9.521
0.097,0.408,0.841,-4.517,5.798,8.667
0.091,0.394,0.864,-6.104,5.066,7.935
0.090,0.385,0.880,-7.202,4.272,7.446
0.097,0.383,0.889,-7.751,4.028,7.446
0.094,0.387,0.904,-8.484,3.418,7.690
0.093,0.390,0.920,-8.972,3.113,7.263
0.088,0.395,0.935,-8.606,3.235,6.165
0.087,0.397,0.940,-7.019,3.845,5.371
0.089,0.404,0.936,-4.883,4.028,4.761
0.095,0.430,0.927,-2.625,3.296,3.479
0.082,0.437,0.920,-0.916,2.747,1.038
0.064,0.440,0.911,0.977,3.723,-1.160

-0.113,-0.882,2.083,-58.838,14.771,19.531
-0.086,-1.026,2.181,-60.486,1.038,34.180
-0.003,-1.158,2.191,-60.059,-10.620,38.086
0.121,-1.188,2.066,-53.589,-20.142,41.382
0.274,-1.097,1.861,-37.659,-29.602,43.701
0.404,-0.947,1.595,-20.813,-40.161,35.522
0.466,-0.804,1.309,-9.705,-47.363,12.939
0.485,-0.599,0.962,-7.629,-38.208,-16.541
0.485,-0.425,0.626,-6.348,-21.240,-48.218
0.466,-0.194,0.333,-13.733,-0.732,-78.247
0.422,0.116,0.096,-25.696,13.855,-105.347
0.356,0.443,-0.102,-40.161,19.653,-121.216
0.291,0.855,-0.262,-49.072,18.311,-119.263
0.221,1.229,-0.352,-53.833,13.611,-103.882
0.228,1.528,-0.447,-61.218,7.568,-78.735
0.270,1.782,-0.491,-69.885,-6.226,-47.424
0.374,1.979,-0.480,-74.402,-32.227,-13.611
0.429,2.142,-0.366,-78.003,-65.430,12.390
0.412,2.277,-0.179,-77.515,-95.093,28.748
0.397,2.370,-0.046,-71.777,-113.892,35.950
0.327,2.381,0.055,-67.200,-122.559,32.471
0.200,2.308,0.172,-64.392,-115.784,12.451
-0.033,2.192,0.167,-62.744,-99.182,7.019
-0.150,2.054,0.177,-51.270,-82.336,-1.709
-0.262,1.892,0.167,-35.828,-56.946,-5.310
-0.301,1.734,0.146,-16.907,-33.264,-3.540
-0.249,1.588,0.128,0.793,-14.282,-1.526
-0.172,1.434,0.130,14.832,-0.061,2.258
-0.070,1.297,0.135,25.818,12.207,6.531
0.054,1.194,0.144,33.752,24.780,9.583
0.197,1.105,0.165,36.926,37.964,9.338
0.334,1.022,0.215,36.072,49.011,6.104
0.425,0.950,0.273,34.302,54.504,1.587
0.470,0.870,0.376,34.485,52.612,-3.052
0.404,0.815,0.514,29.846,46.997,-7.324
0.337,0.719,0.675,23.621,43.884,-8.240
0.271,0.622,0.786,20.813,42.297,-3.113
0.218,0.536,0.818,20.020,38.452,6.531
0.144,0.496,0.819,20.386,31.433,18.066
0.094,0.464,0.791,21.484,24.170,27.954
0.087,0.443,0.739,22.888,18.982,36.377
0.092,0.423,0.688,23.743,15.747,41.748
0.088,0.393,0.654,25.024,15.076,42.114
0.090,0.367,0.636,27.100,15.503,38.818
0.098,0.319,0.642,28.564,16.357,32.715
0.105,0.268,0.663,28.748,17.883,26.184
0.117,0.232,0.699,26.001,19.531,20.630
0.127,0.215,0.750,18.433,18.433,15.686
0.098,0.249,0.800,10.315,14.587,12.390
0.072,0.291,0.829,4.089,11.047,10.559
0.067,0.313,0.921,1.831,7.812,9.521
0.055,0.366,0.934,-2.380,10.254,9.277
0.063,0.397,0.920,-5.432,14.832,9.949
0.041,0.437,0.912,-4.150,16.846,10.864
0.028,0.459,0.902,-4.761,15.808,9.521
0.005,0.444,0.905,-4.883,14.587,5.920
-0.016,0.436,0.911,-2.625,14.526,4.211
-0.020,0.436,0.914,1.099,15.808,4.272
-0.002,0.446,0.915,4.028,16.052,4.517
0.016,0.456,0.928,6.042,13.916,4.028
0.025,0.466,0.944,8.606,10.681,2.808
0.028,0.502,0.953,13.062,7.568,1.282
0.029,0.512,0.946,17.639,6.714,-2.014
0.024,0.505,0.934,19.714,8.606,-5.859
0.035,0.497,0.922,18.433,10.437,-5.188
0.027,0.496,0.905,17.334,7.690,-2.686
0.019,0.495,0.895,17.151,4.028,0.061
-0.003,0.478,0.885,19.531,0.916,2.075
-0.006,0.453,0.865,21.912,0.305,3.540
0.025,0.438,0.833,21.240,0.671,7.568
0.030,0.405,0.817,18.127,-1.892,12.268
0.047,0.389,0.816,14.038,-5.432,17.639
0.068,0.391,0.812,12.878,-8.667,21.545
0.087,0.381,0.813,12.451,-9.705,20.569
0.109,0.380,0.828,11.780,-8.362,17.029
0.110,0.402,0.842,10.986,-8.606,13.855
0.088,0.424,0.876,9.033,-7.812,9.338
0.076,0.428,0.896,8.301,-4.028,5.798
0.076,0.433,0.903,8.728,0.000,4.028
0.058,0.429,0.911,9.583,1.221,1.709
0.047,0.424,0.913,10.925,0.671,-0.671
0.033,0.417,0.920,11.536,0.122,-1.709
0.021,0.406,0.923,11.841,-0.427,-2.319
0.017,0.405,0.917,11.658,-1.221,-1.709
0.020,0.406,0.914,10.376,-2.075,-0.549
0.013,0.398,0.919,8.179,-2.319,0.793
0.011,0.395,0.924,5.920,-2.075,2.258
0.005,0.399,0.941,3.296,-1.587,3.906
0.000,0.402,0.963,0.183,-1.709,4.639
-0.009,0.411,0.982,-1.526,-2.258,4.822
-0.016,0.425,0.992,-2.686,-2.808,5.005
-0.027,0.423,0.996,-3.601,-2.930,4.578
-0.037,0.423,1.001,-3.967,-1.831,3.540
-0.049,0.427,1.000,-3.235,-0.183,2.563
-0.057,0.426,0.997,-1.587,1.099,2.075
-0.061,0.434,0.990,0.916,2.136,1.953
-0.057,0.436,0.977,2.930,3.113,2.563
-0.052,0.432,0.961,4.578,3.723,2.808
-0.043,0.429,0.945,5.737,4.211,2.991
-0.032,0.429,0.924,6.042,5.005,3.601
-0.022,0.443,0.907,6.287,5.432,3.723
-0.012,0.453,0.896,6.226,6.104,3.662
0.001,0.460,0.877,6.409,6.653,3.967
0.018,0.461,0.852,6.958,6.775,4.944
0.043,0.466,0.821,7.141,6.042,6.348
0.066,0.473,0.802,5.920,5.005,7.629
0.069,0.480,0.807,3.296,4.272,7.996
0.080,0.478,0.811,1.038,5.005,7.629
0.094,0.475,0.805,-0.549,6.104,7.874
0.103,0.469,0.796,-1.831,5.493,8.789
0.110,0.467,0.789,-3.357,3.845,9.583
0.115,0.472,0.790,-5.005,2.991,9.705
0.119,0.473,0.793,-6.714,3.113,9.216
0.118,0.466,0.797,-8.301,3.662,8.179
0.121,0.457,0.803,-8.850,3.967,7.141
0.126,0.460,0.815,-9.094,4.028,6.042
0.123,0.475,0.839,-9.705,3.967,4.395
0.120,0.473,0.858,-9.521,4.333,2.136
0.116,0.470,0.871,-8.240,4.700,0.366

-0.266,-0.554,2.188,-83.862,56.946,-15.564
-0.311,-0.753,2.413,-92.529,42.725,-0.977
-0.278,-0.894,2.514,-87.341,18.066,7.019
-0.159,-0.971,2.426,-69.702,-3.906,11.230
-0.031,-0.964,2.167,-43.091,-20.081,15.320
0.107,-0.929,1.789,-17.578,-33.813,13.428
0.206,-0.956,1.346,3.235,-46.143,0.854
0.267,-0.940,0.932,12.146,-44.067,-17.761
0.336,-0.770,0.483,1.038,-13.367,-41.504
0.431,-0.533,0.163,-13.428,20.447,-67.322
0.448,-0.259,-0.010,-41.504,40.039,-91.370
0.376,0.137,-0.068,-68.726,43.945,-102.478
0.304,0.596,-0.101,-80.017,41.016,-96.069
0.310,1.104,-0.173,-78.064,34.851,-76.904
0.382,1.543,-0.273,-67.200,26.917,-52.856
0.467,1.916,-0.331,-57.068,14.343,-33.020
0.522,2.208,-0.300,-49.072,-2.136,-19.592
0.545,2.359,-0.248,-47.241,-15.137,-16.785
0.498,2.426,-0.135,-48.340,-27.039,-16.418
0.393,2.455,0.011,-46.753,-39.795,-13.916
0.204,2.420,0.133,-35.828,-54.199,-12.390
0.123,2.283,0.184,-25.330,-51.575,-9.460
-0.075,2.130,0.165,-15.015,-57.373,7.751
-0.133,1.962,0.105,-2.380,-55.725,22.217
-0.133,1.810,0.052,8.240,-46.631,41.260
-0.058,1.651,0.042,17.090,-36.316,53.711
0.047,1.503,0.056,24.536,-24.902,57.983
0.161,1.351,0.074,29.175,-12.268,58.777
0.269,1.188,0.109,31.250,-0.610,55.359
0.344,1.052,0.148,33.264,9.705,47.363
0.373,0.953,0.204,34.912,20.142,36.621
0.391,0.868,0.275,36.499,30.579,25.818
0.418,0.801,0.340,38.391,38.635,17.029
0.416,0.740,0.416,39.185,40.466,10.315
0.384,0.678,0.499,39.551,36.377,6.897
0.359,0.610,0.597,42.236,29.480,7.080
0.304,0.532,0.640,41.626,24.353,9.766
0.263,0.472,0.663,33.752,20.508,14.526
0.202,0.444,0.696,26.855,15.564,18.127
0.177,0.445,0.721,19.592,15.259,22.400
0.149,0.456,0.730,17.029,17.883,25.757
0.138,0.454,0.735,19.348,22.400,25.330
0.133,0.442,0.740,24.231,24.902,22.278
0.138,0.428,0.738,30.823,25.391,19.897
0.150,0.406,0.732,38.147,24.963,18.005
0.159,0.374,0.712,42.725,23.010,16.418
0.170,0.326,0.711,45.715,18.860,16.724
0.188,0.293,0.713,43.701,16.113,17.761
0.191,0.270,0.708,35.767,14.954,19.165
0.187,0.262,0.722,26.794,13.672,20.569
0.193,0.249,0.741,17.090,12.878,21.057
0.193,0.254,0.768,9.583,12.268,20.691
0.198,0.277,0.797,4.150,11.963,18.372
0.202,0.298,0.819,1.770,12.817,15.381
0.198,0.296,0.832,1.404,14.282,12.390
0.195,0.288,0.842,2.380,14.893,9.888
0.186,0.286,0.853,2.991,13.855,8.179
0.171,0.306,0.875,3.174,11.353,6.775
0.155,0.328,0.897,3.418,8.728,4.639
0.144,0.354,0.907,4.456,7.080,1.892
0.129,0.379,0.911,6.409,6.287,0.000
0.124,0.392,0.926,10.681,5.554,-2.014
0.120,0.405,0.906,12.756,6.104,-4.395
0.124,0.419,0.905,13.428,7.446,-4.333
0.133,0.423,0.900,14.771,7.568,-3.052
0.136,0.399,0.887,15.991,6.226,-0.488
0.148,0.384,0.874,14.465,3.662,3.113
0.157,0.375,0.860,10.986,-1.282,6.470
0.145,0.377,0.861,7.690,-6.897,9.338
0.142,0.383,0.863,4.883,-10.376,10.986
0.132,0.381,0.869,3.174,-11.902,11.047
0.131,0.386,0.871,2.258,-12.512,10.193
0.120,0.382,0.868,2.563,-12.817,8.606
0.107,0.365,0.869,3.967,-12.512,6.958
0.105,0.346,0.864,5.432,-11.597,6.042
0.124,0.347,0.846,6.165,-11.780,6.348
0.120,0.341,0.844,5.249,-14.221,6.897
0.107,0.319,0.850,3.479,-16.846,6.775
0.101,0.306,0.855,0.977,-17.639,6.592
0.094,0.310,0.865,-2.014,-17.578,6.714
0.080,0.314,0.880,-5.066,-17.822,6.348
0.065,0.321,0.895,-7.812,-17.944,5.676
0.056,0.339,0.916,-8.850,-17.151,5.798
0.067,0.363,0.923,-8.301,-15.625,6.836
0.090,0.389,0.915,-7.629,-15.076,8.545
0.101,0.408,0.908,-7.629,-17.700,10.681
0.100,0.417,0.911,-7.812,-21.057,11.719
0.104,0.435,0.909,-7.568,-23.132,11.597
0.106,0.455,0.907,-7.385,-23.743,11.108
0.091,0.462,0.913,-6.287,-24.231,9.766
0.079,0.464,0.914,-4.944,-23.437,8.362
0.064,0.471,0.909,-3.479,-21.790,7.324
0.047,0.475,0.914,-2.136,-20.142,5.310
0.037,0.480,0.924,-1.099,-18.066,2.502
0.023,0.475,0.938,-0.671,-14.893,-0.061
0.009,0.477,0.954,0.366,-11.841,-1.770
-0.001,0.468,0.965,1.526,-9.521,-2.747
-0.003,0.464,0.969,2.625,-8.484,-2.075
0.000,0.463,0.972,2.747,-9.338,-0.244
0.002,0.460,0.973,2.563,-11.536,2.502
0.008,0.455,0.974,1.953,-13.977,5.371
0.015,0.451,0.980,0.732,-15.991,7.629
0.019,0.455,0.991,-0.671,-17.639,9.033
0.012,0.452,1.003,-1.221,-18.738,8.545
-0.007,0.449,1.003,-1.160,-18.005,6.653
-0.025,0.446,0.997,-2.075,-15.198,4.700
-0.043,0.452,0.989,-3.113,-11.841,3.052
-0.063,0.457,0.985,-3.967,-9.521,1.831
-0.081,0.460,0.974,-3.235,-7.690,1.343
-0.083,0.459,0.959,-1.709,-6.592,1.587
-0.081,0.470,0.937,-0.061,-6.287,1.770
-0.077,0.483,0.921,0.793,-6.165,2.502
-0.065,0.482,0.906,1.709,-5.188,2.502
-0.055,0.497,0.895,2.808,-3.845,2.258
-0.040,0.502,0.881,2.991,-1.953,1.831
-0.022,0.508,0.862,3.479,-0.183,2.258
-0.006,0.507,0.846,3.296,0.732,3.113
0.005,0.507,0.836,2.991,0.916,3.784
0.016,0.501,0.829,3.052,1.221,4.333

-0.295,-0.687,2.028,-30.823,12.817,15.137
-0.312,-0.813,2.081,-30.334,4.089,24.109
-0.299,-0.957,2.079,-28.625,-3.662,30.334
-0.241,-1.144,2.031,-31.860,-9.827,32.959
-0.172,-1.217,1.898,-30.823,-18.433,36.316
-0.105,-1.165,1.667,-23.315,-28.870,35.522
-0.079,-1.069,1.329,-17.395,-31.372,24.048
-0.072,-0.940,0.906,-19.043,-18.494,2.319
-0.088,-0.733,0.531,-24.963,3.235,-25.146
-0.056,-0.470,0.190,-40.039,28.076,-54.016
-0.026,-0.165,-0.056,-60.852,47.241,-77.820
0.046,0.232,-0.259,-77.881,57.251,-87.830
0.187,0.783,-0.477,-89.966,61.035,-84.229
0.307,1.344,-0.613,-103.271,54.688,-77.515
0.379,1.842,-0.643,-120.850,39.612,-77.576
0.424,2.310,-0.525,-127.625,26.550,-81.360
0.384,2.582,-0.313,-121.582,23.682,-85.815
0.358,2.673,-0.109,-110.046,25.513,-85.938
0.344,2.682,0.054,-89.905,21.606,-72.449
0.285,2.604,0.153,-62.683,5.310,-49.438
0.212,2.480,0.228,-32.837,-16.541,-24.292
0.061,2.242,0.108,-5.859,-34.851,-4.822
0.215,2.055,0.092,6.348,-28.076,15.503
0.184,1.823,0.035,12.695,-30.090,40.833
0.258,1.639,0.008,16.541,-30.518,59.021
0.305,1.463,0.001,21.301,-31.250,74.402
0.330,1.271,0.008,26.001,-30.823,80.383
0.337,1.109,0.034,29.785,-25.330,74.951
0.338,0.984,0.074,32.959,-13.611,64.514
0.343,0.860,0.130,34.790,0.122,51.941
0.334,0.760,0.209,36.926,12.634,38.025
0.333,0.686,0.295,39.185,23.987,25.940
0.323,0.625,0.395,40.527,32.288,17.334
0.307,0.593,0.486,42.358,35.278,10.559
0.293,0.543,0.586,43.945,35.583,3.174
0.248,0.518,0.664,45.654,37.659,-1.587
0.202,0.509,0.713,46.997,41.199,-6.226
0.164,0.487,0.733,46.936,44.800,-9.399
0.142,0.470,0.768,43.884,45.166,-9.216
0.092,0.435,0.782,42.419,38.391,-4.089
0.081,0.392,0.795,43.213,34.729,0.610
0.079,0.344,0.808,44.250,33.875,5.981
0.083,0.304,0.811,45.837,28.809,11.108
0.111,0.263,0.807,47.485,21.667,15.747
0.145,0.242,0.811,44.434,16.724,20.447
0.176,0.221,0.819,40.588,14.160,25.024
0.195,0.221,0.828,35.583,11.902,28.015
0.211,0.224,0.832,27.710,11.353,28.259
0.224,0.218,0.840,20.630,12.695,27.832
0.235,0.203,0.851,16.357,13.794,27.344
0.244,0.201,0.860,12.512,12.451,27.100
0.237,0.201,0.889,8.911,8.362,25.879
0.238,0.207,0.919,7.141,3.662,23.376
0.224,0.211,0.971,6.531,-0.916,19.775
0.193,0.217,1.007,4.150,-2.869,14.343
0.175,0.224,1.017,4.272,-2.197,9.888
0.167,0.250,1.018,7.385,-1.648,7.812
0.163,0.279,0.999,11.414,-2.869,6.226
0.161,0.315,0.976,14.282,-5.798,4.211
0.136,0.332,0.953,16.968,-9.460,1.648
0.112,0.345,0.925,18.494,-11.414,0.244
0.090,0.362,0.913,18.005,-12.024,-0.305
0.070,0.363,0.910,16.174,-12.207,-0.244
0.054,0.359,0.911,14.282,-13.367,1.343
0.039,0.360,0.918,11.963,-15.259,4.517
0.033,0.372,0.930,10.315,-17.212,7.935
0.040,0.376,0.940,9.766,-18.799,11.353
0.048,0.380,0.943,10.498,-20.325,14.282
0.059,0.380,0.933,11.475,-22.339,16.968
0.057,0.386,0.917,12.939,-24.719,19.165
0.055,0.379,0.895,13.916,-26.428,19.897
0.048,0.380,0.876,14.893,-26.855,19.043
0.042,0.382,0.861,15.564,-26.550,18.127
0.042,0.365,0.851,15.259,-26.306,17.578
0.018,0.350,0.856,13.672,-26.489,16.113
0.001,0.341,0.863,11.292,-25.879,15.076
-0.010,0.330,0.859,8.789,-24.902,15.320
-0.014,0.325,0.859,7.446,-24.109,15.503
-0.020,0.329,0.862,7.019,-24.048,14.771
-0.028,0.323,0.880,5.859,-23.865,12.634
-0.037,0.332,0.905,3.906,-22.827,10.315
-0.057,0.331,0.937,1.709,-21.118,7.202
-0.076,0.320,0.966,-0.244,-18.433,3.540
-0.087,0.331,0.989,-2.075,-15.381,1.282
-0.089,0.352,1.007,-4.456,-12.817,0.000
-0.096,0.353,1.031,-7.019,-11.292,-0.244
-0.107,0.357,1.052,-8.423,-10.437,-0.122
-0.102,0.398,1.065,-8.057,-9.399,0.488
-0.101,0.404,1.071,-8.972,-8.423,0.793
-0.111,0.396,1.084,-8.728,-7.446,0.305
-0.115,0.414,1.083,-6.348,-6.165,0.732
-0.111,0.419,1.069,-4.150,-4.150,0.366
-0.117,0.426,1.054,-1.831,-2.563,0.000
-0.114,0.424,1.036,-0.732,-1.282,-0.427
-0.108,0.422,1.017,-0.244,0.610,-1.099
-0.098,0.429,0.998,0.183,2.686,-1.465
-0.079,0.435,0.969,0.366,4.944,-2.258
-0.058,0.440,0.939,-0.305,6.714,-2.869
-0.034,0.448,0.911,-1.160,7.935,-2.808
-0.006,0.453,0.885,-1.831,9.338,-1.770
0.019,0.453,0.861,-2.686,10.254,-0.183
0.046,0.441,0.848,-2.930,9.705,1.709
0.066,0.431,0.844,-3.723,8.362,3.662
0.080,0.426,0.830,-4.761,6.958,6.287
0.084,0.426,0.829,-4.089,4.089,8.301
0.082,0.412,0.837,-3.723,1.465,8.667
0.070,0.400,0.851,-2.991,0.366,8.728
0.066,0.389,0.857,-2.319,0.610,8.362
0.062,0.386,0.854,-2.563,1.099,7.874
0.048,0.383,0.862,-3.906,1.282,6.653
0.026,0.383,0.873,-4.700,1.770,4.761
0.021,0.382,0.875,-4.517,3.296,3.479
0.016,0.397,0.887,-3.235,4.822,2.441
0.008,0.405,0.898,-1.770,5.737,0.793
0.003,0.403,0.900,0.549,6.592,-0.183
0.005,0.398,0.901,3.174,7.263,-0.244
0.012,0.400,0.897,3.906,7.019,-0.061
0.010,0.397,0.898,3.479,5.310,0.427
0.004,0.399,0.895,3.296,3.235,0.793

-0.368,-0.871,2.163,-56.824,36.621,17.761
-0.417,-1.022,2.267,-70.435,17.944,25.757
-0.374,-1.256,2.286,-76.721,0.854,28.137
-0.303,-1.418,2.176,-65.918,-15.137,37.415
-0.168,-1.448,1.983,-55.176,-30.334,44.739
-0.074,-1.384,1.593,-43.152,-46.387,41.931
-0.022,-1.250,1.165,-31.006,-60.974,31.006
0.130,-1.146,0.580,-26.184,-56.519,12.756
0.291,-0.948,0.048,-31.860,-34.302,-6.470
0.411,-0.640,-0.371,-48.950,-5.981,-32.898
0.507,-0.142,-0.661,-79.956,19.531,-63.416
0.554,0.509,-0.855,-106.079,33.264,-85.632
0.453,1.319,-0.900,-121.033,40.588,-97.168
0.309,1.907,-0.761,-130.249,49.988,-112.244
0.296,2.212,-0.556,-131.836,62.134,-123.596
0.361,2.429,-0.376,-120.850,63.599,-112.549
0.459,2.565,-0.234,-100.098,49.744,-83.008
0.518,2.630,-0.076,-77.942,23.254,-51.086
0.501,2.608,0.060,-55.359,-1.709,-30.090
0.448,2.518,0.160,-34.363,-14.526,-19.836
0.398,2.330,0.207,-15.625,-19.836,-13.916
0.258,2.122,0.227,1.099,-18.860,-10.010
0.150,1.949,0.165,6.165,-13.000,12.329
0.127,1.789,0.157,9.949,-26.306,32.349
0.096,1.642,0.158,8.423,-33.142,51.514
0.139,1.499,0.161,8.911,-36.133,68.115
0.174,1.357,0.168,13.184,-34.424,73.608
0.226,1.234,0.164,17.944,-25.024,74.524
0.277,1.109,0.167,21.301,-14.343,71.106
0.308,1.019,0.179,24.170,-4.395,63.965
0.321,0.937,0.218,24.841,5.066,53.772
0.295,0.854,0.279,25.940,14.221,42.053
0.281,0.800,0.378,30.090,20.142,30.334
0.251,0.748,0.454,32.898,24.719,18.738
0.237,0.699,0.521,38.757,26.550,11.414
0.203,0.668,0.578,46.936,26.489,7.812
0.181,0.628,0.610,52.002,24.841,4.822
0.149,0.566,0.644,52.795,22.766,2.991
0.118,0.496,0.662,51.025,22.156,4.639
0.099,0.458,0.672,47.241,24.658,8.484
0.105,0.417,0.677,42.358,28.931,12.756
0.123,0.379,0.677,35.400,32.959,16.052
0.145,0.380,0.697,29.419,34.363,18.677
0.175,0.373,0.725,24.780,33.508,17.578
0.191,0.354,0.760,20.325,31.616,15.198
0.190,0.336,0.791,17.395,29.419,13.550
0.202,0.324,0.853,15.198,26.733,12.146
0.215,0.315,0.875,7.568,25.452,12.390
0.209,0.308,0.913,0.916,23.804,14.526
0.203,0.290,0.941,-2.686,22.949,15.991
0.218,0.301,0.964,-3.540,23.071,17.822
0.235,0.312,0.969,-3.479,20.935,17.700
0.230,0.320,0.976,-1.953,16.052,15.808
0.229,0.304,0.975,0.122,11.353,13.367
0.221,0.300,0.979,3.418,6.592,11.169
0.207,0.312,0.976,8.423,0.488,7.935
0.186,0.319,0.968,13.367,-3.357,3.174
0.159,0.353,0.962,18.188,-4.089,0.610
0.136,0.358,0.954,19.958,-3.357,-2.930
0.122,0.355,0.943,20.630,-2.197,-7.874
0.108,0.360,0.933,21.423,-1.709,-8.545
0.101,0.377,0.926,20.813,-3.296,-7.202
0.090,0.383,0.918,19.409,-7.385,-5.066
0.073,0.399,0.914,18.433,-11.597,-1.709
0.070,0.417,0.912,18.127,-14.343,0.305
0.068,0.440,0.911,19.043,-16.479,2.014
0.055,0.443,0.907,19.531,-17.761,3.845
0.046,0.430,0.907,16.846,-17.090,5.981
0.039,0.412,0.912,13.062,-17.029,8.362
0.035,0.418,0.913,11.414,-19.714,11.963
0.042,0.411,0.905,12.207,-22.339,14.832
0.055,0.401,0.896,15.015,-25.452,16.541
0.065,0.393,0.893,17.822,-29.297,18.250
0.073,0.391,0.885,20.935,-32.837,18.616
0.068,0.377,0.879,23.926,-35.034,17.334
0.061,0.358,0.867,25.024,-35.034,15.320
0.045,0.344,0.858,24.414,-33.936,13.977
0.023,0.339,0.864,23.010,-32.593,13.062
0.001,0.324,0.876,20.813,-30.762,12.024
-0.008,0.304,0.872,18.738,-28.748,12.451
-0.012,0.294,0.875,16.174,-27.771,13.428
-0.016,0.294,0.895,13.855,-28.015,13.489
-0.023,0.290,0.913,11.047,-27.893,12.817
-0.038,0.274,0.938,7.690,-26.855,12.146
-0.049,0.284,0.954,4.211,-25.208,10.437
-0.079,0.289,0.982,0.244,-22.583,6.592
-0.107,0.290,1.003,-2.197,-17.151,1.770
-0.124,0.307,1.026,-3.479,-10.193,-2.014
-0.126,0.320,1.033,-4.700,-4.333,-4.639
-0.132,0.326,1.047,-6.348,-0.793,-6.165
-0.129,0.340,1.051,-7.812,1.526,-6.287
-0.120,0.360,1.055,-9.033,3.418,-5.310
-0.106,0.385,1.064,-9.888,4.578,-3.723
-0.094,0.399,1.066,-9.888,5.188,-1.953
-0.075,0.420,1.057,-9.216,5.737,-0.305
-0.052,0.441,1.039,-8.179,5.676,1.953
-0.022,0.471,1.011,-6.042,4.700,3.662
-0.005,0.490,0.983,-3.418,3.662,4.517
0.013,0.491,0.947,0.305,3.174,5.066
0.035,0.492,0.902,4.150,2.930,5.249
0.051,0.483,0.862,6.531,2.441,4.822
0.052,0.474,0.831,7.996,1.221,4.395
0.060,0.471,0.805,8.728,0.793,3.601
0.060,0.452,0.787,8.179,1.221,2.502
0.055,0.443,0.786,7.446,1.526,1.282
0.044,0.433,0.784,6.104,2.014,0.549
0.028,0.411,0.793,3.784,2.747,0.488
0.018,0.394,0.805,0.793,3.601,1.343
0.012,0.396,0.821,-1.953,3.113,2.441
0.009,0.391,0.838,-4.883,2.014,4.028
0.009,0.387,0.855,-6.714,1.282,5.371
0.022,0.394,0.868,-7.874,1.099,5.859
0.023,0.402,0.887,-8.484,1.099,5.310
0.024,0.416,0.903,-8.545,1.770,3.845
0.028,0.433,0.910,-8.423,2.502,2.075
0.023,0.443,0.919,-7.446,3.174,0.671
0.011,0.444,0.923,-5.737,4.456,-0.366
0.014,0.447,0.922,-3.845,5.249,-0.488
0.014,0.451,0.920,-2.563,4.211,-0.305

-0.450,-0.829,2.099,-73.120,7.629,14.709
-0.525,-1.011,2.301,-79.834,-0.183,21.240
-0.574,-1.086,2.426,-71.960,-11.047,25.513
-0.507,-1.131,2.380,-52.856,-17.517,24.902
-0.352,-1.155,2.193,-27.771,-23.132,22.278
-0.255,-1.173,1.817,-1.526,-36.133,18.494
-0.181,-1.158,1.392,15.564,-46.631,5.859
-0.066,-1.137,0.955,22.400,-35.339,-16.418
0.088,-0.979,0.479,18.311,-6.836,-35.522
0.187,-0.708,0.114,3.784,19.104,-55.969
0.303,-0.357,-0.176,-25.513,37.109,-80.261
0.398,0.118,-0.407,-55.908,42.053,-96.252
0.418,0.693,-0.587,-76.477,42.969,-98.755
0.398,1.315,-0.688,-87.891,47.363,-96.069
0.350,1.908,-0.678,-93.994,55.237,-94.971
0.285,2.405,-0.556,-93.323,64.514,-92.163
0.218,2.728,-0.358,-90.881,69.580,-85.266
0.205,2.867,-0.130,-84.534,62.744,-68.909
0.188,2.899,0.074,-70.374,39.612,-42.480
0.164,2.802,0.226,-49.194,11.841,-14.099
0.216,2.672,0.375,-27.100,-12.207,6.531
0.073,2.364,0.351,-6.287,-32.349,14.954
0.221,2.135,0.297,2.197,-16.907,28.015
0.198,1.930,0.230,7.874,-17.517,44.678
0.243,1.707,0.158,8.057,-13.977,53.345
0.278,1.513,0.113,9.399,-11.292,61.646
0.311,1.342,0.088,13.184,-10.132,61.584
0.348,1.192,0.079,16.785,-5.798,57.678
0.385,1.056,0.095,19.104,1.892,49.011
0.424,0.969,0.120,20.691,10.803,39.368
0.450,0.902,0.169,20.813,17.334,29.114
0.455,0.843,0.237,20.691,21.667,17.334
0.451,0.778,0.341,23.804,24.353,7.202
0.416,0.737,0.456,31.067,26.001,0.427
0.357,0.676,0.567,39.246,27.344,-4.883
0.326,0.590,0.606,44.128,30.579,-10.986
0.308,0.541,0.659,48.157,33.752,-11.108
0.261,0.471,0.660,48.584,31.494,-4.089
0.205,0.404,0.668,48.035,22.522,-4.578
0.159,0.364,0.673,47.546,19.104,-1.221
0.137,0.329,0.661,46.204,21.301,2.380
0.128,0.292,0.654,43.030,22.583,5.859
0.131,0.269,0.653,38.452,21.301,10.437
0.140,0.248,0.682,33.203,18.066,15.381
0.164,0.233,0.710,26.245,13.977,21.545
0.180,0.210,0.778,20.142,10.132,26.672
0.198,0.191,0.819,10.742,8.728,29.053
0.181,0.183,0.868,4.028,7.751,29.663
0.183,0.172,0.923,-0.977,7.324,28.442
0.176,0.172,0.965,-4.089,5.859,25.452
0.173,0.181,0.997,-3.845,4.089,20.630
0.155,0.202,1.000,-0.671,3.723,16.296
0.143,0.221,1.000,4.944,4.211,12.390
0.138,0.221,0.999,8.423,5.249,7.202
0.128,0.233,0.995,13.062,4.211,3.845
0.112,0.224,0.986,18.066,1.282,2.625
0.100,0.211,0.976,21.118,-2.380,2.991
0.082,0.193,0.987,20.203,-7.507,5.615
0.061,0.181,0.997,18.494,-14.343,9.277
0.062,0.199,1.005,17.578,-20.447,13.428
0.063,0.228,1.023,17.517,-25.085,16.907
0.068,0.279,1.027,18.127,-27.771,19.653
0.058,0.302,1.029,16.235,-29.297,18.005
0.046,0.313,1.004,14.832,-29.480,14.038
0.029,0.326,0.999,17.029,-29.358,10.864
0.010,0.326,0.966,18.372,-27.649,7.996
-0.008,0.315,0.933,20.142,-25.757,6.531
-0.024,0.302,0.908,21.912,-25.757,7.446
-0.030,0.281,0.883,23.071,-27.344,10.437
-0.022,0.278,0.863,23.621,-29.602,14.893
-0.011,0.270,0.850,22.583,-32.166,18.494
0.003,0.262,0.834,20.386,-33.569,20.142
0.006,0.265,0.836,17.029,-33.875,19.592
0.005,0.267,0.849,12.390,-31.494,15.930
-0.013,0.258,0.886,6.409,-26.367,9.583
-0.049,0.257,0.945,0.610,-19.104,2.258
-0.069,0.266,0.995,-3.967,-10.864,-2.625
-0.079,0.274,1.035,-7.812,-4.395,-4.700
-0.086,0.285,1.078,-10.864,-1.770,-4.700
-0.094,0.303,1.111,-12.939,-2.258,-3.052
-0.095,0.322,1.133,-14.160,-3.174,-1.038
-0.081,0.341,1.136,-15.198,-3.723,1.160
-0.078,0.366,1.145,-15.442,-3.662,2.930
-0.074,0.391,1.152,-15.686,-3.296,3.052
-0.067,0.417,1.153,-14.771,-2.319,2.258
-0.060,0.437,1.142,-12.451,-0.183,1.099
-0.048,0.449,1.120,-9.216,2.319,0.427
-0.050,0.489,1.091,-5.066,4.211,0.183
-0.021,0.497,1.043,-1.831,5.249,-0.977
0.003,0.515,0.985,2.686,4.272,0.122
0.024,0.516,0.922,5.737,2.197,2.747
0.048,0.498,0.866,7.568,0.427,4.883
0.072,0.491,0.828,7.996,-1.038,6.409
0.084,0.485,0.800,7.385,-2.197,6.531
0.082,0.470,0.783,6.409,-2.747,5.310
0.072,0.458,0.770,5.554,-2.014,3.662
0.056,0.436,0.766,4.456,-0.732,1.709
0.034,0.410,0.773,3.235,0.732,0.122
0.014,0.391,0.785,1.892,2.136,-0.671
0.001,0.370,0.800,0.427,2.869,-0.488
-0.013,0.365,0.825,-1.648,3.357,0.488
-0.018,0.357,0.848,-3.296,3.723,2.075
-0.013,0.354,0.872,-3.845,3.601,4.272
-0.002,0.356,0.885,-4.395,2.991,6.592
0.015,0.365,0.901,-5.005,1.831,8.179
0.028,0.370,0.919,-6.165,0.610,8.667
0.039,0.381,0.932,-7.080,0.000,8.057
0.042,0.390,0.943,-7.446,-0.244,6.714
0.045,0.406,0.949,-7.446,-0.061,5.188
0.046,0.424,0.955,-6.531,-0.061,3.052
0.043,0.443,0.944,-5.005,0.427,0.610
0.029,0.450,0.917,-3.174,1.587,-1.221
0.021,0.450,0.886,-1.404,2.869,-2.319
0.014,0.457,0.863,-0.671,3.357,-2.991
0.007,0.470,0.851,-0.977,2.686,-3.113
-0.000,0.472,0.851,-1.648,2.136,-3.174
-0.009,0.469,0.854,-2.258,2.258,-2.441
-0.012,0.461,0.857,-2.747,2.869,-1.587
-0.016,0.451,0.863,-3.052,3.357,-0.610

-0.217,-0.818,2.110,-49.683,36.316,-47.852
-0.211,-1.144,2.214,-60.913,24.170,-37.231
-0.129,-1.348,2.185,-65.918,-1.526,-24.292
-0.100,-1.420,2.091,-61.646,-35.522,-13.733
-0.093,-1.395,1.814,-47.424,-66.223,-10.681
-0.134,-1.358,1.311,-29.358,-86.792,-20.264
-0.212,-1.305,0.740,-19.409,-86.487,-43.091
-0.228,-1.192,0.120,-33.325,-51.270,-68.848
-0.227,-0.899,-0.278,-58.167,-13.489,-90.637
-0.206,-0.537,-0.401,-95.642,8.972,-110.168
-0.234,-0.046,-0.342,-127.014,21.179,-117.981
-0.108,0.470,-0.347,-138.855,35.522,-109.924
0.075,0.946,-0.416,-137.390,46.143,-91.492
0.276,1.368,-0.472,-130.066,44.861,-65.613
0.489,1.712,-0.464,-121.948,33.020,-38.269
0.699,1.968,-0.410,-115.234,17.944,-13.184
0.831,2.231,-0.332,-107.422,1.038,7.874
0.851,2.458,-0.186,-94.849,-11.963,10.864
0.714,2.565,-0.014,-84.595,-20.996,10.315
0.513,2.549,0.124,-70.435,-28.381,0.549
0.336,2.459,0.233,-55.847,-27.771,-8.057
0.087,2.317,0.226,-43.823,-28.015,5.432
-0.035,2.150,0.177,-27.039,-35.706,17.151
-0.120,1.992,0.122,-14.526,-37.598,35.583
-0.087,1.856,0.056,-3.845,-30.518,53.833
0.002,1.708,0.040,5.310,-17.822,64.819
0.127,1.572,0.071,13.245,-2.075,68.726
0.253,1.442,0.110,21.240,12.146,66.162
0.353,1.325,0.155,29.724,23.193,59.082
0.440,1.244,0.193,38.452,33.875,49.805
0.491,1.166,0.239,46.631,43.274,39.734
0.521,1.080,0.295,53.711,48.157,31.494
0.519,0.982,0.357,60.669,46.387,26.794
0.471,0.900,0.396,66.406,39.307,26.917
0.412,0.774,0.424,68.481,29.419,26.672
0.355,0.666,0.463,66.956,20.813,27.527
0.301,0.568,0.480,65.674,17.090,28.137
0.254,0.510,0.507,61.157,18.860,26.917
0.214,0.457,0.518,54.993,22.461,24.719
0.178,0.422,0.544,48.645,26.855,20.508
0.164,0.389,0.576,41.504,32.654,15.686
0.143,0.368,0.606,37.231,37.964,12.207
0.123,0.356,0.633,35.461,42.114,10.254
0.098,0.331,0.663,34.058,44.861,8.911
0.117,0.292,0.676,30.029,46.265,9.216
0.131,0.275,0.687,24.963,42.847,12.451
0.147,0.282,0.697,19.348,35.583,18.127
0.157,0.284,0.688,11.719,29.480,24.902
0.145,0.272,0.721,3.235,24.902,30.518
0.153,0.267,0.763,-5.066,21.667,32.898
0.152,0.276,0.814,-9.094,18.982,33.936
0.192,0.284,0.872,-10.559,18.860,35.339
0.222,0.291,0.915,-11.658,17.639,35.339
0.232,0.309,0.961,-12.268,13.000,32.776
0.235,0.364,1.005,-10.315,6.836,29.541
0.230,0.402,1.052,-7.690,0.244,25.146
0.213,0.422,1.081,-4.761,-4.761,18.494
0.170,0.429,1.090,-0.366,-8.118,10.925
0.108,0.443,1.086,6.287,-9.399,3.906
0.063,0.453,1.043,13.733,-8.911,-0.977
0.029,0.448,0.990,19.836,-8.484,-2.625
0.010,0.438,0.942,23.804,-10.071,-2.136
-0.004,0.421,0.894,25.818,-13.306,-0.671
0.005,0.409,0.847,26.245,-16.907,3.296
0.022,0.396,0.816,23.987,-20.874,9.521
0.042,0.388,0.802,20.508,-25.024,15.808
0.062,0.397,0.812,16.602,-28.442,19.714
0.069,0.399,0.836,12.207,-30.334,21.118
0.064,0.402,0.860,8.057,-30.579,21.118
0.055,0.394,0.887,4.639,-29.663,19.592
0.023,0.363,0.926,1.404,-28.076,16.296
-0.007,0.338,0.969,-0.916,-25.452,12.451
-0.028,0.337,1.002,-3.479,-22.156,8.179
-0.060,0.326,1.043,-6.653,-19.775,4.150
-0.097,0.332,1.094,-8.667,-17.883,1.221
-0.109,0.351,1.129,-9.521,-15.564,-0.183
-0.114,0.363,1.153,-9.827,-13.550,0.061
-0.135,0.375,1.179,-9.766,-12.878,0.366
-0.153,0.392,1.191,-8.972,-12.695,-0.305
-0.165,0.416,1.181,-7.751,-11.719,-1.038
-0.175,0.434,1.160,-7.019,-10.132,-1.587
-0.182,0.448,1.136,-6.104,-8.179,-2.380
-0.174,0.490,1.090,-4.578,-6.226,-2.502
-0.167,0.531,1.035,-2.380,-4.639,-1.587
-0.142,0.571,0.974,-0.122,-3.418,-0.977
-0.116,0.599,0.909,3.357,-2.563,-0.122
-0.081,0.616,0.842,6.775,-2.258,0.977
-0.047,0.635,0.781,8.850,-2.380,2.563
-0.021,0.648,0.738,9.033,-3.296,4.089
-0.003,0.638,0.723,8.240,-3.540,4.822
0.009,0.630,0.719,8.301,-2.991,5.188
0.023,0.620,0.708,9.033,-2.075,5.981
0.029,0.603,0.703,8.667,-1.648,6.714
0.028,0.576,0.699,8.240,-1.099,6.775
0.024,0.553,0.705,7.751,0.000,6.226
0.022,0.539,0.717,6.836,1.770,5.371
0.021,0.520,0.736,4.822,4.150,4.517
0.021,0.506,0.769,2.869,6.592,3.601
0.026,0.500,0.797,1.160,8.484,2.319
0.032,0.497,0.830,-0.549,9.521,1.709
0.041,0.496,0.858,-1.831,9.888,1.404
0.041,0.495,0.880,-2.930,9.583,1.160
0.044,0.494,0.900,-3.662,8.728,0.977
0.053,0.500,0.916,-3.601,7.812,1.526
0.049,0.502,0.932,-3.113,7.202,1.343
0.044,0.505,0.941,-1.770,7.019,0.671
0.040,0.510,0.930,0.366,6.653,0.488
0.042,0.508,0.897,2.136,5.554,1.099
0.036,0.509,0.870,3.784,3.723,1.770
0.037,0.517,0.840,5.127,1.831,2.136
0.042,0.520,0.804,5.188,0.854,2.808
0.038,0.513,0.790,4.517,0.305,2.991
0.035,0.517,0.788,3.662,0.000,2.808
0.030,0.516,0.789,2.563,0.122,2.686
0.019,0.507,0.791,1.587,0.244,3.113
0.010,0.500,0.797,0.488,0.610,3.357
0.000,0.493,0.805,-0.122,0.977,3.113
-0.001,0.489,0.802,-0.671,1.770,3.113
-0.008,0.482,0.809,-1.892,2.197,3.174

-0.268,-0.578,1.872,11.597,33.020,-3.601
-0.122,-0.876,1.843,9.521,21.362,13.245
0.026,-1.114,1.816,7.874,1.099,33.569
0.204,-1.260,1.708,4.211,-19.775,49.255
0.430,-1.320,1.542,-8.057,-30.640,50.293
0.587,-1.271,1.313,-18.616,-32.410,33.447
0.645,-1.121,1.020,-21.912,-25.391,-1.587
0.563,-0.891,0.665,-27.710,-2.747,-54.077
0.489,-0.610,0.294,-37.659,33.508,-108.887
0.379,-0.296,-0.028,-55.237,63.599,-148.499
0.267,0.165,-0.297,-74.829,81.177,-161.804
0.200,0.648,-0.494,-89.111,84.656,-152.283
0.130,1.209,-0.653,-97.534,76.965,-129.761
0.137,1.767,-0.766,-106.018,65.674,-102.783
0.079,2.145,-0.731,-118.164,48.584,-83.984
0.033,2.346,-0.544,-131.165,26.855,-71.106
0.031,2.484,-0.323,-129.211,6.042,-51.575
0.034,2.549,-0.125,-114.807,-9.766,-29.602
0.001,2.509,0.051,-95.642,-25.330,-10.681
-0.038,2.380,0.185,-77.454,-41.748,0.793
-0.066,2.211,0.271,-57.617,-50.842,9.216
-0.157,2.008,0.235,-36.194,-46.631,15.747
-0.212,1.832,0.170,-25.452,-32.349,32.776
-0.163,1.646,0.141,-12.634,-31.494,43.213
-0.100,1.488,0.108,-2.686,-23.315,53.040
0.005,1.349,0.080,8.362,-14.648,58.594
0.101,1.219,0.045,18.799,-5.676,56.824
0.191,1.080,0.010,25.024,7.080,47.852
0.274,0.969,-0.010,27.039,23.254,35.461
0.333,0.909,0.037,27.039,37.720,22.583
0.370,0.861,0.140,28.992,50.964,10.559
0.428,0.826,0.219,34.485,62.134,3.784
0.484,0.776,0.289,37.720,65.735,-0.122
0.493,0.708,0.349,41.382,58.594,-1.099
0.481,0.627,0.404,44.067,48.462,-1.038
0.487,0.585,0.446,41.870,44.250,1.526
0.432,0.516,0.478,37.170,38.513,8.850
0.397,0.466,0.514,32.349,33.752,10.071
0.355,0.415,0.558,26.611,30.457,12.024
0.328,0.408,0.592,19.470,26.978,17.334
0.307,0.396,0.610,16.724,19.775,21.851
0.307,0.417,0.616,16.724,15.625,23.987
0.323,0.442,0.628,18.921,15.503,26.184
0.324,0.444,0.666,21.545,14.587,24.902
0.330,0.420,0.717,21.057,13.428,21.301
0.344,0.400,0.736,20.996,11.841,19.226
0.360,0.362,0.780,23.010,7.751,19.470
0.355,0.314,0.816,19.409,2.380,19.348
0.344,0.298,0.869,14.404,-3.906,18.127
0.320,0.317,0.918,11.719,-9.216,16.418
0.299,0.340,0.959,10.498,-11.169,14.893
0.281,0.358,0.971,6.836,-12.634,13.855
0.247,0.370,0.972,2.502,-15.503,12.817
0.196,0.387,0.973,1.221,-18.738,11.047
0.159,0.400,0.957,0.305,-19.653,8.484
0.129,0.407,0.944,-0.305,-18.188,6.409
0.108,0.410,0.939,0.305,-16.174,4.822
0.086,0.410,0.932,1.587,-15.137,2.869
0.080,0.423,0.933,1.526,-14.832,1.343
0.073,0.452,0.937,2.563,-15.747,1.526
0.073,0.473,0.941,4.822,-17.639,2.502
0.073,0.488,0.939,6.531,-19.226,4.333
0.063,0.495,0.941,7.568,-21.545,6.531
0.043,0.493,0.953,7.141,-24.475,7.690
0.031,0.481,0.962,5.432,-26.184,9.521
0.025,0.472,0.979,3.235,-27.710,12.024
0.027,0.486,0.987,2.563,-30.151,15.625
0.033,0.482,1.009,3.357,-34.668,20.752
0.037,0.472,1.009,2.625,-38.269,25.085
0.034,0.484,1.005,4.272,-40.955,28.015
0.025,0.508,0.985,7.019,-42.053,29.053
0.013,0.490,0.952,9.216,-41.382,28.015
-0.001,0.471,0.918,12.207,-39.612,26.123
-0.024,0.448,0.886,14.771,-38.147,24.109
-0.047,0.439,0.870,15.869,-36.987,21.973
-0.077,0.421,0.866,15.198,-35.522,19.287
-0.106,0.393,0.871,13.672,-33.203,16.663
-0.118,0.369,0.881,11.658,-30.090,14.587
-0.127,0.364,0.902,8.362,-27.039,13.062
-0.153,0.358,0.944,4.456,-24.048,10.681
-0.163,0.359,0.974,1.221,-19.897,8.423
-0.159,0.380,0.989,-2.502,-15.442,6.348
-0.156,0.392,1.003,-6.775,-11.841,4.517
-0.155,0.415,1.019,-10.742,-9.094,3.601
-0.156,0.440,1.037,-14.404,-7.080,2.380
-0.156,0.465,1.058,-16.724,-4.700,1.038
-0.147,0.489,1.067,-17.029,-2.380,1.099
-0.142,0.502,1.071,-15.991,-0.732,2.136
-0.134,0.530,1.064,-13.306,-0.305,3.418
-0.110,0.569,1.028,-10.071,-1.221,4.639
-0.102,0.591,1.000,-5.859,-3.174,5.615
-0.089,0.610,0.950,-1.221,-5.493,6.104
-0.079,0.619,0.895,4.089,-6.958,5.859
-0.064,0.617,0.828,8.301,-7.080,5.737
-0.063,0.584,0.775,10.620,-5.859,5.310
-0.066,0.562,0.740,11.719,-4.639,4.761
-0.063,0.545,0.712,11.902,-3.845,4.822
-0.063,0.519,0.703,9.644,-3.052,5.066
-0.066,0.493,0.708,6.897,-2.441,5.249
-0.066,0.474,0.722,4.700,-1.831,5.737
-0.055,0.463,0.731,2.563,-0.854,6.531
-0.045,0.457,0.744,-0.061,-0.305,7.446
-0.039,0.457,0.767,-2.930,0.122,7.812
-0.032,0.460,0.786,-5.310,0.549,7.812
-0.022,0.471,0.798,-6.775,0.977,7.507
-0.014,0.478,0.816,-7.996,1.343,6.714
-0.008,0.494,0.840,-8.484,1.953,4.700
-0.001,0.512,0.851,-8.728,2.747,2.502
-0.011,0.511,0.868,-8.545,3.601,0.549
-0.017,0.520,0.874,-7.202,4.395,-0.977
-0.018,0.534,0.872,-5.859,4.517,-1.709
-0.024,0.540,0.868,-4.822,3.967,-2.014
-0.033,0.545,0.864,-3.845,3.418,-1.648
-0.041,0.540,0.861,-2.991,2.991,-1.404
-0.046,0.542,0.851,-1.831,2.747,-1.282
-0.040,0.545,0.828,-1.648,2.869,-0.671
-0.039,0.553,0.823,-2.563,2.380,-0.122
-0.045,0.553,0.824,-3.052,2.136,-0.122
-0.049,0.552,0.821,-3.113,3.174,-0.122

-0.223,-0.544,2.110,-26.611,1.282,-3.540
-0.285,-0.657,2.092,-23.254,-6.775,-4.944
-0.293,-0.766,1.969,-19.287,-11.780,-6.226
-0.286,-0.855,1.786,-15.015,-16.357,-5.737
-0.292,-0.913,1.545,-9.705,-20.508,-6.165
-0.260,-0.912,1.256,-5.920,-18.860,-6.958
-0.176,-0.899,0.902,-9.888,-6.531,-9.399
-0.042,-0.800,0.555,-20.264,6.836,-14.954
0.002,-0.527,0.268,-30.823,15.076,-24.536
0.044,-0.224,0.047,-43.762,24.536,-39.673
0.049,0.222,-0.120,-55.969,35.522,-52.185
0.047,0.747,-0.244,-55.054,48.279,-57.617
-0.017,1.187,-0.363,-50.964,60.547,-62.195
-0.018,1.557,-0.451,-48.584,65.063,-64.270
-0.015,1.881,-0.480,-44.739,57.556,-56.091
0.031,2.088,-0.448,-45.349,41.931,-42.175
0.090,2.210,-0.290,-49.561,24.719,-26.245
0.116,2.247,-0.098,-50.659,11.292,-13.184
0.185,2.225,0.059,-46.021,5.798,-7.141
0.230,2.126,0.155,-34.790,5.920,-6.470
0.247,2.021,0.210,-24.170,6.714,-6.653
0.197,1.852,0.166,-10.376,3.906,-7.874
0.389,1.731,0.217,-4.944,16.968,-3.113
0.296,1.549,0.217,0.122,3.235,13.733
0.391,1.397,0.209,5.432,-4.456,19.836
0.389,1.232,0.189,11.047,-11.963,30.762
0.420,1.092,0.152,16.296,-18.433,34.241
0.421,0.952,0.128,18.433,-20.508,34.485
0.390,0.848,0.159,17.456,-17.456,31.616
0.366,0.768,0.194,18.677,-10.254,27.710
0.336,0.723,0.229,20.569,-1.709,23.499
0.310,0.692,0.251,21.057,7.690,19.287
0.290,0.646,0.281,22.156,14.160,16.663
0.276,0.601,0.319,22.644,17.273,15.320
0.265,0.568,0.374,23.499,18.860,15.137
0.276,0.532,0.441,24.536,19.531,16.113
0.280,0.514,0.494,23.926,20.508,16.846
0.281,0.475,0.536,20.996,22.827,16.907
0.250,0.462,0.559,16.907,23.682,18.799
0.236,0.454,0.585,13.733,25.269,21.790
0.220,0.435,0.609,9.888,21.545,24.475
0.180,0.416,0.639,7.935,15.564,24.353
0.141,0.397,0.662,7.690,12.329,23.926
0.105,0.384,0.670,7.019,10.620,24.658
0.111,0.371,0.720,7.874,7.446,28.015
0.128,0.375,0.742,4.700,5.005,31.860
0.135,0.363,0.783,1.831,3.662,34.912
0.151,0.346,0.823,1.038,3.845,36.133
0.171,0.356,0.846,2.991,3.784,35.461
0.195,0.373,0.863,4.395,4.272,33.142
0.185,0.381,0.884,6.226,4.333,28.931
0.189,0.390,0.901,6.165,5.859,21.851
0.177,0.393,0.919,5.676,9.583,13.123
0.166,0.398,0.912,6.897,14.282,5.066
0.152,0.411,0.916,7.019,17.456,-2.502
0.139,0.426,0.927,5.798,18.677,-9.033
0.132,0.448,0.956,4.150,18.250,-12.695
0.120,0.466,0.997,4.089,16.174,-10.986
0.130,0.474,1.014,3.479,11.475,-6.714
0.122,0.479,1.032,4.456,2.808,-0.854
0.093,0.475,1.040,7.751,-7.751,5.554
0.065,0.461,1.020,10.620,-16.724,10.742
0.058,0.451,0.985,11.536,-21.667,14.526
0.037,0.450,0.948,9.827,-22.949,15.808
0.008,0.452,0.937,8.362,-22.095,14.099
-0.005,0.452,0.927,7.690,-19.226,10.864
0.005,0.449,0.913,7.080,-15.686,9.583
0.024,0.457,0.908,6.897,-14.343,9.766
0.036,0.464,0.911,7.141,-16.479,10.742
0.050,0.465,0.911,8.118,-20.081,13.000
0.062,0.465,0.911,9.338,-23.193,16.357
0.071,0.469,0.915,10.498,-26.428,19.470
0.069,0.466,0.912,11.169,-29.541,21.301
0.052,0.466,0.906,11.719,-31.799,22.400
0.044,0.458,0.881,12.634,-31.860,22.949
0.037,0.453,0.864,13.184,-30.884,22.400
0.033,0.456,0.856,13.550,-30.457,19.958
0.025,0.461,0.860,13.855,-30.640,17.212
0.016,0.463,0.864,14.221,-30.518,14.282
-0.003,0.463,0.877,14.709,-29.785,12.268
-0.027,0.444,0.883,15.137,-28.687,10.925
-0.045,0.431,0.886,15.259,-27.039,10.681
-0.062,0.414,0.888,14.038,-24.597,9.827
-0.078,0.402,0.905,10.986,-21.179,8.545
-0.096,0.390,0.939,6.165,-17.090,6.470
-0.100,0.380,0.977,1.404,-11.902,3.967
-0.099,0.381,1.012,-3.723,-6.958,1.648
-0.110,0.381,1.058,-8.667,-3.052,-0.122
-0.109,0.387,1.094,-11.658,-0.305,-0.977
-0.101,0.407,1.112,-13.367,1.770,-1.221
-0.095,0.423,1.126,-14.648,3.174,-1.587
-0.105,0.427,1.124,-15.320,4.150,-2.747
-0.109,0.430,1.114,-15.198,5.615,-4.211
-0.109,0.443,1.094,-13.611,8.301,-6.226
-0.096,0.469,1.062,-10.803,10.620,-8.423
-0.075,0.502,1.031,-7.629,12.146,-10.010
-0.057,0.527,1.009,-3.418,11.963,-9.521
-0.045,0.533,0.987,2.197,9.827,-7.385
-0.018,0.531,0.930,8.850,6.775,-3.662
0.003,0.523,0.869,13.672,2.747,0.305
0.013,0.505,0.821,16.296,-1.648,3.784
0.020,0.490,0.768,16.907,-5.493,6.409
0.018,0.466,0.724,15.747,-7.874,7.568
0.016,0.448,0.690,13.611,-7.996,7.324
0.015,0.440,0.672,10.559,-5.798,5.920
0.013,0.428,0.672,8.118,-3.540,2.625
0.009,0.433,0.695,3.418,0.793,-1.709
-0.006,0.431,0.722,-0.977,3.113,-1.221
-0.005,0.438,0.742,-4.578,3.784,-2.014
-0.007,0.449,0.775,-7.446,4.089,-2.686
-0.007,0.461,0.809,-9.155,3.845,-3.479
-0.005,0.464,0.841,-10.071,4.395,-4.395
-0.002,0.468,0.876,-10.498,5.554,-4.272
0.003,0.476,0.907,-10.498,6.104,-3.418
0.021,0.500,0.918,-10.193,5.615,-1.587
0.009,0.510,0.935,-9.155,4.456,0.305
0.018,0.526,0.946,-7.874,3.784,1.404
0.014,0.523,0.940,-6.836,2.502,1.282
0.014,0.525,0.918,-5.371,0.549,1.953

-0.198,-0.972,1.665,-24.597,-4.272,0.061
-0.171,-1.192,1.665,-36.804,-12.146,12.268
-0.077,-1.337,1.627,-45.471,-21.423,24.231
0.041,-1.379,1.532,-47.424,-31.738,34.729
0.137,-1.301,1.421,-47.302,-40.161,36.621
0.196,-1.235,1.257,-47.485,-42.175,24.231
0.261,-1.100,1.049,-46.448,-36.194,-0.305
0.263,-0.890,0.798,-39.673,-22.949,-30.334
0.253,-0.634,0.536,-34.912,-4.272,-62.683
0.237,-0.405,0.281,-37.842,15.259,-94.177
0.197,0.020,0.014,-39.246,39.124,-109.985
0.230,0.418,-0.217,-44.495,65.002,-115.417
0.318,0.840,-0.359,-55.603,81.726,-109.253
0.395,1.255,-0.485,-67.688,85.510,-89.600
0.435,1.674,-0.571,-82.214,75.195,-63.171
0.487,1.996,-0.559,-96.497,47.485,-34.729
0.484,2.198,-0.454,-113.525,4.150,-9.338
0.348,2.338,-0.243,-123.596,-48.706,11.719
0.274,2.404,-0.070,-119.812,-94.604,35.339
0.184,2.385,0.131,-112.915,-127.747,53.772
0.070,2.276,0.250,-101.501,-142.212,55.969
-0.085,2.132,0.269,-84.717,-140.869,48.523
-0.153,2.019,0.282,-68.665,-113.403,33.264
-0.345,1.903,0.229,-60.913,-82.642,35.950
-0.352,1.768,0.223,-46.631,-60.120,23.071
-0.391,1.609,0.216,-30.884,-31.799,17.029
-0.331,1.475,0.205,-12.512,-9.155,21.301
-0.214,1.347,0.194,2.869,5.310,26.062
-0.096,1.237,0.202,15.442,14.893,31.433
0.020,1.143,0.216,24.536,24.963,33.569
0.124,1.065,0.226,30.762,36.987,29.785
0.220,0.994,0.237,33.997,48.584,21.423
0.290,0.938,0.268,35.217,57.678,11.292
0.316,0.885,0.333,36.072,63.538,1.770
0.326,0.800,0.400,37.720,65.796,-5.493
0.340,0.745,0.462,37.292,64.758,-8.118
0.295,0.633,0.546,36.987,54.932,-6.897
0.269,0.539,0.584,33.813,45.349,-5.066
0.237,0.486,0.604,31.311,37.964,-0.244
0.204,0.457,0.631,27.893,32.349,4.150
0.182,0.446,0.680,23.193,31.860,9.033
0.184,0.431,0.709,20.752,32.349,14.771
0.199,0.444,0.694,20.508,30.029,17.639
0.187,0.467,0.667,22.278,25.940,18.860
0.191,0.451,0.652,25.024,24.292,16.968
0.183,0.429,0.650,28.381,21.851,11.658
0.182,0.406,0.652,30.151,16.663,8.057
0.162,0.366,0.681,29.724,11.169,6.287
0.151,0.321,0.715,27.405,6.958,6.592
0.140,0.304,0.741,23.682,4.211,7.019
0.118,0.301,0.777,19.470,3.052,6.042
0.117,0.316,0.833,16.968,4.028,5.615
0.111,0.348,0.848,13.062,8.240,5.432
0.114,0.368,0.838,7.568,13.672,5.005
0.107,0.392,0.832,5.127,14.587,5.127
0.099,0.414,0.838,3.967,12.573,4.333
0.106,0.430,0.830,1.282,10.010,3.601
0.088,0.449,0.836,0.122,5.920,4.639
0.056,0.455,0.863,1.099,1.526,5.371
0.031,0.471,0.888,1.343,0.671,6.104
0.042,0.501,0.907,1.892,2.075,8.850
0.047,0.528,0.907,4.150,1.465,11.230
0.049,0.527,0.901,5.310,-2.075,12.024
0.047,0.509,0.880,4.883,-6.226,13.062
0.058,0.514,0.863,6.165,-9.460,14.343
0.063,0.521,0.856,7.080,-10.864,14.038
0.073,0.503,0.855,7.385,-10.742,12.939
0.069,0.473,0.861,7.568,-10.437,12.268
0.069,0.448,0.881,6.653,-11.230,12.756
0.074,0.437,0.891,2.625,-12.390,14.038
0.060,0.434,0.920,-1.831,-16.235,15.259
0.039,0.435,0.949,-5.310,-19.836,14.587
0.031,0.432,0.967,-5.371,-20.813,13.611
0.029,0.448,0.966,-3.052,-21.179,13.916
0.032,0.452,0.975,0.061,-23.865,14.221
0.029,0.443,0.958,2.380,-26.184,14.160
0.035,0.452,0.933,5.554,-28.198,15.381
0.045,0.473,0.910,8.545,-29.907,15.747
0.045,0.472,0.884,10.132,-31.799,15.198
0.025,0.465,0.870,9.888,-33.508,13.184
-0.008,0.469,0.874,8.484,-33.630,10.559
-0.028,0.464,0.865,7.080,-30.701,7.690
-0.048,0.455,0.862,5.981,-26.794,5.188
-0.068,0.452,0.854,4.822,-24.292,3.357
-0.081,0.457,0.851,3.601,-23.376,2.197
-0.093,0.479,0.871,1.953,-22.705,1.526
-0.110,0.475,0.907,0.366,-20.569,0.793
-0.121,0.470,0.940,-1.038,-17.090,0.366
-0.129,0.476,0.971,-2.197,-14.099,1.160
-0.134,0.481,0.996,-4.333,-12.634,2.136
-0.139,0.478,1.018,-6.653,-12.268,2.319
-0.143,0.485,1.040,-8.118,-11.719,2.502
-0.139,0.496,1.057,-9.338,-10.620,2.502
-0.127,0.513,1.061,-9.583,-9.460,2.502
-0.124,0.542,1.065,-9.521,-8.545,2.258
-0.128,0.550,1.067,-10.071,-7.202,0.549
-0.139,0.554,1.062,-9.827,-4.700,-1.526
-0.145,0.567,1.050,-7.019,-2.380,-2.686
-0.147,0.586,1.027,-4.761,0.122,-4.883
-0.153,0.588,1.001,-2.625,1.404,-6.042
-0.156,0.581,0.970,0.671,2.136,-5.737
-0.149,0.580,0.931,5.493,2.441,-4.333
-0.123,0.584,0.872,10.742,1.709,-1.282
-0.100,0.559,0.808,14.465,-0.061,2.930
-0.082,0.531,0.754,15.930,-2.319,6.653
-0.062,0.514,0.717,15.991,-3.479,9.033
-0.040,0.507,0.692,14.404,-3.479,10.498
-0.028,0.495,0.687,11.719,-2.686,11.047
-0.029,0.477,0.697,8.362,-1.221,10.620
-0.033,0.465,0.719,5.371,0.610,9.644
-0.029,0.451,0.740,3.296,2.502,9.216
-0.017,0.452,0.755,1.465,3.723,9.338
0.000,0.470,0.777,-1.404,3.113,9.033
-0.001,0.470,0.802,-4.150,1.709,6.958
-0.009,0.465,0.826,-5.676,1.953,3.784
-0.008,0.466,0.842,-5.615,3.784,1.038
-0.006,0.484,0.851,-4.822,5.615,-1.221
-0.016,0.496,0.864,-4.517,5.920,-3.052
-0.031,0.497,0.875,-3.784,5.737,-4.211

-0.282,0.145,2.295,-47.424,16.785,-24.597
-0.446,-0.045,2.543,-54.260,16.968,-25.757
-0.601,-0.228,2.674,-48.584,12.268,-25.085
-0.739,-0.436,2.615,-28.809,1.404,-20.691
-0.818,-0.681,2.331,-1.404,-14.771,-9.949
-0.916,-0.981,1.885,27.771,-34.180,5.615
-0.976,-1.180,1.265,46.692,-41.321,17.700
-0.908,-1.381,0.642,53.101,-26.794,18.860
-0.711,-1.474,0.271,36.621,10.803,9.460
-0.452,-1.424,0.075,0.366,47.974,-4.700
-0.179,-1.194,-0.041,-46.936,66.772,-21.667
0.010,-0.801,-0.078,-84.534,68.115,-36.987
0.150,-0.271,-0.110,-104.858,72.266,-49.683
0.349,0.237,-0.202,-114.563,83.862,-66.406
0.548,0.711,-0.328,-109.619,92.102,-79.407
0.690,1.144,-0.444,-98.389,92.102,-85.693
0.811,1.553,-0.513,-84.717,88.501,-86.609
0.892,1.981,-0.576,-73.425,81.909,-78.125
0.820,2.285,-0.534,-70.068,70.435,-61.890
0.707,2.441,-0.394,-73.914,51.758,-47.058
0.540,2.492,-0.192,-78.369,22.278,-32.471
0.330,2.477,0.021,-73.425,-11.108,-11.597
0.197,2.393,0.186,-55.908,-36.560,13.062
0.104,2.277,0.277,-30.518,-52.612,37.537
0.090,2.091,0.273,-0.488,-54.199,48.706
0.107,1.929,0.211,16.968,-37.720,58.289
0.143,1.740,0.159,28.625,-26.489,64.819
0.223,1.559,0.141,34.119,-11.597,59.265
0.280,1.385,0.125,38.269,-3.723,55.847
0.350,1.235,0.125,39.856,1.892,52.429
0.402,1.093,0.131,41.687,7.080,48.035
0.451,0.965,0.133,43.030,12.329,41.565
0.488,0.849,0.139,43.152,18.127,34.668
0.510,0.733,0.151,42.236,22.095,26.978
0.532,0.621,0.179,39.673,22.766,19.653
0.523,0.539,0.225,36.804,21.423,14.404
0.496,0.490,0.279,34.363,18.677,9.888
0.430,0.453,0.389,30.884,15.747,2.686
0.345,0.447,0.492,30.090,16.052,-3.174
0.302,0.417,0.617,31.616,20.996,-7.263
0.266,0.380,0.671,28.259,28.809,-9.583
0.244,0.376,0.692,27.466,32.288,-7.141
0.207,0.386,0.698,25.757,31.921,-2.563
0.181,0.376,0.724,18.921,31.494,2.808
0.212,0.374,0.749,12.756,29.297,4.883
0.205,0.383,0.749,9.521,22.400,12.634
0.250,0.377,0.750,10.681,22.278,18.066
0.262,0.366,0.734,11.292,16.418,19.592
0.270,0.359,0.740,9.399,9.583,22.522
0.259,0.323,0.753,6.714,3.296,28.503
0.254,0.298,0.772,1.831,-5.554,30.884
0.242,0.294,0.783,-6.531,-16.418,34.851
0.245,0.318,0.830,-11.475,-26.184,38.879
0.217,0.323,0.872,-15.564,-30.945,37.170
0.202,0.338,0.904,-18.250,-27.954,29.968
0.191,0.360,0.911,-12.634,-22.766,20.813
0.170,0.407,0.913,-3.479,-17.517,10.376
0.145,0.443,0.904,5.737,-12.268,0.122
0.103,0.439,0.910,13.794,-7.019,-10.071
0.073,0.432,0.902,20.447,-2.808,-17.700
0.055,0.430,0.869,25.269,0.061,-20.142
0.038,0.415,0.830,25.085,0.366,-18.982
0.005,0.401,0.833,20.569,-2.380,-15.747
-0.014,0.398,0.844,16.418,-6.042,-11.536
-0.011,0.413,0.855,12.756,-9.705,-6.409
-0.001,0.425,0.868,9.583,-13.184,-1.404
0.014,0.436,0.884,7.446,-15.869,3.723
0.034,0.449,0.905,5.859,-17.151,8.118
0.038,0.467,0.927,3.113,-17.517,11.353
0.032,0.473,0.952,1.648,-18.921,13.550
0.037,0.469,0.960,1.343,-20.325,14.282
0.017,0.461,0.971,1.831,-23.499,16.052
0.018,0.461,0.981,2.502,-28.198,16.602
0.006,0.458,0.990,5.310,-33.997,17.212
-0.009,0.445,0.987,8.789,-39.246,17.944
-0.016,0.434,0.969,12.207,-43.518,17.883
-0.025,0.425,0.941,15.564,-46.875,18.250
-0.044,0.427,0.913,17.578,-49.744,18.311
-0.077,0.427,0.912,18.494,-50.537,16.541
-0.098,0.412,0.889,18.860,-47.241,14.038
-0.122,0.394,0.865,18.921,-42.603,12.817
-0.148,0.395,0.857,18.372,-39.368,12.695
-0.156,0.394,0.852,17.151,-37.476,13.306
-0.165,0.387,0.852,14.954,-35.828,14.771
-0.168,0.397,0.859,12.329,-34.790,16.663
-0.166,0.412,0.882,10.193,-33.386,17.395
-0.166,0.406,0.896,8.423,-30.151,16.052
-0.161,0.414,0.911,7.141,-25.940,14.099
-0.154,0.425,0.922,5.127,-21.667,11.353
-0.162,0.423,0.943,2.625,-17.395,8.118
-0.173,0.430,0.969,-0.183,-12.146,4.517
-0.169,0.443,0.983,-2.563,-6.165,1.648
-0.158,0.458,0.990,-4.822,-1.587,0.793
-0.150,0.461,1.003,-7.324,0.793,0.793
-0.136,0.474,1.024,-9.216,2.625,1.160
-0.119,0.488,1.043,-10.132,4.456,1.587
-0.091,0.506,1.041,-10.132,5.493,2.869
-0.076,0.512,1.030,-9.888,5.188,4.578
-0.063,0.513,1.019,-10.132,3.540,6.042
-0.055,0.514,1.010,-10.193,1.709,7.019
-0.050,0.519,1.000,-9.583,0.305,8.240
-0.045,0.524,0.979,-8.240,-1.282,8.484
-0.041,0.531,0.962,-6.042,-1.526,8.301
-0.036,0.527,0.939,-3.540,-0.427,6.714
-0.045,0.521,0.916,-1.160,0.671,3.784
-0.054,0.524,0.885,1.587,1.099,1.038
-0.057,0.527,0.849,3.357,1.526,-0.671
-0.072,0.511,0.828,3.967,1.648,-1.282
-0.082,0.492,0.815,4.578,1.770,-1.526
-0.082,0.483,0.802,5.310,2.319,-1.343
-0.078,0.481,0.793,5.493,2.197,-0.122
-0.073,0.477,0.791,4.456,0.977,1.953
-0.068,0.468,0.794,2.991,-0.061,3.601
-0.062,0.460,0.797,1.709,-0.305,5.005
-0.057,0.456,0.802,0.183,-0.427,6.226
-0.052,0.459,0.806,-1.404,-0.671,6.836
-0.048,0.459,0.810,-2.869,-1.038,6.897
-0.040,0.454,0.813,-4.517,-1.404,6.897
-0.043,0.443,0.817,-5.859,-1.160,6.165

0.033,-1.086,1.675,1.526,2.502,57.068
0.303,-1.413,1.575,-18.372,-17.395,86.243
0.608,-1.604,1.510,-36.926,-37.415,111.328
0.890,-1.573,1.425,-50.903,-56.946,115.479
1.059,-1.415,1.266,-57.739,-67.017,86.792
1.070,-1.172,1.050,-59.875,-57.434,29.236
0.926,-0.886,0.774,-60.364,-23.376,-46.509
0.696,-0.608,0.461,-66.650,17.395,-119.873
0.390,-0.238,0.201,-77.637,51.819,-165.955
0.151,0.133,-0.007,-82.764,72.083,-178.589
0.008,0.543,-0.240,-83.374,66.284,-166.382
-0.013,0.976,-0.409,-81.116,43.945,-134.766
0.010,1.322,-0.535,-80.322,19.714,-97.839
-0.010,1.725,-0.579,-77.698,-4.639,-65.430
-0.058,2.077,-0.545,-64.575,-22.461,-42.969
-0.087,2.296,-0.505,-51.758,-27.344,-31.738
-0.117,2.388,-0.475,-46.448,-28.198,-20.996
-0.140,2.381,-0.384,-44.556,-34.302,-24.658
-0.201,2.313,-0.190,-48.218,-45.898,-17.456
-0.274,2.193,0.013,-45.593,-55.847,-15.442
-0.324,2.039,0.160,-36.377,-57.922,-12.451
-0.292,1.904,0.196,-25.635,-50.293,-1.465
-0.251,1.749,0.200,-13.733,-40.527,9.155
-0.152,1.600,0.207,-1.709,-31.494,19.897
0.011,1.475,0.219,8.972,-23.254,28.503
0.132,1.351,0.230,17.029,-15.991,30.457
0.212,1.205,0.245,20.508,-10.132,29.846
0.257,1.087,0.291,26.489,-6.470,19.592
0.312,1.005,0.350,34.729,4.700,9.949
0.390,0.953,0.380,38.147,20.996,4.272
0.428,0.878,0.394,41.687,29.419,2.136
0.414,0.809,0.421,43.579,26.672,3.052
0.356,0.725,0.472,42.847,18.433,5.859
0.309,0.608,0.512,41.565,11.475,11.963
0.259,0.498,0.536,39.001,7.141,20.386
0.227,0.417,0.565,32.898,0.061,28.564
0.151,0.341,0.612,23.499,-13.367,33.569
0.054,0.275,0.667,14.526,-20.874,31.372
-0.002,0.251,0.703,7.446,-14.709,26.001
-0.046,0.264,0.739,2.014,-7.812,20.264
-0.071,0.306,0.776,0.488,-4.333,13.428
-0.064,0.334,0.797,1.770,0.244,7.324
-0.078,0.342,0.798,3.906,4.456,4.578
-0.061,0.329,0.802,5.859,6.165,6.042
-0.033,0.302,0.793,7.141,3.784,10.437
0.007,0.298,0.785,4.700,-2.197,17.578
0.008,0.275,0.804,0.732,-12.390,23.010
0.005,0.266,0.844,-2.991,-19.836,23.926
-0.011,0.279,0.883,-6.348,-22.156,22.583
-0.046,0.287,0.933,-8.484,-24.719,18.127
-0.089,0.330,0.949,-9.644,-26.001,13.306
-0.148,0.386,0.960,-8.606,-23.682,6.775
-0.212,0.430,0.967,-7.019,-16.602,-2.319
-0.245,0.463,0.947,-4.028,-7.080,-10.681
-0.261,0.506,0.922,0.488,0.061,-15.991
-0.267,0.541,0.897,6.348,3.418,-16.663
-0.257,0.549,0.873,11.353,3.906,-14.893
-0.227,0.536,0.869,14.709,2.686,-10.193
-0.176,0.525,0.868,17.334,-0.122,-2.747
-0.125,0.513,0.880,18.005,-4.089,5.371
-0.089,0.506,0.891,15.259,-9.338,13.245
-0.046,0.513,0.910,11.230,-12.695,20.142
-0.022,0.509,0.954,9.644,-14.282,25.391
0.011,0.520,0.965,9.949,-15.930,28.259
0.031,0.515,0.968,12.512,-19.043,29.419
0.053,0.474,0.957,15.381,-24.231,32.349
0.064,0.417,0.943,17.639,-32.349,38.269
0.066,0.364,0.927,19.043,-42.419,46.021
0.051,0.317,0.902,19.226,-51.697,52.063
0.025,0.306,0.885,18.311,-56.824,54.504
-0.023,0.310,0.890,16.357,-56.030,52.490
-0.070,0.312,0.892,13.977,-49.927,46.204
-0.144,0.363,0.930,10.986,-41.748,36.438
-0.232,0.379,0.979,7.629,-32.532,23.743
-0.298,0.374,1.015,3.784,-23.743,12.634
-0.360,0.377,1.054,-0.244,-18.066,4.639
-0.420,0.386,1.101,-4.211,-15.442,-1.465
-0.464,0.395,1.125,-8.118,-14.099,-5.493
-0.489,0.408,1.152,-11.169,-12.329,-7.751
-0.496,0.417,1.156,-13.367,-9.460,-8.179
-0.491,0.440,1.153,-15.015,-6.287,-8.301
-0.484,0.468,1.145,-16.479,-3.235,-8.484
-0.462,0.495,1.125,-16.357,-0.671,-7.629
-0.426,0.569,1.079,-12.268,1.526,-4.395
-0.386,0.623,1.014,-6.958,1.648,-1.038
-0.357,0.649,0.940,-2.197,-0.061,1.831
-0.329,0.665,0.856,2.563,-1.648,4.395
-0.300,0.666,0.777,6.348,-2.014,6.042
-0.273,0.649,0.721,8.606,-0.488,6.714
-0.247,0.638,0.681,9.705,1.526,6.653
-0.212,0.620,0.650,8.789,2.869,7.080
-0.204,0.580,0.651,6.287,2.319,7.141
-0.199,0.540,0.660,4.150,1.953,7.080
-0.183,0.504,0.674,2.136,2.869,8.362
-0.171,0.469,0.701,0.061,4.272,9.460
-0.155,0.449,0.733,-1.709,5.981,9.888
-0.143,0.440,0.772,-3.662,6.775,10.254
-0.123,0.442,0.804,-5.676,7.568,10.010
-0.113,0.458,0.839,-7.629,8.545,8.911
-0.110,0.460,0.879,-9.094,9.827,6.287
-0.100,0.469,0.899,-9.216,11.658,3.784
-0.097,0.483,0.919,-8.728,13.123,1.343
-0.109,0.488,0.934,-6.653,13.611,-1.221
-0.109,0.502,0.934,-3.906,13.611,-2.686
-0.109,0.512,0.921,-1.221,13.123,-3.174
-0.112,0.521,0.893,0.854,11.841,-2.991
-0.113,0.527,0.862,1.770,10.193,-2.258
-0.124,0.530,0.846,2.197,8.423,-1.892
-0.132,0.535,0.826,2.991,7.935,-1.831
-0.138,0.536,0.803,2.686,7.874,-1.343
-0.147,0.526,0.795,1.587,7.019,-0.732
-0.155,0.519,0.794,0.793,5.615,0.183
-0.154,0.512,0.796,-0.061,5.310,1.526
-0.153,0.500,0.799,-1.038,4.944,3.174
-0.150,0.501,0.806,-2.136,3.845,4.211
-0.156,0.489,0.824,-3.723,2.747,5.066
-0.149,0.487,0.833,-4.089,2.625,5.615
-0.148,0.490,0.840,-3.845,2.686,6.348
-0.152,0.489,0.845,-3.540,2.136,6.958

-0.923,-0.221,1.948,3.540,64.270,-55.847
-1.070,-0.289,1.926,7.568,51.331,-37.354
-1.129,-0.368,1.844,11.414,40.955,-10.620
-1.112,-0.459,1.699,17.761,33.264,20.752
-0.955,-0.554,1.520,21.057,27.161,50.171
-0.753,-0.641,1.358,18.799,20.752,72.449
-0.511,-0.683,1.152,11.169,16.418,81.665
-0.253,-0.696,0.911,-1.160,18.860,75.806
0.009,-0.627,0.690,-17.456,24.963,59.326
0.227,-0.498,0.469,-38.635,35.889,32.227
0.381,-0.223,0.245,-58.655,51.331,-0.854
0.453,0.101,0.134,-68.420,64.758,-31.311
0.460,0.471,0.033,-72.021,76.355,-51.270
0.434,0.823,-0.093,-67.688,80.139,-56.335
0.398,1.223,-0.215,-57.617,72.937,-46.753
0.374,1.633,-0.269,-48.157,62.195,-29.114
0.309,1.968,-0.248,-46.326,51.758,-16.113
0.239,2.126,-0.195,-46.814,40.527,-16.235
0.150,2.201,-0.121,-46.021,30.518,-21.301
0.057,2.227,0.008,-41.321,22.217,-21.240
-0.018,2.171,0.144,-31.860,17.334,-18.555
-0.017,2.020,0.204,-17.090,15.198,-10.681
0.022,1.854,0.209,-2.014,10.864,2.502
0.111,1.656,0.174,11.292,4.761,16.174
0.236,1.461,0.165,20.203,2.014,27.039
0.274,1.219,0.082,25.696,6.042,28.809
0.363,1.067,0.028,19.775,19.043,31.982
0.385,0.885,0.001,19.958,19.409,26.733
0.399,0.749,-0.027,18.982,27.039,15.930
0.386,0.674,-0.026,19.470,30.762,11.292
0.389,0.610,0.016,18.066,34.546,4.761
0.385,0.587,0.085,17.761,39.001,1.221
0.401,0.564,0.172,18.188,42.358,-0.488
0.423,0.545,0.269,20.508,43.152,-1.709
0.454,0.533,0.356,22.766,42.358,-2.869
0.457,0.523,0.448,23.865,41.199,-4.883
0.462,0.530,0.535,26.245,40.100,-6.714
0.434,0.526,0.630,28.015,36.133,-7.080
0.394,0.508,0.701,26.245,31.616,-6.042
0.341,0.505,0.752,23.682,26.978,-3.235
0.302,0.500,0.780,21.118,19.470,1.099
0.248,0.481,0.814,17.334,7.324,6.775
0.228,0.457,0.828,14.954,-3.052,13.794
0.244,0.448,0.829,17.151,-8.057,21.545
0.245,0.437,0.840,20.935,-12.085,26.184
0.229,0.394,0.845,26.184,-15.747,25.146
0.230,0.351,0.809,31.860,-16.602,21.606
0.239,0.326,0.755,35.706,-17.883,20.508
0.215,0.292,0.736,34.973,-22.644,18.860
0.163,0.244,0.745,30.701,-27.832,15.747
0.108,0.207,0.774,24.292,-28.015,12.329
0.087,0.192,0.798,17.639,-24.414,8.667
0.079,0.192,0.827,11.475,-20.996,5.066
0.061,0.214,0.867,4.944,-19.592,1.526
0.062,0.226,0.924,1.526,-18.433,-0.549
0.083,0.260,0.954,2.930,-17.456,1.221
0.103,0.301,0.966,5.798,-19.287,4.822
0.128,0.316,0.963,5.432,-24.475,7.324
0.125,0.328,0.971,5.432,-32.227,9.827
0.099,0.335,0.975,6.592,-39.795,11.414
0.061,0.354,0.986,6.958,-43.823,10.803
0.028,0.390,1.004,8.850,-42.908,8.484
0.008,0.418,1.001,12.634,-39.001,6.897
-0.008,0.417,1.000,15.259,-37.109,7.080
-0.017,0.392,1.002,17.395,-39.490,9.094
-0.014,0.371,0.996,21.423,-43.884,13.672
-0.005,0.343,0.968,24.841,-48.706,19.836
-0.017,0.302,0.952,25.146,-53.284,25.085
-0.017,0.288,0.924,23.437,-55.847,27.710
-0.013,0.291,0.897,20.691,-56.091,28.748
-0.033,0.279,0.886,16.785,-55.176,26.367
-0.049,0.277,0.877,14.893,-52.856,21.973
-0.066,0.278,0.868,14.404,-48.889,18.311
-0.080,0.266,0.862,13.794,-45.593,14.954
-0.101,0.254,0.868,13.611,-43.640,13.000
-0.113,0.240,0.870,13.428,-42.236,12.573
-0.119,0.241,0.871,12.329,-41.260,13.550
-0.129,0.235,0.882,9.583,-40.222,14.221
-0.146,0.218,0.901,5.737,-38.330,12.878
-0.170,0.219,0.931,0.854,-34.912,10.437
-0.210,0.217,0.974,-5.127,-29.053,6.226
-0.241,0.219,1.023,-11.292,-21.179,1.099
-0.266,0.240,1.076,-17.273,-13.428,-2.991
-0.281,0.258,1.130,-22.888,-7.080,-6.409
-0.287,0.276,1.183,-27.527,-1.953,-8.362
-0.286,0.315,1.229,-30.090,1.587,-9.277
-0.288,0.355,1.265,-30.151,4.272,-9.399
-0.272,0.385,1.271,-28.320,6.775,-8.545
-0.258,0.420,1.262,-25.452,7.141,-6.226
-0.242,0.453,1.240,-21.118,4.761,-4.211
-0.225,0.490,1.197,-16.052,1.892,-2.808
-0.207,0.529,1.139,-10.132,-0.732,-1.892
-0.192,0.543,1.062,-4.150,-2.380,-1.709
-0.182,0.551,0.977,1.648,-2.991,-1.526
-0.170,0.548,0.890,5.859,-2.930,-1.099
-0.163,0.532,0.819,7.812,-2.808,-0.488
-0.161,0.513,0.764,8.301,-2.563,0.427
-0.161,0.487,0.730,7.324,-2.625,1.404
-0.149,0.459,0.704,5.310,-1.953,3.174
-0.145,0.434,0.704,3.418,-0.549,5.554
-0.140,0.404,0.708,1.221,0.793,7.141
-0.132,0.377,0.718,-1.282,1.831,8.911
-0.118,0.358,0.741,-4.089,2.502,10.132
-0.089,0.360,0.772,-7.141,3.479,10.925
-0.070,0.370,0.819,-10.193,4.150,10.437
-0.062,0.370,0.867,-12.695,5.005,8.118
-0.061,0.382,0.907,-13.611,6.470,5.798
-0.060,0.385,0.932,-13.123,7.935,4.517
-0.049,0.387,0.945,-12.024,8.667,4.395
-0.040,0.406,0.953,-10.681,7.324,4.639
-0.038,0.430,0.959,-9.583,4.944,4.333
-0.047,0.451,0.966,-8.423,3.174,3.418
-0.046,0.466,0.949,-6.836,2.869,2.930
-0.053,0.471,0.940,-5.371,2.869,3.052
-0.058,0.484,0.925,-3.601,1.953,2.747
-0.073,0.501,0.906,-1.648,0.977,1.343
-0.088,0.501,0.885,0.305,1.404,-0.488
-0.097,0.499,0.860,1.831,2.991,-1.282
-0.102,0.493,0.836,2.136,4.028,-1.465

-0.646,-0.369,1.572,-1.221,13.367,-4.639
-0.586,-0.559,1.459,1.099,3.662,12.756
-0.448,-0.745,1.341,-1.221,-6.470,34.119
-0.251,-0.992,1.241,-10.559,-16.113,51.331
0.009,-1.206,1.178,-25.391,-24.170,60.242
0.300,-1.333,1.128,-38.269,-27.100,55.542
0.507,-1.298,1.039,-46.814,-22.339,29.114
0.606,-1.124,0.838,-48.645,-4.211,-17.639
0.481,-0.787,0.565,-49.683,24.597,-71.594
0.229,-0.403,0.365,-56.519,54.016,-112.183
-0.039,0.079,0.247,-54.504,68.604,-120.422
-0.219,0.680,0.132,-47.729,65.186,-96.680
-0.291,1.297,0.030,-34.729,52.063,-57.007
-0.333,1.644,0.009,-30.701,43.518,-30.762
-0.250,1.774,0.049,-33.936,38.879,-24.658
-0.150,1.862,0.082,-34.546,35.706,-24.536
-0.149,1.897,0.136,-34.302,37.659,-31.860
-0.107,1.877,0.166,-33.447,39.368,-40.283
-0.074,1.836,0.204,-30.273,36.133,-42.603
-0.020,1.777,0.222,-26.062,28.931,-38.879
0.058,1.681,0.254,-20.569,20.203,-31.128
0.095,1.612,0.310,-16.663,11.414,-21.545
0.136,1.530,0.346,-12.329,5.859,-8.423
0.199,1.445,0.334,-6.226,1.099,6.836
0.231,1.370,0.318,0.183,-6.531,22.095
0.264,1.313,0.310,5.920,-12.451,33.813
0.316,1.255,0.305,11.658,-11.780,40.222
0.317,1.152,0.296,17.273,-9.521,39.490
0.374,1.050,0.316,20.752,-1.282,32.959
0.322,0.960,0.278,24.475,0.610,31.677
0.327,0.873,0.282,27.222,5.066,23.560
0.323,0.791,0.317,28.015,11.902,19.470
0.334,0.742,0.365,28.381,16.174,16.235
0.325,0.695,0.425,26.794,19.165,13.306
0.334,0.657,0.471,24.231,22.217,13.611
0.342,0.613,0.536,21.545,24.353,15.259
0.357,0.567,0.590,19.775,24.414,17.090
0.351,0.516,0.635,18.250,22.583,17.822
0.327,0.472,0.672,16.174,20.447,17.700
0.328,0.423,0.710,12.329,20.020,16.663
0.285,0.377,0.744,7.080,15.076,15.625
0.228,0.356,0.782,5.676,8.484,14.526
0.177,0.334,0.813,8.423,7.812,13.977
0.135,0.322,0.840,15.442,10.193,12.939
0.116,0.289,0.830,22.095,9.399,9.583
0.096,0.267,0.814,27.466,5.310,6.714
0.054,0.226,0.816,30.945,1.709,5.676
0.013,0.183,0.825,31.860,1.099,5.066
-0.012,0.160,0.836,29.541,3.113,6.287
-0.005,0.161,0.868,25.452,6.409,10.315
0.024,0.169,0.889,18.677,8.850,15.564
0.047,0.181,0.902,11.658,8.667,20.569
0.076,0.196,0.928,6.042,7.812,23.499
0.099,0.201,0.941,1.892,6.775,23.560
0.106,0.226,0.932,-0.244,5.249,21.240
0.088,0.255,0.932,-2.014,2.625,17.395
0.057,0.254,0.947,-3.174,0.671,12.878
0.054,0.271,0.963,-2.319,0.000,9.766
0.033,0.279,0.980,0.427,-1.099,7.751
0.009,0.292,0.996,3.479,-2.686,7.812
0.004,0.302,1.006,5.493,-4.578,7.874
-0.002,0.321,1.011,8.118,-7.324,7.874
0.001,0.337,1.022,11.230,-10.132,8.362
-0.011,0.338,1.033,14.160,-12.573,8.301
-0.018,0.315,1.027,16.907,-13.672,7.263
-0.013,0.307,1.010,18.433,-13.000,4.822
-0.017,0.300,0.971,17.395,-11.536,3.113
-0.033,0.278,0.940,15.808,-11.230,2.625
-0.045,0.269,0.928,12.939,-11.292,3.174
-0.040,0.270,0.923,10.071,-11.169,5.310
-0.026,0.284,0.937,7.324,-11.902,8.606
-0.006,0.275,0.951,4.944,-14.343,12.207
0.020,0.263,0.955,3.784,-18.494,15.930
0.041,0.263,0.940,3.357,-22.888,18.494
0.049,0.258,0.923,2.930,-26.611,19.226
0.042,0.254,0.913,2.075,-28.442,18.066
0.035,0.251,0.903,1.587,-27.771,14.832
0.012,0.248,0.894,0.549,-25.085,10.376
-0.021,0.272,0.897,-1.282,-20.935,5.371
-0.055,0.274,0.911,-3.113,-16.541,-0.061
-0.073,0.287,0.948,-1.953,-13.489,-3.784
-0.099,0.310,0.969,-2.014,-11.841,-6.409
-0.121,0.320,1.005,-5.615,-8.728,-7.812
-0.137,0.330,1.030,-6.592,-6.226,-6.104
-0.150,0.341,1.066,-7.080,-4.822,-4.761
-0.147,0.344,1.084,-7.385,-3.479,-2.441
-0.141,0.359,1.079,-6.836,-2.869,0.610
-0.130,0.371,1.077,-7.019,-2.991,2.991
-0.119,0.385,1.073,-8.362,-3.052,4.395
-0.105,0.393,1.074,-10.132,-2.563,5.371
-0.091,0.405,1.060,-12.146,-1.831,5.798
-0.074,0.413,1.052,-14.648,-1.465,5.737
-0.068,0.419,1.037,-17.090,-0.549,4.395
-0.063,0.426,1.026,-18.860,2.014,2.197
-0.057,0.441,1.020,-19.592,5.676,0.122
-0.053,0.449,1.012,-19.348,8.484,-1.709
-0.049,0.465,1.009,-17.456,10.193,-2.808
-0.034,0.480,0.982,-13.855,10.132,-1.770
-0.017,0.482,0.943,-9.705,7.690,0.671
-0.004,0.473,0.899,-6.958,3.601,3.357
-0.003,0.455,0.866,-4.944,0.183,5.249
-0.000,0.443,0.842,-4.150,-1.404,6.165
0.010,0.448,0.823,-4.395,-1.404,6.348
0.017,0.431,0.822,-5.859,-0.977,5.127
0.005,0.419,0.828,-6.042,-0.244,4.089
0.003,0.405,0.831,-6.470,0.977,3.601
0.002,0.389,0.837,-6.714,1.892,3.418
0.005,0.395,0.846,-7.263,2.258,3.418
-0.000,0.392,0.860,-7.996,2.197,2.563
-0.009,0.383,0.875,-8.301,2.686,1.587
-0.011,0.378,0.881,-7.568,3.540,1.221
-0.015,0.380,0.888,-6.287,3.967,1.038
0.006,0.399,0.888,-4.700,3.662,1.648
0.012,0.409,0.897,-3.967,2.869,1.648
0.013,0.409,0.899,-3.479,1.953,0.977
0.013,0.405,0.899,-3.174,1.648,0.671
0.012,0.403,0.898,-3.174,1.648,0.183
0.006,0.409,0.902,-2.930,0.916,-0.305
0.001,0.416,0.907,-2.747,0.366,-0.732

-0.569,-0.937,1.906,-72.632,3.113,-15.564
-0.759,-1.386,2.154,-92.468,8.789,-16.052
-0.859,-1.708,2.336,-102.600,10.193,-13.672
-0.896,-1.835,2.348,-94.421,7.324,-6.470
-0.827,-1.937,2.166,-71.777,5.920,3.052
-0.634,-2.002,1.887,-52.429,8.179,13.062
-0.358,-1.941,1.446,-41.138,15.625,20.081
0.032,-1.813,0.953,-37.476,25.940,23.865
0.352,-1.416,0.409,-47.119,36.133,14.160
0.659,-0.894,-0.064,-72.449,51.697,-14.038
0.755,-0.173,-0.387,-103.027,68.054,-57.434
0.643,0.883,-0.659,-122.742,89.355,-94.971
0.425,1.893,-0.824,-126.038,115.356,-123.047
0.017,2.950,-0.832,-124.390,135.864,-136.353
-0.413,3.851,-0.592,-113.281,147.095,-122.498
-0.730,4.000,-0.060,-102.905,143.372,-85.876
-0.738,3.934,0.487,-81.116,109.985,-41.138
-0.631,3.578,0.793,-31.677,49.438,12.146
-0.457,3.066,0.592,34.363,2.075,66.162
-0.093,2.532,0.297,79.102,-23.926,93.323
0.280,2.041,0.010,87.280,-28.259,109.497
0.544,1.596,-0.227,71.106,-19.287,103.943
0.816,1.279,-0.307,34.973,1.709,81.116
0.794,0.992,-0.360,4.272,4.272,69.641
0.864,0.757,-0.335,-8.606,-8.728,45.837
0.870,0.561,-0.287,-17.151,-15.198,36.804
0.858,0.508,-0.256,-19.165,-21.057,30.518
0.763,0.478,-0.237,-20.569,-25.513,16.113
0.618,0.503,-0.168,-22.461,-23.071,0.488
0.449,0.598,-0.055,-27.954,-11.597,-12.756
0.340,0.684,0.161,-27.832,-1.404,-24.902
0.279,0.750,0.376,-18.188,8.179,-35.645
0.263,0.781,0.509,-1.221,22.156,-45.410
0.278,0.807,0.577,18.066,35.889,-53.162
0.328,0.792,0.626,35.950,43.884,-56.580
0.365,0.751,0.678,47.913,46.509,-58.533
0.360,0.698,0.750,54.871,42.969,-57.983
0.332,0.644,0.800,56.763,35.645,-50.842
0.304,0.582,0.813,53.223,31.433,-39.978
0.260,0.528,0.807,44.373,27.100,-25.085
0.230,0.492,0.826,32.471,14.587,-6.287
0.195,0.431,0.842,22.278,0.427,6.348
0.181,0.386,0.833,13.245,-6.714,16.968
0.171,0.360,0.804,8.484,-6.653,27.954
0.147,0.351,0.787,7.202,-6.775,35.706
0.128,0.351,0.779,8.667,-8.362,38.269
0.140,0.358,0.758,11.414,-8.606,37.903
0.145,0.369,0.746,14.587,-10.071,36.194
0.143,0.365,0.735,15.381,-13.550,32.715
0.129,0.372,0.742,15.869,-16.235,28.809
0.142,0.382,0.758,16.541,-15.869,25.085
0.161,0.387,0.773,17.029,-11.230,21.545
0.173,0.388,0.787,15.747,-4.822,16.541
0.191,0.374,0.790,11.169,0.305,9.766
0.194,0.380,0.808,5.920,2.502,3.296
0.175,0.397,0.847,1.465,3.235,-3.235
0.152,0.420,0.896,-0.305,4.944,-7.507
0.131,0.438,0.948,0.854,7.996,-9.338
0.117,0.462,0.977,4.822,10.254,-8.545
0.101,0.484,1.006,11.902,9.888,-5.371
0.088,0.505,1.015,17.273,8.789,-2.502
0.077,0.505,1.010,22.339,7.263,1.282
0.080,0.506,0.998,26.062,5.737,6.287
0.083,0.504,0.982,28.564,3.540,11.414
0.080,0.500,0.977,30.212,2.258,16.541
0.106,0.485,0.955,31.433,2.014,21.362
0.139,0.458,0.931,31.250,1.404,25.208
0.145,0.413,0.912,29.663,-0.183,26.306
0.150,0.391,0.892,27.161,-0.427,24.597
0.136,0.388,0.869,22.156,2.014,23.132
0.133,0.372,0.862,16.113,6.287,23.071
0.111,0.363,0.874,11.780,7.202,23.132
0.076,0.365,0.901,11.963,6.836,23.193
0.057,0.364,0.920,16.052,7.324,22.156
0.060,0.355,0.918,22.766,7.263,21.301
0.089,0.357,0.918,29.236,6.226,19.958
0.094,0.329,0.924,36.438,3.540,18.799
0.114,0.317,0.921,40.222,-0.488,17.395
0.138,0.331,0.905,39.001,-4.883,17.212
0.156,0.319,0.897,34.302,-9.155,16.663
0.141,0.290,0.895,28.076,-11.597,13.000
0.132,0.277,0.892,22.644,-10.620,8.850
0.112,0.295,0.887,20.142,-6.470,6.226
0.122,0.305,0.870,17.456,-1.160,2.869
0.118,0.325,0.889,12.024,3.357,-1.282
0.110,0.341,0.906,8.118,7.202,-3.906
0.110,0.339,0.923,7.568,10.803,-3.662
0.104,0.345,0.943,9.033,13.428,-1.648
0.093,0.343,0.965,9.827,14.221,-0.183
0.105,0.349,0.955,11.169,14.160,2.319
0.107,0.341,0.941,13.000,11.353,5.859
0.122,0.343,0.936,14.771,6.714,9.521
0.145,0.345,0.919,13.672,2.930,10.925
0.168,0.348,0.908,11.169,0.549,10.437
0.178,0.337,0.889,11.902,-1.038,9.399
0.188,0.340,0.907,11.963,-2.319,5.798
0.207,0.370,0.902,9.766,-2.319,-1.038
0.182,0.386,0.897,9.155,-1.282,-6.165
0.151,0.383,0.876,9.460,0.977,-9.460
0.145,0.380,0.856,9.277,4.456,-13.367
0.139,0.380,0.840,8.240,7.446,-17.578
0.124,0.379,0.852,6.470,8.484,-20.752
0.101,0.381,0.872,3.662,8.789,-23.132
0.081,0.380,0.884,1.892,9.644,-23.865
0.077,0.361,0.896,2.136,10.437,-21.606
0.082,0.350,0.899,3.174,10.864,-16.663
0.105,0.354,0.892,1.831,10.620,-12.268
0.125,0.377,0.892,0.183,9.888,-9.521
0.155,0.397,0.880,-2.319,9.155,-9.033
0.166,0.404,0.885,-5.066,8.118,-11.780
0.163,0.399,0.887,-8.362,8.057,-16.052
0.172,0.404,0.876,-10.620,9.644,-19.714
0.186,0.416,0.870,-11.414,11.536,-23.743
0.183,0.429,0.868,-10.559,12.695,-29.236
0.180,0.425,0.885,-9.705,13.855,-35.706
0.164,0.421,0.894,-6.775,15.991,-40.588
0.168,0.442,0.898,-3.052,19.409,-43.213
0.158,0.461,0.881,0.671,23.437,-47.058
0.157,0.484,0.892,4.456,26.733,-51.819

0.340,0.651,1.497,34.973,-6.836,19.165
0.251,0.756,1.387,-13.855,34.119,0.916
0.256,0.702,1.040,-56.152,73.730,-30.212
0.309,0.541,0.674,-49.255,99.365,-58.777
0.376,0.367,0.392,-61.157,103.577,-77.148
0.419,0.213,0.205,-62.195,91.980,-78.796
0.437,0.120,0.105,-47.852,68.726,-66.162
0.461,0.068,0.058,-17.456,37.354,-44.678
0.462,0.093,0.190,-2.869,3.418,-21.790
0.460,0.189,0.368,4.456,-23.071,-0.183
0.460,0.323,0.525,23.865,-39.368,17.273
0.411,0.435,0.671,34.851,-48.523,24.109
0.380,0.499,0.811,27.344,-50.842,18.127
0.414,0.521,0.892,12.573,-44.128,5.493
0.327,0.493,0.887,3.601,-30.945,-7.324
0.204,0.358,0.890,-10.010,-21.973,-24.048
0.335,0.193,0.943,-28.259,-20.325,-37.537
0.395,0.110,0.988,-25.818,-20.386,-31.128
0.388,0.138,1.041,-9.644,-20.447,-9.888
0.423,0.291,1.073,1.160,-15.747,12.939
0.432,0.496,0.972,8.179,-1.648,29.846
0.413,0.642,0.814,4.944,13.245,32.593
0.481,0.719,0.692,-8.728,19.836,22.888
0.494,0.739,0.604,-15.686,17.700,9.888
0.456,0.701,0.564,-15.991,9.277,-1.953
0.450,0.599,0.630,-17.761,-3.967,-13.306
0.458,0.492,0.780,-12.939,-19.897,-19.531
0.396,0.417,0.919,-2.075,-29.480,-17.822
0.351,0.373,0.992,4.272,-26.306,-13.611
0.352,0.350,1.000,2.869,-14.038,-9.094
0.355,0.359,0.927,1.709,0.122,-3.479
0.252,0.342,0.843,3.906,8.789,-0.122
0.293,0.261,0.888,-0.061,5.432,-2.747
0.422,0.216,0.964,1.160,-0.061,-0.671
0.327,0.235,0.989,7.812,0.793,9.888
0.306,0.234,1.026,6.592,4.761,16.357
0.378,0.257,1.021,-2.014,13.062,19.043
0.446,0.313,0.931,-0.671,25.330,24.353
0.504,0.426,0.797,1.404,36.499,31.494
0.447,0.551,0.642,6.409,41.626,34.668
0.458,0.614,0.541,12.146,38.147,28.687
0.435,0.609,0.524,9.888,25.574,16.235
0.446,0.574,0.564,8.972,9.644,2.930
0.451,0.506,0.628,11.902,-1.587,-5.188
0.395,0.439,0.694,13.123,-6.775,-9.155
0.353,0.359,0.747,8.362,-7.751,-11.780
0.375,0.304,0.767,1.343,-4.150,-12.390
0.404,0.293,0.716,1.404,2.930,-7.446
0.442,0.321,0.648,1.404,8.545,2.014
0.460,0.400,0.614,4.333,8.057,12.634
0.403,0.453,0.612,9.521,2.625,18.311
0.390,0.458,0.664,7.263,-4.211,14.832
0.395,0.405,0.729,1.770,-8.362,7.263
0.418,0.344,0.783,-2.014,-8.972,2.563
0.440,0.323,0.808,-3.723,-6.714,4.333
0.436,0.338,0.808,-3.418,-3.479,10.315
0.450,0.387,0.805,-1.587,-2.380,15.686
0.438,0.447,0.786,0.000,-2.014,18.066
0.450,0.491,0.753,-1.465,-1.099,15.625
0.423,0.499,0.730,-4.150,-1.892,9.338
0.390,0.443,0.765,-8.118,-6.348,0.610
0.389,0.359,0.824,-12.878,-11.108,-7.263
0.382,0.301,0.833,-14.404,-9.399,-8.423
0.388,0.297,0.792,-14.648,-4.395,-3.540
0.381,0.328,0.736,-12.634,-1.953,2.441
0.371,0.374,0.728,-12.024,-5.005,6.226
0.366,0.412,0.746,-9.583,-9.705,7.812
0.356,0.430,0.779,-8.911,-12.634,7.446
0.382,0.430,0.847,-7.935,-15.381,6.226
0.386,0.436,0.927,-5.005,-17.944,6.531
0.368,0.455,0.993,-0.427,-17.029,8.301
0.349,0.466,1.032,1.770,-11.963,8.240
0.360,0.468,1.041,0.793,-3.601,6.470
0.358,0.468,0.978,-1.465,8.911,4.517
0.368,0.464,0.860,-5.127,21.362,2.197
0.419,0.464,0.722,-7.812,28.870,0.854
0.404,0.463,0.599,-4.578,29.358,1.648
0.401,0.446,0.541,-4.089,21.545,0.549
0.419,0.413,0.550,-2.319,9.583,-0.793
0.414,0.378,0.615,0.305,-2.380,-0.427
0.386,0.355,0.714,2.869,-11.353,1.465
0.362,0.332,0.802,2.991,-14.893,2.808
0.365,0.319,0.861,0.000,-13.306,3.052
0.379,0.325,0.865,-1.099,-7.629,4.700
0.402,0.360,0.823,-1.404,-1.099,7.874
0.404,0.412,0.763,-2.991,2.930,10.498
0.402,0.453,0.719,-2.991,3.052,10.498
0.390,0.457,0.719,-5.005,-0.732,6.775
0.424,0.440,0.752,-7.324,-4.822,2.380
0.403,0.421,0.778,-6.104,-7.080,0.916
0.393,0.412,0.802,-6.042,-7.690,0.854
0.382,0.404,0.805,-6.775,-6.714,1.648
0.362,0.397,0.808,-7.019,-5.859,2.014
0.379,0.390,0.821,-6.470,-6.348,2.319
0.388,0.398,0.840,-4.456,-7.019,4.761
0.354,0.417,0.854,-1.526,-6.897,7.690
0.331,0.419,0.867,-1.648,-6.042,7.935
0.302,0.387,0.878,-5.615,-3.845,5.493
0.291,0.317,0.896,-10.010,-1.892,2.014
0.338,0.271,0.917,-14.465,0.000,2.380
0.379,0.293,0.888,-11.169,4.700,9.888
0.394,0.391,0.802,-5.005,10.071,20.447
0.401,0.499,0.726,-0.671,11.597,26.672
0.409,0.572,0.705,0.427,7.080,25.513
0.402,0.610,0.715,-0.427,0.977,20.081
0.398,0.608,0.734,-3.662,-2.747,11.353
0.174,0.515,0.737,-13.489,-1.465,-1.770
0.322,0.347,0.755,-31.433,1.648,-18.616
0.386,0.245,0.745,-25.696,0.732,-19.470
0.375,0.232,0.787,-12.451,-3.723,-3.845
0.346,0.287,0.891,-1.770,-11.353,13.672
0.330,0.377,0.979,7.080,-14.282,25.452
0.380,0.469,0.999,10.803,-8.423,30.151
0.367,0.546,0.942,9.460,3.174,30.273
0.299,0.574,0.831,1.526,15.259,23.804
0.322,0.510,0.761,-8.728,21.606,10.864
0.320,0.391,0.761,-18.982,19.592,0.244
0.297,0.258,0.797,-21.240,14.160,-2.869
0.396,0.197,0.814,-20.203,12.512,1.587

-4.000,-4.000,0.981,-41.138,-163.208,-167.969
-4.000,-2.370,0.762,12.329,-74.219,6.836
-2.571,-1.086,0.828,-103.271,-11.719,-20.630
-0.865,-0.447,0.026,-151.917,37.964,-73.669
-0.003,-0.365,-0.427,-70.129,34.119,-73.730
0.136,-0.350,-0.292,-50.842,1.465,-27.771
0.160,-0.324,-0.331,1.465,-12.878,19.043
0.132,-0.231,-0.275,40.100,-25.513,44.495
0.063,-0.197,-0.222,55.969,-41.626,34.973
-0.051,-0.287,-0.211,41.077,-54.932,-4.700
-0.467,-0.441,0.114,-35.828,-72.510,-61.279
-1.065,-1.651,0.715,-100.098,-60.852,-105.164
-1.524,-2.408,0.721,-139.099,-22.034,-103.333
-1.167,-1.585,0.015,-48.462,5.066,-47.058
-0.592,-0.894,-0.190,-28.320,-6.775,-7.812
-0.360,-0.547,-0.099,-72.693,-22.156,-6.958
-0.298,-0.500,-0.087,-99.609,-20.081,-31.372
-0.367,-0.591,-0.132,-115.051,-11.047,-55.603
-0.538,-0.743,-0.081,-117.676,-8.179,-65.552
-0.672,-0.891,-0.016,-116.638,-6.348,-64.148
-0.698,-0.969,0.008,-106.628,-2.930,-55.664
-0.661,-0.927,0.001,-93.750,-0.916,-43.945
-0.639,-0.832,0.004,-88.074,-0.244,-35.828
-0.632,-0.760,0.024,-92.529,1.343,-36.133
-0.644,-0.739,0.039,-98.755,4.333,-41.565
-0.648,-0.747,0.056,-103.149,7.690,-47.302
-0.640,-0.765,0.075,-104.309,9.888,-49.683
-0.631,-0.776,0.089,-103.027,11.108,-49.316
-0.634,-0.778,0.099,-101.379,11.841,-47.913
-0.649,-0.771,0.109,-101.868,12.695,-46.875
-0.666,-0.764,0.121,-104.004,14.648,-46.387
-0.674,-0.749,0.135,-107.178,17.639,-46.814
-0.679,-0.730,0.149,-111.389,20.447,-48.035
-0.683,-0.707,0.164,-116.211,23.315,-49.561
-0.694,-0.677,0.187,-120.483,25.085,-50.964
-0.710,-0.645,0.216,-122.070,25.635,-51.270
-0.726,-0.616,0.247,-120.789,24.902,-50.537
-0.738,-0.591,0.278,-115.845,23.804,-48.828
-0.738,-0.568,0.299,-108.398,23.743,-45.593
-0.721,-0.556,0.320,-99.792,23.132,-42.542
-0.711,-0.545,0.329,-91.309,21.423,-39.551
-0.717,-0.531,0.334,-82.520,19.226,-36.194
-0.724,-0.519,0.331,-73.486,17.151,-32.288
-0.728,-0.512,0.341,-65.735,14.771,-28.870
-0.729,-0.513,0.352,-57.190,12.573,-25.513
-0.726,-0.520,0.362,-49.805,11.047,-23.132
-0.732,-0.531,0.365,-43.396,10.376,-21.790
-0.742,-0.545,0.363,-38.940,10.742,-21.118
-0.754,-0.558,0.359,-36.194,11.719,-20.874
-0.762,-0.565,0.362,-35.706,12.085,-20.386
-0.766,-0.565,0.367,-35.767,12.024,-19.531
-0.766,-0.556,0.368,-36.072,12.268,-18.372
-0.757,-0.537,0.378,-36.987,12.390,-17.029
-0.749,-0.516,0.383,-38.269,12.329,-16.235
-0.748,-0.492,0.391,-39.246,12.390,-15.930
-0.749,-0.473,0.400,-38.635,11.780,-15.198
-0.749,-0.460,0.415,-35.461,10.193,-13.306
-0.753,-0.447,0.435,-28.992,7.202,-9.583
-0.756,-0.445,0.432,-18.066,3.723,-4.700
-0.756,-0.431,0.445,-7.690,0.061,1.587
-0.755,-0.414,0.458,6.653,-4.150,10.132
-0.752,-0.410,0.456,22.705,-7.935,17.639
-0.750,-0.409,0.452,40.100,-11.475,24.902
-0.751,-0.417,0.431,59.448,-14.282,31.738
-0.745,-0.443,0.403,77.332,-15.930,37.354
-0.740,-0.469,0.370,92.407,-17.090,42.419
-0.735,-0.496,0.334,105.713,-17.578,47.241
-0.728,-0.518,0.315,116.516,-18.372,52.124
-0.730,-0.531,0.306,126.465,-19.531,57.434
-0.731,-0.546,0.293,137.268,-20.020,62.012
-0.725,-0.570,0.276,147.156,-19.836,65.491
-0.719,-0.596,0.260,154.480,-19.409,68.054
-0.712,-0.641,0.250,161.194,-18.738,70.129
-0.718,-0.717,0.237,163.330,-16.968,72.021
-0.728,-0.829,0.175,165.649,-14.954,75.134
-0.715,-0.882,0.102,165.039,-15.442,79.895
-0.656,-0.869,0.039,153.870,-15.625,80.688
-0.604,-0.834,-0.006,130.005,-13.550,72.693
-0.590,-0.817,-0.023,99.304,-9.216,57.617
-0.602,-0.821,-0.019,65.735,-3.601,39.856
-0.615,-0.826,0.005,34.241,1.404,23.804
-0.623,-0.814,0.037,8.789,5.127,11.536
-0.622,-0.786,0.071,-10.071,7.202,2.380
-0.627,-0.753,0.098,-22.827,7.629,-3.479
-0.638,-0.720,0.118,-28.992,7.385,-6.470
-0.645,-0.702,0.132,-27.710,7.019,-6.226
-0.654,-0.699,0.139,-22.949,6.165,-4.761
-0.666,-0.707,0.142,-16.113,4.578,-2.380
-0.674,-0.717,0.140,-8.606,2.625,0.732
-0.677,-0.722,0.130,-1.587,1.038,4.028
-0.677,-0.725,0.121,3.784,-0.122,6.775
-0.679,-0.727,0.114,7.019,-1.038,8.484
-0.678,-0.731,0.110,8.850,-1.526,9.399
-0.673,-0.737,0.111,9.521,-1.770,9.644
-0.668,-0.741,0.112,9.644,-1.648,9.460
-0.663,-0.742,0.109,9.277,-1.404,9.155
-0.659,-0.743,0.103,8.545,-1.099,8.606
-0.662,-0.741,0.103,7.202,-0.549,8.057
-0.664,-0.742,0.103,5.737,-0.183,7.019
-0.667,-0.745,0.103,3.967,0.488,6.104
-0.660,-0.752,0.101,2.075,0.793,4.761
-0.661,-0.743,0.098,-0.061,0.854,3.662
-0.655,-0.741,0.101,-1.953,1.526,2.991
-0.651,-0.741,0.102,-3.296,2.380,2.197
-0.650,-0.743,0.109,-4.333,3.052,2.197
-0.644,-0.747,0.112,-4.456,3.113,2.136
-0.645,-0.750,0.113,-3.967,2.502,2.502
-0.646,-0.750,0.109,-3.296,2.075,3.052
-0.645,-0.749,0.108,-2.686,1.953,3.601
-0.645,-0.746,0.108,-2.014,1.831,4.150
-0.648,-0.739,0.104,-1.709,1.892,4.700
-0.651,-0.730,0.095,0.183,2.869,5.737
-0.642,-0.734,0.094,2.502,4.333,7.263
-0.640,-0.745,0.096,3.967,4.272,7.202
-0.644,-0.749,0.092,4.700,3.235,6.714
-0.642,-0.750,0.087,5.493,2.258,6.897
-0.638,-0.755,0.087,5.432,1.648,6.836
-0.639,-0.759,0.085,4.211,0.793,6.226
-0.644,-0.762,0.090,2.808,0.610,5.676

