aX,aY,aZ,gX,gY,gZ
-0.610,-1.481,1.048,206.116,-114.990,-56.458
-0.612,-1.800,1.337,205.627,-108.521,-55.420
-0.628,-2.057,1.593,195.435,-104.431,-52.979
-0.633,-2.252,1.807,175.049,-97.473,-48.706
-0.614,-2.383,1.963,151.001,-88.196,-44.312
-0.621,-2.526,2.099,126.221,-78.003,-38.635
-0.657,-2.676,2.247,106.934,-68.970,-37.354
-0.687,-2.785,2.390,94.910,-63.843,-42.725
-0.662,-2.863,2.498,78.857,-55.359,-43.152
-0.657,-2.938,2.540,57.800,-39.246,-33.875
-0.637,-2.945,2.538,34.729,-19.104,-15.137
-0.628,-2.874,2.499,11.292,0.122,6.897
-0.661,-2.761,2.437,-12.695,16.357,27.710
-0.671,-2.620,2.337,-37.231,30.212,43.152
-0.663,-2.430,2.207,-59.387,40.466,52.673
-0.668,-2.237,2.045,-82.886,51.758,59.570
-0.667,-2.026,1.854,-106.750,67.078,65.002
-0.622,-1.802,1.678,-125.122,79.651,68.237
-0.585,-1.579,1.495,-138.855,86.792,69.153
-0.540,-1.364,1.300,-150.635,91.064,68.848
-0.491,-1.179,1.125,-155.823,93.445,65.308
-0.442,-1.044,0.983,-157.959,94.177,58.472
-0.359,-0.935,0.851,-155.884,93.018,49.133
-0.292,-0.854,0.735,-150.513,88.501,39.063
-0.240,-0.777,0.625,-143.188,83.618,31.250
-0.201,-0.698,0.517,-132.324,80.139,24.170
-0.166,-0.622,0.404,-121.277,78.125,18.738
-0.138,-0.545,0.303,-113.098,76.965,15.137
-0.106,-0.477,0.221,-106.567,76.111,11.047
-0.069,-0.421,0.170,-101.440,77.026,7.446
-0.028,-0.366,0.129,-97.961,79.468,5.920
0.001,-0.311,0.094,-94.238,80.383,6.958
0.018,-0.247,0.067,-90.820,80.444,10.742
0.029,-0.173,0.055,-86.487,80.688,15.686
0.040,-0.094,0.035,-81.604,80.139,21.790
0.040,-0.020,-0.005,-79.285,79.651,27.649
0.042,0.043,-0.044,-79.163,77.881,30.884
0.054,0.086,-0.069,-79.041,73.975,31.494
0.063,0.129,-0.111,-79.895,69.275,31.250
0.072,0.173,-0.166,-79.468,63.171,30.579
0.089,0.227,-0.217,-75.989,55.237,29.724
0.098,0.279,-0.262,-71.228,48.889,28.809
0.126,0.326,-0.315,-65.857,43.396,27.954
0.148,0.383,-0.382,-59.021,34.912,28.015
0.164,0.455,-0.439,-49.988,24.780,28.625
0.157,0.532,-0.492,-39.978,14.099,28.320
0.145,0.603,-0.529,-28.870,3.601,26.306
0.136,0.666,-0.557,-16.235,-7.629,22.522
0.126,0.716,-0.568,-2.136,-19.775,16.357
0.119,0.747,-0.567,14.465,-32.043,9.338
0.085,0.742,-0.546,30.579,-42.847,2.441
0.051,0.724,-0.526,45.166,-49.927,-4.578
0.058,0.682,-0.516,58.167,-54.932,-12.695
0.021,0.623,-0.497,69.519,-64.392,-19.531
-0.009,0.545,-0.487,79.407,-75.378,-24.963
-0.063,0.465,-0.464,90.637,-85.022,-27.283
-0.162,0.402,-0.427,105.103,-90.027,-29.175
-0.211,0.332,-0.400,122.253,-88.684,-34.302
-0.245,0.227,-0.358,139.954,-91.736,-41.809
-0.281,0.113,-0.271,157.227,-102.783,-48.828
-0.348,-0.023,-0.160,174.805,-114.197,-53.101
-0.488,-0.210,-0.015,193.298,-118.408,-53.711
-0.645,-0.463,0.174,210.327,-114.746,-56.824
-0.763,-0.817,0.424,221.008,-113.159,-67.566
-0.846,-1.279,0.751,218.079,-119.080,-83.679
-0.845,-1.748,1.127,203.369,-127.808,-100.525
-0.794,-2.143,1.491,182.068,-136.414,-112.915
-0.766,-2.478,1.834,159.058,-141.052,-113.220
-0.760,-2.750,2.135,139.832,-137.085,-100.098
-0.751,-2.933,2.394,129.272,-125.488,-77.759
-0.746,-3.057,2.607,124.634,-106.567,-50.842
-0.737,-3.157,2.811,119.568,-81.421,-22.644
-0.807,-3.236,2.930,119.385,-58.044,-6.042
-0.806,-3.206,2.989,107.971,-35.645,2.747
-0.790,-3.145,2.938,74.097,-12.329,15.686
-0.764,-3.030,2.815,29.297,8.789,32.166
-0.739,-2.862,2.654,-16.663,27.527,49.316
-0.722,-2.627,2.468,-57.678,41.870,63.049
-0.722,-2.361,2.228,-91.736,53.650,74.097
-0.733,-2.067,1.949,-117.981,64.758,82.275
-0.741,-1.806,1.672,-138.916,75.684,85.266
-0.704,-1.574,1.432,-153.870,82.520,81.726
-0.608,-1.366,1.234,-161.011,84.229,72.876
-0.521,-1.192,1.062,-164.368,84.595,63.660
-0.439,-1.039,0.899,-164.124,84.656,54.810
-0.366,-0.914,0.770,-156.799,83.435,45.166
-0.310,-0.809,0.682,-142.639,82.153,36.011
-0.267,-0.726,0.629,-125.793,84.412,29.114
-0.235,-0.655,0.576,-109.680,88.501,22.888
-0.208,-0.590,0.512,-97.107,89.539,14.954
-0.166,-0.550,0.441,-91.492,88.562,7.141
-0.076,-0.539,0.385,-91.797,86.182,1.953
-0.057,-0.511,0.327,-96.985,82.458,1.282
-0.067,-0.449,0.241,-104.187,81.726,2.930
-0.057,-0.375,0.116,-113.281,85.510,4.028
-0.052,-0.304,-0.016,-121.704,86.731,3.967
-0.027,-0.239,-0.128,-127.319,83.313,2.991
0.000,-0.184,-0.212,-131.836,81.970,0.488
0.028,-0.135,-0.302,-132.202,83.679,-0.305
0.057,-0.077,-0.392,-126.465,84.473,1.526
0.089,-0.029,-0.461,-115.601,82.153,4.333
0.135,0.002,-0.490,-100.220,75.806,8.240
0.189,0.009,-0.472,-83.618,67.017,12.573
0.224,0.025,-0.450,-69.702,55.542,20.020
0.203,0.063,-0.442,-59.265,43.579,29.602
0.168,0.127,-0.431,-49.438,33.386,38.025
0.139,0.201,-0.426,-40.283,23.437,43.091
0.120,0.289,-0.418,-33.691,11.414,44.800
0.092,0.358,-0.396,-28.442,-2.380,43.091
0.065,0.442,-0.382,-25.024,-15.381,39.978
0.013,0.533,-0.373,-21.057,-26.306,34.302
0.010,0.632,-0.359,-14.954,-34.424,26.306
0.006,0.705,-0.359,-6.165,-43.945,18.738
-0.016,0.762,-0.348,8.484,-54.626,14.099
-0.057,0.811,-0.317,28.259,-61.096,12.024
-0.100,0.838,-0.281,49.438,-62.561,11.414
-0.153,0.851,-0.255,70.313,-62.927,10.254
-0.196,0.840,-0.239,87.158,-64.453,5.798
-0.246,0.785,-0.224,98.877,-68.237,-0.732

-0.671,-1.283,0.732,282.471,-52.246,-74.707
-0.630,-1.728,1.003,258.057,-59.082,-95.581
-0.578,-2.142,1.269,222.473,-72.327,-110.718
-0.556,-2.557,1.557,177.490,-86.426,-119.751
-0.466,-2.934,1.848,132.385,-96.802,-121.826
-0.391,-3.219,2.063,104.370,-102.539,-116.943
-0.420,-3.402,2.189,105.103,-102.478,-104.248
-0.449,-3.508,2.302,114.380,-88.684,-74.951
-0.495,-3.550,2.388,117.432,-65.430,-41.016
-0.544,-3.540,2.455,102.112,-42.969,-9.155
-0.636,-3.486,2.453,68.604,-22.827,16.113
-0.664,-3.368,2.401,21.973,-3.052,34.363
-0.679,-3.223,2.319,-26.733,9.338,44.128
-0.661,-3.023,2.232,-68.054,17.273,49.316
-0.639,-2.789,2.122,-98.755,25.391,53.162
-0.657,-2.541,1.999,-120.422,34.424,57.617
-0.684,-2.277,1.860,-137.390,44.983,62.866
-0.700,-2.050,1.698,-156.372,56.946,66.833
-0.695,-1.862,1.543,-176.697,68.909,66.956
-0.661,-1.706,1.423,-189.697,77.698,63.110
-0.611,-1.581,1.316,-197.815,86.365,58.044
-0.548,-1.452,1.196,-204.651,95.459,53.162
-0.484,-1.314,1.064,-206.970,100.464,48.767
-0.425,-1.171,0.940,-204.529,102.356,45.471
-0.364,-1.030,0.801,-197.998,104.187,42.114
-0.319,-0.891,0.661,-187.317,106.262,38.574
-0.276,-0.763,0.538,-172.424,106.140,32.898
-0.252,-0.664,0.420,-155.823,104.065,24.353
-0.248,-0.594,0.333,-143.860,101.807,16.785
-0.237,-0.529,0.248,-135.986,102.966,11.169
-0.198,-0.449,0.145,-130.981,109.070,6.653
-0.143,-0.366,0.035,-129.578,113.953,4.211
-0.083,-0.293,-0.081,-129.944,112.061,4.150
-0.034,-0.217,-0.188,-130.554,105.042,5.371
0.013,-0.135,-0.283,-129.395,97.595,8.972
0.054,-0.060,-0.381,-126.953,91.614,15.747
0.115,0.024,-0.473,-121.521,83.862,25.757
0.131,0.097,-0.552,-111.267,73.486,37.109
0.114,0.168,-0.594,-98.938,68.298,47.607
0.079,0.232,-0.595,-81.970,67.810,54.565
0.096,0.292,-0.602,-65.063,69.458,56.091
0.126,0.330,-0.612,-53.528,67.017,54.138
0.135,0.349,-0.598,-46.204,56.885,50.598
0.123,0.374,-0.576,-40.039,45.166,45.898
0.148,0.406,-0.583,-36.316,38.635,39.429
0.157,0.447,-0.626,-34.424,29.968,32.532
0.132,0.491,-0.647,-30.701,15.869,23.499
0.101,0.523,-0.653,-24.597,1.099,12.451
0.071,0.552,-0.654,-16.235,-9.827,1.892
0.070,0.575,-0.644,-5.554,-19.775,-8.057
0.062,0.594,-0.624,8.423,-32.654,-15.442
0.047,0.601,-0.572,26.611,-46.021,-19.043
0.020,0.599,-0.505,46.814,-56.396,-17.883
-0.024,0.603,-0.441,67.749,-62.988,-15.198
-0.064,0.610,-0.389,85.632,-63.782,-12.512
-0.100,0.616,-0.354,101.013,-63.477,-9.705
-0.159,0.615,-0.333,113.464,-66.162,-8.057
-0.233,0.595,-0.322,120.056,-72.449,-9.155
-0.270,0.537,-0.318,121.887,-81.177,-16.113
-0.300,0.448,-0.291,120.605,-90.820,-27.466
-0.307,0.357,-0.266,121.094,-98.999,-38.513
-0.323,0.259,-0.262,125.793,-103.577,-45.471
-0.357,0.151,-0.265,137.451,-101.196,-49.377
-0.392,0.018,-0.260,158.142,-97.717,-51.575
-0.420,-0.199,-0.179,185.547,-98.450,-54.443
-0.498,-0.462,0.030,217.346,-103.394,-55.786
-0.620,-0.766,0.293,246.765,-103.760,-57.373
-0.769,-1.138,0.606,264.587,-99.365,-65.613
-0.992,-1.662,1.001,266.296,-96.313,-83.862
-1.000,-2.232,1.443,249.329,-98.450,-112.122
-0.873,-2.742,1.860,221.863,-110.718,-142.639
-0.662,-3.139,2.225,187.073,-121.826,-152.771
-0.526,-3.357,2.469,158.081,-117.737,-131.592
-0.518,-3.427,2.549,152.039,-102.600,-97.656
-0.575,-3.364,2.542,152.466,-83.130,-60.364
-0.670,-3.323,2.519,141.296,-62.378,-27.222
-0.727,-3.323,2.544,117.249,-44.006,-6.470
-0.745,-3.356,2.616,84.351,-29.541,8.057
-0.726,-3.370,2.665,46.509,-17.456,20.386
-0.701,-3.326,2.662,6.531,-6.409,32.715
-0.695,-3.192,2.592,-29.480,3.418,45.776
-0.688,-2.989,2.443,-60.547,17.334,58.960
-0.687,-2.748,2.244,-87.769,32.898,71.472
-0.687,-2.494,2.034,-111.511,45.837,84.717
-0.714,-2.229,1.862,-132.141,56.580,96.741
-0.738,-1.970,1.672,-150.940,68.848,102.295
-0.703,-1.734,1.485,-169.861,81.482,99.243
-0.643,-1.535,1.323,-187.134,89.233,90.576
-0.575,-1.356,1.156,-199.646,93.445,80.566
-0.503,-1.170,0.983,-205.444,96.436,71.350
-0.415,-1.000,0.809,-205.444,99.915,63.110
-0.346,-0.855,0.636,-200.378,103.027,55.176
-0.288,-0.726,0.469,-189.575,103.394,46.570
-0.240,-0.617,0.314,-173.584,101.379,35.706
-0.209,-0.537,0.176,-155.945,98.022,22.095
-0.180,-0.475,0.086,-138.977,94.299,10.620
-0.163,-0.412,0.010,-124.878,93.506,2.991
-0.145,-0.347,-0.064,-112.793,96.069,-2.869
-0.111,-0.293,-0.146,-103.760,99.548,-8.301
-0.041,-0.273,-0.225,-97.900,103.088,-11.841
0.030,-0.259,-0.286,-94.788,104.431,-11.169
0.089,-0.224,-0.353,-91.553,103.760,-6.042
0.126,-0.170,-0.421,-89.905,100.952,2.258
0.153,-0.104,-0.476,-85.999,95.032,11.230
0.166,-0.046,-0.525,-81.177,87.219,19.836
0.184,0.012,-0.540,-75.195,78.430,26.367
0.192,0.062,-0.525,-68.481,68.054,31.128
0.193,0.101,-0.508,-63.660,59.753,34.241
0.193,0.151,-0.493,-58.960,55.115,35.156
0.173,0.206,-0.484,-53.467,48.950,35.095
0.157,0.261,-0.467,-48.279,39.978,33.081
0.145,0.306,-0.438,-44.434,29.175,28.015
0.114,0.364,-0.404,-41.016,16.846,20.081
0.106,0.430,-0.388,-36.560,4.761,9.644
0.110,0.478,-0.385,-30.579,-5.676,-1.831
0.141,0.512,-0.362,-21.179,-16.724,-10.315
0.158,0.550,-0.298,-8.789,-27.283,-13.245
0.127,0.582,-0.223,5.310,-33.325,-9.521
0.066,0.632,-0.178,21.729,-33.325,-2.625

-0.430,-1.419,1.095,190.002,-105.713,-67.078
-0.423,-1.693,1.365,172.668,-103.699,-67.078
-0.381,-1.895,1.560,160.339,-94.299,-56.274
-0.385,-2.104,1.725,153.198,-82.031,-41.809
-0.382,-2.301,1.867,142.456,-68.359,-27.527
-0.377,-2.420,1.981,134.888,-58.411,-19.531
-0.450,-2.527,2.020,136.902,-54.443,-25.391
-0.456,-2.639,2.055,126.587,-44.617,-30.640
-0.452,-2.777,2.066,104.919,-34.912,-31.372
-0.426,-2.846,2.054,80.139,-29.541,-29.541
-0.394,-2.879,2.030,54.810,-23.132,-19.836
-0.412,-2.883,1.985,29.358,-12.512,-4.272
-0.444,-2.855,1.955,6.592,-1.038,12.451
-0.465,-2.802,1.927,-10.925,8.423,24.780
-0.486,-2.719,1.880,-26.001,19.043,32.593
-0.497,-2.582,1.814,-42.236,30.884,38.452
-0.467,-2.418,1.722,-60.181,40.161,41.992
-0.437,-2.250,1.613,-79.041,45.166,44.495
-0.408,-2.047,1.497,-96.191,47.424,46.936
-0.399,-1.870,1.375,-112.000,50.293,47.668
-0.375,-1.713,1.246,-127.563,54.016,46.875
-0.342,-1.548,1.102,-139.771,57.007,43.640
-0.300,-1.388,0.984,-146.790,58.594,39.368
-0.268,-1.240,0.891,-147.766,57.495,36.072
-0.242,-1.101,0.812,-142.517,57.251,32.898
-0.210,-0.961,0.727,-133.728,60.303,30.823
-0.205,-0.833,0.635,-123.718,63.843,28.625
-0.175,-0.707,0.531,-114.075,66.772,23.132
-0.139,-0.599,0.427,-106.018,65.430,14.282
-0.129,-0.505,0.318,-100.769,58.838,4.211
-0.096,-0.437,0.234,-97.046,53.162,-5.249
-0.023,-0.399,0.195,-94.727,50.903,-11.292
0.016,-0.364,0.156,-93.445,50.903,-10.437
0.034,-0.306,0.104,-92.346,51.514,-3.906
0.031,-0.254,0.048,-90.881,52.002,3.540
0.040,-0.207,0.007,-88.867,52.673,10.864
0.031,-0.164,-0.026,-87.158,53.101,17.090
0.028,-0.122,-0.047,-86.487,53.162,20.996
0.028,-0.079,-0.080,-87.341,52.246,22.644
0.063,-0.057,-0.102,-90.637,51.025,22.644
0.088,-0.029,-0.102,-94.543,47.974,23.682
0.084,0.011,-0.106,-95.947,44.312,26.733
0.075,0.066,-0.124,-94.421,42.114,31.067
0.057,0.124,-0.141,-89.294,40.344,34.729
0.050,0.174,-0.143,-80.322,38.147,37.415
0.042,0.218,-0.131,-69.153,35.278,40.100
0.053,0.257,-0.123,-58.167,32.166,41.809
0.061,0.287,-0.114,-47.302,27.039,43.091
0.057,0.328,-0.111,-35.522,21.851,44.556
0.021,0.386,-0.108,-22.461,17.822,46.265
-0.009,0.458,-0.100,-8.484,13.672,45.837
-0.026,0.523,-0.079,3.662,8.057,41.260
-0.016,0.551,-0.057,14.038,0.977,32.593
0.006,0.539,-0.024,23.071,-8.118,23.621
0.024,0.503,0.014,30.640,-15.320,16.846
0.032,0.484,0.039,37.292,-19.348,13.245
0.001,0.470,0.040,43.945,-23.071,10.681
-0.052,0.453,0.039,50.476,-27.405,4.944
-0.088,0.425,0.049,57.190,-31.433,-6.226
-0.057,0.355,0.087,62.927,-34.607,-22.339
-0.003,0.235,0.128,66.406,-40.405,-36.743
0.015,0.101,0.168,72.266,-49.744,-44.434
0.006,-0.023,0.206,83.435,-59.204,-44.128
-0.023,-0.142,0.271,99.182,-64.880,-37.903
-0.062,-0.243,0.352,117.432,-65.491,-28.931
-0.133,-0.356,0.447,136.108,-61.890,-19.531
-0.200,-0.488,0.564,154.175,-55.481,-12.268
-0.234,-0.642,0.708,165.222,-48.767,-10.376
-0.213,-0.800,0.860,167.297,-45.654,-13.306
-0.184,-0.923,0.968,158.020,-43.091,-18.066
-0.164,-0.977,1.013,141.907,-41.748,-22.888
-0.154,-1.005,1.014,124.573,-42.053,-26.184
-0.165,-1.067,1.006,108.337,-40.955,-27.466
-0.165,-1.157,1.008,96.802,-38.696,-26.978
-0.153,-1.269,1.029,93.567,-34.790,-25.085
-0.137,-1.363,1.076,98.572,-26.672,-18.799
-0.093,-1.428,1.132,105.652,-15.747,-8.301
-0.123,-1.456,1.178,111.816,-8.484,-2.441
-0.179,-1.465,1.199,112.854,-7.874,-6.104
-0.172,-1.498,1.193,99.060,-7.202,-12.512
-0.169,-1.586,1.189,80.444,-8.667,-20.081
-0.196,-1.705,1.237,58.960,-12.085,-25.146
-0.190,-1.833,1.312,38.635,-16.479,-29.358
-0.181,-1.981,1.404,23.254,-19.897,-32.471
-0.173,-2.103,1.509,15.137,-18.494,-32.410
-0.148,-2.175,1.601,12.878,-12.207,-27.039
-0.151,-2.223,1.675,8.301,-4.211,-18.616
-0.160,-2.225,1.707,-0.610,1.648,-9.949
-0.150,-2.181,1.689,-12.939,7.629,-2.258
-0.126,-2.115,1.623,-26.611,14.038,4.700
-0.118,-2.032,1.531,-39.368,19.348,12.634
-0.116,-1.921,1.421,-49.133,23.560,20.813
-0.130,-1.798,1.307,-56.580,26.794,28.198
-0.144,-1.667,1.193,-62.805,29.053,33.447
-0.129,-1.508,1.087,-66.833,31.250,37.170
-0.134,-1.380,1.010,-69.702,31.128,38.513
-0.128,-1.261,0.972,-71.594,30.396,38.147
-0.135,-1.160,0.954,-72.327,31.189,37.231
-0.130,-1.067,0.920,-75.378,34.790,35.400
-0.103,-0.979,0.860,-81.299,37.659,31.738
-0.084,-0.886,0.789,-87.708,37.476,26.794
-0.073,-0.799,0.718,-93.018,35.522,22.278
-0.034,-0.720,0.660,-96.252,33.203,16.724
-0.008,-0.651,0.602,-98.145,29.419,10.254
0.024,-0.587,0.527,-98.145,24.292,5.493
0.035,-0.536,0.460,-95.337,17.456,2.930
0.045,-0.508,0.429,-90.393,10.376,2.197
0.010,-0.482,0.434,-82.581,5.981,3.601
-0.016,-0.422,0.417,-73.486,9.827,4.150
-0.013,-0.367,0.395,-67.017,19.836,3.113
0.011,-0.333,0.380,-62.805,26.855,1.770
0.011,-0.305,0.379,-61.584,28.992,1.526
0.013,-0.285,0.369,-63.782,30.945,2.625
0.031,-0.268,0.333,-69.275,32.959,3.601
0.050,-0.246,0.271,-75.928,32.043,4.395
0.055,-0.225,0.212,-79.407,27.405,6.104
0.048,-0.209,0.184,-76.477,22.339,9.583
0.047,-0.187,0.161,-68.481,19.836,15.259
0.050,-0.161,0.154,-58.472,19.043,21.545

-0.250,-1.207,0.921,151.062,-42.236,-38.696
-0.234,-1.347,1.045,138.245,-45.349,-39.063
-0.232,-1.406,1.133,123.230,-44.861,-36.621
-0.204,-1.408,1.158,108.582,-37.109,-32.043
-0.207,-1.389,1.132,95.581,-28.198,-25.391
-0.202,-1.325,1.059,85.144,-22.034,-17.029
-0.318,-1.293,0.973,85.205,-19.897,-15.503
-0.342,-1.313,0.917,87.097,-19.104,-21.118
-0.330,-1.424,0.908,82.703,-17.761,-27.161
-0.297,-1.530,0.943,80.444,-22.217,-32.471
-0.325,-1.673,1.051,75.623,-25.391,-34.119
-0.347,-1.814,1.200,69.763,-24.475,-33.020
-0.319,-1.931,1.343,62.378,-23.499,-29.053
-0.327,-2.024,1.440,53.650,-22.766,-22.400
-0.401,-2.083,1.515,43.640,-19.226,-11.475
-0.488,-2.116,1.582,31.799,-12.817,-0.977
-0.508,-2.133,1.639,17.517,-5.859,2.625
-0.515,-2.164,1.707,0.183,-1.953,1.709
-0.492,-2.183,1.771,-16.296,1.648,0.000
-0.458,-2.187,1.796,-33.813,8.423,-0.427
-0.447,-2.172,1.775,-50.964,16.052,1.465
-0.436,-2.093,1.705,-63.782,24.353,5.676
-0.425,-1.996,1.615,-74.890,33.386,11.780
-0.396,-1.879,1.498,-84.717,41.077,17.456
-0.371,-1.742,1.370,-92.102,45.227,23.071
-0.350,-1.603,1.234,-97.595,47.180,27.771
-0.301,-1.463,1.095,-101.013,48.096,30.823
-0.256,-1.333,0.996,-103.760,46.875,32.593
-0.236,-1.242,0.915,-105.652,44.922,34.607
-0.223,-1.154,0.869,-105.652,43.945,34.302
-0.199,-1.062,0.847,-103.149,44.861,32.043
-0.166,-1.000,0.817,-102.295,50.049,29.602
-0.164,-0.955,0.784,-102.600,55.359,28.015
-0.139,-0.886,0.741,-100.037,57.617,24.109
-0.120,-0.831,0.701,-97.595,58.533,20.081
-0.101,-0.772,0.653,-96.558,59.326,17.151
-0.084,-0.686,0.600,-92.041,58.289,14.771
-0.082,-0.614,0.536,-85.815,54.138,13.245
-0.067,-0.546,0.452,-82.642,48.950,12.573
-0.058,-0.501,0.379,-80.750,40.710,13.000
-0.098,-0.480,0.382,-78.430,31.677,13.367
-0.144,-0.455,0.395,-74.402,29.419,8.911
-0.120,-0.416,0.395,-74.463,37.964,3.967
-0.085,-0.403,0.376,-80.933,48.645,2.563
-0.089,-0.381,0.354,-88.562,52.979,2.258
-0.090,-0.350,0.325,-93.384,54.504,3.052
-0.086,-0.345,0.300,-98.816,58.105,6.531
-0.075,-0.340,0.265,-105.164,62.439,12.085
-0.052,-0.331,0.214,-109.070,64.575,17.761
-0.014,-0.315,0.163,-109.497,63.965,22.766
0.017,-0.301,0.128,-108.459,62.683,28.687
0.027,-0.279,0.102,-104.797,62.073,37.598
0.038,-0.229,0.072,-97.412,63.477,48.523
0.051,-0.160,0.058,-86.670,65.674,59.143
0.044,-0.091,0.072,-74.707,65.247,68.848
0.035,-0.017,0.083,-63.171,62.988,77.332
0.023,0.054,0.081,-53.040,60.242,82.764
0.006,0.130,0.094,-44.983,55.786,84.839
-0.014,0.188,0.102,-39.185,50.110,83.069
-0.015,0.237,0.109,-36.987,45.288,78.247
0.000,0.298,0.106,-34.058,38.391,70.984
0.006,0.330,0.118,-32.349,29.907,61.707
0.022,0.361,0.134,-30.762,20.996,53.162
0.023,0.397,0.160,-27.344,12.268,44.922
0.039,0.440,0.194,-22.278,5.859,36.560
0.045,0.497,0.224,-14.954,1.465,28.503
0.058,0.536,0.226,-7.263,-1.404,21.667
0.067,0.568,0.210,-0.061,-3.967,15.503
0.070,0.590,0.184,8.728,-6.775,9.094
0.055,0.582,0.150,18.982,-10.010,2.869
0.059,0.581,0.108,30.334,-12.024,-3.235
0.050,0.561,0.056,40.649,-13.672,-9.705
0.021,0.543,0.017,53.162,-18.188,-15.076
0.002,0.527,-0.016,66.162,-22.705,-20.508
-0.026,0.453,-0.048,75.134,-28.320,-27.039
-0.037,0.362,-0.040,82.275,-36.133,-33.508
-0.038,0.269,-0.021,88.013,-42.480,-40.771
0.010,0.164,-0.007,87.341,-45.044,-46.265
0.018,0.075,-0.001,82.825,-50.659,-46.936
-0.004,0.004,-0.040,77.026,-55.481,-46.021
-0.049,-0.044,-0.107,72.571,-57.007,-45.044
-0.127,-0.085,-0.185,78.857,-61.340,-44.983
-0.158,-0.160,-0.213,96.191,-66.528,-47.974
-0.165,-0.234,-0.169,121.216,-70.251,-49.622
-0.234,-0.359,-0.042,149.353,-68.481,-47.241
-0.283,-0.480,0.123,176.392,-59.387,-42.603
-0.304,-0.620,0.283,194.153,-48.889,-43.213
-0.327,-0.777,0.429,196.167,-46.936,-51.331
-0.329,-0.951,0.586,187.805,-55.908,-63.843
-0.285,-1.158,0.766,174.377,-67.444,-75.073
-0.289,-1.351,0.927,161.926,-75.134,-80.933
-0.324,-1.566,1.044,151.611,-74.768,-79.773
-0.297,-1.810,1.174,146.240,-69.397,-78.064
-0.325,-2.030,1.350,156.189,-67.200,-83.252
-0.293,-2.167,1.505,161.072,-57.983,-78.430
-0.280,-2.260,1.613,157.349,-44.922,-60.730
-0.246,-2.318,1.654,150.513,-35.400,-34.668
-0.272,-2.321,1.690,136.292,-28.198,-20.081
-0.312,-2.308,1.744,113.403,-20.935,-14.038
-0.318,-2.303,1.771,88.074,-17.090,-14.282
-0.327,-2.320,1.756,63.232,-16.296,-17.883
-0.348,-2.384,1.834,33.630,-12.939,-17.334
-0.349,-2.440,1.859,8.972,-10.925,-16.235
-0.325,-2.447,1.892,-6.592,-9.583,-14.221
-0.316,-2.442,1.894,-18.921,-6.836,-7.446
-0.320,-2.376,1.836,-26.672,-0.488,1.160
-0.316,-2.251,1.712,-33.752,9.766,11.719
-0.315,-2.105,1.572,-41.687,20.691,22.156
-0.316,-1.957,1.425,-47.546,29.358,29.602
-0.304,-1.823,1.295,-54.321,36.194,33.386
-0.296,-1.708,1.190,-61.951,40.771,36.255
-0.267,-1.613,1.107,-69.580,43.640,36.438
-0.221,-1.523,1.042,-76.111,44.983,34.790
-0.190,-1.458,0.986,-81.909,44.678,33.508
-0.169,-1.396,0.922,-87.891,43.884,33.752
-0.191,-1.355,0.885,-92.773,42.236,34.729
-0.214,-1.311,0.893,-95.764,41.687,33.569
-0.183,-1.247,0.878,-98.755,45.959,29.602
-0.123,-1.199,0.834,-106.750,52.063,27.344

-0.101,-1.151,0.771,-127.197,54.565,31.799
-0.081,-1.115,0.738,-135.010,56.824,34.058
-0.054,-1.042,0.665,-140.808,62.866,36.865
-0.049,-0.964,0.564,-146.118,69.458,44.495
-0.061,-0.861,0.442,-147.644,73.730,54.932
-0.074,-0.763,0.335,-142.700,74.280,65.552
-0.110,-0.662,0.257,-135.925,72.632,69.336
-0.153,-0.549,0.182,-127.808,70.740,67.383
-0.161,-0.445,0.092,-120.117,68.237,63.721
-0.154,-0.324,0.021,-114.319,63.904,57.617
-0.148,-0.222,-0.032,-111.328,58.899,49.438
-0.136,-0.142,-0.064,-113.159,55.786,43.945
-0.114,-0.066,-0.101,-117.249,55.237,40.588
-0.088,-0.009,-0.126,-121.643,55.847,38.696
-0.050,0.044,-0.161,-124.695,55.420,35.828
-0.004,0.102,-0.195,-123.718,54.321,32.898
0.044,0.153,-0.193,-117.188,51.758,32.959
0.075,0.188,-0.176,-106.323,49.133,37.415
0.099,0.239,-0.165,-93.994,48.706,44.250
0.103,0.304,-0.150,-79.895,47.302,50.720
0.098,0.362,-0.140,-65.674,43.823,53.284
0.084,0.438,-0.124,-52.917,39.368,51.575
0.079,0.498,-0.091,-39.551,33.569,46.265
0.088,0.529,-0.053,-29.968,27.466,37.720
0.110,0.544,-0.007,-23.254,19.226,27.893
0.132,0.561,0.036,-16.541,8.606,16.846
0.152,0.587,0.062,-9.827,-1.526,6.470
0.175,0.582,0.091,-4.395,-11.597,-2.625
0.172,0.554,0.116,2.197,-23.071,-10.986
0.146,0.522,0.127,10.986,-30.701,-18.188
0.175,0.490,0.134,21.606,-31.006,-22.827
0.232,0.439,0.121,34.790,-31.921,-21.851
0.248,0.396,0.114,49.194,-36.377,-17.395
0.190,0.405,0.047,64.453,-41.016,-11.169
0.149,0.438,-0.046,82.764,-41.321,-6.226
0.094,0.452,-0.135,105.347,-45.593,-5.859
0.026,0.420,-0.188,126.587,-56.824,-11.047
-0.074,0.360,-0.181,145.630,-68.420,-20.691
-0.178,0.268,-0.134,163.086,-76.965,-34.302
-0.207,0.122,-0.035,173.950,-85.022,-50.781
-0.256,-0.036,0.064,177.429,-94.971,-66.040
-0.329,-0.197,0.163,175.537,-102.051,-76.843
-0.419,-0.387,0.228,173.279,-102.234,-85.266
-0.465,-0.600,0.303,172.913,-99.731,-93.018
-0.534,-0.836,0.434,177.795,-100.952,-99.182
-0.588,-1.110,0.601,183.655,-101.440,-102.966
-0.629,-1.418,0.810,190.308,-96.619,-105.896
-0.590,-1.650,0.985,198.303,-88.074,-104.370
-0.580,-1.827,1.138,203.674,-80.261,-98.633
-0.596,-1.989,1.297,201.355,-72.205,-89.355
-0.621,-2.143,1.459,195.312,-65.430,-83.496
-0.706,-2.337,1.614,185.547,-61.523,-89.783
-0.664,-2.493,1.796,163.269,-56.763,-98.511
-0.544,-2.653,1.892,132.080,-50.781,-101.013
-0.451,-2.759,1.968,94.360,-41.687,-94.604
-0.437,-2.836,1.995,53.589,-30.518,-73.486
-0.446,-2.876,1.998,17.395,-16.663,-45.593
-0.467,-2.837,1.966,-11.597,-2.136,-18.494
-0.486,-2.738,1.880,-33.875,13.306,4.822
-0.469,-2.587,1.747,-52.124,29.724,27.100
-0.455,-2.402,1.590,-67.993,43.213,51.392
-0.462,-2.171,1.417,-80.322,55.054,74.219
-0.456,-1.954,1.232,-87.402,66.345,89.783
-0.449,-1.712,1.083,-91.553,73.730,97.229
-0.450,-1.524,0.954,-97.290,75.989,99.426
-0.426,-1.392,0.843,-107.544,75.562,95.703
-0.398,-1.308,0.779,-119.385,73.303,88.135
-0.341,-1.243,0.741,-129.700,70.313,79.102
-0.269,-1.173,0.696,-137.939,67.688,71.838
-0.217,-1.082,0.615,-144.287,65.796,70.313
-0.176,-0.960,0.526,-146.606,64.026,72.876
-0.134,-0.812,0.413,-143.555,61.890,75.623
-0.118,-0.667,0.308,-136.719,60.669,78.552
-0.105,-0.532,0.212,-124.695,61.523,80.200
-0.098,-0.394,0.141,-110.352,62.805,79.041
-0.076,-0.278,0.097,-96.619,62.256,74.524
-0.070,-0.171,0.066,-87.402,58.899,67.383
-0.063,-0.036,0.007,-82.520,53.711,57.617
-0.009,0.106,-0.076,-82.336,49.744,43.945
0.046,0.229,-0.179,-86.060,44.006,30.090
0.111,0.336,-0.279,-87.280,34.485,19.897
0.157,0.413,-0.339,-81.116,25.879,13.550
0.181,0.470,-0.374,-70.374,21.851,12.207
0.179,0.517,-0.394,-56.335,18.372,14.038
0.161,0.556,-0.385,-40.161,12.329,13.977
0.140,0.576,-0.350,-24.597,4.089,11.719
0.116,0.569,-0.304,-11.230,-4.395,8.240
0.098,0.550,-0.250,0.122,-11.780,3.357
0.105,0.512,-0.189,9.583,-18.494,-1.038
0.075,0.481,-0.128,16.357,-25.757,-3.601
0.026,0.474,-0.089,23.804,-30.640,-6.042
-0.006,0.462,-0.065,31.372,-32.227,-9.766
-0.017,0.436,-0.045,39.856,-34.973,-13.916
-0.024,0.398,-0.012,51.147,-40.283,-17.700
-0.042,0.354,0.006,62.561,-44.067,-20.081
-0.062,0.314,0.016,76.233,-47.729,-21.362
-0.118,0.256,0.033,91.187,-54.138,-23.560
-0.192,0.149,0.065,104.614,-59.753,-26.917
-0.250,0.005,0.133,118.713,-62.988,-31.921
-0.263,-0.156,0.242,133.423,-63.416,-40.527
-0.276,-0.362,0.366,142.639,-63.904,-50.049
-0.319,-0.595,0.505,146.057,-64.880,-57.434
-0.365,-0.858,0.665,149.414,-64.819,-62.927
-0.393,-1.151,0.870,150.818,-62.622,-67.078
-0.411,-1.434,1.077,149.292,-59.204,-68.787
-0.401,-1.681,1.286,142.761,-53.894,-69.580
-0.356,-1.880,1.448,130.493,-45.837,-67.444
-0.287,-2.033,1.594,114.441,-36.316,-58.350
-0.275,-2.151,1.671,103.516,-30.762,-46.631
-0.293,-2.221,1.692,97.107,-22.461,-35.706
-0.282,-2.222,1.670,85.266,-7.446,-22.461
-0.274,-2.195,1.600,70.618,5.859,-6.653
-0.282,-2.177,1.562,50.354,15.991,7.080
-0.269,-2.143,1.516,28.503,19.470,17.395
-0.231,-2.061,1.453,8.545,19.958,25.879
-0.192,-1.952,1.358,-11.414,22.278,35.706
-0.178,-1.819,1.247,-30.884,25.269,47.546
-0.173,-1.666,1.131,-44.250,27.893,58.105
-0.163,-1.523,1.029,-52.856,29.297,65.369

-0.163,-1.283,0.856,-54.810,27.161,64.636
-0.112,-1.077,0.708,-52.063,29.175,58.228
-0.112,-1.152,0.705,-50.415,28.198,43.640
-0.091,-1.025,0.661,-50.476,32.166,37.048
-0.009,-0.894,0.594,-46.692,40.344,42.542
0.011,-0.805,0.593,-42.908,43.762,43.274
0.029,-0.716,0.478,-32.593,44.128,44.189
0.104,-0.482,0.361,-9.033,36.865,36.194
-0.084,-0.664,0.398,25.757,18.127,4.944
0.178,-0.674,0.539,-8.911,15.930,12.146
0.272,-0.604,0.242,-0.366,27.466,37.598
-0.075,-0.642,0.135,-4.761,12.695,49.500
0.089,-0.470,0.660,-74.219,-3.723,58.044
0.103,-0.426,0.605,-69.031,14.221,61.951
0.100,-0.319,0.413,-39.368,35.400,56.458
0.059,-0.434,0.436,-39.246,36.621,45.776
0.032,-0.352,0.301,-32.227,30.212,39.429
0.024,-0.300,0.251,-33.936,19.592,33.020
0.000,-0.279,0.246,-34.363,10.681,24.597
0.064,-0.367,0.105,-21.362,5.859,12.390
0.116,-0.380,0.346,-14.832,-1.099,6.104
0.063,-0.433,0.325,0.488,6.348,5.859
0.011,-0.547,0.412,9.155,13.916,11.536
-0.026,-0.493,0.485,12.634,20.325,21.606
-0.024,-0.491,0.536,17.578,23.315,24.231
0.037,-0.484,0.579,17.273,19.226,21.606
0.045,-0.513,0.699,9.583,16.724,16.846
0.027,-0.584,0.707,3.418,19.287,11.414
0.015,-0.646,0.683,1.282,20.996,9.644
0.017,-0.634,0.665,-0.366,21.118,11.597
0.000,-0.697,0.554,-0.671,19.104,12.268
-0.018,-0.732,0.584,1.953,10.254,13.000
0.046,-0.689,0.656,2.136,2.747,13.428
0.064,-0.756,0.596,1.953,4.822,13.245
0.045,-0.816,0.677,0.122,6.714,15.991
0.111,-1.107,0.056,10.315,5.554,28.198
-0.108,-0.968,0.033,57.251,-39.795,55.847
0.006,-0.606,0.835,61.829,-105.896,79.407
0.047,-0.539,1.076,42.725,-100.708,67.444
0.045,-0.546,0.928,16.296,-58.228,43.091
0.069,-0.604,0.772,4.883,-24.292,18.921
0.101,-0.723,0.677,3.845,-7.568,0.244
0.092,-0.797,0.566,4.822,-0.916,-7.080
0.063,-0.810,0.566,9.521,-3.845,-7.080
0.055,-0.771,0.666,15.930,-11.169,-5.249
0.067,-0.730,0.780,16.541,-11.475,-4.883
0.058,-0.704,0.781,9.094,-1.770,-8.667
0.018,-0.729,0.676,-2.686,10.803,-15.381
-0.019,-0.779,0.560,-12.695,17.456,-23.315
0.064,-0.779,0.494,-16.541,13.855,-26.184
0.070,-0.765,0.446,-15.381,6.836,-24.719
0.046,-0.752,0.445,-11.475,-0.488,-21.729
0.069,-0.798,0.521,-3.601,-10.315,-16.907
0.090,-0.860,0.536,8.179,-16.357,-10.986
0.063,-0.778,0.676,12.085,-22.461,0.366
0.060,-0.798,0.664,11.108,-20.874,5.859
0.045,-0.811,0.668,9.521,-17.761,9.094
0.035,-0.783,0.736,12.024,-17.273,13.916
0.041,-0.718,0.815,11.169,-13.733,16.968
-0.105,-0.223,1.732,6.287,9.705,7.080
0.022,-0.785,0.672,-24.658,87.891,-33.020
0.028,-0.893,0.479,-40.710,106.689,-39.856
0.019,-0.905,0.438,-12.268,87.341,-30.701
0.064,-0.863,0.453,-4.517,66.284,-12.878
0.077,-0.817,0.504,4.272,46.875,3.113
0.099,-0.759,0.512,8.179,35.522,14.160
0.114,-0.747,0.469,8.362,28.870,17.761
0.120,-0.764,0.415,3.723,18.860,17.822
0.172,-0.655,0.370,-8.545,1.404,16.663
0.091,-0.787,0.451,-14.587,-21.606,8.667
0.077,-0.807,0.645,-10.559,-41.504,9.949
0.063,-0.748,0.770,-12.573,-45.288,14.771
0.086,-0.650,0.710,-15.198,-34.790,13.916
0.132,-0.613,0.679,-24.292,-21.423,9.094
0.142,-0.667,0.670,-20.813,-11.963,-0.732
0.124,-0.731,0.626,-18.250,-2.075,-7.568
0.100,-0.792,0.581,-14.282,3.967,-10.071
0.086,-0.823,0.560,-6.653,2.747,-8.667
0.103,-0.802,0.544,-2.014,0.366,-5.066
0.120,-0.739,0.576,1.953,-3.784,-2.014
0.087,-0.723,0.678,2.686,-7.996,-0.916
0.076,-0.773,0.754,-1.892,-6.348,-2.258
0.089,-0.783,0.753,-8.911,-0.549,-1.404
0.074,-0.769,0.673,-14.648,7.690,0.427
0.077,-0.746,0.585,-17.212,13.000,1.221
0.061,-0.758,0.581,-14.343,11.475,1.343
0.054,-0.776,0.585,-8.972,7.446,1.587
-0.000,-0.947,0.237,-1.038,2.563,5.615
0.112,-0.695,0.628,12.024,-19.897,19.775
0.056,-0.772,0.606,7.507,-26.245,25.024
0.113,-0.594,0.817,4.395,-18.738,27.222
0.056,-0.387,0.822,-3.723,-2.441,22.278
0.094,-0.587,0.690,-22.888,22.217,-1.099
0.079,-0.589,0.665,-39.795,33.386,-15.320
0.042,-0.747,0.569,-40.588,36.987,-26.550
0.088,-0.910,0.709,-30.518,30.518,-27.344
0.102,-0.846,0.801,-33.997,29.175,-16.113
0.106,-0.814,0.799,-50.354,38.757,-1.404
0.111,-0.750,0.796,-72.937,49.011,11.475
0.115,-0.722,0.730,-78.125,52.368,16.418
0.103,-0.672,0.726,-66.345,44.373,14.343
0.096,-0.648,0.806,-43.518,30.823,6.470
0.108,-0.634,0.640,-19.958,11.353,-4.272
0.106,-0.714,0.742,-30.518,1.709,-11.230
0.113,-0.736,0.742,-47.058,-10.681,-15.198
0.173,-0.611,0.860,-42.725,-20.386,-14.832
0.183,-0.608,0.765,-7.629,-41.687,-3.662
0.295,-0.377,0.633,21.179,-58.167,4.517
0.051,-0.595,0.752,40.039,-42.908,19.470
0.074,-0.666,0.742,10.132,-41.382,31.555
0.063,-0.629,0.684,-24.292,-41.199,20.325
0.077,-0.663,0.719,-38.025,-31.006,23.437
0.061,-0.693,0.737,-48.462,-31.616,25.452
0.048,-0.700,0.703,-59.265,-32.227,20.691
0.045,-0.690,0.681,-60.730,-30.334,17.273
0.033,-0.667,0.643,-52.307,-28.931,13.245
-0.012,-0.677,0.632,-53.040,-24.841,5.432
0.022,-0.641,0.630,-72.388,-16.174,-1.404
0.066,-0.632,0.706,-79.102,-7.263,-4.700

-0.409,-0.408,0.511,54.688,-173.035,-22.278
-0.345,-0.756,1.057,38.025,-85.815,50.537
-0.110,-0.235,1.036,-27.710,-27.832,113.525
-0.136,-0.073,1.130,-44.861,-24.231,108.704
-0.340,-0.369,1.036,-56.885,15.869,72.327
-0.251,-0.534,0.419,-80.017,68.726,51.575
-0.063,-0.607,0.442,-112.427,53.589,56.580
0.052,-0.469,0.960,-128.357,-14.832,108.154
-0.288,-0.053,0.951,-132.080,-32.043,149.658
-0.814,0.144,0.827,-106.079,-33.813,140.137
-0.543,0.035,0.834,-94.299,-31.433,73.303
-0.255,-0.455,0.530,-90.027,3.296,-11.353
-0.273,-0.556,0.411,-127.380,35.156,-88.562
-0.428,-0.344,0.782,-132.874,1.831,-90.210
-0.333,-0.343,0.674,-113.464,-12.085,-87.219
-0.258,-0.156,0.587,-108.398,-0.977,-86.792
-0.239,-0.106,0.476,-96.191,-1.587,-81.848
-0.225,-0.091,0.414,-69.458,-6.897,-66.406
-0.206,-0.047,0.478,-51.941,-14.893,-54.871
-0.107,-0.051,0.463,-60.242,-14.343,-53.589
-0.083,0.008,0.421,-79.163,-11.841,-59.875
0.004,0.055,0.292,-78.613,-21.545,-68.726
0.121,0.120,0.251,-70.679,-44.067,-82.886
0.201,0.141,0.284,-60.486,-65.308,-97.656
0.138,0.153,0.295,-43.396,-80.078,-101.624
0.087,0.016,0.214,-11.902,-85.693,-86.853
-0.164,0.052,0.323,12.817,-89.355,-62.195
-0.255,-0.094,0.396,39.490,-86.304,-39.612
-0.303,-0.097,0.607,56.274,-73.547,-11.108
-0.255,-0.078,0.778,67.322,-51.575,8.667
-0.271,-0.067,0.915,76.965,-32.288,16.418
-0.294,-0.060,1.034,85.754,-18.311,16.602
-0.336,-0.081,1.148,87.524,-4.395,13.611
-0.401,-0.095,1.273,85.327,6.775,13.550
-0.509,-0.080,1.413,81.238,10.193,16.235
-0.594,-0.108,1.505,76.111,8.240,17.334
-0.677,-0.156,1.598,66.162,4.944,18.738
-0.790,-0.203,1.673,57.373,-4.211,26.367
-0.871,-0.265,1.742,50.659,-19.836,31.921
-0.919,-0.291,1.804,45.776,-33.875,33.691
-0.913,-0.258,1.951,28.870,-30.273,33.020
-0.934,-0.363,1.833,9.705,-11.841,25.635
-0.946,-0.418,1.726,-2.747,-6.165,18.799
-0.934,-0.406,1.667,-11.169,-5.981,14.099
-0.890,-0.420,1.597,-19.348,-2.747,2.686
-0.804,-0.407,1.526,-26.733,-2.014,-8.362
-0.739,-0.377,1.459,-30.640,-4.944,-16.174
-0.689,-0.362,1.416,-34.729,-10.376,-21.729
-0.625,-0.312,1.422,-46.570,-15.869,-22.705
-0.601,-0.238,1.370,-55.725,-22.217,-16.602
-0.681,-0.137,1.382,-66.833,-29.541,-18.127
-0.726,-0.177,1.411,-68.604,-32.654,-25.146
-0.786,-0.245,1.465,-67.322,-29.846,-17.151
-0.877,-0.221,1.488,-67.078,-20.813,-10.681
-0.922,-0.219,1.447,-61.218,-15.442,-7.202
-0.963,-0.266,1.364,-57.678,-7.812,-10.742
-0.941,-0.318,1.274,-55.115,2.319,-11.597
-0.868,-0.336,1.263,-57.251,12.756,-8.179
-0.719,-0.296,1.299,-67.322,25.269,-6.165
-0.607,-0.259,1.335,-82.947,37.476,-8.057
-0.530,-0.238,1.321,-93.445,45.654,-8.789
-0.474,-0.251,1.250,-97.961,52.551,-6.653
-0.427,-0.283,1.141,-98.083,57.129,-2.869
-0.444,-0.316,1.020,-97.900,55.115,-1.648
-0.386,-0.289,1.009,-100.281,51.514,-4.150
-0.306,-0.239,0.977,-103.760,56.030,-7.751
-0.260,-0.234,0.938,-102.539,62.561,-7.935
-0.223,-0.254,0.885,-101.074,69.275,-5.920
-0.176,-0.218,0.863,-104.370,80.505,-5.005
-0.126,-0.186,0.819,-106.323,80.505,-4.456
-0.142,-0.148,0.789,-102.173,69.519,-7.080
-0.111,-0.113,0.777,-98.877,59.448,-11.658
-0.056,-0.085,0.716,-98.633,51.575,-14.038
-0.052,-0.009,0.695,-98.633,39.917,-13.123
-0.102,0.024,0.618,-95.337,28.015,-9.644
-0.122,0.030,0.533,-93.567,17.273,-4.761
-0.155,0.018,0.453,-94.849,3.540,0.793
-0.243,0.033,0.378,-94.421,-9.094,6.042
-0.254,0.068,0.395,-97.778,-19.104,6.775
-0.232,0.104,0.417,-106.750,-23.437,1.343
-0.182,0.169,0.398,-110.901,-21.545,-3.052
-0.166,0.194,0.315,-109.192,-17.944,-6.226
-0.119,0.251,0.329,-103.271,-17.944,-10.620
-0.062,0.323,0.396,-97.717,-18.250,-15.442
-0.057,0.372,0.422,-91.064,-17.395,-15.991
-0.089,0.394,0.416,-80.627,-18.433,-11.047
-0.104,0.391,0.396,-71.899,-19.348,-5.798
-0.128,0.395,0.384,-68.359,-21.423,-2.014
-0.182,0.382,0.308,-62.988,-21.667,3.296
-0.234,0.372,0.258,-53.772,-16.846,5.371
-0.214,0.389,0.298,-48.157,-10.010,1.709
-0.208,0.421,0.324,-44.373,-1.587,-0.854
-0.206,0.445,0.298,-40.039,5.737,-1.038
-0.219,0.481,0.259,-32.593,6.958,0.183
-0.241,0.501,0.218,-23.987,5.066,1.343
-0.256,0.528,0.176,-14.587,2.502,2.380
-0.260,0.544,0.147,-6.042,1.221,1.831
-0.253,0.580,0.148,3.357,0.183,-0.183
-0.249,0.607,0.171,13.367,-1.221,-2.991
-0.231,0.606,0.183,22.583,-2.014,-4.822
-0.237,0.588,0.172,30.212,-2.563,-3.845
-0.256,0.578,0.164,38.330,-2.625,-1.099
-0.255,0.572,0.198,46.143,-2.319,-0.122
-0.231,0.562,0.249,51.941,0.000,0.916
-0.205,0.535,0.275,56.335,5.554,3.784
-0.176,0.487,0.289,61.340,9.766,7.019
-0.129,0.455,0.318,66.650,10.925,10.620
-0.097,0.398,0.336,71.167,12.024,15.076
-0.099,0.330,0.340,75.562,14.709,19.470
-0.075,0.281,0.393,79.224,15.625,23.560
-0.046,0.251,0.451,79.834,15.503,25.024
-0.008,0.222,0.500,79.773,11.658,24.719
0.023,0.201,0.516,81.360,3.723,25.513
-0.011,0.193,0.494,85.327,-5.188,27.771
-0.089,0.186,0.486,92.407,-14.587,32.776
-0.172,0.139,0.492,100.769,-19.226,39.307
-0.230,0.092,0.547,106.262,-17.395,43.762
-0.226,0.056,0.630,110.046,-12.146,46.814
-0.246,0.007,0.730,114.868,-9.094,47.852

-0.653,-0.265,1.189,112.061,-44.617,15.869
-0.686,-0.264,1.175,107.849,-42.847,11.780
-0.687,-0.251,1.206,102.173,-43.152,11.047
-0.687,-0.239,1.218,94.788,-41.992,14.954
-0.730,-0.262,1.254,89.722,-40.466,21.240
-0.774,-0.349,1.369,84.900,-35.706,28.137
-0.806,-0.433,1.513,74.280,-19.897,34.668
-0.861,-0.496,1.656,59.448,-1.404,37.170
-0.806,-0.518,1.725,42.358,7.507,32.776
-0.820,-0.517,1.840,31.616,0.916,23.010
-0.767,-0.492,1.799,25.208,-7.202,6.409
-0.728,-0.471,1.725,16.113,-9.033,-4.883
-0.674,-0.433,1.654,7.507,-10.254,-13.245
-0.632,-0.380,1.590,-3.418,-10.254,-14.343
-0.601,-0.343,1.510,-10.681,-14.465,-13.306
-0.602,-0.347,1.430,-16.724,-23.315,-13.489
-0.660,-0.366,1.387,-25.085,-34.607,-17.578
-0.684,-0.324,1.374,-37.537,-45.959,-27.222
-0.542,-0.377,1.322,-35.522,-64.697,-37.659
-0.721,-0.336,1.457,-56.396,-68.970,-48.035
-0.789,-0.346,1.401,-66.284,-55.237,-46.021
-0.684,-0.365,1.316,-62.500,-44.128,-31.555
-0.744,-0.484,1.348,-53.101,-40.283,-17.822
-0.846,-0.478,1.358,-49.927,-34.119,-7.568
-0.865,-0.569,1.327,-59.082,-18.433,-6.042
-0.816,-0.626,1.322,-81.360,1.099,-7.812
-0.759,-0.651,1.254,-108.765,15.808,-12.756
-0.818,-0.692,1.324,-142.212,23.437,-22.400
-0.797,-0.658,1.328,-163.879,28.137,-27.832
-0.772,-0.596,1.288,-170.410,33.752,-26.917
-0.699,-0.515,1.251,-173.889,37.720,-30.212
-0.647,-0.413,1.216,-179.993,39.185,-41.870
-0.579,-0.291,1.160,-182.922,36.499,-54.199
-0.522,-0.204,1.081,-179.749,32.959,-62.073
-0.477,-0.165,1.018,-172.729,31.250,-66.711
-0.452,-0.122,0.927,-164.673,30.945,-66.833
-0.435,-0.054,0.808,-156.738,34.119,-65.430
-0.419,0.024,0.744,-146.667,38.635,-60.608
-0.429,0.061,0.703,-133.789,39.001,-53.101
-0.414,0.048,0.681,-123.596,36.377,-47.668
-0.392,0.011,0.688,-119.568,33.447,-43.396
-0.365,-0.001,0.707,-119.080,30.945,-36.621
-0.351,-0.023,0.728,-119.263,31.311,-26.184
-0.349,-0.054,0.747,-123.230,37.537,-15.015
-0.330,-0.097,0.710,-131.348,41.321,-10.010
-0.319,-0.107,0.651,-141.724,36.621,-14.709
-0.277,-0.025,0.624,-154.907,29.114,-22.522
-0.219,0.038,0.562,-168.884,20.569,-32.166
-0.178,0.103,0.511,-175.171,11.108,-41.138
-0.182,0.145,0.432,-173.462,2.197,-43.274
-0.173,0.204,0.347,-168.884,-3.601,-43.518
-0.158,0.260,0.288,-165.649,-10.376,-44.983
-0.160,0.341,0.219,-161.560,-12.878,-44.495
-0.127,0.431,0.169,-157.715,-12.878,-43.030
-0.105,0.515,0.128,-151.733,-13.672,-41.260
-0.109,0.567,0.110,-142.761,-13.306,-37.842
-0.118,0.598,0.106,-133.484,-10.620,-32.776
-0.125,0.629,0.105,-125.854,-8.667,-27.527
-0.123,0.674,0.091,-119.080,-8.179,-22.400
-0.123,0.715,0.055,-112.976,-7.019,-17.334
-0.114,0.763,0.013,-106.506,-5.310,-13.184
-0.108,0.824,-0.049,-98.450,-2.625,-8.728
-0.146,0.863,-0.122,-86.304,-1.770,-5.005
-0.178,0.893,-0.118,-72.754,-5.554,-3.174
-0.198,0.913,-0.062,-64.941,-10.010,-5.554
-0.211,0.941,-0.041,-58.838,-11.047,-8.850
-0.232,0.964,-0.053,-51.758,-11.536,-8.850
-0.274,0.977,-0.072,-41.626,-13.062,-7.263
-0.313,0.992,-0.071,-31.128,-13.733,-6.226
-0.339,1.014,-0.071,-22.644,-11.414,-5.737
-0.381,1.021,-0.075,-14.221,-6.592,-4.517
-0.405,1.020,-0.077,-5.859,-0.244,-3.479
-0.403,1.030,-0.063,1.404,6.714,-4.272
-0.412,1.049,-0.041,6.226,14.832,-4.822
-0.419,1.064,-0.037,9.827,22.278,-4.272
-0.406,1.072,-0.037,13.794,26.245,-4.272
-0.385,1.072,-0.037,18.494,28.198,-4.272
-0.352,1.073,-0.036,23.682,31.860,-2.991
-0.328,1.072,-0.045,29.419,36.743,0.488
-0.311,1.058,-0.061,36.072,39.124,3.784
-0.284,1.046,-0.040,41.199,36.316,3.052
-0.254,1.053,0.005,44.678,35.583,1.099
-0.253,1.018,-0.010,46.875,41.199,1.892
-0.209,0.965,-0.039,53.223,41.809,2.686
-0.190,0.921,-0.033,60.974,35.583,5.188
-0.173,0.877,-0.044,68.298,30.640,10.132
-0.153,0.814,-0.052,73.792,25.391,15.320
-0.139,0.767,-0.042,77.698,19.226,20.020
-0.119,0.740,-0.032,81.970,13.611,22.522
-0.089,0.699,-0.011,87.585,7.935,21.301
-0.051,0.672,-0.000,96.680,1.831,18.677
-0.057,0.641,0.006,109.558,-5.127,18.982
-0.053,0.592,0.066,124.573,-14.465,21.729
-0.065,0.514,0.144,136.597,-18.005,26.062
-0.077,0.451,0.209,142.639,-15.137,30.701
-0.090,0.416,0.249,146.301,-11.169,34.912
-0.097,0.376,0.263,151.001,-8.850,37.292
-0.113,0.297,0.287,155.151,-10.803,38.330
-0.148,0.215,0.339,155.701,-17.395,39.490
-0.188,0.156,0.407,154.114,-21.729,42.419
-0.222,0.125,0.491,152.771,-18.494,48.645
-0.272,0.090,0.576,152.832,-9.338,54.688
-0.318,0.036,0.653,154.907,-1.160,58.228
-0.380,-0.046,0.674,157.288,3.540,58.838
-0.408,-0.076,0.729,157.471,9.155,53.345
-0.420,-0.076,0.791,154.541,18.616,43.274
-0.391,-0.096,0.887,153.259,22.156,36.072
-0.382,-0.157,1.011,152.466,22.156,35.217
-0.388,-0.197,1.139,146.179,25.208,40.588
-0.381,-0.224,1.246,137.024,31.189,46.448
-0.282,-0.262,1.235,125.305,35.217,52.490
-0.357,-0.322,1.349,125.366,21.545,55.054
-0.449,-0.288,1.417,136.230,-1.160,46.631
-0.457,-0.256,1.424,131.042,-3.418,43.457
-0.505,-0.202,1.457,126.343,-11.353,28.259
-0.544,-0.178,1.385,119.019,-16.174,17.334
-0.547,-0.216,1.316,117.554,-22.766,5.371
-0.568,-0.264,1.335,115.479,-25.085,-0.610
-0.560,-0.345,1.387,108.276,-16.785,4.944

-0.554,-0.477,1.679,85.449,19.165,36.926
-0.591,-0.512,1.831,69.092,31.250,47.546
-0.610,-0.517,1.917,49.561,34.424,51.086
-0.626,-0.480,1.998,32.410,23.621,45.227
-0.635,-0.429,1.943,15.320,10.620,30.273
-0.632,-0.372,1.881,3.906,-5.066,12.817
-0.636,-0.297,1.831,-5.249,-18.799,-2.808
-0.671,-0.234,1.788,-13.367,-24.719,-11.414
-0.708,-0.207,1.778,-21.362,-24.170,-11.902
-0.731,-0.176,1.780,-30.029,-18.433,-6.592
-0.748,-0.175,1.766,-39.246,-10.742,-1.221
-0.756,-0.219,1.758,-46.326,-5.737,0.549
-0.753,-0.263,1.759,-52.246,-3.479,-0.610
-0.727,-0.290,1.743,-62.744,-2.075,-4.089
-0.679,-0.306,1.704,-75.317,-4.456,-8.484
-0.623,-0.320,1.637,-85.022,-11.414,-12.024
-0.587,-0.329,1.590,-90.454,-18.066,-14.282
-0.556,-0.346,1.544,-95.154,-16.907,-15.625
-0.510,-0.354,1.498,-102.783,-9.094,-16.174
-0.479,-0.340,1.463,-111.877,-0.427,-15.686
-0.459,-0.309,1.415,-120.056,5.005,-13.672
-0.443,-0.290,1.351,-126.038,8.240,-11.780
-0.413,-0.293,1.273,-129.761,11.292,-11.841
-0.378,-0.265,1.193,-133.911,15.625,-12.146
-0.349,-0.233,1.134,-140.198,16.602,-12.817
-0.324,-0.206,1.062,-147.278,15.808,-14.893
-0.315,-0.182,0.942,-150.085,12.939,-16.907
-0.325,-0.129,0.809,-147.339,5.310,-18.311
-0.310,-0.056,0.722,-144.104,-3.540,-24.170
-0.269,0.017,0.658,-143.372,-10.742,-33.630
-0.234,0.106,0.581,-141.235,-16.418,-39.368
-0.195,0.175,0.498,-137.451,-22.095,-39.978
-0.189,0.221,0.399,-130.920,-30.579,-37.354
-0.225,0.272,0.344,-123.108,-41.138,-30.518
-0.230,0.328,0.318,-120.911,-46.082,-24.475
-0.259,0.379,0.294,-122.131,-47.180,-23.743
-0.294,0.353,0.288,-121.765,-48.889,-24.109
-0.285,0.350,0.292,-123.535,-50.293,-21.301
-0.282,0.390,0.286,-128.540,-50.049,-18.005
-0.263,0.435,0.252,-131.836,-45.166,-15.564
-0.266,0.454,0.210,-132.935,-36.072,-13.306
-0.261,0.456,0.215,-131.592,-31.372,-11.719
-0.272,0.479,0.226,-128.845,-28.992,-10.681
-0.274,0.481,0.221,-126.099,-25.818,-10.925
-0.273,0.472,0.215,-126.343,-24.414,-13.855
-0.301,0.457,0.203,-129.333,-28.015,-15.869
-0.312,0.476,0.201,-134.277,-35.889,-14.771
-0.329,0.511,0.176,-134.888,-42.053,-15.991
-0.332,0.543,0.126,-129.028,-44.312,-20.569
-0.312,0.580,0.056,-119.568,-43.762,-25.696
-0.298,0.615,-0.010,-106.995,-40.039,-29.358
-0.277,0.659,-0.061,-92.163,-33.203,-30.396
-0.278,0.703,-0.089,-75.989,-25.024,-28.442
-0.261,0.753,-0.080,-60.181,-15.991,-24.719
-0.236,0.785,-0.095,-45.776,-5.432,-22.705
-0.220,0.821,-0.116,-32.837,1.160,-20.813
-0.207,0.867,-0.138,-19.775,1.282,-19.043
-0.203,0.886,-0.172,-7.935,-0.122,-17.517
-0.192,0.924,-0.204,2.502,0.122,-15.442
-0.185,0.969,-0.214,12.817,1.831,-13.855
-0.187,0.995,-0.223,24.048,3.540,-11.597
-0.197,1.010,-0.219,35.706,3.723,-8.423
-0.193,1.011,-0.208,43.518,5.005,-4.639
-0.214,0.998,-0.210,49.072,8.728,2.136
-0.243,0.988,-0.191,55.664,13.367,10.925
-0.270,0.968,-0.171,61.279,18.677,17.578
-0.280,0.945,-0.140,66.406,22.766,21.606
-0.300,0.915,-0.111,71.960,24.841,23.621
-0.319,0.872,-0.097,77.393,25.635,24.780
-0.326,0.834,-0.060,82.336,24.780,26.123
-0.331,0.796,-0.017,85.815,25.757,26.855
-0.320,0.742,0.019,87.708,27.649,25.574
-0.298,0.684,0.052,87.769,29.175,22.827
-0.268,0.656,0.094,87.402,28.564,19.592
-0.225,0.620,0.126,89.539,24.841,17.334
-0.171,0.587,0.157,92.529,19.714,16.296
-0.139,0.543,0.175,96.497,16.785,17.517
-0.127,0.491,0.189,101.501,17.151,21.729
-0.127,0.440,0.210,108.032,19.531,28.442
-0.163,0.389,0.247,115.051,22.400,35.645
-0.180,0.352,0.327,121.521,25.024,41.321
-0.197,0.296,0.398,125.427,30.823,43.091
-0.194,0.250,0.462,127.197,35.828,43.884
-0.198,0.209,0.522,130.127,34.668,46.814
-0.236,0.171,0.576,134.338,28.809,51.941
-0.290,0.150,0.617,136.108,22.217,55.176
-0.363,0.118,0.629,135.071,17.883,55.481
-0.431,0.070,0.647,135.315,16.235,55.542
-0.507,0.008,0.698,137.146,20.203,53.589
-0.537,-0.029,0.806,140.015,26.245,51.392
-0.523,-0.029,0.958,141.418,33.508,48.584
-0.512,-0.011,1.097,139.587,40.894,46.692
-0.492,0.017,1.202,137.878,44.250,47.241
-0.467,0.047,1.268,135.071,41.931,46.082
-0.394,0.076,1.220,130.066,35.645,45.959
-0.442,0.057,1.310,131.226,16.479,44.800
-0.529,-0.000,1.178,142.517,-6.226,35.828
-0.551,-0.097,1.147,144.409,-13.794,38.818
-0.590,-0.168,1.225,147.583,-21.240,32.288
-0.600,-0.194,1.299,143.311,-17.212,29.602
-0.584,-0.252,1.369,137.695,-10.681,23.987
-0.573,-0.357,1.446,132.202,-5.859,16.174
-0.558,-0.427,1.513,121.399,0.000,14.709
-0.559,-0.477,1.541,105.591,6.287,22.034
-0.557,-0.531,1.591,90.088,9.766,32.654
-0.556,-0.555,1.662,72.571,12.085,41.809
-0.563,-0.572,1.710,55.725,12.085,48.035
-0.596,-0.589,1.763,43.579,6.775,49.805
-0.637,-0.605,1.824,32.593,0.366,47.546
-0.669,-0.619,1.885,20.142,-3.235,42.114
-0.711,-0.644,1.915,9.705,-5.188,36.072
-0.785,-0.679,1.914,2.258,-7.141,29.175
-0.846,-0.683,1.939,-8.728,-8.911,19.409
-0.887,-0.670,1.953,-25.208,-6.592,7.690
-0.889,-0.656,1.938,-40.771,-2.075,-2.197
-0.870,-0.630,1.900,-57.739,0.183,-10.315
-0.841,-0.587,1.854,-75.500,0.610,-16.235
-0.800,-0.573,1.770,-90.576,2.197,-22.095
-0.758,-0.550,1.681,-101.929,4.272,-28.015

-0.638,-0.474,1.544,-119.873,3.113,-41.565
-0.594,-0.425,1.460,-124.390,-0.305,-47.119
-0.551,-0.371,1.359,-126.404,-2.625,-52.307
-0.529,-0.328,1.244,-127.197,-5.005,-58.594
-0.493,-0.284,1.163,-127.075,-7.141,-64.880
-0.435,-0.254,1.117,-129.150,-6.042,-70.068
-0.390,-0.238,1.068,-133.850,-2.747,-72.693
-0.353,-0.190,1.014,-139.954,0.244,-71.350
-0.333,-0.140,0.916,-146.545,3.662,-66.956
-0.307,-0.059,0.810,-151.611,4.822,-60.669
-0.277,0.022,0.723,-155.457,1.282,-58.105
-0.256,0.056,0.619,-156.738,-5.676,-58.350
-0.277,0.088,0.516,-155.640,-15.808,-56.824
-0.270,0.134,0.464,-155.396,-26.428,-56.763
-0.245,0.201,0.425,-158.508,-33.020,-59.143
-0.222,0.263,0.375,-162.354,-37.476,-59.082
-0.216,0.312,0.302,-162.170,-39.246,-56.458
-0.200,0.334,0.247,-160.461,-37.842,-53.467
-0.181,0.369,0.228,-159.302,-33.508,-49.194
-0.159,0.424,0.222,-158.203,-26.917,-43.274
-0.143,0.468,0.206,-156.433,-20.691,-36.560
-0.139,0.484,0.163,-152.283,-16.174,-29.480
-0.144,0.497,0.117,-146.423,-12.573,-23.926
-0.155,0.509,0.081,-139.343,-10.071,-22.949
-0.145,0.536,0.070,-131.470,-9.216,-25.024
-0.140,0.572,0.064,-124.084,-7.812,-26.855
-0.139,0.605,0.062,-117.126,-5.615,-27.710
-0.134,0.632,0.052,-110.474,-3.418,-26.550
-0.134,0.654,0.009,-102.539,-2.808,-23.254
-0.172,0.680,-0.022,-90.759,-5.554,-18.860
-0.194,0.687,-0.038,-78.308,-5.859,-17.090
-0.200,0.710,-0.049,-68.298,-1.099,-17.456
-0.205,0.746,-0.041,-60.181,5.432,-16.602
-0.198,0.787,-0.042,-52.124,10.376,-14.709
-0.187,0.822,-0.062,-42.786,10.864,-13.000
-0.209,0.833,-0.105,-32.166,7.751,-12.085
-0.220,0.855,-0.143,-21.362,3.784,-11.902
-0.208,0.912,-0.163,-13.489,1.221,-12.573
-0.191,0.980,-0.190,-6.287,-1.526,-13.184
-0.189,1.009,-0.231,3.357,-4.944,-12.390
-0.188,1.013,-0.266,15.686,-7.507,-10.254
-0.183,1.013,-0.266,26.611,-7.568,-7.874
-0.181,1.004,-0.245,33.325,-4.211,-4.639
-0.207,0.972,-0.236,41.016,-0.183,0.610
-0.230,0.936,-0.219,49.316,3.601,6.042
-0.244,0.905,-0.187,56.274,7.935,8.606
-0.252,0.876,-0.157,61.768,11.780,10.559
-0.254,0.842,-0.133,65.918,14.648,12.878
-0.241,0.806,-0.111,69.702,17.883,14.771
-0.210,0.772,-0.094,73.608,19.897,16.846
-0.200,0.738,-0.082,79.102,21.179,19.165
-0.194,0.687,-0.070,85.144,21.851,21.790
-0.182,0.633,-0.034,89.294,22.156,22.339
-0.150,0.597,0.027,91.248,23.376,20.142
-0.115,0.552,0.066,94.299,24.780,18.127
-0.081,0.498,0.052,103.149,22.522,18.005
-0.072,0.455,0.078,117.126,15.015,19.592
-0.056,0.414,0.157,128.601,8.850,22.461
-0.045,0.377,0.245,135.376,9.399,26.062
-0.052,0.359,0.336,139.099,12.756,32.043
-0.081,0.333,0.421,144.165,14.587,40.710
-0.131,0.288,0.492,149.292,14.465,49.255
-0.199,0.221,0.570,151.978,13.489,55.603
-0.257,0.146,0.661,151.245,15.320,59.570
-0.318,0.065,0.748,149.658,20.447,62.805
-0.382,0.015,0.855,150.024,23.621,64.575
-0.436,0.000,0.978,150.269,23.560,63.965
-0.493,0.002,1.079,149.597,19.897,61.646
-0.537,-0.009,1.149,149.353,12.390,57.983
-0.552,-0.009,1.220,147.522,5.249,51.575
-0.557,-0.031,1.296,142.822,1.831,45.349
-0.438,-0.008,1.270,135.864,5.493,46.021
-0.519,-0.188,1.410,142.395,-0.977,45.532
-0.538,-0.208,1.405,141.541,1.892,50.415
-0.547,-0.260,1.464,139.343,4.578,50.964
-0.568,-0.244,1.510,133.362,0.488,44.495
-0.558,-0.222,1.496,126.648,-4.578,36.682
-0.585,-0.251,1.475,123.962,-17.151,23.193
-0.621,-0.264,1.429,118.774,-27.649,15.686
-0.654,-0.275,1.355,109.985,-31.250,15.564
-0.700,-0.328,1.283,100.403,-30.151,20.813
-0.724,-0.375,1.317,92.712,-22.766,27.527
-0.725,-0.394,1.414,83.435,-8.423,31.616
-0.737,-0.403,1.518,73.181,4.883,33.936
-0.753,-0.436,1.628,65.369,9.521,35.950
-0.784,-0.468,1.746,55.420,11.658,35.828
-0.813,-0.460,1.844,40.588,13.428,34.058
-0.856,-0.450,1.900,24.658,13.184,28.809
-0.894,-0.459,1.941,10.681,8.667,21.606
-0.927,-0.513,1.942,-1.831,4.395,13.855
-0.932,-0.558,1.951,-15.930,2.747,5.920
-0.906,-0.545,1.968,-34.058,3.235,-1.465
-0.859,-0.521,1.942,-51.880,5.249,-8.484
-0.800,-0.497,1.960,-64.392,4.700,-15.625
-0.731,-0.437,1.883,-73.914,4.944,-22.156
-0.665,-0.379,1.867,-83.252,4.272,-28.503
-0.597,-0.317,1.804,-91.553,5.127,-32.715
-0.537,-0.254,1.754,-100.220,4.456,-35.095
-0.496,-0.224,1.642,-105.591,1.404,-36.499
-0.485,-0.215,1.544,-107.727,-4.028,-35.950
-0.455,-0.194,1.447,-108.398,-7.263,-35.950
-0.451,-0.176,1.338,-108.215,-6.531,-38.147
-0.449,-0.158,1.236,-106.018,-6.775,-39.490
-0.432,-0.115,1.173,-105.469,-8.728,-38.696
-0.394,-0.058,1.095,-106.384,-6.958,-40.039
-0.390,-0.047,0.947,-103.210,-4.761,-41.626
-0.394,-0.015,0.837,-97.473,-7.080,-39.917
-0.396,0.018,0.782,-95.703,-11.047,-38.330
-0.357,0.066,0.719,-99.670,-11.353,-39.612
-0.326,0.097,0.655,-104.858,-14.343,-43.518
-0.299,0.111,0.586,-109.009,-22.522,-44.617
-0.276,0.133,0.535,-114.075,-34.302,-42.053
-0.265,0.154,0.481,-119.812,-44.861,-39.490
-0.261,0.161,0.405,-124.939,-49.683,-36.377
-0.255,0.164,0.342,-127.869,-50.232,-33.386
-0.235,0.183,0.304,-129.700,-48.035,-32.288
-0.218,0.207,0.260,-129.333,-44.373,-32.654
-0.210,0.215,0.216,-126.526,-40.466,-32.532
-0.207,0.219,0.183,-123.108,-35.889,-31.494

-0.954,-0.255,1.368,151.611,-39.063,89.539
-1.115,-0.386,1.396,150.146,-44.739,89.478
-1.182,-0.457,1.445,143.616,-47.729,73.242
-1.191,-0.503,1.483,129.883,-41.016,45.959
-1.173,-0.494,1.510,114.929,-34.668,20.569
-1.123,-0.478,1.628,102.173,-34.851,3.357
-1.073,-0.489,1.722,88.562,-33.752,-2.319
-0.999,-0.503,1.773,68.909,-26.611,5.859
-0.989,-0.500,1.823,50.842,-19.958,20.630
-0.984,-0.498,1.815,35.461,-9.033,33.569
-0.978,-0.542,1.785,21.729,1.160,40.649
-0.968,-0.576,1.765,8.728,7.385,41.626
-0.967,-0.602,1.739,-3.906,10.437,36.987
-0.998,-0.643,1.701,-14.832,11.169,27.466
-0.988,-0.688,1.698,-25.635,12.207,14.709
-0.970,-0.700,1.713,-43.884,14.954,2.563
-0.945,-0.687,1.714,-68.542,15.686,-5.310
-0.907,-0.673,1.689,-93.018,15.991,-10.681
-0.853,-0.697,1.648,-112.976,16.418,-14.526
-0.801,-0.689,1.641,-136.353,15.930,-15.869
-0.756,-0.641,1.658,-157.776,14.954,-17.029
-0.680,-0.610,1.660,-176.514,13.367,-20.935
-0.605,-0.574,1.679,-196.594,9.644,-27.100
-0.568,-0.488,1.666,-214.355,4.822,-32.166
-0.575,-0.510,1.546,-220.764,-0.427,-36.926
-0.565,-0.588,1.431,-220.520,-7.935,-42.603
-0.567,-0.599,1.349,-221.985,-12.756,-49.866
-0.549,-0.522,1.263,-223.755,-14.160,-57.434
-0.509,-0.404,1.133,-222.107,-16.052,-66.833
-0.467,-0.305,0.979,-214.905,-21.790,-77.209
-0.441,-0.205,0.842,-203.064,-33.142,-84.045
-0.432,-0.109,0.757,-189.392,-47.119,-87.952
-0.415,-0.038,0.680,-179.993,-55.847,-91.248
-0.389,0.035,0.597,-177.429,-57.861,-93.323
-0.372,0.085,0.512,-178.406,-56.396,-91.309
-0.372,0.111,0.433,-180.237,-52.368,-85.205
-0.375,0.121,0.354,-183.350,-46.570,-78.674
-0.351,0.155,0.296,-186.340,-41.870,-76.538
-0.331,0.189,0.269,-188.965,-37.537,-78.613
-0.298,0.221,0.253,-194.336,-35.339,-81.360
-0.276,0.257,0.221,-201.538,-33.020,-86.121
-0.237,0.297,0.166,-204.102,-30.701,-86.914
-0.203,0.332,0.124,-202.698,-32.898,-83.801
-0.186,0.372,0.089,-199.402,-36.133,-79.346
-0.155,0.414,0.039,-194.153,-35.339,-74.158
-0.126,0.455,-0.035,-185.486,-30.945,-68.298
-0.093,0.502,-0.108,-174.133,-26.978,-62.927
-0.083,0.537,-0.191,-159.302,-21.667,-58.411
-0.078,0.559,-0.266,-141.541,-13.855,-53.772
-0.081,0.575,-0.290,-123.413,-6.531,-48.706
-0.084,0.631,-0.276,-106.506,1.038,-42.358
-0.077,0.677,-0.271,-90.881,11.353,-35.767
-0.076,0.715,-0.252,-76.233,19.165,-30.151
-0.070,0.734,-0.239,-65.491,21.790,-26.001
-0.089,0.764,-0.224,-59.021,19.714,-22.583
-0.106,0.790,-0.243,-53.345,14.221,-21.179
-0.125,0.809,-0.281,-47.058,6.042,-21.240
-0.140,0.825,-0.315,-39.856,-1.831,-22.461
-0.155,0.842,-0.345,-32.043,-9.216,-23.376
-0.158,0.881,-0.376,-23.376,-15.625,-24.292
-0.162,0.926,-0.386,-16.113,-20.508,-25.452
-0.164,0.972,-0.430,-7.935,-21.057,-22.827
-0.171,0.997,-0.482,1.587,-17.151,-18.860
-0.175,1.025,-0.507,11.414,-11.902,-14.282
-0.171,1.025,-0.506,19.287,-6.165,-9.583
-0.162,1.028,-0.498,22.827,-0.488,-4.089
-0.159,1.027,-0.491,24.414,5.188,1.343
-0.163,1.023,-0.502,28.931,9.949,8.179
-0.170,1.007,-0.495,36.804,13.245,13.489
-0.179,0.997,-0.470,44.861,15.076,16.418
-0.182,1.001,-0.442,51.941,16.663,18.311
-0.182,0.993,-0.420,58.472,16.724,19.897
-0.181,0.971,-0.402,65.063,14.221,20.508
-0.165,0.953,-0.399,72.815,10.559,21.912
-0.166,0.911,-0.422,82.886,7.751,25.574
-0.171,0.854,-0.425,96.252,5.493,30.090
-0.185,0.798,-0.407,109.863,5.371,34.607
-0.190,0.768,-0.362,121.277,10.132,39.124
-0.179,0.739,-0.295,129.944,21.240,42.053
-0.141,0.687,-0.238,137.390,35.156,43.823
-0.122,0.636,-0.158,143.738,45.593,46.997
-0.120,0.601,-0.066,149.597,49.683,52.429
-0.135,0.569,0.028,155.762,48.523,58.777
-0.165,0.507,0.099,161.682,45.837,63.293
-0.196,0.406,0.128,167.603,44.067,66.528
-0.258,0.302,0.162,173.950,42.969,69.336
-0.298,0.228,0.222,179.199,43.701,69.092
-0.298,0.180,0.337,181.274,47.058,62.622
-0.266,0.131,0.471,182.922,51.147,54.321
-0.246,0.102,0.618,186.768,52.917,50.781
-0.271,0.078,0.767,193.176,51.270,54.810
-0.299,0.036,0.894,196.655,49.011,61.890
-0.331,-0.010,0.971,194.519,50.110,67.017
-0.365,-0.049,0.980,188.965,49.744,69.580
-0.388,-0.068,0.964,183.167,43.274,66.101
-0.403,-0.070,0.967,179.565,31.555,54.993
-0.389,-0.068,0.990,180.298,18.188,41.748
-0.366,-0.067,1.013,183.777,5.859,32.654
-0.460,-0.142,1.028,188.599,-5.005,30.518
-0.427,-0.122,1.066,188.904,-13.611,37.354
-0.520,-0.235,1.117,204.102,-28.870,34.973
-0.527,-0.341,1.070,201.599,-19.165,48.767
-0.618,-0.535,1.121,209.351,-16.968,57.739
-0.682,-0.722,1.255,216.919,-12.939,68.359
-0.706,-0.854,1.529,212.463,2.686,73.425
-0.695,-0.910,1.805,192.383,20.874,67.444
-0.725,-0.971,1.999,164.124,34.546,54.016
-0.731,-1.043,2.134,135.986,33.508,41.077
-0.741,-1.057,2.215,109.436,22.949,31.433
-0.766,-0.972,2.191,80.200,10.498,27.649
-0.757,-0.793,2.152,52.490,-3.967,22.339
-0.760,-0.651,2.006,33.508,-16.968,11.597
-0.787,-0.529,1.833,23.132,-28.015,3.357
-0.816,-0.404,1.720,13.062,-34.607,1.160
-0.854,-0.323,1.653,0.366,-31.189,3.784
-0.880,-0.305,1.613,-13.428,-19.592,9.521
-0.902,-0.348,1.594,-24.536,-6.775,16.052
-0.907,-0.425,1.601,-31.677,4.517,18.433
-0.879,-0.495,1.613,-36.011,15.625,15.625

-0.721,-0.682,1.702,-44.495,32.227,-3.967
-0.609,-0.706,1.726,-59.082,36.987,-11.963
-0.511,-0.698,1.697,-76.538,36.316,-17.639
-0.433,-0.719,1.623,-89.661,33.691,-22.949
-0.339,-0.750,1.538,-99.365,29.663,-27.344
-0.289,-0.751,1.479,-111.755,23.804,-29.114
-0.268,-0.688,1.425,-127.930,18.677,-29.297
-0.260,-0.619,1.323,-142.273,14.221,-31.250
-0.271,-0.581,1.146,-145.813,7.141,-35.339
-0.287,-0.529,1.025,-143.188,-4.578,-40.222
-0.297,-0.467,0.932,-143.860,-12.268,-46.143
-0.299,-0.406,0.871,-148.376,-10.864,-51.270
-0.277,-0.368,0.812,-154.297,-5.554,-52.490
-0.237,-0.260,0.775,-158.691,-1.465,-46.936
-0.207,-0.222,0.731,-162.415,3.723,-39.795
-0.239,-0.221,0.579,-161.743,12.817,-29.053
-0.304,-0.139,0.445,-159.485,15.808,-14.893
-0.326,-0.023,0.397,-163.879,14.709,-12.329
-0.327,0.038,0.385,-170.837,12.390,-23.743
-0.298,0.131,0.350,-174.927,7.874,-34.790
-0.258,0.169,0.318,-176.697,0.427,-39.368
-0.261,0.166,0.308,-174.561,-2.319,-36.804
-0.264,0.199,0.245,-174.744,0.549,-28.748
-0.257,0.285,0.258,-181.213,0.549,-22.339
-0.265,0.376,0.231,-179.382,-5.554,-21.851
-0.268,0.440,0.195,-169.434,-17.822,-26.001
-0.240,0.490,0.150,-158.081,-31.799,-31.250
-0.207,0.575,0.117,-150.085,-40.955,-35.583
-0.197,0.661,0.090,-144.714,-42.358,-38.696
-0.204,0.725,0.038,-138.000,-37.415,-37.170
-0.235,0.797,-0.017,-127.014,-31.799,-29.968
-0.236,0.878,-0.026,-114.197,-27.588,-23.315
-0.288,0.921,-0.089,-98.633,-22.461,-20.874
-0.337,0.980,-0.164,-85.876,-14.343,-17.517
-0.338,1.070,-0.241,-73.914,-6.897,-15.137
-0.364,1.154,-0.287,-56.519,-4.456,-13.855
-0.362,1.190,-0.259,-33.997,-7.935,-12.695
-0.355,1.200,-0.219,-18.738,-8.789,-14.099
-0.331,1.227,-0.201,-10.925,-6.104,-16.052
-0.342,1.233,-0.241,-2.197,-2.258,-15.991
-0.326,1.240,-0.240,9.277,-1.770,-14.526
-0.307,1.245,-0.196,20.691,-1.465,-13.428
-0.287,1.231,-0.157,31.128,0.793,-12.390
-0.254,1.202,-0.107,41.077,3.601,-10.986
-0.226,1.162,-0.052,48.645,5.859,-8.545
-0.236,1.107,0.007,53.528,7.141,-4.028
-0.244,1.028,0.032,59.265,8.179,2.869
-0.206,0.973,0.019,66.589,10.132,13.794
-0.271,0.905,0.063,65.002,11.536,17.273
-0.280,0.878,0.090,64.880,11.902,17.822
-0.268,0.884,0.124,64.575,14.160,17.517
-0.266,0.872,0.131,65.063,14.893,14.038
-0.276,0.847,0.116,68.970,12.634,12.207
-0.294,0.804,0.091,72.754,9.766,10.803
-0.296,0.790,0.086,76.111,6.531,10.742
-0.302,0.782,0.113,80.505,3.113,8.972
-0.280,0.742,0.146,84.717,0.305,4.395
-0.240,0.708,0.177,88.379,-0.183,2.869
-0.206,0.676,0.199,92.712,1.099,6.897
-0.215,0.624,0.177,97.900,2.930,14.282
-0.242,0.558,0.153,105.469,4.761,21.362
-0.247,0.501,0.177,110.962,7.751,24.292
-0.240,0.458,0.219,113.159,12.573,23.499
-0.208,0.426,0.243,116.394,16.418,21.729
-0.187,0.386,0.252,123.596,17.517,21.790
-0.204,0.340,0.258,132.751,18.188,25.024
-0.193,0.294,0.297,139.343,19.470,27.283
-0.190,0.251,0.298,142.456,21.667,26.367
-0.206,0.220,0.298,148.132,20.447,24.658
-0.214,0.151,0.358,156.738,14.221,21.362
-0.215,0.044,0.434,163.208,10.437,18.494
-0.231,-0.070,0.496,164.856,12.451,21.973
-0.285,-0.206,0.543,167.175,17.517,29.785
-0.331,-0.357,0.661,168.945,19.958,33.386
-0.354,-0.475,0.830,165.710,21.606,31.372
-0.349,-0.514,1.000,155.579,21.729,28.748
-0.341,-0.506,1.125,143.921,17.273,25.024
-0.338,-0.502,1.193,134.399,7.202,21.362
-0.251,-0.412,1.092,124.451,-2.808,22.766
-0.469,-0.630,1.132,135.559,-31.311,16.663
-0.525,-0.641,1.088,144.104,-42.786,19.104
-0.531,-0.694,1.218,144.165,-41.687,16.235
-0.587,-0.703,1.341,138.062,-37.415,12.939
-0.580,-0.716,1.440,129.883,-26.855,18.738
-0.618,-0.731,1.519,123.596,-21.301,20.142
-0.655,-0.745,1.609,119.446,-20.447,16.846
-0.674,-0.784,1.659,109.985,-18.921,13.428
-0.695,-0.845,1.700,98.328,-17.395,15.503
-0.700,-0.859,1.769,84.961,-15.137,23.071
-0.707,-0.810,1.825,66.711,-10.925,31.799
-0.707,-0.756,1.860,48.523,-7.080,36.438
-0.706,-0.723,1.847,31.982,-5.676,36.560
-0.754,-0.709,1.789,18.005,-7.080,34.546
-0.780,-0.696,1.777,6.042,-9.216,30.334
-0.780,-0.678,1.782,-5.676,-7.446,26.855
-0.773,-0.672,1.802,-17.212,-3.296,25.818
-0.778,-0.681,1.818,-26.367,2.319,27.283
-0.768,-0.731,1.819,-34.607,10.132,27.222
-0.739,-0.807,1.806,-42.908,17.456,23.254
-0.698,-0.818,1.792,-52.917,20.874,18.372
-0.628,-0.815,1.769,-65.674,22.583,11.047
-0.532,-0.819,1.713,-77.881,22.339,1.343
-0.460,-0.820,1.657,-88.074,18.311,-5.005
-0.401,-0.831,1.587,-95.520,13.916,-7.019
-0.338,-0.793,1.490,-102.966,15.503,-2.197
-0.321,-0.721,1.382,-107.666,18.311,5.493
-0.287,-0.706,1.295,-108.459,16.296,9.705
-0.287,-0.720,1.217,-105.469,12.390,11.719
-0.544,-0.636,1.219,-98.816,10.925,18.188
-0.303,-0.466,1.222,-75.623,22.888,48.889
-0.344,-0.360,1.156,-69.824,65.369,22.034
-0.050,-1.120,0.781,-74.219,128.235,-61.096
-0.047,-0.448,0.691,-115.845,115.417,-22.705
-0.202,-0.501,0.651,-114.685,84.351,-3.296
-0.138,-0.431,0.582,-131.287,72.449,-6.836
-0.021,-0.270,0.466,-146.362,47.791,9.338
-0.147,-0.160,0.385,-151.001,14.709,-0.854
-0.190,-0.093,0.368,-148.437,-16.174,-6.775
-0.125,-0.044,0.280,-153.625,-32.166,-4.578

-0.406,-0.780,1.240,142.578,-15.137,56.580
-0.440,-0.885,1.348,137.939,-12.329,62.744
-0.457,-0.986,1.499,129.333,-12.634,59.875
-0.547,-1.114,1.562,120.239,-13.062,53.589
-0.670,-1.177,1.646,114.197,-21.240,41.870
-0.745,-1.177,1.696,103.027,-27.832,27.893
-0.777,-1.126,1.830,87.219,-27.039,19.043
-0.747,-1.045,1.873,63.171,-18.921,16.663
-0.728,-0.992,1.891,45.776,-13.489,14.954
-0.723,-0.920,1.876,29.297,-11.902,13.916
-0.720,-0.831,1.830,10.986,-10.864,15.015
-0.739,-0.760,1.787,-2.808,-12.512,17.273
-0.769,-0.701,1.717,-12.207,-16.174,19.653
-0.761,-0.634,1.709,-23.926,-19.043,19.836
-0.725,-0.630,1.702,-31.860,-16.296,11.414
-0.643,-0.638,1.675,-39.734,-11.536,2.869
-0.743,-0.667,1.737,-45.532,-6.714,-3.662
-0.664,-0.703,1.715,-53.223,5.066,-10.681
-0.607,-0.782,1.702,-60.425,22.644,-11.902
-0.532,-0.843,1.669,-67.871,36.743,-9.827
-0.483,-0.891,1.629,-76.721,45.959,-5.920
-0.449,-0.932,1.622,-85.327,50.781,-2.258
-0.406,-0.952,1.602,-97.534,53.528,-3.113
-0.350,-0.940,1.557,-116.150,56.030,-7.690
-0.290,-0.879,1.477,-134.521,57.312,-13.489
-0.271,-0.908,1.386,-149.353,55.481,-16.479
-0.187,-0.858,1.306,-170.776,46.875,-13.916
-0.174,-0.766,1.225,-188.843,37.659,-9.827
-0.191,-0.634,1.081,-202.515,25.574,-7.446
-0.237,-0.579,0.979,-202.698,11.475,-8.423
-0.206,-0.504,0.900,-202.942,8.789,-15.564
-0.166,-0.370,0.844,-208.862,11.963,-22.461
-0.139,-0.235,0.737,-210.815,9.460,-29.602
-0.142,-0.138,0.590,-207.275,1.282,-36.621
-0.123,-0.043,0.502,-203.369,-6.226,-42.297
-0.154,0.059,0.443,-201.111,-10.437,-46.204
-0.098,0.157,0.340,-201.477,-15.625,-49.133
-0.117,0.229,0.290,-202.087,-26.306,-51.331
-0.133,0.300,0.229,-202.209,-37.720,-49.133
-0.127,0.346,0.126,-203.308,-43.579,-43.030
-0.163,0.350,0.054,-198.364,-45.471,-32.898
-0.185,0.340,0.054,-192.322,-46.753,-21.851
-0.193,0.367,0.036,-193.420,-43.640,-16.113
-0.179,0.427,0.075,-203.979,-38.757,-12.939
-0.175,0.496,0.082,-214.905,-34.058,-8.362
-0.174,0.563,0.133,-214.233,-20.325,-2.869
-0.137,0.636,0.125,-211.731,-6.714,-1.892
-0.154,0.672,0.062,-200.317,-5.737,-4.456
-0.161,0.697,-0.016,-187.927,-7.019,-8.179
-0.192,0.758,-0.098,-175.293,-8.179,-8.484
-0.210,0.818,-0.179,-162.231,-8.545,-7.446
-0.239,0.849,-0.226,-145.752,-8.484,-5.798
-0.256,0.891,-0.218,-128.845,-5.554,-3.235
-0.263,0.976,-0.233,-114.990,3.906,-1.465
-0.228,1.063,-0.307,-99.915,12.329,-1.038
-0.281,1.088,-0.363,-75.439,12.756,0.732
-0.306,1.115,-0.355,-49.194,12.329,3.540
-0.342,1.163,-0.337,-28.870,15.381,5.371
-0.344,1.209,-0.334,-13.611,18.188,5.432
-0.349,1.242,-0.347,0.244,16.968,5.920
-0.363,1.256,-0.378,13.367,11.719,6.653
-0.382,1.225,-0.390,21.423,4.089,7.385
-0.373,1.208,-0.359,23.560,-2.258,9.766
-0.352,1.222,-0.313,25.513,-2.380,12.817
-0.380,1.226,-0.283,29.541,4.883,19.836
-0.383,1.186,-0.267,36.133,13.611,23.254
-0.388,1.128,-0.245,44.922,21.973,22.644
-0.369,1.104,-0.213,53.162,30.518,20.386
-0.331,1.083,-0.173,62.866,36.255,14.954
-0.294,1.047,-0.137,74.280,38.635,10.437
-0.259,1.006,-0.109,85.571,40.161,8.972
-0.238,0.949,-0.094,96.069,42.053,10.559
-0.227,0.888,-0.079,106.018,44.739,13.672
-0.200,0.858,-0.065,114.563,46.753,15.503
-0.195,0.812,-0.055,120.239,45.715,14.038
-0.170,0.753,-0.058,125.244,40.344,10.193
-0.164,0.691,-0.040,132.996,30.212,7.385
-0.161,0.626,0.003,142.944,18.799,4.272
-0.151,0.558,0.066,150.635,10.864,1.526
-0.120,0.488,0.126,153.809,7.629,-0.244
-0.094,0.397,0.188,154.785,6.348,-1.526
-0.041,0.311,0.250,155.029,5.859,-0.977
-0.014,0.241,0.303,155.151,11.292,3.601
-0.047,0.223,0.330,153.198,22.583,13.184
-0.073,0.214,0.373,149.597,31.189,22.766
-0.157,0.101,0.368,150.635,36.621,30.151
-0.225,-0.049,0.375,155.762,38.391,35.278
-0.263,-0.151,0.460,161.011,37.842,35.095
-0.259,-0.203,0.613,162.903,37.964,30.151
-0.241,-0.256,0.731,164.307,38.086,25.085
-0.220,-0.332,0.830,157.227,31.128,24.658
-0.191,-0.302,1.006,134.827,16.541,31.982
-0.201,-0.222,1.081,121.155,4.822,40.039
-0.231,-0.177,1.071,121.399,-6.714,42.664
-0.296,-0.211,1.037,128.174,-21.912,37.720
-0.365,-0.353,0.952,137.756,-33.691,29.175
-0.414,-0.543,1.023,139.404,-42.236,25.452
-0.422,-0.705,1.209,131.470,-38.879,30.762
-0.409,-0.817,1.509,112.122,-20.569,42.114
-0.405,-0.888,1.825,84.290,6.348,56.091
-0.421,-0.877,2.132,64.209,30.579,63.293
-0.435,-0.774,2.364,44.617,45.410,63.354
-0.457,-0.650,2.450,25.696,46.753,54.749
-0.450,-0.505,2.480,4.639,32.776,47.119
-0.467,-0.376,2.322,-4.395,8.789,38.513
-0.525,-0.299,2.128,-12.207,-10.315,33.386
-0.596,-0.275,2.006,-21.484,-30.334,29.419
-0.655,-0.218,1.963,-37.231,-37.903,30.396
-0.710,-0.175,1.938,-53.162,-34.973,31.860
-0.770,-0.238,1.928,-63.354,-27.771,30.945
-0.783,-0.287,1.947,-70.679,-19.409,25.574
-0.759,-0.302,1.987,-76.843,-10.620,13.184
-0.676,-0.291,2.007,-80.566,-4.089,-2.991
-0.561,-0.279,2.003,-82.153,-0.916,-18.616
-0.438,-0.285,1.975,-84.656,0.427,-30.457
-0.374,-0.313,1.927,-86.975,0.854,-36.438
-0.239,-0.318,1.879,-91.858,3.113,-36.255
-0.185,-0.271,1.785,-97.900,8.423,-34.058
-0.145,-0.231,1.673,-101.135,11.719,-31.067

-0.328,1.182,-0.599,-56.641,10.498,-34.241
-0.287,1.252,-0.580,-41.077,10.986,-38.696
-0.246,1.305,-0.590,-28.564,11.292,-42.114
-0.214,1.347,-0.607,-17.456,10.742,-43.518
-0.184,1.386,-0.620,-5.310,8.728,-41.992
-0.156,1.411,-0.613,6.287,4.883,-38.025
-0.145,1.425,-0.613,17.395,1.648,-32.227
-0.144,1.410,-0.616,27.527,-0.061,-24.658
-0.154,1.386,-0.617,38.025,0.122,-16.113
-0.163,1.352,-0.589,48.767,0.671,-9.766
-0.160,1.315,-0.536,59.265,1.587,-4.517
-0.172,1.259,-0.495,69.580,3.967,0.549
-0.190,1.202,-0.465,79.285,8.789,6.348
-0.171,1.162,-0.405,86.182,15.564,9.644
-0.152,1.131,-0.336,90.088,21.606,11.658
-0.116,1.088,-0.267,93.689,24.109,13.916
-0.092,1.043,-0.224,97.900,24.170,16.052
-0.078,0.985,-0.176,100.769,22.034,18.921
-0.059,0.938,-0.116,100.159,17.822,22.827
-0.067,0.887,-0.094,100.647,13.184,27.588
-0.116,0.801,-0.121,104.736,8.911,33.081
-0.152,0.723,-0.119,109.497,5.127,36.499
-0.170,0.660,-0.080,112.061,2.502,35.278
-0.188,0.612,-0.037,114.563,1.099,30.212
-0.182,0.580,0.019,118.286,0.549,22.949
-0.167,0.545,0.073,123.413,1.160,16.052
-0.157,0.486,0.117,129.639,-0.061,10.498
-0.132,0.442,0.164,133.545,-3.113,6.104
-0.104,0.425,0.215,134.155,-2.930,5.676
-0.090,0.406,0.251,136.963,2.075,11.230
-0.074,0.363,0.294,142.395,6.653,20.752
-0.071,0.302,0.382,146.423,10.864,32.043
-0.080,0.227,0.495,149.719,18.005,45.105
-0.110,0.128,0.579,150.330,28.015,59.875
-0.180,0.006,0.601,150.391,38.635,71.716
-0.246,-0.093,0.625,152.100,42.969,75.439
-0.261,-0.110,0.706,156.555,39.612,68.604
-0.270,-0.106,0.808,163.208,29.907,56.763
-0.272,-0.112,0.931,170.776,16.357,48.523
-0.293,-0.125,1.022,176.453,6.775,46.570
-0.319,-0.172,1.092,181.152,2.441,49.133
-0.335,-0.226,1.176,183.167,1.587,53.772
-0.372,-0.252,1.242,179.871,4.517,59.509
-0.396,-0.248,1.275,171.753,7.324,60.974
-0.430,-0.244,1.251,161.255,9.094,55.786
-0.443,-0.271,1.201,152.954,8.850,47.058
-0.472,-0.300,1.179,146.484,2.136,35.950
-0.477,-0.341,1.208,141.541,-10.559,26.123
-0.484,-0.397,1.304,138.916,-21.057,18.860
-0.473,-0.444,1.437,135.559,-22.766,14.526
-0.483,-0.504,1.577,132.629,-19.897,10.742
-0.492,-0.539,1.712,128.967,-13.000,10.376
-0.520,-0.529,1.799,122.314,-3.601,13.611
-0.508,-0.535,1.860,110.718,0.854,17.029
-0.486,-0.512,1.898,89.539,2.136,22.278
-0.514,-0.500,1.945,68.604,-2.991,26.062
-0.503,-0.476,1.913,48.279,-2.441,29.846
-0.519,-0.452,1.880,29.785,-2.625,31.555
-0.552,-0.435,1.844,13.977,-1.953,32.593
-0.564,-0.421,1.825,0.244,0.427,30.884
-0.588,-0.448,1.812,-12.817,2.197,25.696
-0.590,-0.475,1.813,-20.996,5.005,18.555
-0.545,-0.478,1.833,-29.175,8.667,10.071
-0.501,-0.457,1.844,-38.635,11.475,1.831
-0.450,-0.445,1.836,-49.377,11.780,-3.540
-0.404,-0.429,1.809,-60.364,10.803,-7.263
-0.333,-0.405,1.755,-71.106,10.132,-10.803
-0.300,-0.413,1.663,-79.224,6.897,-14.282
-0.278,-0.400,1.594,-84.290,-0.671,-16.602
-0.257,-0.401,1.546,-90.027,-5.005,-19.165
-0.240,-0.427,1.485,-96.802,-2.075,-21.240
-0.225,-0.424,1.430,-104.126,3.723,-21.606
-0.212,-0.415,1.384,-112.061,8.484,-20.691
-0.205,-0.416,1.349,-118.774,10.864,-20.020
-0.169,-0.359,1.308,-124.573,12.329,-20.142
-0.191,-0.362,1.149,-123.901,12.329,-21.423
-0.224,-0.364,1.021,-119.812,3.113,-21.729
-0.203,-0.295,0.971,-124.329,-5.432,-22.522
-0.191,-0.201,0.907,-134.766,-7.751,-25.574
-0.251,-0.117,0.790,-145.142,-8.911,-28.198
-0.145,-0.073,0.602,-149.719,-9.216,-24.841
-0.144,0.009,0.500,-163.452,-10.315,-26.428
-0.142,0.083,0.431,-171.692,-17.090,-27.710
-0.124,0.159,0.387,-174.683,-25.085,-23.804
-0.130,0.232,0.339,-172.607,-31.067,-16.846
-0.196,0.259,0.255,-166.077,-37.781,-7.263
-0.250,0.284,0.194,-160.583,-43.274,-0.549
-0.261,0.330,0.148,-159.912,-42.908,1.343
-0.276,0.380,0.068,-159.180,-40.161,-0.061
-0.285,0.441,0.016,-156.555,-40.100,-3.357
-0.306,0.497,-0.013,-153.198,-40.466,-6.348
-0.311,0.565,-0.041,-148.804,-36.316,-8.789
-0.290,0.642,-0.059,-144.470,-30.701,-9.888
-0.290,0.715,-0.086,-138.123,-25.452,-8.362
-0.310,0.761,-0.116,-128.906,-20.081,-3.357
-0.341,0.796,-0.145,-118.408,-14.648,1.953
-0.351,0.840,-0.143,-108.337,-8.728,4.333
-0.369,0.869,-0.141,-97.961,-2.808,4.333
-0.391,0.892,-0.144,-87.097,1.160,3.113
-0.402,0.927,-0.136,-76.843,4.395,-0.122
-0.400,0.979,-0.137,-66.406,9.033,-4.028
-0.413,1.014,-0.139,-53.467,13.367,-7.324
-0.466,1.048,-0.102,-39.673,16.052,-9.583
-0.378,1.054,-0.106,-23.804,17.029,-8.728
-0.407,1.065,-0.064,-13.977,15.015,-10.010
-0.399,1.090,-0.013,-4.944,10.559,-15.442
-0.374,1.120,0.018,1.526,7.263,-19.104
-0.352,1.135,0.022,6.775,4.578,-20.386
-0.365,1.127,0.006,15.503,1.465,-17.151
-0.387,1.096,0.029,24.658,-0.916,-11.108
-0.411,1.074,0.048,30.579,-0.427,-6.714
-0.401,1.083,0.090,33.081,2.319,-6.042
-0.380,1.110,0.123,33.813,5.493,-6.836
-0.361,1.116,0.127,36.499,6.409,-6.836
-0.345,1.105,0.121,41.199,5.371,-5.981
-0.343,1.079,0.119,45.532,4.211,-3.479
-0.350,1.037,0.101,49.866,3.784,-1.160
-0.347,0.992,0.111,54.810,3.052,0.916
-0.349,0.948,0.130,59.021,3.052,2.197

-0.462,-0.439,1.227,106.689,-9.460,39.429
-0.456,-0.442,1.311,103.210,-23.071,37.292
-0.518,-0.409,1.412,93.750,-45.227,28.564
-0.542,-0.384,1.449,84.106,-59.204,13.550
-0.564,-0.344,1.413,69.031,-66.162,-0.305
-0.536,-0.303,1.383,51.758,-74.707,-7.812
-0.554,-0.318,1.355,44.189,-85.876,-10.193
-0.557,-0.411,1.446,42.236,-81.909,3.052
-0.638,-0.446,1.621,39.917,-59.265,27.527
-0.667,-0.424,1.633,38.757,-28.564,51.697
-0.622,-0.654,1.733,48.462,-5.676,75.623
-0.734,-0.621,1.813,26.794,7.019,71.411
-0.736,-0.450,1.796,4.272,9.338,47.791
-0.682,-0.282,1.748,-8.545,2.441,28.687
-0.668,-0.218,1.649,-11.047,-10.437,15.076
-0.703,-0.206,1.559,-9.827,-24.109,10.498
-0.720,-0.205,1.515,-11.719,-28.931,7.751
-0.736,-0.224,1.536,-13.794,-25.024,8.545
-0.732,-0.268,1.625,-18.005,-12.451,9.949
-0.750,-0.320,1.733,-27.954,7.629,6.104
-0.772,-0.425,1.841,-38.513,28.564,3.418
-0.782,-0.558,1.947,-54.565,42.053,1.404
-0.764,-0.642,1.994,-77.576,46.082,-6.531
-0.713,-0.677,1.960,-98.206,41.687,-17.334
-0.622,-0.660,1.952,-119.080,28.687,-25.757
-0.547,-0.598,1.899,-134.766,12.390,-33.081
-0.464,-0.514,1.774,-143.066,5.188,-35.400
-0.409,-0.431,1.625,-151.428,-0.305,-41.626
-0.369,-0.361,1.476,-157.837,-5.249,-49.316
-0.318,-0.299,1.322,-159.363,-8.789,-52.246
-0.301,-0.245,1.193,-157.532,-9.399,-51.270
-0.282,-0.172,1.064,-153.870,-6.409,-49.194
-0.277,-0.123,0.951,-146.545,-2.441,-46.875
-0.259,-0.092,0.862,-137.634,0.916,-43.823
-0.227,-0.055,0.817,-132.385,5.432,-41.809
-0.215,-0.031,0.796,-133.850,10.071,-40.894
-0.199,-0.026,0.750,-140.320,11.108,-39.001
-0.219,-0.067,0.643,-146.179,8.545,-36.133
-0.257,-0.120,0.535,-149.109,4.700,-31.311
-0.249,-0.089,0.466,-153.259,1.221,-27.771
-0.209,0.005,0.434,-161.682,-4.456,-28.564
-0.173,0.090,0.421,-169.800,-14.526,-30.518
-0.140,0.159,0.384,-173.279,-22.644,-29.785
-0.154,0.171,0.295,-172.119,-27.344,-26.794
-0.193,0.161,0.219,-167.542,-32.837,-22.217
-0.198,0.179,0.193,-163.940,-34.485,-19.592
-0.195,0.206,0.204,-162.842,-30.518,-18.616
-0.204,0.235,0.232,-162.292,-25.330,-16.418
-0.199,0.285,0.251,-161.560,-19.714,-12.146
-0.228,0.333,0.248,-158.142,-11.902,-5.493
-0.270,0.361,0.174,-153.870,-3.296,2.380
-0.316,0.403,0.067,-147.583,4.089,8.240
-0.335,0.482,-0.014,-139.465,7.446,7.812
-0.344,0.573,-0.036,-130.981,5.432,2.808
-0.366,0.647,-0.079,-125.427,5.859,-5.432
-0.379,0.719,-0.085,-116.699,11.841,-11.414
-0.378,0.792,-0.108,-104.980,18.250,-13.733
-0.385,0.847,-0.147,-90.454,22.278,-16.296
-0.427,0.875,-0.159,-73.608,20.569,-15.869
-0.423,0.912,-0.177,-61.584,19.409,-15.686
-0.394,0.995,-0.194,-53.162,21.179,-15.686
-0.412,1.052,-0.228,-44.800,20.874,-11.658
-0.432,1.085,-0.260,-33.020,17.517,-6.531
-0.412,1.113,-0.257,-25.696,15.747,-4.150
-0.408,1.139,-0.239,-21.118,14.526,-5.676
-0.406,1.146,-0.232,-14.221,12.146,-5.005
-0.420,1.133,-0.241,-8.240,10.986,-4.150
-0.417,1.124,-0.234,-2.502,11.597,-4.150
-0.400,1.124,-0.215,2.747,13.550,-4.822
-0.391,1.127,-0.185,7.751,15.381,-6.042
-0.371,1.140,-0.135,11.719,16.357,-8.606
-0.352,1.138,-0.099,15.625,18.616,-10.498
-0.338,1.124,-0.092,19.775,20.386,-9.949
-0.340,1.120,-0.113,25.391,20.142,-8.850
-0.322,1.118,-0.101,32.104,18.677,-9.399
-0.305,1.125,-0.067,36.682,16.357,-11.230
-0.285,1.115,-0.037,39.673,11.963,-12.146
-0.271,1.108,0.004,40.955,6.409,-10.803
-0.253,1.112,0.035,42.053,2.136,-6.653
-0.273,1.094,0.006,45.227,-1.648,-0.549
-0.280,1.058,0.003,48.889,-5.005,3.052
-0.287,1.011,0.016,51.514,-6.836,4.944
-0.281,0.983,0.057,52.429,-5.981,6.592
-0.270,0.961,0.093,51.697,-3.906,7.446
-0.272,0.918,0.095,54.504,-2.014,8.789
-0.294,0.862,0.077,60.852,-1.648,12.024
-0.309,0.807,0.064,68.115,-1.587,15.930
-0.320,0.739,0.086,72.815,0.793,17.151
-0.302,0.679,0.133,71.960,5.371,13.916
-0.267,0.670,0.182,67.505,10.071,7.324
-0.236,0.669,0.226,70.007,13.794,3.601
-0.187,0.602,0.245,75.623,14.404,5.371
-0.172,0.546,0.331,66.345,9.827,8.606
-0.190,0.514,0.356,52.734,2.563,12.573
-0.312,0.505,0.295,50.720,-1.648,16.541
-0.345,0.508,0.266,59.570,-2.197,19.958
-0.322,0.513,0.292,68.542,0.793,18.066
-0.272,0.545,0.309,76.599,5.371,10.559
-0.237,0.556,0.292,88.989,8.850,5.981
-0.228,0.528,0.277,106.506,7.446,7.324
-0.234,0.463,0.286,125.183,4.944,13.062
-0.235,0.396,0.292,138.977,8.972,17.883
-0.264,0.327,0.287,147.461,16.602,21.606
-0.286,0.237,0.316,154.724,24.536,23.682
-0.307,0.148,0.410,157.837,33.447,21.301
-0.299,0.131,0.530,154.663,43.274,15.686
-0.266,0.156,0.635,151.489,49.622,10.254
-0.264,0.143,0.687,150.879,45.654,6.775
-0.262,0.119,0.704,152.588,33.936,5.737
-0.268,0.127,0.709,151.306,23.682,4.578
-0.256,0.146,0.697,148.254,17.029,2.502
-0.254,0.117,0.690,147.888,9.949,0.610
-0.254,0.035,0.711,149.048,3.479,0.183
-0.242,-0.100,0.773,150.085,3.601,1.404
-0.203,-0.277,0.882,151.672,14.954,6.958
-0.246,-0.473,0.997,153.687,32.776,20.020
-0.238,-0.548,1.253,152.832,40.771,36.865
-0.236,-0.511,1.519,152.283,38.025,36.438
-0.217,-0.436,1.662,135.254,43.335,36.072

-0.264,-0.297,1.678,99.792,0.793,22.461
-0.329,-0.307,1.589,88.379,-26.978,15.320
-0.376,-0.332,1.519,82.336,-47.546,8.850
-0.455,-0.313,1.477,77.393,-49.988,11.353
-0.498,-0.257,1.468,71.106,-39.856,18.738
-0.515,-0.202,1.497,64.392,-24.963,22.644
-0.510,-0.160,1.503,56.458,-12.329,23.254
-0.505,-0.134,1.496,47.974,-4.944,23.987
-0.506,-0.111,1.466,40.833,-4.150,23.010
-0.526,-0.114,1.427,34.119,-8.667,19.409
-0.552,-0.178,1.413,28.503,-15.442,15.808
-0.561,-0.272,1.452,23.926,-17.578,13.977
-0.560,-0.342,1.542,17.273,-13.611,14.771
-0.540,-0.389,1.663,4.456,-5.737,13.367
-0.525,-0.449,1.772,-9.766,2.686,8.850
-0.495,-0.520,1.889,-24.109,8.606,6.348
-0.459,-0.568,1.981,-36.865,10.193,4.211
-0.450,-0.596,2.049,-51.636,9.888,0.732
-0.392,-0.597,2.041,-69.153,6.775,-2.380
-0.494,-0.526,1.999,-89.539,2.136,-8.057
-0.480,-0.475,1.869,-102.051,-3.113,-11.475
-0.453,-0.434,1.732,-112.732,-8.179,-12.146
-0.441,-0.404,1.611,-120.361,-11.780,-13.367
-0.439,-0.364,1.513,-125.183,-9.644,-13.672
-0.442,-0.320,1.455,-130.432,-3.601,-13.245
-0.422,-0.289,1.423,-135.925,3.296,-13.123
-0.387,-0.303,1.387,-142.639,11.841,-12.390
-0.335,-0.331,1.364,-151.855,15.503,-8.911
-0.290,-0.310,1.352,-163.696,13.855,-4.456
-0.297,-0.288,1.254,-171.021,13.062,-0.488
-0.294,-0.257,1.133,-172.546,14.282,1.282
-0.270,-0.210,1.008,-172.791,12.756,-0.793
-0.248,-0.174,0.915,-172.241,4.456,-5.493
-0.238,-0.193,0.854,-170.776,-5.737,-10.437
-0.214,-0.176,0.833,-171.936,-11.475,-13.000
-0.200,-0.117,0.800,-177.185,-12.268,-12.756
-0.180,-0.059,0.724,-181.763,-15.686,-12.085
-0.155,0.016,0.623,-183.960,-25.574,-12.268
-0.134,0.101,0.483,-186.035,-37.048,-12.329
-0.162,0.140,0.338,-185.669,-47.729,-10.254
-0.161,0.150,0.208,-183.899,-57.678,-8.179
-0.141,0.182,0.148,-184.021,-63.599,-10.132
-0.130,0.252,0.118,-186.646,-63.782,-15.076
-0.113,0.308,0.073,-187.134,-59.937,-18.127
-0.121,0.350,0.046,-183.899,-54.077,-16.602
-0.122,0.381,0.007,-179.321,-47.363,-12.756
-0.137,0.421,-0.012,-175.842,-41.809,-9.399
-0.149,0.464,-0.040,-172.607,-37.476,-7.263
-0.159,0.503,-0.073,-169.189,-34.790,-5.615
-0.187,0.543,-0.112,-164.307,-33.142,-4.822
-0.211,0.584,-0.174,-158.020,-28.931,-4.578
-0.236,0.625,-0.238,-149.414,-21.118,-4.395
-0.276,0.688,-0.263,-138.977,-11.536,-3.418
-0.332,0.753,-0.292,-126.892,-1.282,-2.502
-0.377,0.815,-0.304,-114.197,7.751,-2.502
-0.405,0.883,-0.303,-104.492,15.137,-3.235
-0.428,0.955,-0.324,-96.008,20.508,-3.723
-0.453,1.014,-0.368,-84.473,23.132,-2.625
-0.486,1.062,-0.431,-71.899,22.156,-0.916
-0.515,1.108,-0.470,-60.486,18.311,-0.916
-0.532,1.167,-0.487,-51.819,12.817,-2.747
-0.531,1.220,-0.503,-43.640,6.775,-8.423
-0.531,1.253,-0.515,-33.936,0.427,-16.479
-0.502,1.291,-0.516,-23.743,-3.296,-24.231
-0.481,1.318,-0.510,-13.123,-2.625,-29.297
-0.457,1.327,-0.485,-3.113,-0.366,-30.640
-0.410,1.321,-0.452,6.714,2.869,-30.823
-0.363,1.308,-0.402,16.235,6.775,-30.151
-0.317,1.288,-0.349,25.024,10.193,-27.466
-0.276,1.262,-0.297,32.837,13.245,-23.621
-0.245,1.226,-0.250,39.368,15.808,-19.409
-0.209,1.194,-0.206,44.800,17.883,-14.954
-0.187,1.166,-0.181,49.438,19.653,-11.292
-0.174,1.139,-0.161,52.856,19.836,-9.094
-0.168,1.128,-0.144,55.786,18.677,-7.019
-0.163,1.122,-0.126,58.960,15.381,-5.005
-0.178,1.101,-0.128,62.805,9.094,-2.502
-0.193,1.074,-0.124,67.383,2.258,1.221
-0.195,1.043,-0.121,71.228,-2.258,5.676
-0.206,1.003,-0.114,74.036,-5.188,10.315
-0.207,0.958,-0.114,76.050,-7.141,14.038
-0.246,0.897,-0.150,79.773,-8.240,17.639
-0.255,0.844,-0.153,85.327,-8.667,20.325
-0.269,0.786,-0.131,89.783,-8.423,20.752
-0.276,0.733,-0.085,93.140,-7.385,20.325
-0.278,0.700,-0.031,94.910,-4.150,18.860
-0.277,0.681,0.009,98.328,-0.427,17.822
-0.269,0.624,0.034,101.501,2.441,18.494
-0.274,0.568,0.081,100.281,4.272,18.494
-0.280,0.521,0.101,97.778,7.202,16.479
-0.276,0.496,0.135,94.360,11.536,12.573
-0.267,0.467,0.137,95.703,14.526,9.277
-0.254,0.452,0.161,102.051,13.916,6.836
-0.263,0.433,0.180,110.474,11.047,3.906
-0.267,0.402,0.159,122.986,9.094,4.089
-0.297,0.350,0.185,137.512,7.080,7.385
-0.289,0.291,0.267,148.926,7.263,10.437
-0.265,0.261,0.388,153.015,12.451,11.780
-0.223,0.223,0.465,153.076,19.409,13.062
-0.183,0.207,0.542,146.301,20.508,17.151
-0.153,0.270,0.587,135.132,15.686,24.780
-0.171,0.316,0.581,128.479,10.010,36.255
-0.286,0.215,0.476,131.653,6.287,51.758
-0.347,0.073,0.453,139.038,3.906,61.401
-0.419,-0.081,0.540,143.372,7.263,61.523
-0.419,-0.209,0.699,148.193,18.250,55.603
-0.417,-0.299,0.905,156.616,30.396,46.936
-0.384,-0.294,1.156,162.842,38.208,37.964
-0.314,-0.223,1.346,162.903,44.800,30.518
-0.276,-0.157,1.417,159.363,50.415,27.710
-0.245,-0.152,1.506,155.640,41.565,30.518
-0.293,-0.154,1.519,155.151,21.606,31.860
-0.330,-0.249,1.481,151.123,10.254,33.936
-0.324,-0.287,1.532,145.447,-0.610,32.166
-0.343,-0.293,1.604,137.878,-0.732,26.245
-0.372,-0.339,1.667,132.385,5.859,18.433
-0.379,-0.368,1.744,126.038,14.587,15.747
-0.410,-0.368,1.805,116.943,21.301,19.653
-0.444,-0.342,1.834,105.774,23.499,24.902

-0.449,-0.250,1.732,81.604,17.151,20.630
-0.478,-0.214,1.668,72.693,2.502,15.259
-0.499,-0.199,1.610,62.073,-11.353,10.925
-0.519,-0.229,1.563,47.363,-18.433,8.301
-0.544,-0.268,1.559,33.020,-18.066,8.423
-0.579,-0.345,1.633,22.461,-13.428,11.169
-0.584,-0.484,1.780,15.869,-5.188,14.221
-0.564,-0.647,1.991,4.333,9.094,16.479
-0.523,-0.825,2.236,-14.771,28.076,16.907
-0.452,-0.929,2.454,-39.307,47.302,18.066
-0.401,-0.903,2.580,-66.040,55.725,20.569
-0.368,-0.767,2.532,-95.215,52.612,20.813
-0.355,-0.625,2.317,-124.390,32.593,13.306
-0.334,-0.494,2.021,-148.315,5.005,2.014
-0.323,-0.384,1.700,-161.316,-16.296,-7.385
-0.326,-0.275,1.400,-167.236,-32.715,-14.771
-0.327,-0.184,1.162,-169.373,-41.016,-21.118
-0.331,-0.120,0.995,-167.908,-39.856,-25.574
-0.327,-0.064,0.894,-161.194,-31.982,-25.757
-0.296,-0.032,0.793,-153.198,-18.677,-20.508
-0.297,-0.057,0.695,-151.001,-5.188,-21.851
-0.290,-0.056,0.657,-147.583,5.859,-26.428
-0.265,-0.022,0.635,-143.555,14.771,-27.710
-0.228,0.001,0.613,-140.625,19.592,-27.710
-0.188,0.021,0.590,-139.526,19.409,-28.931
-0.160,0.054,0.555,-141.663,15.869,-29.175
-0.143,0.073,0.496,-146.729,9.094,-26.245
-0.156,0.063,0.426,-150.879,-0.366,-19.043
-0.184,0.046,0.386,-154.846,-10.742,-10.498
-0.213,0.029,0.357,-159.485,-20.447,-3.113
-0.212,0.078,0.392,-164.734,-25.574,0.122
-0.204,0.153,0.422,-169.983,-25.269,-1.831
-0.176,0.208,0.411,-170.410,-24.109,-6.165
-0.160,0.260,0.397,-167.786,-23.682,-7.629
-0.177,0.284,0.345,-163.086,-23.437,-5.310
-0.192,0.310,0.290,-157.532,-23.926,-1.709
-0.200,0.346,0.256,-156.189,-24.170,0.916
-0.212,0.386,0.224,-155.151,-23.132,3.113
-0.245,0.425,0.198,-152.832,-19.897,6.165
-0.291,0.444,0.151,-149.414,-14.404,9.949
-0.331,0.461,0.099,-145.203,-7.751,13.000
-0.352,0.523,0.101,-143.311,-0.671,13.916
-0.354,0.601,0.100,-141.479,5.737,11.841
-0.351,0.661,0.086,-136.230,8.545,8.484
-0.381,0.697,0.055,-128.052,6.897,6.470
-0.404,0.734,0.015,-119.812,3.723,4.883
-0.420,0.782,-0.017,-114.502,1.709,2.441
-0.437,0.841,-0.057,-109.619,0.732,0.183
-0.437,0.900,-0.090,-103.455,-1.343,-1.953
-0.429,0.951,-0.122,-96.375,-4.211,-4.089
-0.434,0.986,-0.149,-88.501,-7.019,-5.066
-0.458,1.009,-0.190,-79.041,-9.399,-5.127
-0.478,1.020,-0.231,-67.871,-10.864,-6.958
-0.479,1.051,-0.243,-59.021,-10.986,-11.414
-0.464,1.084,-0.257,-54.016,-10.315,-16.174
-0.431,1.122,-0.264,-48.645,-7.324,-20.508
-0.388,1.168,-0.266,-43.884,-2.747,-23.071
-0.362,1.195,-0.263,-37.781,0.305,-21.973
-0.333,1.207,-0.248,-30.518,2.808,-18.860
-0.310,1.218,-0.233,-24.170,5.310,-15.198
-0.291,1.217,-0.227,-17.517,6.226,-11.719
-0.282,1.219,-0.224,-10.864,5.737,-9.705
-0.297,1.208,-0.224,-3.906,4.089,-9.399
-0.293,1.206,-0.207,3.235,1.770,-11.230
-0.281,1.204,-0.177,9.521,0.488,-13.794
-0.271,1.203,-0.153,15.625,0.793,-14.404
-0.269,1.192,-0.137,21.606,1.099,-12.207
-0.274,1.182,-0.128,27.039,0.793,-8.911
-0.277,1.181,-0.120,30.518,-0.427,-6.165
-0.266,1.181,-0.109,33.020,-3.418,-4.272
-0.266,1.180,-0.095,35.522,-9.460,-2.319
-0.271,1.183,-0.093,38.330,-15.564,-1.099
-0.284,1.177,-0.113,41.809,-20.874,0.671
-0.311,1.154,-0.141,46.997,-26.245,2.869
-0.328,1.128,-0.154,52.795,-29.480,4.150
-0.340,1.092,-0.157,59.448,-29.236,4.883
-0.336,1.057,-0.146,66.223,-26.367,5.676
-0.327,1.029,-0.123,72.754,-21.790,6.836
-0.312,0.997,-0.097,79.041,-16.785,8.118
-0.301,0.960,-0.068,84.778,-12.756,9.155
-0.287,0.920,-0.045,89.661,-9.460,10.315
-0.278,0.878,-0.025,94.604,-7.019,12.695
-0.277,0.830,-0.008,99.792,-5.615,15.564
-0.286,0.777,-0.006,105.164,-4.944,18.494
-0.299,0.733,-0.003,109.741,-4.883,20.386
-0.309,0.679,0.011,114.258,-4.150,20.813
-0.315,0.630,0.022,116.028,-2.258,20.020
-0.304,0.599,0.043,116.089,0.732,16.907
-0.290,0.574,0.078,116.150,4.578,12.024
-0.270,0.540,0.107,119.507,6.897,8.545
-0.254,0.507,0.153,124.939,6.775,7.568
-0.236,0.481,0.203,130.554,5.737,8.789
-0.218,0.452,0.252,136.353,5.371,11.841
-0.216,0.407,0.279,140.930,5.859,16.724
-0.227,0.346,0.282,143.616,7.019,22.522
-0.241,0.266,0.283,146.484,10.254,28.076
-0.245,0.217,0.306,147.888,14.893,30.884
-0.233,0.199,0.362,146.729,18.921,29.053
-0.210,0.183,0.401,146.667,21.362,23.987
-0.186,0.165,0.435,149.048,22.339,20.386
-0.158,0.148,0.485,152.283,21.179,22.156
-0.165,0.092,0.524,158.142,19.043,28.503
-0.199,0.016,0.567,164.062,16.235,37.781
-0.236,-0.070,0.595,168.518,15.076,46.997
-0.278,-0.145,0.631,172.180,15.503,53.162
-0.315,-0.194,0.671,175.049,15.503,55.603
-0.340,-0.231,0.724,175.720,17.029,52.063
-0.339,-0.268,0.792,173.584,19.470,43.213
-0.317,-0.297,0.881,173.767,21.240,34.607
-0.308,-0.342,0.976,174.133,20.935,30.457
-0.275,-0.417,1.052,175.049,18.799,31.433
-0.300,-0.493,1.145,175.903,8.362,37.842
-0.349,-0.587,1.273,175.293,-9.521,44.189
-0.360,-0.673,1.441,167.786,-16.602,48.035
-0.374,-0.707,1.604,152.588,-11.414,50.293
-0.390,-0.680,1.714,137.512,-4.456,47.180
-0.378,-0.630,1.755,123.474,-0.916,39.551
-0.374,-0.555,1.680,106.018,-1.404,34.790
-0.417,-0.531,1.688,96.130,-16.479,31.616

-0.417,-0.418,1.505,78.613,-15.564,22.278
-0.391,-0.341,1.436,69.092,-8.057,15.686
-0.430,-0.268,1.411,60.669,-6.531,11.597
-0.521,-0.212,1.402,56.702,-11.902,11.658
-0.619,-0.201,1.366,54.688,-18.494,14.099
-0.716,-0.193,1.345,50.598,-23.010,15.564
-0.770,-0.252,1.283,45.715,-24.841,12.451
-0.813,-0.338,1.285,42.603,-23.804,7.385
-0.793,-0.402,1.375,36.621,-16.663,3.174
-0.744,-0.469,1.486,24.109,-1.831,0.732
-0.693,-0.548,1.588,10.254,15.381,-0.549
-0.655,-0.608,1.733,-6.958,28.809,-0.854
-0.596,-0.617,1.863,-26.001,35.034,0.916
-0.563,-0.681,1.935,-36.926,34.363,0.000
-0.526,-0.745,1.947,-51.514,36.438,-2.075
-0.505,-0.833,1.921,-64.209,31.921,-7.507
-0.468,-0.882,1.902,-78.186,28.931,-12.085
-0.435,-0.819,1.873,-96.558,24.658,-15.930
-0.417,-0.738,1.797,-114.380,19.775,-18.799
-0.391,-0.677,1.680,-126.953,14.343,-22.888
-0.396,-0.559,1.576,-136.902,9.277,-26.367
-0.326,-0.508,1.434,-139.709,5.737,-25.940
-0.294,-0.464,1.300,-146.484,3.784,-28.503
-0.262,-0.399,1.219,-150.330,5.005,-34.912
-0.237,-0.339,1.149,-154.297,9.888,-37.964
-0.216,-0.298,1.078,-157.410,16.541,-39.307
-0.203,-0.258,1.016,-157.410,22.461,-38.208
-0.184,-0.214,0.929,-155.457,25.452,-36.255
-0.184,-0.177,0.820,-151.306,25.452,-35.645
-0.170,-0.143,0.734,-146.484,22.156,-35.950
-0.151,-0.085,0.688,-144.714,19.653,-36.926
-0.129,-0.008,0.647,-147.888,18.188,-37.964
-0.104,0.052,0.580,-152.588,16.052,-37.292
-0.093,0.104,0.522,-154.846,11.780,-32.043
-0.103,0.131,0.463,-155.151,6.653,-21.484
-0.131,0.143,0.405,-154.663,1.770,-8.789
-0.175,0.149,0.339,-153.931,-4.150,2.380
-0.242,0.160,0.248,-150.391,-11.475,11.292
-0.284,0.196,0.191,-146.301,-19.409,14.954
-0.290,0.241,0.189,-146.118,-24.170,11.169
-0.273,0.303,0.220,-148.560,-25.330,3.601
-0.246,0.353,0.233,-150.391,-24.475,-1.709
-0.231,0.393,0.230,-148.193,-21.790,-3.662
-0.222,0.425,0.230,-144.409,-17.151,-2.625
-0.237,0.440,0.213,-138.672,-12.451,0.854
-0.264,0.447,0.190,-131.409,-8.057,5.249
-0.288,0.462,0.198,-125.244,-3.540,8.728
-0.297,0.505,0.222,-122.742,0.610,10.437
-0.297,0.562,0.220,-120.728,5.188,10.010
-0.294,0.622,0.216,-116.394,8.728,7.019
-0.283,0.677,0.194,-112.122,11.047,2.808
-0.302,0.711,0.156,-105.469,10.925,-1.038
-0.322,0.751,0.133,-96.863,8.850,-3.906
-0.354,0.764,0.109,-89.355,7.996,-5.005
-0.383,0.768,0.124,-81.848,9.460,-2.686
-0.402,0.791,0.173,-75.989,11.841,0.977
-0.428,0.828,0.205,-72.144,14.343,5.188
-0.438,0.857,0.220,-68.542,13.306,7.019
-0.461,0.877,0.200,-65.002,8.484,5.493
-0.492,0.886,0.176,-60.852,0.977,0.427
-0.493,0.917,0.168,-57.068,-6.653,-7.690
-0.462,0.964,0.170,-54.993,-11.536,-16.479
-0.418,1.017,0.154,-52.979,-13.000,-21.790
-0.390,1.099,0.131,-51.025,-12.024,-23.376
-0.378,1.207,0.103,-49.744,-11.719,-24.658
-0.383,1.280,0.049,-43.701,-14.893,-22.888
-0.382,1.313,-0.015,-33.142,-19.653,-19.714
-0.372,1.322,-0.089,-21.362,-23.071,-18.188
-0.386,1.295,-0.171,-9.705,-25.269,-18.860
-0.398,1.266,-0.232,1.160,-26.367,-20.935
-0.388,1.244,-0.254,10.803,-24.841,-22.339
-0.349,1.225,-0.234,18.738,-18.677,-22.644
-0.308,1.200,-0.187,25.818,-10.498,-21.729
-0.266,1.171,-0.122,32.776,-3.113,-19.043
-0.227,1.135,-0.056,39.124,1.831,-14.526
-0.208,1.091,-0.012,44.189,4.639,-9.338
-0.202,1.047,0.012,47.913,5.005,-3.784
-0.208,1.011,0.035,50.842,3.723,1.770
-0.209,0.976,0.051,54.565,2.014,6.714
-0.227,0.938,0.061,59.753,0.610,10.620
-0.244,0.898,0.068,65.735,-0.061,13.306
-0.266,0.860,0.071,70.984,0.549,14.343
-0.270,0.829,0.090,75.867,2.136,13.977
-0.257,0.803,0.117,79.956,5.188,13.733
-0.243,0.777,0.151,83.374,7.751,13.855
-0.231,0.755,0.194,86.304,7.263,13.977
-0.225,0.731,0.220,90.149,4.639,14.832
-0.238,0.704,0.219,94.360,0.610,16.296
-0.269,0.672,0.202,99.243,-4.700,17.700
-0.296,0.640,0.182,104.309,-9.827,17.761
-0.319,0.610,0.174,108.643,-13.000,16.296
-0.318,0.586,0.188,112.549,-13.916,13.062
-0.302,0.561,0.203,114.441,-12.207,8.301
-0.286,0.535,0.222,117.004,-9.277,4.700
-0.274,0.505,0.235,120.422,-6.165,3.784
-0.276,0.468,0.250,125.366,-3.418,4.456
-0.283,0.420,0.271,130.859,-1.587,6.409
-0.287,0.366,0.303,135.254,-0.061,8.545
-0.287,0.314,0.349,138.000,1.587,9.216
-0.294,0.253,0.379,140.198,3.845,8.240
-0.299,0.184,0.420,142.517,4.761,6.104
-0.311,0.130,0.482,144.226,4.456,3.540
-0.315,0.084,0.549,145.081,3.906,0.122
-0.306,0.044,0.620,144.836,3.662,-3.601
-0.282,-0.011,0.700,144.897,2.441,-5.798
-0.228,-0.065,0.797,147.583,2.136,-2.930
-0.195,-0.107,0.905,152.527,3.540,7.263
-0.205,-0.130,1.008,157.654,6.714,22.827
-0.211,-0.138,1.071,159.363,11.902,37.537
-0.242,-0.136,1.089,157.898,17.029,48.462
-0.250,-0.124,1.060,154.968,16.724,53.650
-0.308,-0.126,0.990,150.574,8.423,52.551
-0.310,-0.142,0.920,148.254,-11.536,48.645
-0.372,-0.186,0.830,147.339,-42.664,40.894
-0.498,-0.281,0.732,147.461,-85.022,30.029
-0.493,-0.323,0.727,144.287,-117.065,15.503
-0.496,-0.394,0.911,143.555,-114.075,2.808
-0.458,-0.415,1.025,136.536,-89.355,2.747
-0.457,-0.542,1.127,135.437,-58.411,13.855

-0.515,-0.652,1.347,133.972,-28.931,56.824
-0.551,-0.816,1.293,117.188,-16.602,75.073
-0.662,-0.685,1.562,91.980,-12.634,95.337
-0.687,-0.763,1.613,90.271,6.775,81.726
-0.697,-0.778,1.668,73.059,26.306,62.988
-0.664,-0.773,1.728,60.425,34.363,45.654
-0.612,-0.748,1.765,44.617,30.029,29.358
-0.618,-0.681,1.808,30.090,14.954,21.240
-0.636,-0.607,1.803,19.592,-0.122,17.883
-0.645,-0.537,1.700,6.958,-8.240,17.395
-0.653,-0.465,1.593,-5.066,-15.259,18.127
-0.672,-0.430,1.491,-11.536,-21.118,17.944
-0.698,-0.411,1.408,-14.160,-22.278,16.846
-0.752,-0.448,1.364,-15.381,-17.395,13.733
-0.750,-0.499,1.403,-17.578,-5.920,8.423
-0.733,-0.550,1.486,-20.996,11.841,2.563
-0.699,-0.629,1.594,-29.419,29.785,-0.854
-0.662,-0.683,1.646,-43.213,46.021,-0.671
-0.607,-0.731,1.665,-64.331,54.688,0.183
-0.552,-0.738,1.671,-79.346,54.932,-1.099
-0.494,-0.758,1.625,-95.032,56.641,-2.380
-0.424,-0.779,1.612,-107.117,53.040,-3.784
-0.390,-0.756,1.556,-117.493,51.331,-3.174
-0.369,-0.778,1.510,-125.549,47.363,-2.319
-0.316,-0.718,1.484,-137.817,38.940,-4.089
-0.293,-0.665,1.423,-154.907,32.227,-13.306
-0.274,-0.618,1.337,-166.077,26.062,-19.409
-0.234,-0.565,1.262,-173.340,19.836,-25.024
-0.213,-0.500,1.181,-182.678,18.250,-30.884
-0.192,-0.414,1.085,-191.345,17.212,-35.400
-0.169,-0.326,1.001,-195.557,13.428,-38.574
-0.160,-0.255,0.890,-197.388,8.240,-40.710
-0.150,-0.190,0.770,-196.289,3.296,-42.358
-0.150,-0.129,0.670,-195.068,-2.502,-44.006
-0.145,-0.066,0.574,-194.153,-9.216,-45.837
-0.136,-0.013,0.477,-194.763,-14.954,-46.753
-0.149,0.032,0.388,-195.557,-19.165,-44.739
-0.159,0.091,0.324,-194.885,-22.766,-40.161
-0.153,0.157,0.303,-193.909,-27.832,-33.875
-0.145,0.202,0.298,-193.542,-34.546,-27.405
-0.135,0.222,0.281,-192.627,-39.856,-20.630
-0.138,0.258,0.268,-192.322,-40.771,-13.062
-0.139,0.292,0.247,-193.359,-38.757,-6.714
-0.151,0.302,0.195,-191.772,-36.438,-2.075
-0.166,0.328,0.152,-185.425,-34.058,1.099
-0.181,0.384,0.144,-179.749,-31.738,2.747
-0.187,0.432,0.139,-174.744,-28.931,1.831
-0.201,0.463,0.127,-167.480,-24.536,0.916
-0.235,0.488,0.118,-159.180,-19.409,1.587
-0.275,0.511,0.086,-152.161,-14.282,2.686
-0.312,0.553,0.039,-144.592,-9.766,3.174
-0.347,0.607,-0.001,-135.193,-6.042,1.770
-0.374,0.658,-0.034,-125.427,-2.747,-1.465
-0.393,0.708,-0.050,-117.371,1.221,-5.676
-0.402,0.763,-0.060,-110.046,7.507,-9.766
-0.434,0.814,-0.083,-101.196,15.198,-11.169
-0.479,0.868,-0.100,-90.027,20.935,-10.498
-0.502,0.922,-0.093,-78.857,23.743,-9.216
-0.516,0.964,-0.070,-70.496,23.132,-7.935
-0.518,0.993,-0.057,-63.477,19.653,-8.484
-0.509,1.020,-0.066,-58.838,14.709,-11.169
-0.499,1.060,-0.073,-55.420,8.911,-14.526
-0.482,1.104,-0.077,-51.270,1.526,-16.663
-0.472,1.138,-0.097,-45.776,-4.822,-18.188
-0.457,1.174,-0.116,-39.001,-9.644,-22.400
-0.435,1.179,-0.139,-31.006,-12.939,-24.353
-0.429,1.184,-0.177,-23.315,-14.832,-24.658
-0.418,1.192,-0.208,-15.137,-15.442,-25.757
-0.384,1.211,-0.216,-8.301,-13.428,-28.442
-0.354,1.214,-0.203,-0.916,-10.254,-31.250
-0.316,1.210,-0.178,6.226,-6.592,-32.898
-0.271,1.202,-0.145,12.939,-2.136,-32.715
-0.231,1.190,-0.108,19.348,2.502,-30.090
-0.192,1.180,-0.067,25.146,6.042,-26.123
-0.155,1.166,-0.030,29.663,7.629,-21.729
-0.133,1.137,-0.021,34.973,7.629,-15.259
-0.131,1.107,-0.024,39.795,6.897,-7.935
-0.136,1.086,-0.009,43.396,5.310,-1.221
-0.140,1.071,0.003,46.509,3.235,5.066
-0.147,1.057,0.015,48.767,0.732,10.132
-0.155,1.046,0.020,50.110,-1.465,13.306
-0.172,1.029,0.014,52.979,-3.601,16.052
-0.192,1.006,0.006,56.946,-5.920,18.616
-0.208,0.983,-0.003,61.768,-7.690,20.325
-0.214,0.952,-0.007,67.627,-8.850,21.423
-0.230,0.920,-0.005,73.669,-9.338,22.583
-0.231,0.889,0.009,80.322,-10.071,23.499
-0.223,0.853,0.026,85.876,-9.338,24.292
-0.214,0.823,0.050,91.003,-7.507,26.001
-0.197,0.790,0.072,96.436,-6.470,28.809
-0.187,0.759,0.093,101.379,-6.653,31.616
-0.191,0.725,0.103,106.262,-7.935,34.241
-0.213,0.685,0.103,112.183,-9.460,37.842
-0.224,0.642,0.103,118.286,-10.254,41.260
-0.241,0.600,0.099,122.803,-10.071,43.579
-0.260,0.562,0.098,127.686,-9.155,45.471
-0.261,0.526,0.104,133.362,-7.324,47.119
-0.251,0.493,0.130,138.428,-4.883,47.363
-0.227,0.460,0.159,143.494,-1.953,46.875
-0.200,0.429,0.192,148.926,0.916,47.302
-0.163,0.397,0.231,154.114,2.991,49.927
-0.133,0.363,0.265,158.630,3.723,54.626
-0.117,0.310,0.296,163.574,3.845,60.791
-0.128,0.221,0.300,168.274,4.272,68.726
-0.186,0.079,0.290,175.964,3.174,80.627
-0.242,-0.099,0.327,187.500,1.770,96.130
-0.288,-0.289,0.430,197.510,4.028,113.586
-0.362,-0.494,0.553,201.477,13.000,130.066
-0.453,-0.654,0.675,196.716,26.917,142.029
-0.470,-0.706,0.831,183.350,45.715,141.174
-0.440,-0.599,1.007,161.072,68.726,122.009
-0.387,-0.445,1.126,143.066,79.773,95.276
-0.351,-0.333,1.169,136.597,73.303,70.923
-0.315,-0.225,1.122,138.428,56.091,50.415
-0.268,-0.170,0.967,149.292,27.649,36.987
-0.321,-0.150,0.849,157.532,-23.254,32.837
-0.434,-0.290,0.733,166.260,-86.121,26.245
-0.531,-0.482,0.775,175.476,-117.126,26.306
-0.573,-0.677,0.879,183.594,-106.567,38.147

-0.631,-0.973,1.304,181.091,-31.860,61.279
-0.669,-1.045,1.521,168.152,11.169,69.946
-0.684,-1.048,1.685,146.484,47.791,74.585
-0.670,-1.019,1.795,120.056,69.946,70.984
-0.632,-0.980,1.846,94.666,78.125,59.937
-0.604,-0.976,1.775,75.073,79.224,47.058
-0.605,-1.004,1.702,60.547,75.745,35.889
-0.581,-1.011,1.754,48.340,65.247,24.109
-0.567,-0.983,1.885,30.823,57.983,13.672
-0.566,-0.937,1.988,11.597,56.091,7.874
-0.575,-0.890,2.014,-5.981,52.490,5.859
-0.585,-0.832,2.003,-19.836,42.847,2.502
-0.594,-0.773,1.932,-32.898,31.128,-3.479
-0.588,-0.710,1.808,-45.959,19.531,-11.353
-0.562,-0.669,1.667,-57.373,7.935,-20.081
-0.514,-0.631,1.572,-65.735,-0.732,-28.259
-0.461,-0.615,1.526,-73.669,-4.517,-34.973
-0.408,-0.610,1.501,-81.299,-2.502,-37.964
-0.361,-0.624,1.496,-88.257,3.113,-35.278
-0.331,-0.638,1.489,-96.069,10.925,-28.809
-0.302,-0.647,1.481,-105.530,17.639,-21.912
-0.274,-0.659,1.460,-116.089,23.132,-17.090
-0.250,-0.667,1.433,-125.244,26.733,-14.343
-0.236,-0.664,1.400,-133.545,26.184,-12.817
-0.218,-0.660,1.355,-140.747,21.790,-13.184
-0.231,-0.647,1.295,-147.827,13.428,-14.832
-0.286,-0.581,1.255,-152.649,4.150,-17.761
-0.213,-0.559,1.157,-152.100,1.831,-15.869
-0.196,-0.547,1.045,-162.109,-2.014,-22.522
-0.194,-0.492,0.971,-167.236,-9.216,-35.400
-0.192,-0.397,0.886,-171.204,-18.677,-42.847
-0.187,-0.311,0.810,-171.875,-28.137,-46.387
-0.195,-0.251,0.717,-168.884,-35.950,-50.598
-0.203,-0.202,0.645,-167.175,-41.687,-55.786
-0.200,-0.130,0.591,-168.579,-42.725,-60.242
-0.199,-0.068,0.520,-172.852,-39.124,-61.951
-0.196,-0.013,0.449,-174.805,-35.950,-59.143
-0.208,0.043,0.402,-176.575,-36.011,-52.368
-0.217,0.101,0.349,-180.420,-37.354,-43.823
-0.235,0.140,0.292,-182.434,-39.551,-34.485
-0.236,0.179,0.292,-183.167,-41.382,-24.292
-0.221,0.206,0.265,-188.599,-34.180,-13.123
-0.259,0.226,0.222,-190.552,-19.409,1.953
-0.299,0.252,0.229,-186.401,-7.080,17.029
-0.286,0.268,0.280,-180.786,-0.244,26.184
-0.285,0.290,0.343,-175.842,3.296,28.198
-0.277,0.326,0.369,-173.645,5.310,23.926
-0.271,0.362,0.356,-172.546,4.944,17.456
-0.284,0.381,0.308,-168.823,0.793,11.169
-0.295,0.402,0.267,-160.278,-7.141,5.005
-0.311,0.429,0.225,-152.344,-17.456,-1.892
-0.330,0.478,0.167,-145.569,-27.466,-9.399
-0.348,0.541,0.120,-141.724,-33.203,-16.479
-0.386,0.598,0.053,-138.977,-29.724,-18.799
-0.416,0.667,-0.014,-133.179,-18.311,-16.907
-0.416,0.732,-0.052,-126.160,-5.920,-14.832
-0.425,0.794,-0.071,-118.164,1.282,-13.245
-0.436,0.847,-0.075,-109.375,4.333,-12.329
-0.452,0.885,-0.081,-101.624,5.798,-11.597
-0.470,0.908,-0.089,-94.055,5.798,-10.132
-0.481,0.935,-0.083,-87.952,4.028,-8.240
-0.494,0.957,-0.086,-81.421,0.671,-6.470
-0.494,0.980,-0.084,-74.463,-3.357,-4.883
-0.483,1.005,-0.093,-69.702,-7.385,-7.263
-0.490,1.052,-0.126,-64.148,-11.719,-14.709
-0.500,1.097,-0.158,-56.335,-16.785,-20.508
-0.497,1.143,-0.200,-49.194,-19.775,-26.794
-0.498,1.179,-0.242,-40.649,-19.653,-32.837
-0.488,1.217,-0.267,-32.837,-17.090,-37.903
-0.458,1.254,-0.271,-26.062,-12.634,-41.138
-0.419,1.278,-0.269,-18.433,-6.897,-41.687
-0.376,1.288,-0.256,-10.376,-1.038,-39.856
-0.334,1.287,-0.246,-2.563,3.906,-36.316
-0.322,1.297,-0.237,4.944,6.714,-31.311
-0.312,1.294,-0.218,13.245,6.470,-24.719
-0.301,1.286,-0.209,21.179,5.371,-19.165
-0.287,1.276,-0.213,26.001,3.845,-15.503
-0.289,1.271,-0.216,30.762,0.916,-12.085
-0.285,1.258,-0.218,36.072,-2.197,-9.033
-0.281,1.235,-0.218,42.480,-4.639,-6.042
-0.264,1.210,-0.211,49.866,-6.714,-4.089
-0.257,1.188,-0.198,56.763,-8.240,-1.892
-0.247,1.159,-0.193,64.453,-9.583,1.038
-0.249,1.120,-0.203,72.449,-10.620,4.944
-0.251,1.079,-0.208,80.505,-11.658,9.094
-0.249,1.041,-0.200,87.830,-12.512,12.695
-0.246,0.995,-0.182,95.398,-13.245,15.869
-0.249,0.942,-0.170,102.661,-13.855,20.325
-0.269,0.886,-0.155,109.985,-14.099,25.757
-0.283,0.831,-0.136,116.516,-13.306,31.006
-0.284,0.774,-0.111,122.925,-10.925,36.499
-0.272,0.728,-0.080,128.296,-7.141,40.588
-0.265,0.673,-0.051,132.629,-3.723,42.908
-0.267,0.610,-0.039,138.245,-1.038,45.288
-0.275,0.543,-0.020,144.653,1.343,47.668
-0.280,0.490,0.007,149.597,3.967,48.645
-0.276,0.445,0.042,153.809,6.470,48.096
-0.257,0.407,0.089,158.081,8.972,46.204
-0.233,0.378,0.133,162.292,12.146,44.128
-0.225,0.339,0.163,166.931,14.709,43.640
-0.230,0.295,0.180,173.462,15.625,46.021
-0.228,0.242,0.200,180.481,16.724,49.927
-0.230,0.168,0.208,186.462,19.104,52.979
-0.231,0.067,0.238,194.214,21.057,55.847
-0.235,-0.057,0.324,202.698,23.499,60.059
-0.217,-0.189,0.454,208.374,28.381,65.918
-0.177,-0.316,0.620,210.571,38.025,72.266
-0.155,-0.432,0.790,208.679,49.988,80.078
-0.136,-0.526,0.916,203.064,61.951,88.257
-0.134,-0.603,1.031,196.777,69.519,95.093
-0.114,-0.664,1.140,190.002,71.716,98.938
-0.134,-0.747,1.219,186.646,68.970,99.548
-0.213,-0.830,1.266,183.533,60.486,97.412
-0.264,-0.873,1.278,179.687,48.950,90.149
-0.282,-0.861,1.289,168.701,36.743,75.439
-0.291,-0.793,1.231,152.344,16.418,55.786
-0.398,-0.722,1.197,140.442,-25.635,39.551
-0.474,-0.652,1.280,133.301,-64.392,26.733
-0.493,-0.580,1.268,126.892,-78.247,15.808

-0.618,-0.544,1.150,122.742,-80.872,-9.583
-0.629,-0.556,1.145,122.131,-72.388,-12.268
-0.673,-0.616,1.135,119.568,-53.101,-6.775
-0.740,-0.703,1.218,116.882,-30.762,3.418
-0.782,-0.755,1.346,108.643,-7.263,13.794
-0.827,-0.752,1.466,93.689,14.587,19.714
-0.835,-0.733,1.529,78.247,28.625,18.738
-0.815,-0.728,1.561,62.134,30.579,11.658
-0.794,-0.722,1.575,46.265,20.569,1.099
-0.754,-0.723,1.579,31.372,5.737,-8.240
-0.716,-0.726,1.587,19.165,-4.272,-13.550
-0.691,-0.722,1.596,6.775,-7.507,-15.259
-0.655,-0.743,1.615,-5.005,-6.470,-15.686
-0.611,-0.799,1.640,-14.343,0.671,-13.611
-0.589,-0.871,1.660,-24.841,17.334,-8.179
-0.557,-0.914,1.687,-38.879,35.828,-2.502
-0.509,-0.920,1.704,-54.504,49.316,0.671
-0.470,-0.909,1.717,-68.298,53.711,0.305
-0.435,-0.882,1.694,-81.421,51.575,-3.174
-0.396,-0.836,1.638,-93.567,44.128,-8.606
-0.364,-0.805,1.574,-104.431,34.241,-15.198
-0.340,-0.750,1.517,-114.563,27.344,-20.264
-0.317,-0.678,1.474,-125.305,24.292,-23.437
-0.301,-0.638,1.420,-133.118,25.330,-23.560
-0.275,-0.630,1.351,-137.878,29.846,-19.653
-0.262,-0.602,1.287,-146.057,36.072,-17.090
-0.263,-0.538,1.217,-154.663,42.419,-17.029
-0.252,-0.475,1.140,-161.072,47.607,-18.372
-0.242,-0.402,1.060,-164.368,51.758,-19.897
-0.210,-0.339,0.965,-167.053,51.270,-24.902
-0.190,-0.280,0.880,-169.556,48.462,-30.518
-0.180,-0.245,0.794,-170.959,43.457,-33.020
-0.169,-0.227,0.727,-171.875,38.818,-32.410
-0.185,-0.200,0.662,-172.729,34.241,-30.396
-0.182,-0.135,0.627,-174.438,26.978,-28.259
-0.147,-0.068,0.603,-178.162,17.639,-27.832
-0.120,-0.029,0.573,-182.129,7.629,-28.320
-0.111,0.001,0.541,-184.631,-2.258,-26.917
-0.122,0.032,0.494,-188.293,-11.902,-22.400
-0.133,0.065,0.439,-190.674,-22.278,-17.029
-0.160,0.106,0.400,-191.528,-32.532,-12.817
-0.173,0.168,0.374,-194.153,-42.053,-9.399
-0.191,0.228,0.342,-196.838,-49.622,-7.629
-0.212,0.272,0.313,-198.242,-54.810,-7.263
-0.252,0.287,0.256,-198.242,-57.495,-6.470
-0.273,0.301,0.208,-194.763,-56.152,-5.188
-0.287,0.327,0.188,-191.772,-50.659,-4.333
-0.278,0.376,0.197,-187.622,-44.128,-3.906
-0.271,0.436,0.219,-182.678,-37.292,-4.883
-0.284,0.485,0.209,-178.040,-30.518,-5.493
-0.297,0.532,0.201,-171.265,-25.635,-5.981
-0.306,0.577,0.186,-165.466,-22.705,-6.897
-0.317,0.625,0.165,-159.607,-20.874,-7.812
-0.331,0.663,0.132,-153.503,-19.592,-9.460
-0.357,0.689,0.088,-147.949,-18.677,-11.047
-0.396,0.721,0.055,-141.296,-16.479,-11.047
-0.425,0.762,0.024,-134.155,-11.841,-8.484
-0.462,0.802,-0.008,-126.831,-6.042,-3.967
-0.491,0.842,-0.036,-120.117,-1.648,-0.366
-0.514,0.875,-0.068,-112.488,1.038,1.526
-0.534,0.910,-0.092,-103.394,1.892,1.770
-0.549,0.948,-0.096,-95.337,0.549,0.549
-0.535,0.966,-0.084,-88.806,-2.014,-0.366
-0.539,0.990,-0.093,-82.825,-3.357,-5.005
-0.531,0.982,-0.105,-73.608,-3.845,-7.935
-0.521,0.993,-0.111,-67.688,-4.883,-9.521
-0.500,1.013,-0.102,-62.500,-6.348,-12.207
-0.462,1.045,-0.097,-58.472,-5.615,-16.418
-0.436,1.063,-0.097,-55.115,-3.845,-21.179
-0.416,1.093,-0.109,-50.842,-2.502,-23.071
-0.397,1.113,-0.119,-45.166,-1.343,-23.987
-0.374,1.109,-0.136,-39.795,-0.061,-26.062
-0.363,1.122,-0.156,-35.278,0.916,-28.137
-0.365,1.124,-0.174,-28.320,0.366,-27.954
-0.344,1.135,-0.189,-23.743,-0.488,-30.151
-0.334,1.174,-0.202,-21.301,-2.075,-32.288
-0.324,1.218,-0.215,-16.724,-5.798,-33.997
-0.307,1.208,-0.230,-11.108,-10.010,-36.499
-0.296,1.227,-0.242,-4.272,-13.428,-33.691
-0.275,1.229,-0.253,3.601,-16.174,-29.541
-0.274,1.219,-0.269,11.536,-20.020,-24.231
-0.268,1.196,-0.291,20.081,-23.499,-17.761
-0.255,1.193,-0.321,26.978,-25.574,-11.169
-0.258,1.211,-0.333,30.823,-27.466,-6.226
-0.254,1.230,-0.334,35.706,-28.748,-2.869
-0.247,1.225,-0.349,43.945,-28.320,-0.977
-0.247,1.192,-0.348,54.504,-27.161,1.160
-0.227,1.151,-0.334,64.819,-24.780,5.554
-0.204,1.104,-0.304,74.402,-20.935,12.451
-0.196,1.050,-0.268,82.825,-17.029,20.874
-0.195,0.984,-0.231,89.783,-13.489,30.518
-0.179,0.925,-0.191,93.262,-9.705,40.039
-0.167,0.869,-0.150,94.910,-5.798,47.974
-0.184,0.793,-0.140,97.595,-2.747,54.504
-0.208,0.689,-0.144,98.572,-1.587,60.242
-0.242,0.617,-0.114,92.102,-0.977,63.599
-0.259,0.590,-0.064,84.839,2.441,63.232
-0.268,0.564,-0.018,83.191,9.521,61.096
-0.266,0.536,-0.004,86.975,17.273,59.753
-0.258,0.500,0.021,93.689,23.132,59.021
-0.249,0.444,0.129,100.647,25.513,59.143
-0.228,0.427,0.189,99.976,29.236,58.594
-0.224,0.428,0.244,102.051,33.325,58.899
-0.244,0.390,0.255,106.750,37.354,61.462
-0.290,0.303,0.209,117.126,39.856,65.186
-0.289,0.234,0.188,129.944,39.551,65.613
-0.284,0.196,0.217,139.404,38.269,59.265
-0.265,0.182,0.282,146.851,36.194,49.072
-0.232,0.157,0.349,150.818,34.424,40.466
-0.194,0.124,0.432,149.048,32.166,37.109
-0.174,0.083,0.517,145.203,29.480,38.879
-0.169,0.055,0.603,141.418,27.771,44.617
-0.161,0.061,0.687,135.132,28.687,54.199
-0.204,0.023,0.727,131.897,32.715,68.176
-0.243,-0.048,0.750,134.338,37.781,84.167
-0.313,-0.152,0.733,138.550,43.091,96.802
-0.381,-0.231,0.710,144.897,45.959,100.891
-0.414,-0.281,0.724,149.841,46.692,93.750
-0.390,-0.318,0.810,156.128,48.401,78.125

-0.345,-0.345,1.452,155.457,41.138,73.364
-0.322,-0.341,1.568,141.235,26.733,69.458
-0.326,-0.346,1.638,132.629,16.785,46.570
-0.353,-0.337,1.685,133.911,0.488,34.058
-0.396,-0.327,1.699,133.728,-6.226,28.687
-0.442,-0.305,1.677,128.906,-1.892,31.677
-0.479,-0.317,1.681,120.361,6.775,41.992
-0.507,-0.408,1.745,110.352,19.836,53.284
-0.576,-0.507,1.831,102.173,38.452,65.796
-0.571,-0.577,1.920,83.191,61.768,78.735
-0.625,-0.675,2.116,67.810,63.354,81.421
-0.678,-0.778,2.297,50.903,59.692,76.965
-0.727,-0.828,2.466,25.269,51.453,64.331
-0.729,-0.723,2.557,-11.353,36.804,34.729
-0.681,-0.568,2.475,-43.518,28.809,3.052
-0.587,-0.397,2.255,-66.223,16.357,-8.301
-0.516,-0.282,2.048,-79.773,-9.766,-10.498
-0.486,-0.242,1.854,-86.975,-35.522,-9.827
-0.482,-0.228,1.686,-93.140,-51.025,-14.221
-0.484,-0.251,1.558,-98.145,-52.063,-18.372
-0.474,-0.301,1.469,-100.220,-43.823,-18.799
-0.457,-0.323,1.418,-100.952,-32.898,-19.592
-0.474,-0.368,1.353,-100.586,-21.484,-25.879
-0.456,-0.376,1.313,-96.436,-11.353,-35.278
-0.376,-0.352,1.311,-93.872,-3.967,-46.936
-0.314,-0.342,1.336,-93.323,0.610,-58.289
-0.249,-0.324,1.355,-94.360,6.714,-67.200
-0.199,-0.320,1.350,-97.595,12.695,-69.946
-0.160,-0.302,1.337,-103.699,18.127,-67.078
-0.126,-0.270,1.287,-114.258,21.484,-61.401
-0.096,-0.249,1.209,-125.427,21.362,-56.519
-0.100,-0.271,1.118,-133.728,15.747,-53.467
-0.090,-0.292,1.008,-137.573,8.423,-51.270
-0.057,-0.268,0.925,-142.639,1.099,-50.659
-0.020,-0.205,0.862,-149.597,-6.714,-50.903
0.001,-0.119,0.795,-155.884,-15.259,-50.781
-0.000,-0.045,0.707,-162.903,-22.400,-48.767
-0.026,0.014,0.599,-168.335,-26.917,-44.373
-0.049,0.051,0.481,-171.997,-32.104,-38.818
-0.087,0.064,0.372,-174.316,-39.795,-33.691
-0.114,0.111,0.297,-176.025,-47.913,-30.090
-0.117,0.185,0.256,-179.871,-54.932,-27.893
-0.107,0.234,0.234,-184.570,-62.195,-26.184
-0.104,0.278,0.215,-186.157,-68.604,-23.804
-0.121,0.313,0.193,-186.829,-72.144,-20.203
-0.154,0.338,0.148,-185.730,-74.219,-15.442
-0.170,0.376,0.116,-182.861,-74.707,-11.719
-0.183,0.413,0.093,-180.725,-72.388,-9.277
-0.205,0.439,0.063,-178.467,-67.688,-6.958
-0.235,0.466,0.029,-174.377,-60.974,-4.333
-0.269,0.499,-0.001,-168.762,-52.673,-1.831
-0.298,0.534,-0.028,-162.781,-43.457,-0.244
-0.323,0.576,-0.047,-156.616,-33.264,0.916
-0.339,0.622,-0.052,-149.048,-21.912,1.404
-0.364,0.660,-0.055,-140.076,-10.559,2.197
-0.396,0.690,-0.066,-129.272,-0.671,3.418
-0.420,0.718,-0.081,-117.737,6.714,4.395
-0.438,0.741,-0.092,-108.215,11.169,5.005
-0.458,0.762,-0.096,-101.074,12.085,4.883
-0.486,0.777,-0.115,-94.482,11.658,3.357
-0.512,0.803,-0.140,-89.966,10.254,2.197
-0.533,0.823,-0.161,-88.623,9.216,3.479
-0.518,0.810,-0.188,-91.736,8.118,6.104
-0.569,0.930,-0.199,-95.276,3.967,-13.367
-0.574,0.928,-0.222,-82.031,-1.160,-25.330
-0.585,0.941,-0.268,-72.021,-5.188,-22.827
-0.574,0.984,-0.300,-67.688,-11.780,-27.649
-0.560,1.045,-0.325,-64.331,-20.020,-33.386
-0.555,1.097,-0.351,-60.303,-28.137,-37.476
-0.539,1.136,-0.366,-55.420,-34.790,-40.222
-0.523,1.191,-0.389,-51.514,-38.269,-41.565
-0.511,1.352,-0.412,-45.105,-38.269,-42.419
-0.443,1.034,-0.446,-35.461,-35.461,-53.833
-0.484,1.217,-0.520,-35.645,-29.907,-51.575
-0.466,1.182,-0.549,-21.667,-23.926,-38.391
-0.445,1.222,-0.534,-10.803,-17.273,-36.560
-0.380,1.171,-0.492,-3.296,-8.972,-42.175
-0.336,1.220,-0.450,5.432,-0.549,-38.818
-0.304,1.209,-0.403,16.174,7.202,-32.959
-0.286,1.170,-0.367,23.376,12.207,-27.649
-0.269,1.155,-0.353,30.090,13.550,-14.954
-0.255,1.137,-0.332,35.034,12.573,-3.967
-0.246,1.126,-0.321,38.086,9.094,3.967
-0.250,1.110,-0.326,41.748,4.089,9.827
-0.283,1.089,-0.347,47.485,-1.160,13.306
-0.301,1.061,-0.355,55.176,-5.981,15.320
-0.322,1.034,-0.361,63.538,-8.789,16.541
-0.325,1.020,-0.343,72.266,-9.460,17.517
-0.307,1.003,-0.320,80.627,-8.545,17.944
-0.289,0.969,-0.289,89.600,-7.324,19.226
-0.275,0.931,-0.257,97.351,-6.042,20.386
-0.261,0.895,-0.224,104.858,-5.554,22.156
-0.266,0.846,-0.195,112.244,-5.798,24.963
-0.275,0.791,-0.185,119.202,-5.920,28.259
-0.286,0.748,-0.172,126.587,-5.127,31.738
-0.292,0.711,-0.146,133.301,-3.296,34.363
-0.292,0.688,-0.119,139.160,-0.183,35.706
-0.285,0.662,-0.083,145.508,3.723,35.828
-0.280,0.636,-0.046,151.611,8.240,36.194
-0.283,0.605,-0.006,157.837,12.695,36.987
-0.281,0.574,0.033,163.513,17.212,39.001
-0.280,0.538,0.069,168.579,21.912,42.664
-0.281,0.500,0.099,172.913,26.062,46.753
-0.287,0.447,0.107,176.819,29.541,50.964
-0.305,0.393,0.115,181.519,31.860,54.688
-0.306,0.350,0.142,185.547,33.691,56.274
-0.291,0.309,0.180,188.538,36.377,56.213
-0.275,0.263,0.225,191.650,39.063,55.969
-0.253,0.215,0.278,196.167,41.565,57.190
-0.227,0.157,0.347,200.317,44.373,60.181
-0.197,0.089,0.428,203.064,47.791,65.796
-0.172,-0.016,0.496,206.665,51.514,73.730
-0.175,-0.148,0.560,211.243,55.298,84.595
-0.192,-0.286,0.641,214.783,59.326,96.497
-0.185,-0.408,0.753,216.980,65.063,107.971
-0.173,-0.514,0.901,217.529,72.266,116.821
-0.174,-0.586,1.051,213.501,79.346,120.605
-0.176,-0.615,1.188,201.721,84.167,116.699
-0.164,-0.584,1.310,179.871,86.609,104.736

-0.164,-0.449,1.397,138.245,58.716,80.444
-0.188,-0.369,1.341,118.225,23.010,64.209
-0.239,-0.298,1.257,102.905,-32.959,57.800
-0.256,-0.257,1.148,93.567,-93.994,62.500
-0.267,-0.234,1.087,94.055,-127.686,64.575
-0.320,-0.291,1.079,105.286,-133.240,60.608
-0.336,-0.464,1.108,121.399,-118.408,61.951
-0.366,-0.669,1.161,132.629,-84.717,71.960
-0.441,-0.843,1.279,134.705,-41.931,85.938
-0.531,-0.981,1.453,124.207,0.000,97.656
-0.614,-1.044,1.629,106.140,40.039,104.004
-0.667,-1.026,1.811,83.008,73.059,102.356
-0.695,-0.995,1.980,57.983,92.163,90.149
-0.709,-0.974,2.128,34.058,93.628,69.092
-0.697,-0.940,2.219,10.132,83.618,47.180
-0.704,-0.841,2.252,-11.047,61.951,30.151
-0.727,-0.727,2.199,-30.334,33.447,14.587
-0.728,-0.608,2.058,-48.584,7.568,2.014
-0.719,-0.561,1.900,-59.692,-12.390,-6.958
-0.709,-0.573,1.754,-64.514,-26.550,-14.893
-0.700,-0.615,1.669,-70.068,-33.813,-19.653
-0.680,-0.651,1.632,-73.486,-32.959,-22.095
-0.627,-0.660,1.631,-80.872,-19.897,-36.926
-0.556,-0.667,1.632,-91.003,-1.221,-55.664
-0.462,-0.659,1.645,-99.548,13.611,-68.481
-0.364,-0.627,1.648,-108.337,22.339,-73.975
-0.278,-0.573,1.625,-115.845,26.794,-75.867
-0.198,-0.517,1.581,-122.498,28.259,-76.782
-0.134,-0.474,1.524,-128.540,27.039,-78.064
-0.083,-0.469,1.461,-132.874,23.010,-77.209
-0.052,-0.488,1.390,-135.498,18.921,-72.632
-0.030,-0.499,1.318,-139.282,16.479,-67.261
-0.018,-0.483,1.254,-145.691,14.832,-62.866
-0.010,-0.435,1.185,-154.846,11.108,-60.059
0.034,-0.374,1.115,-165.466,7.568,-57.373
0.021,-0.282,1.000,-171.631,3.296,-61.096
0.039,-0.203,0.890,-181.458,1.404,-66.589
0.041,-0.149,0.749,-190.552,-5.188,-65.552
0.033,-0.093,0.627,-197.144,-19.165,-60.730
0.018,-0.046,0.508,-205.444,-34.546,-56.213
-0.010,-0.012,0.412,-210.022,-50.049,-49.194
-0.057,0.012,0.323,-211.487,-65.918,-39.551
-0.120,0.026,0.219,-211.487,-80.078,-31.067
-0.141,0.087,0.164,-211.121,-90.637,-26.978
-0.127,0.170,0.151,-214.661,-96.008,-29.114
-0.116,0.234,0.130,-219.421,-98.022,-34.119
-0.104,0.299,0.088,-219.971,-98.999,-37.292
-0.102,0.347,0.049,-217.407,-98.572,-35.767
-0.135,0.366,-0.004,-211.243,-97.290,-29.114
-0.156,0.383,-0.045,-201.294,-95.093,-19.653
-0.187,0.412,-0.073,-190.613,-89.233,-10.620
-0.231,0.448,-0.090,-181.274,-80.627,-3.784
-0.270,0.483,-0.110,-172.180,-71.167,0.366
-0.318,0.510,-0.130,-162.292,-59.998,2.563
-0.361,0.545,-0.140,-153.625,-47.241,2.686
-0.384,0.589,-0.137,-146.362,-32.654,1.587
-0.410,0.625,-0.139,-138.245,-17.334,0.854
-0.448,0.653,-0.154,-127.930,-3.174,1.343
-0.484,0.683,-0.169,-118.164,8.545,1.892
-0.521,0.719,-0.182,-109.192,18.616,2.747
-0.575,0.744,-0.216,-100.342,25.635,5.066
-0.638,0.774,-0.253,-90.515,30.151,7.263
-0.689,0.808,-0.286,-80.261,30.090,7.507
-0.722,0.857,-0.304,-73.303,26.001,5.066
-0.743,0.907,-0.315,-70.190,18.372,-0.366
-0.776,0.926,-0.318,-69.702,7.385,-15.137
-0.754,1.075,-0.336,-62.927,-5.981,-48.279
-0.750,1.072,-0.343,-45.715,-16.052,-57.495
-0.725,1.106,-0.386,-40.039,-20.020,-65.674
-0.680,1.156,-0.418,-35.950,-21.057,-70.190
-0.624,1.215,-0.439,-30.640,-20.325,-69.763
-0.567,1.243,-0.450,-23.621,-17.761,-68.176
-0.514,1.270,-0.455,-17.090,-14.343,-66.406
-0.492,1.481,-0.449,-8.911,-11.108,-64.270
-0.374,1.160,-0.405,1.404,-8.545,-75.745
-0.342,1.295,-0.393,-1.465,-4.761,-74.219
-0.323,1.231,-0.337,5.737,-0.916,-66.528
-0.266,1.208,-0.332,8.606,3.052,-60.547
-0.237,1.204,-0.265,14.832,4.150,-50.659
-0.222,1.205,-0.218,23.926,6.226,-39.063
-0.174,1.142,-0.179,26.917,10.864,-28.564
-0.151,1.134,-0.145,28.503,13.428,-13.550
-0.139,1.121,-0.105,30.518,13.367,0.549
-0.127,1.109,-0.078,30.823,11.536,13.062
-0.146,1.074,-0.092,33.081,7.996,25.208
-0.203,1.040,-0.118,37.170,2.991,34.973
-0.260,1.022,-0.147,40.161,-2.197,39.734
-0.300,1.011,-0.177,44.128,-6.714,39.246
-0.316,1.027,-0.203,48.218,-11.292,34.546
-0.316,1.042,-0.207,52.795,-15.747,27.893
-0.319,1.040,-0.209,58.777,-19.043,23.132
-0.326,1.027,-0.216,66.650,-21.606,21.790
-0.331,0.997,-0.220,75.684,-23.865,23.010
-0.340,0.955,-0.224,84.839,-25.330,26.062
-0.345,0.899,-0.239,94.299,-25.513,30.945
-0.388,0.847,-0.253,104.248,-24.658,36.438
-0.410,0.789,-0.255,113.281,-22.705,40.527
-0.399,0.755,-0.238,119.019,-18.250,41.382
-0.390,0.715,-0.218,124.268,-11.475,39.429
-0.377,0.675,-0.185,129.028,-4.700,36.621
-0.351,0.639,-0.144,133.606,1.648,35.217
-0.321,0.599,-0.098,138.794,9.094,35.034
-0.292,0.573,-0.058,144.592,16.418,36.560
-0.272,0.533,0.017,152.832,21.912,39.978
-0.239,0.512,0.058,155.518,28.320,43.396
-0.234,0.469,0.083,159.180,33.325,47.424
-0.273,0.406,0.063,166.138,35.156,53.772
-0.308,0.351,0.052,174.377,34.119,59.082
-0.308,0.307,0.070,179.871,34.058,59.509
-0.288,0.260,0.100,182.373,35.156,55.420
-0.259,0.208,0.146,184.082,36.621,50.720
-0.223,0.154,0.214,186.157,37.720,48.523
-0.179,0.096,0.297,188.721,39.368,50.964
-0.147,0.031,0.392,192.322,42.053,57.312
-0.153,-0.073,0.457,196.655,45.959,66.956
-0.211,-0.216,0.503,203.308,49.744,79.224
-0.238,-0.352,0.590,208.130,52.979,90.149
-0.262,-0.468,0.696,206.482,56.824,94.604
-0.273,-0.482,0.830,198.608,58.655,90.637

-0.164,-0.564,1.307,176.514,35.767,48.950
-0.214,-0.573,1.321,170.471,5.310,56.885
-0.256,-0.561,1.349,159.180,-44.067,67.139
-0.333,-0.553,1.312,152.832,-86.731,78.308
-0.437,-0.539,1.370,153.625,-105.652,79.590
-0.539,-0.586,1.373,154.480,-98.083,64.697
-0.631,-0.624,1.378,156.738,-85.266,59.082
-0.697,-0.700,1.361,151.733,-63.721,61.157
-0.750,-0.790,1.390,141.235,-36.194,64.697
-0.811,-0.898,1.461,128.235,-7.935,68.298
-0.879,-1.003,1.544,112.854,20.264,72.266
-0.922,-1.077,1.678,94.971,44.312,74.402
-0.932,-1.124,1.833,73.303,61.584,71.411
-0.916,-1.130,1.995,49.805,69.641,59.753
-0.885,-1.071,2.117,25.696,73.853,37.537
-0.829,-0.970,2.162,2.014,69.580,18.005
-0.772,-0.853,2.115,-18.860,54.932,3.662
-0.693,-0.771,1.969,-36.438,35.156,0.061
-0.637,-0.718,1.813,-52.917,13.611,-8.667
-0.604,-0.698,1.695,-63.293,-1.343,-15.808
-0.556,-0.703,1.613,-71.594,-6.226,-18.982
-0.510,-0.734,1.564,-79.834,-3.601,-21.240
-0.483,-0.763,1.566,-86.914,3.662,-24.292
-0.459,-0.773,1.586,-93.445,14.221,-25.879
-0.419,-0.739,1.589,-102.722,24.780,-25.879
-0.367,-0.693,1.570,-110.535,31.677,-26.123
-0.303,-0.638,1.527,-117.371,33.508,-27.649
-0.233,-0.593,1.455,-124.695,32.776,-32.837
-0.179,-0.568,1.383,-130.066,29.968,-39.673
-0.142,-0.543,1.313,-135.620,25.635,-45.715
-0.135,-0.531,1.241,-140.869,21.118,-48.157
-0.147,-0.529,1.154,-145.447,16.602,-47.485
-0.152,-0.494,1.090,-150.269,12.512,-46.265
-0.144,-0.437,1.031,-157.776,8.606,-45.471
-0.179,-0.367,0.951,-165.283,3.967,-44.739
-0.115,-0.369,0.866,-169.800,4.517,-43.030
-0.128,-0.310,0.785,-170.105,2.319,-49.683
-0.142,-0.250,0.683,-180.115,5.554,-54.810
-0.116,-0.167,0.596,-189.514,-2.075,-58.533
-0.098,-0.115,0.515,-198.486,-15.320,-61.340
-0.089,-0.059,0.453,-206.116,-29.358,-61.035
-0.070,0.013,0.407,-212.891,-41.870,-57.129
-0.057,0.087,0.366,-217.407,-52.917,-49.805
-0.062,0.129,0.305,-219.604,-62.439,-41.260
-0.095,0.142,0.219,-217.712,-70.313,-33.081
-0.128,0.178,0.154,-215.210,-75.317,-27.222
-0.151,0.226,0.109,-214.600,-76.965,-24.048
-0.172,0.272,0.085,-211.365,-76.904,-21.973
-0.176,0.320,0.078,-205.200,-75.562,-20.508
-0.190,0.383,0.075,-199.646,-73.181,-18.433
-0.200,0.438,0.072,-192.383,-70.251,-16.602
-0.213,0.479,0.053,-184.937,-66.223,-15.747
-0.245,0.503,0.032,-176.392,-61.707,-13.672
-0.285,0.517,0.001,-167.175,-56.580,-10.315
-0.323,0.536,-0.020,-157.471,-50.110,-6.042
-0.366,0.559,-0.029,-147.217,-41.565,-1.343
-0.427,0.585,-0.048,-136.658,-31.311,3.601
-0.469,0.631,-0.058,-126.526,-20.447,6.897
-0.500,0.677,-0.070,-118.958,-10.254,6.836
-0.535,0.725,-0.072,-111.145,-1.892,3.906
-0.550,0.772,-0.074,-104.553,4.456,-0.732
-0.578,0.803,-0.089,-99.365,9.094,-5.188
-0.609,0.838,-0.096,-94.177,12.024,-8.484
-0.627,0.870,-0.112,-88.562,13.550,-9.766
-0.649,0.887,-0.126,-82.947,14.099,-9.094
-0.669,0.909,-0.151,-78.613,13.062,-9.521
-0.677,0.926,-0.156,-75.256,10.010,-8.545
-0.696,0.896,-0.142,-76.965,5.798,-13.123
-0.675,1.033,-0.161,-72.754,-1.343,-40.894
-0.687,0.990,-0.160,-52.551,-5.615,-42.725
-0.651,0.998,-0.169,-46.143,-6.775,-47.546
-0.628,1.104,-0.170,-44.434,-7.690,-55.908
-0.548,0.937,-0.172,-40.771,-7.874,-69.458
-0.537,1.073,-0.188,-41.931,-6.226,-75.073
-0.530,1.106,-0.201,-35.522,-2.991,-71.411
-0.493,1.071,-0.214,-31.189,1.099,-77.087
-0.466,1.151,-0.228,-30.334,5.737,-80.200
-0.436,1.078,-0.236,-22.888,9.338,-78.613
-0.388,1.131,-0.222,-22.095,13.184,-79.834
-0.330,1.167,-0.198,-19.287,15.808,-75.317
-0.280,1.153,-0.175,-13.611,16.357,-70.557
-0.238,1.187,-0.156,-10.132,15.198,-64.148
-0.198,1.187,-0.143,-5.554,12.939,-54.382
-0.171,1.180,-0.134,-0.671,10.132,-43.030
-0.156,1.166,-0.135,4.700,6.653,-30.701
-0.139,1.162,-0.138,9.766,2.380,-18.738
-0.123,1.164,-0.140,13.062,-2.136,-9.338
-0.133,1.159,-0.162,15.930,-8.179,-2.747
-0.166,1.148,-0.193,20.691,-16.235,2.075
-0.185,1.136,-0.218,26.489,-24.658,5.981
-0.205,1.118,-0.246,32.410,-31.372,9.094
-0.238,1.100,-0.277,39.795,-36.560,12.146
-0.266,1.085,-0.304,48.218,-39.917,14.099
-0.284,1.063,-0.314,57.617,-40.771,15.930
-0.286,1.043,-0.308,68.115,-39.063,18.005
-0.272,1.026,-0.287,78.308,-35.217,19.287
-0.263,1.005,-0.251,87.585,-30.029,21.179
-0.254,0.967,-0.225,96.497,-23.926,24.963
-0.257,0.915,-0.208,106.628,-18.005,30.701
-0.271,0.861,-0.206,116.455,-13.428,36.560
-0.288,0.810,-0.193,125.488,-10.620,40.588
-0.294,0.760,-0.176,133.789,-8.057,42.419
-0.299,0.715,-0.158,140.686,-4.700,41.565
-0.301,0.684,-0.126,145.691,-0.793,38.757
-0.287,0.661,-0.080,149.414,4.211,35.828
-0.267,0.635,-0.038,154.419,10.437,34.485
-0.254,0.599,-0.007,161.133,16.724,35.767
-0.250,0.555,0.017,167.419,21.729,38.940
-0.245,0.513,0.047,173.950,25.085,43.335
-0.232,0.472,0.078,179.443,28.137,47.546
-0.227,0.425,0.107,183.838,29.724,51.086
-0.221,0.376,0.131,188.660,29.785,54.260
-0.203,0.329,0.166,193.115,29.053,57.190
-0.174,0.294,0.215,195.923,28.503,59.326
-0.151,0.242,0.260,197.998,27.771,62.073
-0.147,0.160,0.295,200.378,27.771,67.200
-0.150,0.050,0.334,207.092,28.259,77.148
-0.139,-0.072,0.414,215.393,29.907,91.187
-0.129,-0.214,0.513,221.680,33.752,106.689

-0.214,-0.956,1.411,216.614,69.031,144.836
-0.245,-0.886,1.622,193.665,76.843,125.366
-0.277,-0.750,1.771,160.767,81.482,98.999
-0.250,-0.622,1.776,132.202,74.524,77.332
-0.269,-0.468,1.666,107.422,42.969,57.495
-0.299,-0.328,1.495,82.581,-18.188,43.762
-0.360,-0.261,1.297,64.026,-82.336,31.311
-0.438,-0.291,1.116,60.486,-119.263,23.132
-0.587,-0.356,0.931,63.477,-131.348,15.930
-0.696,-0.427,0.853,79.590,-126.831,-6.165
-0.747,-0.471,0.879,95.581,-101.074,-16.418
-0.711,-0.488,1.008,101.929,-59.937,-22.400
-0.696,-0.486,1.190,104.858,-16.907,-17.517
-0.691,-0.489,1.370,103.210,24.475,-5.066
-0.673,-0.497,1.505,98.816,56.946,5.493
-0.668,-0.504,1.618,90.698,73.486,11.230
-0.652,-0.514,1.678,77.148,73.914,10.864
-0.639,-0.515,1.704,60.669,60.669,8.423
-0.617,-0.519,1.698,42.725,39.307,6.775
-0.599,-0.549,1.669,26.550,16.113,5.249
-0.590,-0.599,1.645,12.817,-1.343,3.113
-0.602,-0.659,1.634,1.953,-8.850,-0.061
-0.615,-0.717,1.627,-8.179,-5.310,-0.854
-0.610,-0.733,1.641,-18.982,5.371,0.671
-0.583,-0.712,1.668,-31.372,18.311,1.526
-0.544,-0.681,1.682,-44.128,29.114,1.465
-0.500,-0.644,1.675,-55.908,36.133,-0.122
-0.450,-0.600,1.656,-67.078,36.987,-2.991
-0.397,-0.561,1.620,-77.148,32.898,-6.836
-0.377,-0.517,1.576,-84.351,27.832,-9.949
-0.345,-0.511,1.515,-87.585,23.621,-9.583
-0.313,-0.492,1.446,-96.191,20.813,-11.230
-0.288,-0.460,1.386,-103.882,18.494,-16.968
-0.257,-0.412,1.337,-110.901,18.616,-22.888
-0.228,-0.362,1.286,-116.516,20.020,-27.405
-0.204,-0.326,1.222,-120.178,18.982,-30.701
-0.191,-0.297,1.156,-122.498,16.296,-32.654
-0.184,-0.257,1.083,-125.183,13.123,-33.936
-0.179,-0.212,1.013,-129.333,9.888,-35.645
-0.206,-0.183,0.925,-135.010,6.287,-37.292
-0.161,-0.181,0.866,-139.709,7.019,-33.203
-0.173,-0.193,0.782,-137.573,4.089,-35.828
-0.182,-0.178,0.731,-147.034,12.573,-40.710
-0.164,-0.112,0.713,-157.227,12.939,-42.358
-0.139,-0.036,0.683,-165.710,4.578,-42.419
-0.128,0.014,0.658,-170.593,-6.348,-38.513
-0.120,0.046,0.638,-172.668,-19.653,-28.748
-0.129,0.083,0.616,-173.401,-33.020,-16.418
-0.154,0.133,0.581,-176.086,-43.518,-6.287
-0.170,0.172,0.534,-181.152,-51.697,0.488
-0.186,0.187,0.470,-186.340,-57.739,6.226
-0.202,0.186,0.405,-188.110,-60.913,11.353
-0.232,0.193,0.357,-188.782,-61.646,16.724
-0.292,0.178,0.317,-187.561,-61.279,22.278
-0.342,0.179,0.293,-184.143,-61.035,26.367
-0.358,0.221,0.314,-182.129,-59.082,26.794
-0.361,0.302,0.332,-180.908,-54.688,23.254
-0.361,0.375,0.347,-177.795,-50.110,17.456
-0.358,0.440,0.347,-173.950,-46.326,10.437
-0.365,0.482,0.327,-168.945,-43.579,4.517
-0.375,0.507,0.290,-161.987,-41.992,1.404
-0.401,0.516,0.250,-154.602,-41.016,0.671
-0.438,0.505,0.203,-146.240,-41.260,1.526
-0.455,0.523,0.176,-136.475,-40.894,2.930
-0.494,0.553,0.162,-129.883,-39.185,3.723
-0.521,0.594,0.135,-123.535,-36.438,3.113
-0.535,0.633,0.104,-117.737,-34.119,0.366
-0.551,0.670,0.084,-112.793,-33.081,-4.578
-0.557,0.710,0.059,-109.131,-33.386,-11.536
-0.577,0.741,0.027,-104.431,-34.546,-18.188
-0.613,0.753,-0.022,-99.915,-36.438,-22.644
-0.650,0.767,-0.078,-96.313,-37.476,-24.597
-0.673,0.789,-0.115,-93.445,-36.377,-28.687
-0.687,0.823,-0.138,-92.407,-33.569,-32.959
-0.676,0.854,-0.151,-91.797,-29.724,-34.546
-0.675,0.926,-0.138,-92.407,-24.353,-45.532
-0.612,0.979,-0.137,-81.482,-18.311,-65.857
-0.568,0.947,-0.116,-70.740,-8.240,-67.688
-0.526,1.005,-0.108,-69.031,-0.488,-67.871
-0.493,1.029,-0.111,-63.232,4.211,-60.608
-0.455,1.002,-0.110,-57.068,7.324,-57.068
-0.427,1.008,-0.119,-54.565,8.118,-52.307
-0.411,1.032,-0.130,-50.842,6.714,-45.227
-0.400,1.027,-0.141,-46.753,3.845,-38.940
-0.406,1.029,-0.169,-43.823,0.305,-33.386
-0.415,1.029,-0.200,-39.551,-2.869,-27.649
-0.410,1.039,-0.215,-35.767,-3.845,-23.743
-0.404,1.050,-0.229,-32.166,-3.174,-21.545
-0.392,1.065,-0.233,-27.405,-2.747,-19.714
-0.377,1.075,-0.231,-22.827,-3.418,-17.822
-0.387,1.074,-0.247,-16.968,-5.676,-14.893
-0.412,1.076,-0.263,-10.864,-9.827,-12.146
-0.426,1.086,-0.267,-5.615,-13.916,-10.132
-0.424,1.093,-0.271,-0.366,-15.686,-9.583
-0.417,1.102,-0.270,4.517,-15.686,-10.437
-0.395,1.113,-0.268,9.338,-15.137,-11.353
-0.374,1.117,-0.273,14.954,-14.465,-11.292
-0.375,1.117,-0.286,21.484,-13.733,-10.681
-0.365,1.119,-0.295,28.503,-13.733,-10.315
-0.360,1.114,-0.305,36.072,-13.977,-10.193
-0.351,1.104,-0.308,44.617,-14.771,-9.888
-0.331,1.093,-0.296,53.345,-15.564,-9.460
-0.314,1.078,-0.284,63.110,-15.808,-7.507
-0.308,1.049,-0.273,72.998,-15.686,-3.601
-0.319,1.010,-0.275,82.458,-15.198,1.465
-0.354,0.969,-0.279,91.919,-14.404,7.141
-0.354,0.928,-0.268,100.708,-13.062,11.108
-0.339,0.903,-0.241,107.239,-10.132,11.841
-0.343,0.876,-0.229,113.037,-6.958,10.986
-0.371,0.839,-0.225,120.178,-5.554,11.536
-0.368,0.803,-0.207,129.211,-3.601,13.367
-0.352,0.765,-0.182,136.841,0.000,14.221
-0.349,0.723,-0.165,143.311,4.395,13.794
-0.330,0.686,-0.135,150.330,8.301,13.794
-0.302,0.647,-0.098,157.166,12.939,14.587
-0.284,0.610,-0.062,163.269,18.127,15.991
-0.258,0.575,-0.032,167.725,22.888,17.151
-0.225,0.542,0.006,171.814,26.428,18.677
-0.201,0.507,0.035,176.086,28.564,20.630

-0.286,-0.949,1.206,226.013,37.292,146.973
-0.324,-0.972,1.330,206.238,34.119,137.207
-0.340,-0.967,1.465,182.861,4.822,121.826
-0.385,-0.960,1.592,155.151,-29.297,98.328
-0.380,-0.888,1.768,120.911,-27.527,79.224
-0.398,-0.833,1.836,98.572,-20.752,62.866
-0.476,-0.768,1.896,95.947,-27.283,50.598
-0.532,-0.726,1.851,90.454,-23.437,44.800
-0.569,-0.698,1.798,80.017,-13.611,42.725
-0.620,-0.684,1.777,69.946,-6.042,43.396
-0.662,-0.718,1.770,60.547,6.897,44.739
-0.705,-0.798,1.782,51.819,23.499,47.485
-0.738,-0.849,1.853,42.175,35.156,49.072
-0.750,-0.835,1.951,28.564,41.931,49.194
-0.758,-0.793,2.024,12.939,43.762,43.701
-0.762,-0.758,2.048,-2.747,39.246,31.677
-0.748,-0.734,2.022,-18.860,28.931,15.625
-0.706,-0.708,1.945,-35.645,16.663,0.488
-0.649,-0.689,1.840,-49.255,6.104,-10.132
-0.595,-0.678,1.743,-60.608,-2.502,-16.479
-0.540,-0.666,1.671,-71.289,-6.958,-23.132
-0.486,-0.640,1.626,-80.994,-6.470,-30.334
-0.427,-0.610,1.590,-90.149,-1.587,-35.950
-0.378,-0.600,1.545,-96.985,4.517,-37.964
-0.338,-0.599,1.494,-102.722,10.071,-38.330
-0.302,-0.585,1.454,-109.253,14.526,-40.466
-0.276,-0.559,1.402,-116.699,17.334,-44.678
-0.259,-0.522,1.352,-124.390,16.846,-50.110
-0.244,-0.491,1.286,-131.836,14.648,-54.626
-0.236,-0.455,1.206,-139.099,11.108,-55.969
-0.232,-0.414,1.109,-146.362,8.301,-56.763
-0.225,-0.368,1.019,-153.259,6.348,-57.861
-0.209,-0.331,0.923,-160.095,4.028,-57.678
-0.200,-0.304,0.823,-166.138,0.244,-56.335
-0.193,-0.266,0.749,-171.936,-3.235,-55.359
-0.197,-0.235,0.668,-178.040,-6.775,-53.406
-0.203,-0.193,0.609,-182.312,-10.681,-50.537
-0.190,-0.117,0.585,-188.782,-13.916,-49.011
-0.173,-0.037,0.561,-198.181,-16.602,-48.462
-0.173,0.016,0.520,-204.041,-20.630,-46.082
-0.163,0.057,0.475,-207.031,-25.269,-40.833
-0.160,0.096,0.429,-209.595,-30.212,-33.875
-0.174,0.139,0.389,-212.280,-36.377,-27.222
-0.186,0.177,0.330,-215.393,-43.396,-22.827
-0.189,0.223,0.268,-218.750,-49.744,-20.630
-0.191,0.286,0.220,-221.680,-55.420,-20.386
-0.184,0.356,0.182,-223.877,-60.608,-20.569
-0.176,0.415,0.137,-223.816,-63.721,-20.874
-0.194,0.461,0.074,-220.764,-64.026,-20.935
-0.225,0.497,0.013,-214.478,-62.683,-19.226
-0.242,0.531,-0.036,-207.336,-59.753,-16.235
-0.254,0.555,-0.067,-200.623,-55.176,-13.611
-0.270,0.584,-0.091,-193.359,-49.255,-11.841
-0.283,0.633,-0.113,-186.035,-41.748,-10.803
-0.292,0.693,-0.127,-177.673,-32.593,-10.254
-0.294,0.754,-0.134,-166.565,-24.170,-9.705
-0.291,0.795,-0.138,-153.442,-18.188,-8.850
-0.301,0.819,-0.154,-139.465,-15.442,-7.141
-0.327,0.829,-0.171,-127.380,-15.076,-3.662
-0.378,0.833,-0.205,-116.089,-15.137,-0.061
-0.425,0.840,-0.233,-104.065,-14.221,2.808
-0.481,0.852,-0.277,-94.360,-11.658,3.296
-0.532,0.872,-0.305,-84.778,-9.766,0.610
-0.552,0.909,-0.306,-78.979,-7.202,-3.723
-0.524,0.941,-0.286,-77.026,-3.845,-11.597
-0.549,1.069,-0.259,-73.059,-1.282,-35.583
-0.547,1.030,-0.248,-56.458,2.747,-43.640
-0.562,1.061,-0.244,-46.936,8.728,-40.161
-0.543,1.022,-0.234,-40.894,12.573,-36.316
-0.547,1.068,-0.224,-36.133,13.672,-29.358
-0.538,1.073,-0.215,-31.311,13.428,-24.475
-0.525,1.089,-0.215,-28.137,13.672,-23.682
-0.505,1.098,-0.215,-25.208,14.709,-24.475
-0.479,1.107,-0.221,-23.315,16.846,-25.757
-0.452,1.112,-0.229,-20.691,18.005,-26.062
-0.427,1.116,-0.244,-17.334,17.456,-25.879
-0.401,1.126,-0.255,-14.526,15.381,-26.611
-0.381,1.140,-0.265,-12.451,11.841,-27.649
-0.361,1.142,-0.294,-9.338,6.958,-28.381
-0.355,1.147,-0.323,-4.639,1.953,-28.015
-0.336,1.154,-0.340,-1.099,-2.563,-27.466
-0.308,1.159,-0.356,3.296,-6.775,-25.818
-0.283,1.158,-0.368,8.057,-10.681,-23.804
-0.273,1.151,-0.384,13.550,-12.512,-20.386
-0.273,1.133,-0.404,20.752,-11.536,-14.648
-0.272,1.116,-0.406,28.625,-8.240,-8.423
-0.269,1.100,-0.394,35.706,-3.662,-2.991
-0.273,1.080,-0.371,42.847,0.122,1.587
-0.281,1.047,-0.347,49.927,3.662,6.836
-0.296,0.983,-0.327,56.396,7.324,12.695
-0.316,0.903,-0.305,57.068,11.047,17.029
-0.333,0.863,-0.261,51.514,14.404,18.860
-0.348,0.869,-0.228,45.471,20.386,18.921
-0.327,0.876,-0.205,42.786,30.029,18.250
-0.286,0.890,-0.177,41.687,40.344,15.808
-0.289,0.878,-0.150,47.791,47.363,12.146
-0.289,0.838,-0.151,60.608,48.706,10.620
-0.289,0.779,-0.144,73.669,47.974,9.888
-0.272,0.724,-0.114,81.726,48.950,7.690
-0.264,0.714,-0.046,81.909,54.382,4.028
-0.289,0.745,-0.009,88.501,62.073,2.502
-0.155,0.689,-0.023,103.088,69.824,6.104
-0.117,0.622,0.050,110.229,72.449,9.644
-0.160,0.612,0.073,114.197,69.397,6.409
-0.187,0.590,0.060,122.986,63.171,4.822
-0.196,0.550,0.055,137.573,58.533,6.409
-0.187,0.495,0.080,150.757,55.115,5.737
-0.175,0.439,0.117,159.851,50.903,1.282
-0.175,0.381,0.163,165.894,46.204,-5.249
-0.177,0.333,0.227,169.556,41.565,-12.939
-0.151,0.317,0.291,170.532,37.598,-22.339
-0.106,0.303,0.317,170.776,34.607,-31.128
-0.074,0.273,0.345,170.532,29.358,-36.316
-0.072,0.240,0.363,171.387,19.653,-37.537
-0.068,0.216,0.409,172.791,6.897,-36.560
-0.054,0.202,0.453,169.434,-3.540,-35.095
-0.051,0.184,0.478,166.077,-10.376,-32.166
-0.020,0.154,0.516,167.236,-13.245,-24.963
-0.019,0.061,0.578,175.415,-11.230,-12.329

-0.461,-0.094,1.575,139.709,-107.117,48.340
-0.627,-0.069,1.450,135.864,-98.694,40.466
-0.710,-0.027,1.292,133.362,-81.055,41.809
-0.747,-0.000,1.174,135.925,-70.435,47.302
-0.755,0.010,1.109,141.357,-62.927,47.058
-0.738,-0.023,1.091,146.057,-46.387,43.518
-0.699,-0.113,1.178,156.250,-26.001,46.204
-0.645,-0.230,1.342,168.152,-5.432,53.284
-0.645,-0.406,1.569,173.462,18.066,61.584
-0.719,-0.633,1.888,163.391,36.865,68.848
-0.723,-0.758,2.243,128.967,49.927,65.308
-0.740,-0.723,2.484,70.251,68.359,33.997
-0.646,-0.590,2.520,21.118,80.627,13.916
-0.489,-0.493,2.409,-8.789,70.618,19.897
-0.404,-0.452,2.224,-30.640,43.762,13.245
-0.392,-0.401,2.020,-47.302,20.630,9.399
-0.393,-0.371,1.870,-60.303,3.052,6.287
-0.413,-0.344,1.752,-68.298,-5.310,4.456
-0.421,-0.299,1.689,-75.439,-6.653,1.892
-0.414,-0.253,1.641,-83.313,-3.479,-2.686
-0.398,-0.221,1.592,-91.736,1.892,-10.254
-0.387,-0.198,1.542,-99.854,7.507,-18.494
-0.369,-0.179,1.491,-106.018,10.254,-24.353
-0.357,-0.175,1.427,-109.070,12.451,-26.367
-0.344,-0.179,1.368,-110.291,15.503,-24.963
-0.318,-0.175,1.324,-110.291,18.311,-22.461
-0.280,-0.137,1.297,-112.427,21.118,-21.912
-0.243,-0.094,1.263,-117.126,24.475,-23.804
-0.213,-0.071,1.213,-120.300,29.114,-25.391
-0.186,-0.071,1.171,-119.629,34.058,-24.780
-0.168,-0.068,1.138,-118.103,37.354,-22.705
-0.158,-0.069,1.117,-117.737,37.720,-19.775
-0.152,-0.053,1.109,-119.202,36.011,-15.564
-0.148,-0.057,1.091,-121.094,35.034,-12.024
-0.124,-0.037,1.056,-123.962,34.607,-9.888
-0.099,0.002,1.018,-126.099,32.166,-7.446
-0.108,0.025,0.959,-129.578,26.978,-5.005
-0.132,0.016,0.867,-132.812,19.897,-3.540
-0.158,0.030,0.779,-134.338,12.085,-4.822
-0.143,0.120,0.732,-140.076,5.676,-9.155
-0.127,0.158,0.685,-145.081,0.244,-11.047
-0.112,0.193,0.639,-146.667,-4.883,-14.954
-0.113,0.221,0.586,-153.564,-7.263,-16.968
-0.114,0.245,0.530,-156.677,-13.123,-13.123
-0.125,0.285,0.483,-157.959,-19.409,-7.446
-0.124,0.322,0.435,-161.438,-24.536,-1.282
-0.145,0.327,0.370,-163.147,-31.250,5.249
-0.144,0.367,0.341,-160.522,-40.894,6.714
-0.136,0.399,0.329,-159.119,-47.485,7.568
-0.153,0.403,0.325,-160.217,-49.744,9.155
-0.188,0.403,0.313,-162.537,-49.500,13.062
-0.197,0.422,0.292,-165.222,-46.570,18.555
-0.202,0.449,0.290,-169.739,-42.419,22.949
-0.208,0.475,0.286,-173.279,-38.330,24.963
-0.221,0.480,0.260,-174.683,-34.790,24.841
-0.225,0.483,0.256,-174.316,-32.166,25.818
-0.235,0.505,0.256,-172.913,-29.480,28.198
-0.263,0.531,0.246,-169.556,-26.733,29.968
-0.299,0.558,0.232,-164.795,-25.330,29.541
-0.311,0.593,0.215,-159.912,-24.536,26.184
-0.327,0.632,0.188,-154.968,-25.269,20.447
-0.342,0.672,0.161,-148.499,-28.137,13.489
-0.362,0.683,0.125,-141.846,-31.311,6.592
-0.391,0.676,0.081,-134.888,-32.166,1.587
-0.425,0.683,0.048,-129.700,-29.541,-1.465
-0.444,0.707,0.010,-126.282,-24.902,-2.441
-0.473,0.749,-0.019,-121.338,-20.935,-5.188
-0.485,0.776,-0.030,-113.586,-18.921,-8.667
-0.497,0.804,-0.052,-108.093,-18.738,-11.658
-0.490,0.812,-0.075,-102.173,-20.264,-16.785
-0.485,0.826,-0.108,-97.412,-23.132,-22.583
-0.482,0.816,-0.159,-94.788,-25.818,-26.978
-0.483,0.855,-0.221,-93.201,-27.161,-30.884
-0.455,0.885,-0.261,-92.224,-26.672,-32.715
-0.426,0.930,-0.302,-90.942,-23.193,-34.241
-0.412,0.954,-0.338,-88.379,-18.250,-33.936
-0.395,0.964,-0.374,-82.825,-12.878,-33.142
-0.363,0.987,-0.391,-75.806,-7.874,-31.372
-0.327,1.008,-0.397,-67.932,-4.150,-31.128
-0.300,1.008,-0.395,-59.570,-2.258,-31.860
-0.275,1.025,-0.390,-51.941,-2.991,-31.982
-0.265,1.038,-0.386,-45.959,-5.676,-30.334
-0.252,1.058,-0.389,-43.030,-7.751,-28.076
-0.246,1.077,-0.397,-41.687,-7.202,-23.560
-0.258,1.100,-0.422,-40.100,-3.784,-17.029
-0.257,1.123,-0.441,-37.109,0.549,-10.376
-0.248,1.152,-0.446,-33.936,6.226,-5.249
-0.253,1.152,-0.461,-28.870,11.475,-2.258
-0.287,1.149,-0.494,-20.996,13.977,0.488
-0.304,1.146,-0.504,-11.292,13.733,2.319
-0.306,1.135,-0.480,-4.150,11.536,2.014
-0.296,1.131,-0.430,1.160,7.385,1.648
-0.293,1.128,-0.386,5.676,3.052,1.099
-0.295,1.112,-0.352,9.827,-0.488,0.854
-0.290,1.093,-0.323,13.306,-2.380,1.709
-0.288,1.075,-0.302,15.747,-3.296,2.686
-0.288,1.063,-0.287,18.066,-3.296,3.174
-0.274,1.060,-0.265,21.729,-2.380,2.686
-0.250,1.059,-0.232,25.940,-1.343,1.404
-0.234,1.052,-0.197,30.823,-0.793,0.488
-0.222,1.044,-0.160,34.790,-0.488,0.427
-0.222,1.031,-0.137,37.354,-0.671,1.465
-0.229,1.013,-0.126,40.466,-1.953,3.113
-0.244,0.991,-0.137,43.091,-4.150,4.456
-0.268,0.985,-0.139,46.326,-7.507,5.066
-0.273,0.991,-0.132,48.828,-10.925,4.639
-0.290,0.992,-0.128,51.880,-13.550,3.662
-0.311,0.976,-0.131,55.359,-14.343,3.723
-0.318,0.951,-0.127,58.167,-13.611,4.944
-0.329,0.934,-0.118,59.631,-11.902,5.615
-0.320,0.932,-0.103,60.425,-10.132,5.920
-0.312,0.925,-0.095,60.730,-8.484,5.432
-0.308,0.918,-0.083,62.561,-7.507,5.127
-0.299,0.906,-0.070,65.186,-6.958,5.249
-0.302,0.882,-0.062,68.298,-6.897,5.615
-0.294,0.866,-0.043,70.374,-6.836,5.798
-0.285,0.858,-0.010,71.167,-6.287,5.920
-0.278,0.856,0.024,72.021,-5.127,5.859
-0.273,0.846,0.044,74.097,-3.601,6.287

-0.540,-0.158,1.474,-2.930,18.066,3.723
-0.520,-0.172,1.535,-13.672,22.949,0.061
-0.487,-0.155,1.578,-26.733,26.550,-4.028
-0.462,-0.149,1.589,-38.086,27.893,-8.240
-0.437,-0.157,1.596,-47.241,27.893,-11.047
-0.418,-0.151,1.582,-57.373,27.405,-12.085
-0.392,-0.136,1.559,-68.726,24.841,-11.902
-0.361,-0.105,1.524,-80.566,20.813,-13.062
-0.337,-0.064,1.490,-89.294,15.991,-14.648
-0.315,-0.027,1.448,-95.947,11.230,-15.747
-0.306,-0.016,1.369,-100.830,6.409,-16.418
-0.309,-0.003,1.292,-103.516,0.610,-16.785
-0.304,0.028,1.236,-106.934,-2.075,-18.372
-0.302,0.047,1.186,-111.084,-1.709,-21.240
-0.293,0.070,1.136,-113.770,-0.366,-23.193
-0.283,0.105,1.099,-116.394,1.038,-23.804
-0.276,0.123,1.059,-117.859,1.038,-23.560
-0.274,0.108,1.020,-116.638,-0.427,-22.278
-0.266,0.110,1.000,-115.540,-2.136,-20.752
-0.263,0.142,0.977,-117.249,-3.540,-20.020
-0.255,0.159,0.941,-119.629,-5.859,-19.958
-0.281,0.160,0.879,-120.911,-10.254,-19.775
-0.232,0.198,0.869,-124.146,-12.268,-18.188
-0.227,0.219,0.805,-125.366,-16.907,-19.958
-0.235,0.254,0.756,-130.798,-12.512,-21.729
-0.219,0.284,0.704,-136.353,-12.268,-19.531
-0.209,0.301,0.651,-143.066,-15.503,-14.526
-0.205,0.321,0.619,-149.658,-21.667,-8.667
-0.248,0.314,0.581,-151.978,-30.823,-5.981
-0.272,0.321,0.557,-144.897,-39.612,-6.409
-0.273,0.339,0.547,-143.982,-42.419,-0.916
-0.279,0.370,0.541,-146.423,-43.091,0.244
-0.276,0.405,0.526,-148.865,-41.809,2.563
-0.270,0.446,0.504,-152.466,-39.001,5.249
-0.261,0.481,0.466,-155.884,-37.903,7.996
-0.268,0.486,0.421,-157.898,-38.208,11.719
-0.283,0.485,0.374,-157.837,-39.063,15.686
-0.294,0.507,0.352,-155.579,-39.429,18.494
-0.314,0.512,0.324,-152.832,-38.757,19.165
-0.338,0.507,0.297,-147.522,-37.292,18.066
-0.353,0.525,0.284,-142.761,-34.241,14.893
-0.367,0.552,0.275,-137.817,-30.212,10.498
-0.366,0.579,0.279,-131.348,-26.428,5.615
-0.368,0.600,0.280,-125.305,-22.888,0.916
-0.377,0.620,0.279,-121.094,-19.165,-1.221
-0.382,0.630,0.267,-118.164,-14.648,-1.099
-0.401,0.633,0.249,-116.821,-9.766,0.183
-0.401,0.651,0.229,-116.455,-6.775,0.122
-0.390,0.667,0.219,-116.272,-6.775,-1.648
-0.392,0.680,0.215,-114.441,-8.972,-3.113
-0.416,0.685,0.197,-112.610,-11.841,-4.517
-0.431,0.681,0.164,-110.657,-15.015,-6.226
-0.461,0.679,0.122,-107.910,-18.311,-8.728
-0.470,0.700,0.105,-105.225,-21.240,-12.451
-0.464,0.720,0.093,-102.722,-21.973,-16.479
-0.465,0.736,0.087,-100.769,-20.508,-18.494
-0.456,0.754,0.075,-100.769,-18.372,-18.738
-0.457,0.768,0.053,-101.135,-15.686,-19.287
-0.430,0.761,0.019,-99.854,-12.939,-20.264
-0.415,0.757,-0.013,-99.243,-11.292,-21.912
-0.401,0.779,-0.039,-99.243,-11.475,-22.888
-0.386,0.789,-0.068,-98.511,-13.184,-22.217
-0.377,0.801,-0.096,-97.107,-14.038,-21.973
-0.357,0.809,-0.125,-95.947,-13.550,-21.545
-0.356,0.811,-0.161,-94.299,-12.756,-20.325
-0.373,0.820,-0.198,-91.858,-11.963,-18.311
-0.401,0.841,-0.231,-89.233,-10.498,-16.357
-0.413,0.865,-0.265,-86.182,-7.446,-16.174
-0.415,0.890,-0.299,-83.191,-3.052,-16.724
-0.409,0.918,-0.333,-80.078,1.038,-16.235
-0.394,0.944,-0.363,-77.087,4.028,-15.930
-0.381,0.961,-0.393,-73.364,5.981,-15.442
-0.369,0.967,-0.426,-69.702,7.019,-13.733
-0.362,0.966,-0.460,-66.162,5.676,-11.841
-0.360,0.964,-0.492,-61.279,1.648,-10.559
-0.368,0.985,-0.520,-55.359,-3.479,-10.254
-0.375,1.007,-0.535,-48.523,-9.644,-11.597
-0.358,1.023,-0.525,-40.527,-14.404,-14.587
-0.333,1.038,-0.505,-33.203,-14.893,-17.090
-0.306,1.051,-0.496,-27.100,-12.268,-17.334
-0.284,1.056,-0.500,-22.644,-7.874,-15.137
-0.262,1.063,-0.499,-19.958,-2.441,-11.292
-0.240,1.072,-0.495,-17.883,3.418,-6.042
-0.226,1.070,-0.487,-14.648,7.751,-1.465
-0.225,1.057,-0.489,-10.864,8.789,1.160
-0.242,1.046,-0.492,-6.226,6.348,2.258
-0.253,1.047,-0.485,-1.526,1.892,0.916
-0.260,1.051,-0.476,4.333,-1.587,-0.854
-0.273,1.049,-0.465,10.803,-3.479,-1.343
-0.285,1.035,-0.455,17.517,-2.930,-0.671
-0.293,1.028,-0.434,23.315,-0.244,1.282
-0.292,1.026,-0.403,28.015,2.319,2.930
-0.305,1.016,-0.374,32.898,4.089,4.395
-0.315,1.001,-0.345,36.438,4.150,5.249
-0.320,0.992,-0.315,37.964,3.845,5.859
-0.318,0.989,-0.302,38.330,3.418,6.897
-0.322,0.994,-0.306,37.659,1.770,7.080
-0.323,0.998,-0.325,38.147,-1.282,6.348
-0.327,0.995,-0.341,40.771,-4.944,5.127
-0.336,0.986,-0.352,44.800,-9.216,3.662
-0.335,0.980,-0.354,48.523,-13.000,2.930
-0.341,0.973,-0.353,52.673,-15.259,3.418
-0.344,0.967,-0.353,57.190,-16.418,4.639
-0.341,0.956,-0.341,62.317,-16.724,5.859
-0.337,0.942,-0.319,67.566,-15.747,6.958
-0.330,0.929,-0.295,71.777,-13.000,8.606
-0.331,0.904,-0.272,75.012,-8.789,11.353
-0.325,0.877,-0.241,76.782,-4.089,14.343
-0.315,0.872,-0.210,77.576,0.671,16.724
-0.314,0.864,-0.185,79.102,4.639,18.372
-0.309,0.845,-0.165,82.092,6.409,19.287
-0.309,0.830,-0.145,85.327,4.944,18.738
-0.310,0.825,-0.117,88.379,1.221,17.029
-0.313,0.824,-0.099,91.431,-2.869,15.015
-0.314,0.824,-0.079,94.788,-7.446,13.367
-0.319,0.810,-0.057,98.083,-10.620,12.939
-0.338,0.790,-0.034,101.807,-10.376,14.954
-0.354,0.771,0.000,104.309,-6.531,18.433
-0.366,0.752,0.042,104.736,0.427,22.339

-0.507,-0.224,1.336,-4.272,18.005,7.080
-0.514,-0.245,1.370,-12.329,15.564,6.409
-0.520,-0.263,1.405,-21.606,13.977,4.944
-0.526,-0.270,1.431,-31.494,14.099,1.648
-0.524,-0.274,1.444,-39.490,14.709,-0.610
-0.521,-0.262,1.452,-47.241,15.015,-1.221
-0.514,-0.236,1.449,-56.274,13.916,-2.747
-0.509,-0.217,1.433,-65.125,11.230,-5.798
-0.502,-0.203,1.405,-72.327,8.606,-8.850
-0.486,-0.168,1.380,-78.247,7.080,-11.230
-0.474,-0.129,1.354,-85.083,6.958,-13.733
-0.467,-0.112,1.324,-90.271,6.775,-15.320
-0.458,-0.099,1.298,-93.933,6.470,-15.869
-0.450,-0.074,1.276,-98.938,6.348,-16.541
-0.450,-0.053,1.249,-103.943,5.737,-18.250
-0.443,-0.038,1.218,-107.300,5.859,-19.348
-0.434,-0.024,1.178,-110.046,5.737,-20.081
-0.422,-0.031,1.131,-111.633,4.272,-21.545
-0.414,-0.029,1.096,-112.183,1.953,-22.644
-0.397,0.007,1.070,-113.831,-0.244,-24.658
-0.375,0.043,1.036,-116.333,-1.465,-27.954
-0.354,0.056,0.994,-118.164,-2.014,-29.846
-0.344,0.057,0.951,-119.324,-2.014,-29.297
-0.344,0.053,0.909,-120.300,-0.732,-27.344
-0.351,0.055,0.876,-121.277,1.038,-26.001
-0.329,0.070,0.866,-123.413,2.197,-25.513
-0.315,0.132,0.861,-127.991,3.845,-23.987
-0.301,0.180,0.819,-127.625,-0.122,-24.902
-0.299,0.215,0.783,-130.615,0.366,-28.870
-0.275,0.229,0.732,-132.568,-5.493,-27.771
-0.268,0.231,0.677,-135.071,-14.893,-24.353
-0.280,0.236,0.639,-137.024,-23.132,-19.775
-0.296,0.243,0.602,-139.465,-30.396,-14.221
-0.309,0.263,0.578,-141.663,-36.621,-10.071
-0.309,0.286,0.559,-144.165,-39.673,-8.179
-0.315,0.316,0.547,-145.874,-38.452,-6.531
-0.312,0.352,0.529,-147.705,-35.034,-5.554
-0.292,0.374,0.526,-148.071,-33.569,-5.554
-0.280,0.426,0.519,-149.902,-31.860,-5.981
-0.298,0.427,0.467,-146.362,-35.278,-0.305
-0.327,0.428,0.412,-140.869,-31.921,-0.854
-0.340,0.466,0.392,-139.893,-31.372,-6.531
-0.339,0.497,0.367,-141.052,-40.344,-8.301
-0.346,0.512,0.339,-140.747,-47.607,-6.531
-0.355,0.529,0.324,-138.489,-49.622,-2.991
-0.373,0.542,0.304,-135.681,-49.438,-1.526
-0.397,0.552,0.278,-132.568,-46.875,-3.174
-0.423,0.567,0.253,-130.310,-40.405,-6.714
-0.425,0.593,0.238,-127.991,-32.593,-10.620
-0.417,0.618,0.220,-124.817,-24.719,-14.465
-0.422,0.625,0.206,-119.690,-17.456,-15.564
-0.420,0.635,0.193,-113.831,-11.292,-14.343
-0.419,0.658,0.196,-110.901,-6.287,-13.550
-0.413,0.677,0.186,-109.619,-3.723,-13.367
-0.403,0.685,0.169,-108.521,-3.479,-13.306
-0.399,0.690,0.146,-108.154,-5.432,-12.695
-0.371,0.675,0.125,-108.459,-8.240,-10.986
-0.417,0.709,0.098,-106.201,-11.047,-19.836
-0.446,0.690,0.088,-97.839,-12.207,-22.949
-0.441,0.693,0.072,-95.520,-9.827,-20.569
-0.459,0.699,0.073,-95.215,-6.409,-22.095
-0.461,0.711,0.073,-96.802,-3.296,-22.095
-0.458,0.723,0.060,-98.938,-0.854,-22.339
-0.451,0.735,0.040,-99.426,0.244,-23.682
-0.432,0.762,0.026,-98.633,-0.183,-24.719
-0.413,0.780,0.003,-97.961,-2.380,-26.611
-0.403,0.801,-0.027,-97.778,-7.141,-28.564
-0.381,0.827,-0.062,-98.511,-13.489,-29.907
-0.370,0.848,-0.108,-98.938,-18.860,-30.762
-0.363,0.880,-0.156,-97.351,-21.423,-30.151
-0.363,0.878,-0.206,-95.093,-20.325,-29.175
-0.380,0.892,-0.252,-89.844,-17.700,-24.963
-0.384,0.911,-0.274,-83.923,-15.259,-19.958
-0.387,0.928,-0.294,-79.651,-11.841,-17.944
-0.383,0.945,-0.298,-75.684,-8.911,-17.029
-0.382,0.954,-0.311,-70.984,-6.714,-17.090
-0.381,0.969,-0.321,-67.200,-6.042,-18.188
-0.370,0.986,-0.337,-65.063,-5.371,-19.897
-0.360,0.995,-0.363,-62.744,-3.418,-19.958
-0.345,1.011,-0.379,-59.631,-1.709,-17.700
-0.333,1.029,-0.388,-56.335,-1.038,-15.808
-0.321,1.036,-0.399,-52.734,-1.953,-14.221
-0.319,1.041,-0.405,-48.218,-3.540,-12.085
-0.315,1.044,-0.408,-43.701,-5.676,-9.583
-0.316,1.035,-0.425,-38.879,-7.812,-8.789
-0.314,1.037,-0.438,-33.997,-9.888,-9.155
-0.306,1.044,-0.450,-28.748,-10.559,-9.949
-0.294,1.051,-0.458,-22.461,-10.559,-10.681
-0.280,1.056,-0.455,-16.418,-10.437,-11.414
-0.268,1.064,-0.453,-10.925,-9.399,-11.169
-0.256,1.067,-0.446,-5.981,-6.775,-9.033
-0.246,1.067,-0.436,-1.099,-3.845,-5.981
-0.241,1.067,-0.421,3.479,-2.014,-3.113
-0.246,1.059,-0.410,8.179,-0.610,-0.977
-0.274,1.050,-0.411,12.878,0.549,0.977
-0.287,1.044,-0.400,17.212,0.916,2.380
-0.295,1.041,-0.385,21.301,1.587,2.380
-0.304,1.038,-0.371,24.963,2.869,2.563
-0.312,1.029,-0.351,28.870,3.906,3.235
-0.312,1.022,-0.331,32.166,4.761,3.784
-0.304,1.024,-0.313,34.485,4.639,4.028
-0.301,1.023,-0.304,36.316,3.052,4.578
-0.314,1.017,-0.314,38.391,1.099,5.554
-0.317,1.010,-0.325,40.649,-1.465,6.470
-0.322,1.004,-0.330,43.762,-4.700,6.897
-0.332,0.998,-0.330,47.180,-8.728,6.470
-0.329,0.990,-0.319,51.270,-12.451,5.920
-0.319,0.984,-0.306,55.054,-14.648,5.249
-0.310,0.978,-0.299,58.350,-15.076,5.432
-0.305,0.971,-0.295,61.707,-14.221,7.080
-0.297,0.965,-0.284,64.758,-11.963,9.583
-0.289,0.957,-0.270,68.359,-8.545,12.268
-0.294,0.943,-0.258,71.899,-4.822,15.564
-0.302,0.922,-0.245,75.134,-2.075,18.799
-0.313,0.906,-0.235,78.491,-0.732,20.691
-0.321,0.888,-0.226,82.581,-1.343,20.752
-0.324,0.865,-0.206,86.975,-3.113,20.020
-0.318,0.854,-0.181,91.309,-4.639,18.982
-0.308,0.847,-0.151,95.581,-6.104,17.944

-0.582,-0.392,1.334,102.173,49.500,49.194
-0.567,-0.458,1.466,94.421,60.852,56.946
-0.559,-0.472,1.603,83.496,65.308,63.538
-0.572,-0.453,1.724,68.115,65.063,64.270
-0.606,-0.429,1.782,51.697,59.204,59.387
-0.637,-0.395,1.783,36.621,46.143,47.729
-0.663,-0.357,1.730,23.682,30.151,30.945
-0.686,-0.316,1.631,11.536,14.954,14.832
-0.655,-0.269,1.504,1.282,3.967,9.094
-0.621,-0.231,1.385,-9.705,-4.517,7.080
-0.622,-0.196,1.315,-17.822,-10.986,-1.648
-0.611,-0.180,1.273,-22.461,-10.925,-9.216
-0.591,-0.202,1.249,-25.024,-4.944,-13.855
-0.561,-0.210,1.262,-26.184,3.296,-16.785
-0.531,-0.194,1.291,-29.785,10.803,-19.287
-0.503,-0.199,1.296,-33.752,14.587,-21.973
-0.475,-0.219,1.301,-38.452,16.052,-24.841
-0.435,-0.231,1.305,-45.959,16.052,-28.320
-0.406,-0.229,1.297,-53.467,14.832,-31.433
-0.384,-0.234,1.289,-60.730,12.207,-32.043
-0.369,-0.249,1.282,-68.298,10.193,-29.968
-0.367,-0.245,1.272,-75.684,10.376,-26.917
-0.365,-0.221,1.260,-83.252,11.292,-23.804
-0.369,-0.210,1.224,-90.149,11.292,-21.667
-0.364,-0.197,1.193,-94.482,11.047,-21.667
-0.367,-0.163,1.174,-98.877,10.803,-23.682
-0.363,-0.128,1.161,-104.370,10.620,-27.161
-0.355,-0.109,1.144,-108.276,10.071,-29.053
-0.359,-0.085,1.131,-112.610,9.888,-27.588
-0.364,-0.054,1.099,-118.286,11.658,-25.391
-0.365,-0.044,1.059,-122.437,14.221,-23.071
-0.374,-0.035,1.016,-125.366,15.564,-19.653
-0.378,-0.006,0.988,-128.235,14.526,-18.799
-0.375,0.009,0.950,-129.150,10.010,-20.386
-0.426,0.057,0.906,-128.784,3.296,-22.095
-0.389,0.051,0.889,-127.075,1.282,-22.827
-0.392,0.054,0.848,-123.047,-3.174,-29.480
-0.385,0.087,0.828,-123.657,-0.732,-34.180
-0.363,0.129,0.803,-126.099,-3.113,-37.476
-0.351,0.172,0.771,-131.653,-4.761,-38.818
-0.350,0.196,0.725,-137.451,-1.648,-35.889
-0.334,0.218,0.684,-140.686,0.854,-29.602
-0.323,0.259,0.661,-143.250,-2.319,-24.658
-0.300,0.300,0.648,-147.095,-9.216,-22.766
-0.283,0.326,0.632,-149.170,-19.348,-20.752
-0.272,0.328,0.615,-149.658,-30.945,-16.418
-0.270,0.326,0.589,-148.804,-40.405,-13.611
-0.291,0.346,0.573,-149.048,-44.556,-14.160
-0.291,0.362,0.533,-146.790,-43.884,-15.503
-0.317,0.375,0.485,-142.456,-39.001,-15.625
-0.324,0.392,0.436,-136.597,-37.048,-16.907
-0.326,0.412,0.408,-135.681,-40.222,-23.743
-0.327,0.438,0.395,-139.099,-48.523,-26.733
-0.326,0.478,0.393,-145.691,-59.204,-23.743
-0.332,0.516,0.373,-150.818,-68.359,-19.043
-0.351,0.519,0.328,-151.306,-69.641,-11.963
-0.369,0.522,0.290,-150.024,-65.552,-5.798
-0.375,0.533,0.269,-147.583,-57.678,-5.005
-0.388,0.544,0.265,-143.860,-47.058,-7.996
-0.398,0.552,0.253,-139.526,-34.729,-11.475
-0.399,0.573,0.243,-134.827,-21.973,-14.526
-0.409,0.597,0.226,-130.005,-11.108,-17.029
-0.414,0.604,0.191,-122.986,-5.188,-18.982
-0.418,0.628,0.168,-115.417,-3.906,-21.484
-0.414,0.674,0.165,-110.168,-3.967,-24.414
-0.409,0.707,0.156,-106.445,-4.089,-26.489
-0.405,0.723,0.137,-101.440,-4.395,-27.161
-0.405,0.742,0.119,-97.839,-3.601,-25.391
-0.360,0.741,0.101,-99.060,-2.502,-20.386
-0.394,0.806,0.073,-96.680,-5.127,-32.288
-0.392,0.768,0.064,-86.609,-10.132,-32.227
-0.399,0.775,0.027,-85.083,-13.916,-33.875
-0.441,0.763,-0.012,-84.534,-20.142,-35.034
-0.445,0.779,-0.040,-86.548,-25.330,-35.889
-0.435,0.814,-0.042,-88.806,-25.574,-37.292
-0.412,0.836,-0.049,-90.698,-21.790,-36.682
-0.392,0.841,-0.059,-90.637,-16.541,-33.630
-0.370,0.852,-0.061,-90.332,-10.742,-29.541
-0.343,0.878,-0.068,-90.576,-4.822,-25.696
-0.325,0.883,-0.082,-90.332,-2.136,-22.522
-0.315,0.877,-0.089,-88.989,-2.380,-20.813
-0.307,0.855,-0.085,-87.585,-2.808,-21.179
-0.305,0.874,-0.077,-87.646,-1.892,-21.179
-0.306,0.885,-0.083,-86.853,-1.160,-19.775
-0.298,0.901,-0.097,-85.693,-1.709,-19.714
-0.299,0.922,-0.119,-85.205,-3.174,-20.813
-0.302,0.941,-0.152,-84.656,-5.493,-21.851
-0.297,0.960,-0.180,-83.740,-8.301,-22.949
-0.293,0.987,-0.216,-82.703,-10.803,-24.353
-0.297,1.017,-0.254,-80.811,-11.536,-23.560
-0.327,1.026,-0.306,-78.186,-9.705,-19.226
-0.371,1.017,-0.371,-74.707,-5.249,-12.512
-0.402,1.007,-0.425,-68.970,0.732,-5.493
-0.401,1.020,-0.448,-62.622,6.714,-1.221
-0.390,1.036,-0.447,-56.763,10.864,0.061
-0.368,1.035,-0.422,-48.706,12.817,-0.977
-0.338,1.027,-0.376,-40.466,13.550,-2.625
-0.305,1.026,-0.336,-34.302,14.465,-4.028
-0.271,1.029,-0.318,-30.579,14.404,-5.127
-0.241,1.032,-0.311,-27.954,12.451,-6.409
-0.224,1.037,-0.316,-25.024,9.705,-7.263
-0.213,1.045,-0.327,-21.729,7.874,-7.202
-0.208,1.055,-0.345,-18.982,7.080,-6.775
-0.203,1.063,-0.359,-15.503,6.409,-6.104
-0.205,1.066,-0.376,-11.108,5.371,-5.066
-0.219,1.068,-0.394,-6.409,3.235,-4.944
-0.242,1.069,-0.422,-1.587,0.305,-5.493
-0.264,1.075,-0.445,3.113,-2.686,-6.042
-0.274,1.082,-0.458,7.324,-5.432,-6.897
-0.279,1.092,-0.460,12.024,-7.202,-7.385
-0.281,1.100,-0.457,16.479,-7.812,-6.775
-0.290,1.097,-0.449,21.790,-7.507,-4.700
-0.299,1.090,-0.440,26.489,-6.592,-2.319
-0.309,1.080,-0.429,30.640,-5.310,-0.061
-0.311,1.065,-0.421,34.302,-3.845,2.014
-0.315,1.049,-0.425,37.598,-2.625,2.869
-0.313,1.042,-0.418,41.382,-2.563,2.441
-0.292,1.036,-0.402,44.922,-3.601,0.366
-0.275,1.030,-0.388,48.340,-5.615,-2.014

-0.347,-0.630,1.351,184.082,79.041,85.632
-0.375,-0.602,1.600,170.288,82.520,87.280
-0.415,-0.570,1.799,152.344,59.326,92.407
-0.466,-0.527,1.945,134.521,30.273,89.478
-0.540,-0.510,1.994,121.887,1.404,81.970
-0.617,-0.538,1.974,114.929,-25.635,74.158
-0.685,-0.541,1.868,102.051,-39.124,60.913
-0.758,-0.580,1.827,91.736,-34.973,50.659
-0.777,-0.578,1.812,80.566,-23.804,40.894
-0.805,-0.543,1.840,65.735,-7.874,28.137
-0.786,-0.532,1.896,51.025,14.832,19.836
-0.755,-0.511,1.971,37.659,34.424,17.517
-0.727,-0.466,2.047,22.949,47.791,17.029
-0.704,-0.433,2.093,7.202,54.810,15.076
-0.680,-0.403,2.095,-9.521,52.246,10.437
-0.656,-0.377,2.065,-26.611,38.147,3.235
-0.629,-0.367,1.998,-41.504,19.409,-5.188
-0.603,-0.371,1.909,-54.260,2.380,-14.465
-0.570,-0.360,1.837,-66.162,-9.094,-24.048
-0.526,-0.342,1.792,-79.956,-12.817,-33.875
-0.477,-0.326,1.749,-93.994,-8.606,-41.626
-0.426,-0.287,1.688,-106.506,-0.916,-44.861
-0.383,-0.245,1.618,-116.577,5.310,-43.945
-0.354,-0.238,1.533,-122.864,8.484,-42.542
-0.325,-0.231,1.457,-126.892,7.751,-42.725
-0.302,-0.224,1.400,-132.507,4.395,-44.373
-0.289,-0.225,1.337,-139.343,2.197,-45.898
-0.281,-0.210,1.273,-145.691,0.916,-45.532
-0.273,-0.181,1.200,-152.710,0.061,-42.786
-0.279,-0.167,1.105,-158.875,-1.221,-39.124
-0.289,-0.174,1.004,-164.124,-2.747,-36.438
-0.313,-0.186,0.907,-169.067,-4.395,-35.461
-0.312,-0.165,0.843,-175.598,-5.920,-36.316
-0.299,-0.125,0.783,-184.509,-6.775,-38.208
-0.296,-0.082,0.718,-191.101,-8.667,-39.185
-0.276,-0.021,0.665,-198.792,-9.644,-43.884
-0.262,0.042,0.600,-207.703,-12.573,-46.509
-0.241,0.100,0.529,-213.562,-20.874,-44.861
-0.228,0.115,0.474,-217.224,-31.494,-42.358
-0.233,0.141,0.427,-219.177,-43.274,-39.246
-0.240,0.185,0.389,-222.168,-54.321,-36.377
-0.219,0.237,0.339,-225.098,-62.805,-34.912
-0.200,0.300,0.288,-226.562,-68.665,-34.363
-0.191,0.339,0.219,-226.501,-71.655,-31.921
-0.185,0.354,0.140,-223.267,-71.289,-26.489
-0.198,0.383,0.091,-218.201,-67.017,-19.775
-0.220,0.427,0.065,-215.088,-60.425,-15.259
-0.237,0.455,0.013,-211.670,-53.101,-13.977
-0.242,0.490,-0.039,-206.116,-47.729,-15.930
-0.229,0.532,-0.067,-198.486,-44.556,-20.691
-0.212,0.568,-0.079,-188.354,-42.480,-26.245
-0.220,0.603,-0.087,-176.514,-38.879,-29.724
-0.230,0.638,-0.099,-164.673,-33.508,-29.907
-0.234,0.657,-0.123,-153.137,-27.466,-28.320
-0.263,0.674,-0.153,-141.663,-20.569,-25.818
-0.286,0.712,-0.180,-132.202,-13.000,-22.888
-0.304,0.752,-0.215,-124.817,-5.066,-20.630
-0.329,0.772,-0.252,-118.835,1.404,-16.968
-0.342,0.798,-0.272,-116.272,6.714,-12.634
-0.366,0.797,-0.289,-115.112,9.094,-11.841
-0.396,0.837,-0.323,-105.103,6.775,-24.475
-0.395,0.826,-0.340,-95.032,4.700,-21.790
-0.405,0.861,-0.362,-88.074,1.709,-29.175
-0.408,0.883,-0.378,-80.505,-5.005,-31.616
-0.408,0.919,-0.397,-75.073,-12.573,-35.339
-0.381,0.948,-0.398,-67.322,-18.860,-40.344
-0.369,0.955,-0.417,-60.852,-22.217,-44.617
-0.347,0.979,-0.427,-55.481,-22.888,-47.058
-0.325,0.995,-0.433,-50.293,-21.057,-44.800
-0.308,1.023,-0.444,-47.241,-17.273,-40.466
-0.281,1.013,-0.455,-43.091,-12.085,-37.659
-0.257,1.041,-0.457,-39.551,-6.348,-34.668
-0.233,1.057,-0.456,-36.438,-1.282,-29.846
-0.221,1.067,-0.454,-33.875,2.869,-25.818
-0.212,1.079,-0.447,-31.128,6.287,-22.400
-0.218,1.081,-0.446,-28.503,9.094,-18.799
-0.227,1.086,-0.440,-25.635,10.254,-15.320
-0.226,1.093,-0.430,-22.949,10.681,-13.062
-0.228,1.103,-0.427,-20.874,11.414,-10.742
-0.219,1.108,-0.425,-19.043,12.207,-7.935
-0.222,1.106,-0.431,-16.479,13.245,-4.517
-0.213,1.110,-0.425,-14.099,13.550,-1.587
-0.202,1.114,-0.415,-11.780,12.634,0.977
-0.200,1.109,-0.411,-8.118,10.498,4.272
-0.200,1.101,-0.411,-4.517,7.568,7.141
-0.199,1.097,-0.410,-0.854,4.883,9.766
-0.188,1.095,-0.424,2.747,2.502,11.719
-0.184,1.092,-0.437,7.080,-0.366,13.245
-0.171,1.087,-0.451,12.146,-3.723,13.855
-0.156,1.085,-0.467,17.944,-7.812,13.489
-0.153,1.087,-0.487,23.132,-13.245,12.939
-0.161,1.085,-0.511,28.870,-20.020,12.390
-0.182,1.076,-0.554,35.828,-26.001,12.390
-0.205,1.067,-0.585,44.495,-30.212,13.245
-0.216,1.060,-0.606,54.260,-31.616,13.916
-0.228,1.043,-0.605,64.331,-29.297,15.808
-0.223,1.020,-0.598,73.853,-23.254,18.738
-0.223,0.993,-0.580,81.848,-14.893,22.217
-0.221,0.969,-0.553,89.233,-6.165,26.062
-0.207,0.936,-0.519,96.924,1.709,29.785
-0.195,0.898,-0.492,104.065,8.972,32.104
-0.202,0.864,-0.481,111.206,14.160,33.630
-0.198,0.840,-0.455,118.958,16.541,34.180
-0.197,0.822,-0.426,126.587,18.311,33.569
-0.199,0.785,-0.399,134.888,20.386,33.264
-0.196,0.743,-0.362,142.883,21.851,33.752
-0.189,0.710,-0.320,149.170,22.766,33.813
-0.179,0.681,-0.268,154.480,22.949,33.813
-0.162,0.654,-0.232,159.912,20.996,33.752
-0.158,0.628,-0.205,164.673,17.273,33.875
-0.178,0.592,-0.191,169.861,12.329,35.339
-0.185,0.546,-0.173,174.622,9.583,37.842
-0.207,0.489,-0.167,178.223,11.230,41.199
-0.215,0.448,-0.144,182.068,15.076,44.617
-0.218,0.410,-0.122,187.500,18.188,46.692
-0.214,0.369,-0.086,194.702,18.555,46.509
-0.207,0.319,-0.040,201.843,17.151,45.898
-0.196,0.272,0.011,208.679,15.442,46.082
-0.205,0.220,0.050,214.294,13.245,47.668

-0.375,-0.482,1.362,227.112,54.443,84.900
-0.383,-0.451,1.407,210.571,47.974,71.472
-0.353,-0.510,1.413,198.486,36.499,66.772
-0.402,-0.622,1.417,191.650,13.611,64.392
-0.488,-0.717,1.477,188.110,-24.780,68.054
-0.565,-0.818,1.597,178.955,-43.640,79.529
-0.554,-0.919,1.773,162.598,-43.518,106.567
-0.655,-0.855,1.954,137.695,-39.307,89.844
-0.802,-0.786,2.214,113.708,-18.066,78.613
-0.817,-0.695,2.286,84.290,25.635,62.805
-0.841,-0.609,2.309,57.983,50.049,48.767
-0.855,-0.554,2.249,35.522,53.894,34.912
-0.895,-0.549,2.160,19.836,49.683,25.513
-0.880,-0.534,2.074,7.690,42.603,23.010
-0.881,-0.501,2.023,-6.348,33.264,16.479
-0.879,-0.472,1.979,-20.630,20.813,6.775
-0.840,-0.439,1.953,-37.170,13.611,-2.991
-0.777,-0.376,1.936,-57.861,10.559,-14.587
-0.702,-0.335,1.892,-77.698,9.521,-26.306
-0.611,-0.326,1.829,-92.896,10.498,-35.400
-0.526,-0.317,1.766,-106.018,13.306,-41.931
-0.445,-0.303,1.698,-117.493,17.090,-45.837
-0.383,-0.282,1.635,-126.343,20.386,-46.936
-0.327,-0.262,1.573,-132.874,23.621,-45.837
-0.285,-0.261,1.508,-136.780,27.588,-42.664
-0.268,-0.277,1.443,-138.794,28.259,-39.246
-0.259,-0.268,1.378,-142.029,25.879,-38.208
-0.251,-0.239,1.312,-147.949,21.912,-39.368
-0.242,-0.199,1.231,-154.297,16.968,-40.222
-0.223,-0.169,1.136,-159.485,12.146,-39.673
-0.209,-0.145,1.033,-163.818,7.141,-38.330
-0.200,-0.117,0.943,-166.321,1.404,-37.720
-0.181,-0.085,0.860,-168.091,-4.639,-37.781
-0.179,-0.034,0.797,-170.959,-8.484,-38.269
-0.173,0.020,0.735,-175.415,-11.292,-37.231
-0.166,0.048,0.665,-180.420,-12.939,-33.386
-0.179,0.067,0.596,-185.181,-15.381,-28.564
-0.193,0.111,0.548,-189.636,-18.616,-24.231
-0.198,0.145,0.490,-193.787,-21.851,-19.409
-0.209,0.170,0.432,-194.885,-26.367,-15.320
-0.215,0.225,0.404,-195.129,-31.250,-13.245
-0.214,0.277,0.384,-195.374,-35.461,-12.512
-0.222,0.306,0.357,-194.336,-37.659,-11.658
-0.226,0.314,0.326,-192.749,-38.513,-9.705
-0.232,0.323,0.293,-190.308,-38.208,-6.958
-0.242,0.345,0.280,-187.622,-36.926,-3.357
-0.261,0.367,0.260,-184.814,-35.583,-1.221
-0.255,0.390,0.253,-181.030,-34.729,-1.709
-0.250,0.415,0.240,-176.819,-34.607,-4.456
-0.262,0.453,0.239,-172.424,-35.217,-7.202
-0.274,0.484,0.220,-168.457,-35.583,-9.399
-0.301,0.498,0.177,-163.391,-35.217,-10.620
-0.323,0.526,0.152,-158.691,-34.302,-11.719
-0.344,0.554,0.111,-155.273,-31.982,-13.367
-0.365,0.580,0.073,-151.367,-28.015,-15.564
-0.379,0.601,0.052,-148.254,-22.766,-17.883
-0.393,0.621,0.017,-144.531,-16.968,-20.447
-0.398,0.645,-0.008,-139.648,-11.719,-22.766
-0.406,0.669,-0.027,-135.681,-6.836,-23.865
-0.406,0.690,-0.050,-132.568,-3.662,-24.292
-0.398,0.716,-0.071,-132.019,-1.953,-23.987
-0.393,0.719,-0.110,-134.399,-1.892,-23.682
-0.403,0.779,-0.165,-130.066,-5.127,-36.255
-0.391,0.775,-0.217,-122.864,-7.751,-34.058
-0.382,0.790,-0.261,-120.911,-8.972,-36.072
-0.377,0.824,-0.297,-114.990,-11.597,-42.603
-0.343,0.838,-0.326,-108.398,-11.047,-40.710
-0.325,0.874,-0.344,-104.004,-8.362,-40.771
-0.333,0.905,-0.365,-99.182,-5.310,-41.199
-0.313,0.894,-0.376,-90.698,-2.686,-41.992
-0.309,0.917,-0.412,-85.571,0.488,-44.006
-0.298,0.960,-0.427,-81.421,2.441,-39.734
-0.274,0.997,-0.442,-76.111,3.723,-37.720
-0.244,1.016,-0.457,-72.205,5.005,-37.964
-0.216,1.042,-0.468,-69.702,6.775,-34.119
-0.188,1.066,-0.481,-67.200,8.118,-29.907
-0.183,1.092,-0.509,-64.575,6.958,-26.855
-0.202,1.112,-0.561,-61.157,3.174,-23.437
-0.226,1.139,-0.614,-56.641,-1.892,-20.325
-0.230,1.166,-0.673,-51.331,-6.226,-18.860
-0.242,1.185,-0.717,-44.434,-9.460,-17.517
-0.242,1.201,-0.748,-36.865,-11.047,-15.747
-0.230,1.215,-0.762,-29.419,-10.864,-13.611
-0.217,1.213,-0.766,-21.729,-9.521,-10.620
-0.187,1.205,-0.767,-14.404,-7.141,-6.836
-0.163,1.201,-0.759,-7.874,-3.906,-3.052
-0.135,1.188,-0.744,-1.770,-1.465,-0.244
-0.116,1.173,-0.731,4.456,-0.732,2.014
-0.102,1.166,-0.728,10.498,-1.953,2.869
-0.086,1.159,-0.722,17.212,-5.310,3.113
-0.079,1.148,-0.712,24.109,-10.315,2.747
-0.072,1.140,-0.699,30.640,-15.686,2.747
-0.079,1.128,-0.700,38.757,-19.287,5.737
-0.087,1.108,-0.694,48.218,-21.667,10.315
-0.117,1.073,-0.698,58.044,-24.353,14.221
-0.142,1.043,-0.682,67.993,-26.978,17.151
-0.155,1.025,-0.655,76.660,-28.198,19.165
-0.164,1.000,-0.631,84.473,-27.283,21.545
-0.167,0.973,-0.604,90.698,-24.353,24.475
-0.172,0.953,-0.583,94.727,-20.874,27.466
-0.181,0.918,-0.568,100.098,-16.174,31.372
-0.212,0.869,-0.570,106.140,-11.108,36.377
-0.236,0.823,-0.554,112.183,-6.287,41.077
-0.238,0.793,-0.505,116.638,-1.221,43.579
-0.232,0.767,-0.456,120.972,5.249,43.640
-0.218,0.728,-0.409,126.587,11.658,44.189
-0.205,0.688,-0.361,133.484,17.090,45.166
-0.188,0.655,-0.305,140.015,21.057,45.715
-0.176,0.622,-0.252,146.851,24.841,48.035
-0.177,0.581,-0.203,154.541,28.870,52.490
-0.176,0.535,-0.157,160.706,32.288,57.007
-0.187,0.497,-0.106,164.062,35.400,60.608
-0.221,0.427,-0.099,166.992,37.720,63.232
-0.286,0.349,-0.127,171.509,37.354,64.026
-0.284,0.345,-0.091,176.697,34.668,58.777
-0.247,0.355,-0.030,181.885,33.142,48.828
-0.225,0.342,0.040,186.340,32.532,40.649
-0.214,0.308,0.106,189.575,32.654,36.865
-0.209,0.280,0.170,192.200,33.875,37.109

-0.351,-0.406,1.562,178.955,53.101,84.656
-0.458,-0.534,1.650,173.645,20.386,95.093
-0.537,-0.594,1.745,166.870,-22.278,87.524
-0.692,-0.591,1.875,157.715,-57.922,65.369
-0.647,-0.575,2.000,138.977,-72.205,68.909
-0.753,-0.396,2.027,109.375,-54.016,48.523
-0.781,-0.360,2.020,96.130,-21.118,31.372
-0.794,-0.292,1.971,80.688,8.789,28.320
-0.822,-0.223,1.953,67.688,24.170,22.827
-0.841,-0.179,1.915,56.824,32.532,18.555
-0.857,-0.184,1.892,48.523,37.354,18.250
-0.849,-0.194,1.890,39.734,39.124,21.973
-0.835,-0.182,1.904,24.963,38.025,21.362
-0.811,-0.186,1.921,10.010,35.278,17.029
-0.770,-0.216,1.944,-4.333,31.250,10.498
-0.726,-0.248,1.972,-20.813,26.917,2.380
-0.673,-0.281,1.983,-38.696,23.987,-5.859
-0.609,-0.292,1.951,-56.458,22.583,-14.099
-0.551,-0.267,1.890,-73.975,19.897,-20.813
-0.495,-0.229,1.808,-90.332,15.991,-25.391
-0.449,-0.214,1.709,-102.966,12.878,-27.832
-0.410,-0.195,1.619,-111.328,12.390,-28.809
-0.384,-0.171,1.531,-118.286,13.916,-29.053
-0.366,-0.145,1.444,-123.901,14.709,-28.442
-0.346,-0.118,1.365,-129.761,15.015,-28.259
-0.341,-0.101,1.287,-135.193,16.418,-28.320
-0.341,-0.101,1.214,-139.832,16.541,-27.161
-0.354,-0.108,1.123,-142.883,14.648,-26.062
-0.354,-0.086,1.049,-144.592,10.742,-26.367
-0.345,-0.055,0.989,-146.912,6.348,-29.114
-0.331,-0.004,0.940,-150.452,2.563,-31.677
-0.324,0.010,0.885,-152.283,3.540,-32.410
-0.313,0.047,0.825,-155.273,5.920,-38.025
-0.287,0.069,0.756,-160.950,12.085,-39.063
-0.258,0.068,0.688,-166.809,6.104,-34.241
-0.250,0.107,0.643,-176.086,-2.991,-30.579
-0.246,0.154,0.604,-185.913,-8.789,-26.123
-0.238,0.181,0.540,-184.753,-16.846,-27.405
-0.219,0.184,0.496,-183.105,-25.940,-18.188
-0.202,0.249,0.479,-187.744,-36.255,-18.616
-0.186,0.289,0.452,-191.711,-46.265,-19.653
-0.175,0.296,0.398,-191.956,-52.490,-18.494
-0.203,0.317,0.344,-192.139,-56.824,-16.541
-0.219,0.350,0.297,-193.909,-60.486,-14.221
-0.217,0.399,0.259,-194.397,-61.462,-12.756
-0.225,0.444,0.226,-194.214,-60.425,-11.414
-0.243,0.475,0.172,-192.688,-59.021,-9.460
-0.261,0.496,0.118,-189.026,-57.068,-8.362
-0.269,0.517,0.080,-184.143,-55.481,-9.216
-0.270,0.545,0.057,-178.711,-54.382,-12.695
-0.285,0.571,0.036,-172.729,-52.551,-16.174
-0.293,0.591,0.025,-165.833,-48.096,-18.005
-0.293,0.614,0.026,-158.875,-39.063,-18.066
-0.305,0.648,0.022,-153.381,-26.672,-16.296
-0.314,0.677,0.003,-148.437,-15.076,-13.977
-0.318,0.695,-0.027,-143.250,-6.714,-13.672
-0.324,0.719,-0.070,-138.489,-2.808,-15.442
-0.335,0.742,-0.124,-132.385,-2.136,-17.700
-0.349,0.764,-0.175,-125.549,-3.235,-19.043
-0.363,0.782,-0.219,-117.798,-4.639,-19.775
-0.374,0.800,-0.252,-109.863,-6.104,-20.081
-0.383,0.815,-0.284,-103.394,-7.080,-19.653
-0.387,0.835,-0.310,-98.999,-7.202,-19.043
-0.425,0.872,-0.351,-91.431,-7.324,-24.170
-0.442,0.880,-0.382,-79.590,-6.042,-24.048
-0.417,0.912,-0.385,-72.754,-3.296,-25.696
-0.405,0.942,-0.373,-67.139,-0.977,-28.748
-0.382,0.969,-0.357,-60.608,2.258,-28.809
-0.350,0.955,-0.348,-55.725,8.118,-30.334
-0.323,0.958,-0.339,-53.345,12.329,-29.236
-0.297,0.974,-0.343,-51.819,13.245,-26.672
-0.273,0.995,-0.346,-49.377,11.230,-26.062
-0.244,0.984,-0.358,-46.082,7.324,-27.466
-0.239,0.998,-0.366,-44.189,1.465,-26.245
-0.237,1.013,-0.365,-42.786,-4.456,-23.926
-0.236,1.025,-0.377,-41.748,-8.240,-21.606
-0.242,1.038,-0.399,-40.222,-9.583,-18.494
-0.242,1.048,-0.421,-37.781,-7.935,-14.160
-0.261,1.046,-0.444,-34.912,-5.188,-9.644
-0.278,1.041,-0.463,-31.799,-3.540,-5.920
-0.279,1.045,-0.464,-29.480,-2.869,-3.784
-0.284,1.056,-0.480,-27.039,-1.526,-2.930
-0.289,1.065,-0.502,-23.621,0.061,-1.831
-0.282,1.066,-0.524,-19.531,0.244,-1.099
-0.270,1.076,-0.541,-15.930,-1.160,-0.610
-0.260,1.087,-0.562,-11.902,-3.601,0.000
-0.259,1.089,-0.587,-6.653,-6.775,1.221
-0.256,1.084,-0.604,-0.610,-9.949,2.686
-0.246,1.078,-0.623,5.920,-12.756,3.662
-0.236,1.076,-0.649,13.184,-15.747,4.211
-0.226,1.078,-0.660,21.179,-18.860,4.761
-0.211,1.066,-0.664,30.762,-20.752,5.188
-0.231,1.038,-0.678,41.199,-20.935,6.775
-0.241,1.020,-0.661,51.453,-19.470,9.033
-0.240,1.000,-0.642,61.035,-15.991,10.742
-0.238,0.983,-0.609,70.007,-12.451,12.878
-0.222,0.969,-0.572,77.698,-10.132,14.587
-0.208,0.949,-0.537,84.961,-8.789,15.747
-0.198,0.924,-0.499,91.614,-8.545,17.029
-0.199,0.902,-0.463,97.107,-9.216,18.738
-0.198,0.883,-0.433,102.356,-9.277,21.667
-0.196,0.860,-0.402,107.300,-6.958,25.391
-0.192,0.829,-0.368,111.267,-3.479,29.968
-0.223,0.775,-0.370,115.051,0.122,34.851
-0.290,0.726,-0.394,121.216,2.625,38.513
-0.292,0.705,-0.366,128.845,3.296,36.377
-0.276,0.695,-0.321,136.108,3.113,30.457
-0.255,0.678,-0.256,142.883,3.052,27.344
-0.231,0.661,-0.204,148.743,5.188,26.672
-0.216,0.640,-0.155,154.602,8.606,27.283
-0.214,0.613,-0.111,160.767,10.437,29.419
-0.230,0.569,-0.072,166.504,10.376,33.081
-0.263,0.514,-0.036,169.800,12.207,37.109
-0.303,0.469,-0.008,171.143,18.188,40.649
-0.319,0.428,0.021,172.302,25.574,41.321
-0.315,0.406,0.065,173.645,30.029,38.269
-0.294,0.398,0.120,175.537,29.663,32.532
-0.265,0.401,0.182,178.589,26.794,27.832
-0.245,0.394,0.227,184.448,23.315,26.184

-0.228,-0.593,1.437,232.605,73.669,54.382
-0.256,-0.552,1.676,213.379,60.425,50.293
-0.311,-0.483,1.860,190.063,28.870,50.049
-0.392,-0.477,1.945,167.053,-1.343,52.490
-0.388,-0.510,2.002,143.616,-21.790,73.486
-0.463,-0.436,2.028,121.216,-37.415,59.631
-0.569,-0.396,2.030,109.924,-42.725,48.218
-0.609,-0.362,1.975,95.886,-32.227,48.157
-0.677,-0.318,1.926,84.106,-23.071,44.800
-0.745,-0.277,1.882,72.388,-13.611,41.626
-0.796,-0.278,1.855,57.800,-1.099,39.734
-0.852,-0.289,1.854,41.443,8.362,36.072
-0.881,-0.267,1.880,26.184,16.968,30.640
-0.870,-0.244,1.908,12.268,23.437,24.597
-0.842,-0.216,1.924,-3.052,23.376,15.686
-0.814,-0.211,1.920,-17.456,17.273,6.897
-0.786,-0.229,1.895,-30.518,11.047,0.977
-0.754,-0.255,1.867,-43.274,9.460,-3.357
-0.701,-0.255,1.848,-56.152,12.573,-9.644
-0.636,-0.268,1.827,-69.092,17.029,-16.541
-0.558,-0.292,1.816,-81.299,21.729,-21.301
-0.492,-0.281,1.803,-93.567,28.198,-24.536
-0.426,-0.265,1.778,-105.530,34.790,-26.062
-0.365,-0.266,1.733,-116.089,38.391,-26.062
-0.324,-0.265,1.683,-125.610,39.001,-26.917
-0.293,-0.253,1.612,-135.315,35.583,-27.100
-0.270,-0.246,1.525,-144.775,30.945,-27.100
-0.257,-0.236,1.415,-153.198,26.245,-26.062
-0.239,-0.236,1.298,-159.973,19.897,-26.245
-0.226,-0.227,1.187,-166.626,12.390,-26.917
-0.226,-0.198,1.078,-172.180,4.883,-28.564
-0.215,-0.147,0.987,-177.063,-2.319,-31.921
-0.241,-0.109,0.858,-181.946,-9.338,-35.645
-0.180,-0.070,0.801,-186.768,-12.146,-35.278
-0.157,-0.045,0.722,-186.218,-16.418,-38.391
-0.167,-0.009,0.650,-192.993,-12.573,-39.001
-0.174,0.003,0.586,-202.881,-13.428,-31.982
-0.193,0.027,0.536,-212.219,-18.311,-24.841
-0.187,0.090,0.506,-222.534,-22.339,-19.836
-0.177,0.150,0.455,-225.403,-26.611,-21.362
-0.152,0.153,0.394,-226.624,-29.541,-11.841
-0.144,0.178,0.343,-228.149,-34.424,-7.568
-0.145,0.225,0.303,-229.248,-39.978,-4.639
-0.158,0.243,0.250,-229.187,-42.786,-1.526
-0.155,0.278,0.210,-225.830,-44.312,1.282
-0.159,0.327,0.187,-224.182,-45.410,3.906
-0.195,0.353,0.144,-220.459,-46.692,7.996
-0.224,0.375,0.097,-213.257,-47.180,11.719
-0.265,0.394,0.055,-206.177,-46.814,13.794
-0.297,0.433,0.026,-199.219,-45.410,14.282
-0.344,0.470,-0.014,-192.627,-42.053,12.146
-0.376,0.508,-0.050,-184.570,-38.147,8.301
-0.394,0.543,-0.082,-177.124,-33.752,2.380
-0.419,0.574,-0.123,-169.434,-29.236,-4.517
-0.417,0.616,-0.151,-161.499,-26.123,-12.024
-0.410,0.655,-0.185,-153.564,-25.024,-18.921
-0.418,0.685,-0.221,-143.921,-25.940,-23.743
-0.426,0.705,-0.266,-134.583,-26.917,-25.696
-0.460,0.718,-0.325,-126.282,-26.306,-26.062
-0.469,0.740,-0.370,-120.789,-24.414,-27.405
-0.469,0.773,-0.407,-118.225,-20.142,-30.090
-0.452,0.812,-0.436,-115.784,-15.808,-30.701
-0.415,0.813,-0.472,-113.586,-12.634,-30.396
-0.419,0.881,-0.499,-109.253,-12.268,-36.621
-0.422,0.887,-0.537,-97.717,-13.184,-38.879
-0.413,0.912,-0.573,-88.623,-12.573,-37.903
-0.410,0.956,-0.591,-80.811,-10.559,-39.246
-0.395,0.995,-0.594,-72.937,-6.775,-38.208
-0.367,0.966,-0.602,-64.636,-1.099,-38.757
-0.345,1.008,-0.606,-61.279,5.859,-34.729
-0.326,1.030,-0.615,-60.669,14.099,-28.198
-0.306,1.048,-0.626,-60.303,20.996,-25.024
-0.284,1.056,-0.636,-60.730,24.170,-23.315
-0.267,1.062,-0.651,-59.753,23.437,-21.729
-0.242,1.075,-0.649,-58.350,19.165,-21.973
-0.222,1.098,-0.649,-55.908,12.573,-24.170
-0.195,1.098,-0.665,-49.927,5.859,-25.085
-0.178,1.100,-0.681,-43.091,1.465,-23.682
-0.156,1.115,-0.684,-36.072,0.488,-20.203
-0.145,1.121,-0.685,-27.649,0.610,-15.015
-0.125,1.117,-0.675,-19.043,0.977,-8.850
-0.115,1.107,-0.659,-11.230,1.953,-1.953
-0.105,1.096,-0.643,-4.944,2.380,3.723
-0.104,1.089,-0.633,0.061,2.441,8.362
-0.098,1.087,-0.628,5.737,2.686,12.512
-0.102,1.079,-0.632,12.024,1.831,15.747
-0.115,1.072,-0.636,19.470,-0.977,18.311
-0.131,1.063,-0.642,27.405,-4.822,19.897
-0.157,1.052,-0.654,35.217,-9.399,21.301
-0.183,1.038,-0.664,43.762,-14.282,22.339
-0.208,1.015,-0.678,53.467,-17.761,23.376
-0.226,0.988,-0.686,63.416,-18.982,24.841
-0.238,0.961,-0.670,72.449,-17.334,26.794
-0.256,0.932,-0.649,80.139,-13.245,28.198
-0.273,0.899,-0.616,87.708,-7.874,29.480
-0.279,0.854,-0.587,93.506,-1.648,30.212
-0.281,0.828,-0.533,95.459,4.395,30.029
-0.280,0.807,-0.490,96.313,10.437,29.663
-0.257,0.757,-0.442,96.375,16.052,30.396
-0.229,0.726,-0.402,90.881,18.799,32.776
-0.226,0.741,-0.341,81.787,18.738,37.231
-0.221,0.760,-0.324,78.369,18.433,41.504
-0.233,0.722,-0.337,81.726,18.799,44.128
-0.240,0.687,-0.333,88.562,19.409,46.570
-0.258,0.654,-0.335,96.497,19.836,48.828
-0.281,0.620,-0.334,107.361,19.592,50.415
-0.295,0.582,-0.313,118.958,19.348,50.171
-0.293,0.552,-0.278,129.761,21.179,47.363
-0.306,0.513,-0.241,139.526,26.001,44.556
-0.311,0.467,-0.203,149.597,33.264,42.847
-0.300,0.433,-0.146,156.799,41.565,40.710
-0.280,0.408,-0.087,162.292,50.659,38.757
-0.250,0.368,-0.035,165.222,58.228,37.537
-0.224,0.326,0.026,161.743,62.622,38.696
-0.218,0.316,0.109,155.457,64.026,43.152
-0.244,0.262,0.141,156.189,63.293,49.011
-0.302,0.196,0.148,164.795,58.411,53.955
-0.331,0.158,0.213,175.171,50.720,54.199
-0.339,0.108,0.334,188.110,45.654,51.819

-0.637,-0.280,1.707,125.122,-3.479,86.792
-0.698,-0.365,1.953,120.178,31.433,71.899
-0.740,-0.387,2.123,111.267,68.787,39.978
-0.750,-0.368,2.306,97.168,83.557,21.301
-0.699,-0.249,2.424,73.059,91.675,4.150
-0.654,-0.128,2.492,47.852,94.177,-10.010
-0.593,-0.022,2.478,21.362,90.088,-16.418
-0.497,0.078,2.379,-5.371,79.956,-13.245
-0.430,0.124,2.245,-30.090,57.068,-7.996
-0.392,0.125,2.076,-50.354,29.236,-7.263
-0.384,0.109,1.932,-67.627,1.526,-10.986
-0.378,0.099,1.809,-81.970,-20.630,-16.052
-0.375,0.071,1.705,-92.590,-32.898,-21.606
-0.363,0.038,1.628,-101.929,-35.889,-29.175
-0.346,0.057,1.574,-113.892,-31.250,-37.842
-0.314,0.090,1.513,-126.709,-21.851,-45.105
-0.262,0.103,1.447,-136.353,-10.620,-48.706
-0.203,0.128,1.388,-144.165,-0.183,-49.255
-0.158,0.156,1.330,-151.184,4.944,-47.180
-0.132,0.152,1.283,-155.518,4.639,-43.091
-0.121,0.151,1.244,-157.471,2.869,-37.842
-0.125,0.164,1.199,-159.058,0.366,-33.447
-0.117,0.182,1.151,-162.170,-2.380,-30.273
-0.102,0.191,1.088,-166.199,-3.967,-25.879
-0.101,0.177,1.029,-169.861,-5.676,-19.592
-0.117,0.150,0.968,-171.814,-8.850,-13.672
-0.185,0.133,0.914,-175.293,-13.794,-11.536
-0.147,0.180,0.891,-174.866,-15.137,-16.296
-0.127,0.191,0.821,-170.227,-17.395,-14.038
-0.164,0.208,0.766,-171.753,-12.085,-19.409
-0.182,0.196,0.700,-172.913,-13.916,-18.494
-0.202,0.221,0.649,-173.828,-17.273,-18.250
-0.199,0.278,0.602,-175.476,-18.982,-17.822
-0.169,0.339,0.558,-175.720,-22.217,-14.954
-0.141,0.393,0.517,-176.880,-26.672,-9.216
-0.126,0.419,0.479,-178.101,-31.982,1.831
-0.151,0.418,0.425,-172.363,-35.156,9.338
-0.187,0.416,0.373,-163.269,-31.250,9.949
-0.206,0.419,0.344,-154.541,-24.536,7.874
-0.224,0.413,0.327,-146.240,-22.827,7.690
-0.221,0.441,0.332,-142.639,-26.733,1.587
-0.220,0.471,0.319,-148.682,-33.875,-2.930
-0.217,0.487,0.282,-159.912,-43.396,0.000
-0.238,0.492,0.215,-170.654,-54.260,8.423
-0.281,0.493,0.132,-177.002,-62.378,18.494
-0.291,0.511,0.060,-178.406,-66.345,24.597
-0.294,0.536,0.027,-177.307,-65.308,24.841
-0.309,0.561,-0.003,-173.767,-57.983,21.729
-0.330,0.576,-0.039,-168.823,-46.448,19.470
-0.374,0.558,-0.101,-160.706,-34.607,17.395
-0.374,0.569,-0.135,-152.466,-26.917,11.658
-0.359,0.595,-0.135,-150.330,-24.170,2.441
-0.368,0.623,-0.160,-149.475,-24.658,-4.028
-0.377,0.635,-0.207,-145.874,-26.611,-7.080
-0.405,0.645,-0.263,-141.357,-28.503,-8.911
-0.421,0.668,-0.308,-136.536,-29.114,-10.376
-0.430,0.688,-0.348,-130.554,-26.184,-11.902
-0.432,0.694,-0.386,-123.657,-21.240,-14.099
-0.439,0.720,-0.417,-116.760,-17.517,-17.151
-0.446,0.689,-0.457,-108.093,-16.052,-23.682
-0.478,0.714,-0.517,-99.915,-17.761,-29.907
-0.488,0.754,-0.570,-93.506,-22.766,-33.020
-0.477,0.794,-0.607,-89.050,-24.658,-37.476
-0.467,0.829,-0.642,-84.045,-20.386,-38.696
-0.434,0.872,-0.668,-80.322,-13.672,-36.621
-0.382,0.886,-0.670,-77.454,-8.728,-32.837
-0.366,0.891,-0.676,-77.759,-5.798,-28.625
-0.341,0.903,-0.690,-76.172,-4.333,-24.292
-0.312,0.927,-0.705,-72.815,-2.808,-21.729
-0.272,0.936,-0.728,-69.092,-1.648,-20.691
-0.239,0.928,-0.735,-67.993,-1.404,-18.799
-0.210,0.948,-0.731,-69.824,-1.282,-16.235
-0.186,0.963,-0.755,-71.350,-0.305,-13.428
-0.173,0.950,-0.785,-73.242,-0.061,-8.057
-0.189,0.954,-0.818,-74.402,-0.977,-1.953
-0.224,0.966,-0.862,-70.129,-3.357,1.648
-0.231,0.985,-0.895,-61.584,-6.836,2.014
-0.235,0.987,-0.912,-50.781,-9.583,0.977
-0.246,0.974,-0.902,-40.649,-10.559,1.709
-0.260,0.966,-0.873,-33.447,-8.728,3.723
-0.265,0.955,-0.847,-28.809,-3.418,7.202
-0.270,0.941,-0.815,-26.672,3.052,12.085
-0.272,0.932,-0.790,-25.146,8.484,16.174
-0.277,0.924,-0.795,-22.034,10.742,18.677
-0.269,0.919,-0.792,-18.860,8.972,19.653
-0.258,0.920,-0.792,-13.428,5.066,19.531
-0.246,0.907,-0.807,-5.310,0.244,19.226
-0.245,0.867,-0.826,3.479,-5.310,19.531
-0.243,0.852,-0.820,9.338,-11.230,20.081
-0.246,0.849,-0.849,16.052,-15.869,20.203
-0.258,0.838,-0.891,25.818,-19.897,21.057
-0.264,0.815,-0.914,36.316,-24.109,21.545
-0.274,0.798,-0.917,45.471,-25.635,21.729
-0.272,0.771,-0.914,54.382,-21.851,22.827
-0.276,0.742,-0.889,62.500,-14.893,24.719
-0.289,0.698,-0.876,71.411,-7.874,27.100
-0.277,0.672,-0.844,78.430,-2.502,27.771
-0.265,0.665,-0.769,81.787,2.014,26.306
-0.248,0.654,-0.690,86.792,7.263,25.696
-0.243,0.633,-0.636,94.238,12.024,25.818
-0.233,0.615,-0.568,98.938,16.968,27.649
-0.248,0.582,-0.531,103.088,23.682,32.166
-0.268,0.553,-0.495,106.934,29.541,36.499
-0.269,0.554,-0.445,107.727,34.058,37.903
-0.275,0.541,-0.422,109.863,38.818,38.757
-0.321,0.495,-0.421,116.089,41.565,41.138
-0.351,0.452,-0.402,123.840,40.283,40.649
-0.345,0.460,-0.354,128.723,36.377,34.119
-0.342,0.467,-0.310,133.728,32.532,26.855
-0.325,0.461,-0.268,140.320,31.738,23.621
-0.316,0.428,-0.219,144.592,35.461,22.339
-0.284,0.413,-0.133,143.311,40.588,22.827
-0.266,0.425,-0.062,137.695,45.227,24.902
-0.260,0.426,-0.017,134.277,50.415,28.870
-0.279,0.390,0.001,133.362,56.152,34.241
-0.316,0.348,-0.007,136.658,58.350,37.598
-0.365,0.314,-0.001,143.982,53.894,36.743
-0.398,0.301,0.054,158.386,46.387,31.982
-0.387,0.302,0.157,175.598,43.091,24.170

-0.251,0.396,1.644,155.945,83.984,19.226
-0.272,0.424,1.785,158.691,91.492,12.756
-0.283,0.479,1.838,156.921,85.632,1.343
-0.294,0.558,1.842,149.048,70.129,-3.601
-0.326,0.633,1.807,136.230,45.227,5.615
-0.400,0.676,1.737,122.742,18.066,18.372
-0.555,0.683,1.668,116.577,-8.240,28.687
-0.651,0.640,1.611,115.967,-24.597,48.950
-0.785,0.592,1.556,104.980,-28.076,51.697
-0.905,0.599,1.531,91.736,-27.039,26.978
-0.916,0.557,1.528,84.167,-18.250,14.832
-0.920,0.527,1.590,72.266,-1.953,-4.578
-0.875,0.511,1.651,59.204,17.334,-23.315
-0.769,0.491,1.719,43.457,37.170,-33.508
-0.656,0.505,1.791,23.010,48.828,-36.560
-0.553,0.542,1.840,-0.793,47.180,-37.964
-0.453,0.548,1.847,-22.827,38.330,-39.368
-0.355,0.528,1.794,-41.382,26.489,-40.710
-0.295,0.537,1.737,-58.960,10.925,-40.771
-0.246,0.525,1.688,-72.876,-3.601,-38.269
-0.203,0.483,1.662,-82.031,-13.306,-33.691
-0.208,0.451,1.622,-90.637,-18.982,-28.442
-0.215,0.444,1.557,-102.295,-20.752,-26.001
-0.206,0.455,1.473,-115.234,-19.653,-26.367
-0.197,0.450,1.374,-126.526,-17.212,-26.855
-0.201,0.453,1.277,-133.423,-14.343,-25.391
-0.213,0.452,1.199,-137.512,-13.306,-22.827
-0.239,0.428,1.122,-141.846,-15.076,-20.874
-0.253,0.441,1.055,-147.766,-18.433,-19.714
-0.259,0.463,0.999,-154.358,-21.362,-17.029
-0.275,0.466,0.953,-159.607,-22.583,-14.465
-0.300,0.465,0.903,-160.461,-23.804,-18.677
-0.365,0.484,0.839,-155.273,-23.682,-22.461
-0.285,0.483,0.811,-153.931,-17.456,-20.447
-0.233,0.513,0.749,-154.541,-17.090,-30.029
-0.216,0.533,0.692,-158.081,-8.789,-38.574
-0.194,0.525,0.618,-159.119,-6.470,-39.063
-0.176,0.519,0.557,-160.889,-4.822,-36.621
-0.158,0.525,0.507,-163.147,-3.967,-30.701
-0.149,0.520,0.450,-166.565,-7.080,-15.869
-0.148,0.505,0.368,-170.715,-15.747,-0.366
-0.162,0.501,0.286,-176.147,-28.625,9.888
-0.191,0.480,0.244,-181.580,-42.725,16.174
-0.185,0.500,0.229,-184.570,-50.354,18.433
-0.221,0.505,0.194,-184.448,-48.584,17.151
-0.255,0.493,0.185,-179.871,-44.373,16.846
-0.239,0.534,0.200,-173.645,-41.199,13.428
-0.217,0.569,0.198,-170.410,-38.330,7.996
-0.193,0.581,0.182,-167.725,-36.682,7.751
-0.183,0.582,0.148,-166.138,-34.668,9.827
-0.183,0.574,0.098,-165.222,-31.433,12.817
-0.179,0.557,0.057,-165.710,-28.748,16.174
-0.179,0.556,0.027,-168.030,-27.161,17.151
-0.199,0.554,-0.018,-169.067,-24.963,17.090
-0.241,0.565,-0.052,-164.551,-23.987,16.235
-0.243,0.582,-0.064,-155.334,-24.048,13.428
-0.266,0.594,-0.092,-146.301,-24.536,10.315
-0.289,0.618,-0.123,-137.085,-28.503,8.301
-0.299,0.644,-0.152,-127.258,-32.837,5.493
-0.304,0.654,-0.175,-118.835,-33.691,3.601
-0.307,0.622,-0.218,-113.098,-31.799,3.784
-0.328,0.587,-0.243,-114.685,-29.480,4.944
-0.335,0.570,-0.293,-120.850,-27.710,4.639
-0.351,0.570,-0.361,-126.953,-26.611,4.028
-0.357,0.587,-0.434,-130.737,-27.954,3.357
-0.376,0.568,-0.529,-129.639,-29.785,2.930
-0.391,0.562,-0.578,-128.784,-32.654,3.784
-0.402,0.574,-0.618,-128.296,-35.278,3.967
-0.412,0.572,-0.670,-125.366,-35.950,2.563
-0.423,0.578,-0.715,-122.009,-35.339,0.183
-0.414,0.596,-0.747,-119.019,-33.203,-1.892
-0.405,0.605,-0.779,-114.807,-28.442,-3.113
-0.399,0.599,-0.821,-109.436,-22.583,-4.028
-0.380,0.593,-0.849,-103.882,-17.517,-6.042
-0.362,0.590,-0.864,-100.708,-13.184,-8.972
-0.337,0.615,-0.881,-99.976,-8.911,-11.108
-0.299,0.622,-0.906,-99.426,-4.883,-10.193
-0.284,0.612,-0.942,-100.098,-3.296,-6.897
-0.303,0.616,-1.016,-99.854,-5.676,-2.136
-0.309,0.640,-1.091,-93.994,-13.245,0.305
-0.316,0.658,-1.156,-84.961,-24.048,-0.366
-0.325,0.661,-1.196,-74.890,-32.043,-0.244
-0.340,0.656,-1.210,-65.308,-32.471,3.113
-0.364,0.654,-1.227,-57.190,-27.771,6.592
-0.372,0.645,-1.245,-49.438,-20.691,8.423
-0.374,0.635,-1.249,-42.114,-13.733,8.728
-0.350,0.622,-1.230,-38.147,-7.568,7.446
-0.335,0.638,-1.210,-37.659,-0.549,7.874
-0.308,0.658,-1.189,-35.339,8.118,10.559
-0.293,0.669,-1.161,-31.616,15.015,11.719
-0.291,0.671,-1.126,-25.574,18.188,11.292
-0.280,0.666,-1.100,-15.991,17.700,10.437
-0.264,0.641,-1.092,-5.493,14.893,8.545
-0.247,0.619,-1.062,-2.197,10.803,7.446
-0.229,0.616,-1.061,-1.526,6.836,8.179
-0.222,0.613,-1.080,1.343,3.357,10.742
-0.219,0.616,-1.110,5.615,0.122,14.587
-0.220,0.605,-1.156,13.977,-1.648,17.700
-0.226,0.555,-1.156,21.973,-3.723,20.813
-0.235,0.520,-1.114,23.193,-6.409,24.414
-0.246,0.513,-1.062,20.264,-6.531,28.992
-0.259,0.504,-1.018,17.395,-3.784,34.241
-0.274,0.498,-1.009,21.545,-0.488,36.621
-0.280,0.508,-0.996,30.090,1.526,35.217
-0.271,0.518,-0.971,42.664,4.395,32.471
-0.272,0.509,-0.927,58.411,9.216,29.785
-0.275,0.487,-0.871,74.646,16.479,27.649
-0.277,0.476,-0.820,91.248,24.597,25.330
-0.272,0.445,-0.766,107.727,30.090,21.667
-0.260,0.433,-0.707,119.690,32.715,17.029
-0.257,0.457,-0.666,125.916,35.950,13.977
-0.250,0.459,-0.622,130.066,42.053,13.916
-0.235,0.417,-0.570,131.042,50.232,15.320
-0.242,0.388,-0.502,124.023,59.204,18.799
-0.253,0.413,-0.443,112.183,66.711,22.522
-0.275,0.389,-0.475,106.140,70.801,25.085
-0.318,0.367,-0.519,106.812,67.139,27.222
-0.329,0.407,-0.516,107.605,54.810,25.146
-0.358,0.398,-0.527,116.150,42.908,21.729

-0.408,0.510,1.210,166.016,21.362,7.019
-0.427,0.592,1.226,151.978,6.836,10.315
-0.448,0.597,1.267,142.151,1.404,13.489
-0.468,0.633,1.378,132.996,10.132,16.479
-0.496,0.683,1.507,124.023,26.550,16.602
-0.519,0.707,1.660,115.112,38.879,14.404
-0.535,0.753,1.798,103.577,46.448,9.155
-0.543,0.840,1.883,88.989,48.889,1.770
-0.537,0.893,1.945,74.402,48.828,-3.540
-0.536,0.948,2.037,57.251,42.358,-3.357
-0.539,1.029,2.079,32.532,33.997,-3.662
-0.532,1.082,2.028,6.897,22.644,-0.061
-0.543,1.098,1.938,-15.808,6.775,4.822
-0.551,1.095,1.821,-35.583,-7.812,9.399
-0.547,1.078,1.691,-52.979,-18.677,12.512
-0.551,1.043,1.555,-68.665,-25.757,11.963
-0.540,0.996,1.428,-82.031,-30.396,10.559
-0.540,0.962,1.337,-95.703,-31.921,9.033
-0.529,0.904,1.268,-106.567,-34.302,9.094
-0.535,0.857,1.191,-116.089,-39.856,6.958
-0.519,0.841,1.116,-125.366,-46.326,1.038
-0.486,0.824,1.045,-131.104,-51.514,-3.052
-0.448,0.791,0.994,-137.512,-54.199,-3.723
-0.415,0.801,0.998,-149.780,-53.101,-1.831
-0.377,0.826,0.980,-160.828,-47.974,-1.038
-0.368,0.826,0.955,-167.236,-43.945,-2.319
-0.375,0.807,0.929,-169.678,-39.185,-1.648
-0.349,0.804,0.893,-170.044,-38.513,-1.221
-0.335,0.801,0.839,-170.898,-41.321,-1.587
-0.328,0.787,0.771,-172.546,-43.640,2.869
-0.334,0.774,0.742,-172.791,-47.363,8.118
-0.356,0.763,0.692,-166.992,-51.453,-3.052
-0.305,0.711,0.631,-164.368,-51.147,9.521
-0.346,0.692,0.554,-171.387,-52.490,10.010
-0.364,0.642,0.467,-177.856,-52.368,14.954
-0.369,0.609,0.396,-183.105,-52.917,19.958
-0.374,0.589,0.316,-186.890,-55.481,19.958
-0.383,0.567,0.243,-187.927,-57.312,20.447
-0.397,0.553,0.174,-185.547,-58.960,20.874
-0.391,0.552,0.114,-182.007,-59.998,18.494
-0.361,0.533,0.059,-179.749,-61.829,19.653
-0.367,0.519,0.020,-179.810,-61.646,21.851
-0.373,0.499,-0.023,-180.237,-56.824,22.034
-0.372,0.470,-0.085,-179.382,-52.979,22.217
-0.406,0.477,-0.131,-178.467,-54.016,23.621
-0.399,0.484,-0.134,-174.622,-55.786,24.414
-0.405,0.483,-0.130,-169.861,-54.932,23.560
-0.405,0.477,-0.111,-166.504,-54.688,23.315
-0.372,0.511,-0.112,-166.138,-54.932,22.766
-0.347,0.515,-0.147,-165.955,-54.260,21.179
-0.339,0.497,-0.201,-165.344,-53.711,22.522
-0.355,0.485,-0.250,-163.940,-54.077,26.001
-0.349,0.464,-0.302,-162.720,-53.284,27.649
-0.345,0.451,-0.367,-160.706,-50.171,27.710
-0.366,0.427,-0.404,-157.104,-48.279,27.893
-0.379,0.421,-0.448,-151.184,-49.377,26.184
-0.384,0.414,-0.483,-143.616,-52.673,23.804
-0.397,0.406,-0.507,-135.742,-56.885,22.217
-0.413,0.383,-0.539,-128.845,-59.998,19.531
-0.426,0.363,-0.579,-124.451,-60.547,16.907
-0.429,0.333,-0.618,-121.704,-59.082,14.038
-0.441,0.307,-0.642,-121.338,-56.396,10.254
-0.432,0.322,-0.654,-124.451,-51.086,5.066
-0.416,0.325,-0.682,-126.770,-42.480,1.099
-0.399,0.323,-0.715,-125.916,-36.743,-1.343
-0.382,0.324,-0.747,-123.474,-36.621,-3.479
-0.361,0.323,-0.782,-119.385,-39.185,-2.991
-0.360,0.322,-0.807,-115.234,-43.152,0.122
-0.365,0.313,-0.828,-110.535,-48.035,4.211
-0.373,0.287,-0.853,-105.957,-52.368,8.179
-0.388,0.274,-0.877,-103.943,-55.298,11.963
-0.410,0.248,-0.927,-101.501,-56.824,13.977
-0.424,0.222,-0.987,-99.243,-57.312,13.367
-0.425,0.233,-1.026,-99.487,-54.626,10.254
-0.413,0.231,-1.055,-99.792,-47.241,6.653
-0.397,0.238,-1.091,-98.022,-37.537,2.380
-0.373,0.236,-1.116,-94.482,-29.297,-2.014
-0.354,0.238,-1.132,-89.417,-23.499,-4.700
-0.342,0.229,-1.142,-83.191,-20.996,-5.493
-0.334,0.215,-1.151,-76.050,-20.813,-4.639
-0.329,0.173,-1.162,-69.763,-21.301,-3.662
-0.316,0.165,-1.147,-68.665,-19.775,-1.709
-0.297,0.167,-1.157,-68.909,-15.747,-0.488
-0.280,0.154,-1.186,-66.772,-11.108,-0.305
-0.274,0.161,-1.227,-63.477,-6.897,-0.488
-0.255,0.170,-1.273,-56.824,-4.211,-1.709
-0.240,0.174,-1.304,-46.204,-2.319,-2.869
-0.239,0.165,-1.315,-32.715,-1.404,-3.174
-0.245,0.129,-1.297,-18.982,-1.526,-2.686
-0.243,0.133,-1.271,-9.583,-0.732,-1.404
-0.249,0.123,-1.260,-1.343,1.709,-0.732
-0.256,0.107,-1.256,4.944,4.700,-0.366
-0.269,0.117,-1.263,8.789,8.484,-0.366
-0.262,0.120,-1.286,14.343,12.268,-1.465
-0.251,0.118,-1.308,22.400,14.893,-2.441
-0.247,0.106,-1.330,32.166,15.320,-2.747
-0.246,0.090,-1.311,40.894,14.771,-1.587
-0.244,0.093,-1.271,46.814,13.794,1.038
-0.249,0.098,-1.252,52.124,12.695,4.028
-0.259,0.091,-1.229,57.861,13.062,7.019
-0.283,0.109,-1.207,62.073,14.893,8.057
-0.295,0.104,-1.180,66.467,18.921,6.897
-0.312,0.095,-1.137,69.946,24.231,4.944
-0.311,0.131,-1.088,69.641,30.090,2.197
-0.306,0.148,-1.056,70.862,37.720,-0.549
-0.324,0.153,-1.038,75.378,42.542,-2.869
-0.337,0.184,-1.032,81.909,42.664,-4.822
-0.338,0.214,-1.013,91.736,41.199,-6.409
-0.349,0.220,-0.978,104.065,39.795,-7.263
-0.353,0.214,-0.934,115.784,39.856,-8.240
-0.342,0.186,-0.860,121.826,41.748,-9.216
-0.329,0.243,-0.769,117.737,47.119,-8.545
-0.322,0.259,-0.720,115.540,53.711,-9.033
-0.319,0.268,-0.685,115.601,58.655,-10.498
-0.321,0.296,-0.657,115.601,62.134,-12.207
-0.316,0.318,-0.633,116.211,65.247,-13.062
-0.329,0.340,-0.633,118.530,67.261,-11.963
-0.372,0.353,-0.676,126.831,64.453,-10.864
-0.369,0.357,-0.677,141.357,56.030,-12.756

-0.501,0.572,1.068,247.437,48.035,-38.757
-0.454,0.611,1.118,239.014,51.880,-28.015
-0.442,0.615,1.167,222.229,55.725,-24.963
-0.427,0.647,1.267,196.228,54.993,-16.846
-0.444,0.702,1.339,164.001,49.133,-9.521
-0.449,0.756,1.333,135.559,37.476,-3.296
-0.464,0.750,1.261,114.685,24.414,7.446
-0.541,0.702,1.166,104.858,10.803,20.447
-0.619,0.667,1.114,107.422,-2.991,29.419
-0.653,0.678,1.118,114.258,-12.390,26.917
-0.662,0.677,1.153,121.338,-9.827,19.592
-0.654,0.646,1.238,123.535,3.906,14.587
-0.668,0.589,1.375,114.868,19.836,9.583
-0.687,0.627,1.518,92.773,30.090,-0.183
-0.634,0.715,1.560,64.392,39.246,-12.695
-0.582,0.774,1.552,41.443,42.236,-18.616
-0.562,0.792,1.523,25.330,33.813,-17.273
-0.567,0.775,1.505,13.916,19.287,-12.207
-0.572,0.761,1.509,2.197,8.423,-7.080
-0.580,0.754,1.514,-11.597,4.517,-3.784
-0.582,0.745,1.513,-27.100,4.883,-2.441
-0.578,0.710,1.525,-41.138,6.775,-2.686
-0.562,0.705,1.536,-53.528,7.263,-4.456
-0.536,0.719,1.517,-66.833,5.981,-7.690
-0.511,0.711,1.473,-81.177,3.845,-9.521
-0.494,0.704,1.425,-95.276,1.709,-9.216
-0.476,0.701,1.376,-107.605,1.038,-8.606
-0.447,0.709,1.329,-118.347,0.610,-7.996
-0.432,0.708,1.279,-128.174,-1.526,-8.484
-0.425,0.697,1.238,-134.155,-4.517,-7.874
-0.405,0.706,1.197,-136.475,-10.193,-8.301
-0.381,0.722,1.148,-138.916,-15.930,-10.071
-0.365,0.719,1.093,-141.418,-19.043,-8.911
-0.361,0.675,1.032,-143.433,-20.203,-6.409
-0.348,0.640,0.976,-148.621,-23.560,-6.165
-0.342,0.641,0.911,-158.203,-28.748,-6.165
-0.344,0.630,0.867,-163.940,-31.189,-3.845
-0.335,0.612,0.801,-165.894,-29.907,-5.066
-0.308,0.609,0.710,-168.091,-28.259,-6.592
-0.282,0.590,0.626,-169.861,-29.846,-5.554
-0.255,0.579,0.584,-170.959,-34.546,-3.052
-0.302,0.540,0.503,-165.833,-39.063,-15.930
-0.294,0.498,0.411,-154.175,-39.734,-16.907
-0.273,0.478,0.367,-144.470,-40.588,-21.240
-0.260,0.500,0.377,-140.808,-39.185,-32.593
-0.233,0.502,0.360,-142.944,-29.114,-36.316
-0.225,0.482,0.317,-146.667,-14.160,-34.912
-0.241,0.465,0.257,-146.851,-3.418,-33.081
-0.214,0.489,0.209,-146.484,-1.770,-31.860
-0.211,0.486,0.148,-148.804,-8.667,-29.358
-0.209,0.452,0.073,-154.480,-18.433,-22.217
-0.195,0.430,0.021,-167.786,-28.381,-9.888
-0.203,0.446,-0.016,-189.453,-38.513,6.348
-0.233,0.451,-0.095,-203.125,-46.997,25.146
-0.272,0.431,-0.185,-205.566,-56.519,39.246
-0.315,0.432,-0.257,-201.416,-69.580,44.678
-0.323,0.476,-0.289,-196.655,-81.726,42.664
-0.348,0.476,-0.318,-190.552,-84.961,38.391
-0.384,0.474,-0.346,-185.669,-77.759,35.889
-0.399,0.484,-0.370,-183.167,-65.491,32.227
-0.394,0.468,-0.383,-182.312,-52.246,26.978
-0.381,0.489,-0.393,-184.814,-40.039,21.973
-0.352,0.505,-0.421,-185.974,-28.870,17.700
-0.354,0.489,-0.468,-183.289,-20.874,15.869
-0.366,0.492,-0.512,-175.598,-19.714,14.832
-0.351,0.499,-0.556,-164.978,-25.696,11.719
-0.336,0.517,-0.591,-156.982,-35.583,9.583
-0.338,0.524,-0.626,-150.208,-45.593,11.780
-0.347,0.521,-0.661,-142.334,-53.162,15.259
-0.358,0.514,-0.714,-134.766,-57.678,17.822
-0.375,0.514,-0.774,-127.502,-58.777,20.508
-0.387,0.512,-0.844,-119.080,-58.105,22.827
-0.406,0.503,-0.912,-108.398,-57.373,22.522
-0.409,0.509,-0.954,-97.961,-57.007,18.677
-0.423,0.506,-0.990,-85.571,-54.749,13.977
-0.427,0.504,-1.006,-72.266,-50.720,9.644
-0.440,0.479,-0.999,-59.387,-45.410,3.845
-0.435,0.453,-0.988,-50.720,-38.940,-4.028
-0.414,0.469,-0.966,-50.110,-30.945,-12.512
-0.387,0.490,-0.979,-51.514,-20.142,-18.494
-0.356,0.489,-0.991,-51.453,-10.132,-21.667
-0.329,0.483,-1.000,-51.697,-4.395,-22.949
-0.295,0.498,-0.999,-53.284,-2.747,-22.461
-0.258,0.505,-1.006,-54.199,-3.113,-19.287
-0.254,0.493,-1.033,-54.016,-5.249,-14.221
-0.256,0.506,-1.068,-51.941,-10.986,-10.376
-0.250,0.526,-1.109,-47.791,-17.456,-8.789
-0.245,0.532,-1.137,-40.405,-20.630,-7.324
-0.246,0.526,-1.143,-32.288,-19.897,-5.005
-0.255,0.523,-1.143,-25.635,-16.174,-2.625
-0.265,0.508,-1.157,-19.104,-11.292,-0.610
-0.263,0.510,-1.175,-12.268,-7.141,1.160
-0.258,0.520,-1.194,-5.249,-5.432,2.808
-0.255,0.510,-1.216,4.028,-5.188,5.371
-0.239,0.459,-1.215,13.306,-5.188,7.446
-0.253,0.429,-1.205,17.029,-4.211,9.399
-0.273,0.441,-1.225,19.531,-3.174,10.193
-0.262,0.463,-1.261,25.085,-2.869,9.155
-0.249,0.476,-1.273,35.461,-2.014,8.423
-0.248,0.474,-1.257,48.950,-1.343,9.094
-0.251,0.459,-1.224,64.087,-1.465,9.583
-0.278,0.416,-1.198,77.881,-2.136,9.277
-0.298,0.389,-1.132,86.975,-3.601,7.263
-0.303,0.411,-1.088,89.722,-3.235,2.808
-0.297,0.418,-1.065,93.811,1.709,0.549
-0.281,0.425,-1.036,99.426,7.324,-0.366
-0.277,0.432,-1.007,105.164,11.780,-1.160
-0.283,0.412,-0.960,111.267,15.869,-0.122
-0.272,0.416,-0.919,115.295,19.287,-0.366
-0.254,0.445,-0.904,119.141,23.987,-1.526
-0.240,0.454,-0.891,126.587,28.137,-1.221
-0.234,0.458,-0.868,138.000,28.381,-0.244
-0.220,0.452,-0.833,150.208,25.452,-0.549
-0.209,0.443,-0.782,160.156,22.705,-0.183
-0.219,0.440,-0.740,168.091,22.339,1.221
-0.256,0.406,-0.687,177.246,22.705,1.526
-0.289,0.400,-0.624,185.059,23.560,-1.404
-0.305,0.404,-0.575,191.406,28.748,-6.042
-0.309,0.384,-0.512,197.571,38.940,-9.583

-0.383,0.414,1.356,158.813,53.772,-16.052
-0.378,0.449,1.401,139.465,41.992,-12.695
-0.355,0.472,1.456,122.803,21.667,-0.366
-0.349,0.510,1.521,107.849,2.747,7.141
-0.386,0.517,1.571,100.830,-12.634,10.010
-0.337,0.552,1.619,92.834,-12.695,38.452
-0.408,0.588,1.638,72.876,-3.601,29.297
-0.434,0.617,1.650,63.171,4.395,18.188
-0.466,0.595,1.686,56.641,12.085,21.545
-0.517,0.596,1.693,44.067,20.630,14.099
-0.545,0.600,1.654,31.799,28.564,8.667
-0.521,0.633,1.614,19.165,32.288,7.996
-0.489,0.668,1.585,5.798,27.710,7.446
-0.467,0.703,1.561,-8.362,19.836,6.958
-0.439,0.718,1.530,-21.240,13.367,7.080
-0.420,0.725,1.507,-30.823,9.460,5.920
-0.395,0.720,1.487,-38.574,9.033,4.272
-0.381,0.705,1.466,-45.593,10.925,2.319
-0.368,0.671,1.455,-52.673,14.771,0.305
-0.351,0.627,1.451,-60.181,18.738,-1.160
-0.342,0.586,1.452,-67.871,19.897,-3.418
-0.313,0.589,1.455,-76.233,18.860,-7.324
-0.285,0.596,1.445,-84.717,18.250,-10.803
-0.254,0.598,1.427,-93.506,18.799,-11.902
-0.223,0.608,1.382,-103.027,18.982,-12.268
-0.205,0.611,1.322,-110.657,18.005,-11.230
-0.209,0.589,1.253,-115.234,15.991,-9.033
-0.211,0.582,1.188,-117.554,12.085,-8.118
-0.215,0.582,1.142,-119.507,7.263,-9.460
-0.208,0.596,1.110,-122.375,4.761,-10.620
-0.195,0.599,1.070,-127.930,5.188,-10.925
-0.205,0.561,1.031,-133.545,6.348,-9.338
-0.218,0.528,1.015,-136.963,6.775,-7.141
-0.222,0.511,0.991,-142.212,7.141,-5.432
-0.165,0.539,0.969,-150.513,7.202,-5.005
-0.182,0.572,0.922,-155.457,8.179,-16.235
-0.153,0.531,0.859,-151.489,6.958,-7.507
-0.159,0.528,0.830,-157.471,8.972,-9.644
-0.137,0.526,0.795,-164.001,5.371,-10.010
-0.115,0.486,0.729,-169.556,0.977,0.732
-0.102,0.461,0.662,-178.162,-3.174,6.348
-0.089,0.446,0.592,-191.162,-11.963,14.648
-0.083,0.448,0.507,-205.811,-23.804,24.048
-0.091,0.440,0.402,-217.041,-35.522,33.203
-0.124,0.399,0.287,-222.229,-47.180,40.771
-0.178,0.376,0.172,-223.999,-59.448,44.739
-0.229,0.370,0.066,-222.229,-71.838,46.692
-0.282,0.381,0.000,-216.309,-81.604,46.692
-0.320,0.401,-0.037,-208.130,-86.060,42.419
-0.348,0.401,-0.055,-202.576,-80.933,35.767
-0.353,0.400,-0.077,-202.026,-65.796,28.503
-0.352,0.420,-0.099,-205.200,-47.058,22.278
-0.328,0.450,-0.136,-207.458,-31.799,18.555
-0.314,0.460,-0.183,-206.665,-24.048,15.076
-0.307,0.468,-0.222,-203.064,-21.484,12.207
-0.315,0.466,-0.268,-196.045,-20.386,10.010
-0.309,0.482,-0.307,-185.791,-22.034,7.507
-0.305,0.490,-0.341,-174.927,-26.794,3.601
-0.313,0.491,-0.377,-165.955,-32.715,0.122
-0.321,0.491,-0.419,-157.776,-35.339,-1.892
-0.325,0.493,-0.471,-149.963,-34.607,-3.845
-0.329,0.488,-0.532,-142.212,-32.776,-6.226
-0.337,0.473,-0.611,-134.216,-31.189,-9.155
-0.322,0.495,-0.635,-133.240,-29.785,-13.123
-0.310,0.514,-0.682,-132.202,-27.100,-16.846
-0.292,0.524,-0.730,-127.563,-23.315,-18.738
-0.286,0.527,-0.786,-120.605,-21.179,-19.531
-0.290,0.539,-0.832,-114.319,-23.437,-19.897
-0.275,0.542,-0.886,-108.948,-29.480,-20.813
-0.274,0.572,-0.902,-109.253,-37.354,-19.775
-0.266,0.575,-0.937,-109.436,-43.152,-15.747
-0.273,0.573,-0.985,-109.619,-44.739,-12.451
-0.280,0.581,-1.038,-109.680,-42.419,-10.925
-0.278,0.579,-1.101,-107.056,-35.706,-10.315
-0.255,0.592,-1.160,-103.027,-27.771,-11.108
-0.235,0.613,-1.217,-97.229,-21.729,-12.756
-0.202,0.645,-1.261,-87.219,-19.043,-15.381
-0.165,0.661,-1.294,-73.792,-18.677,-18.982
-0.139,0.664,-1.309,-59.448,-17.639,-21.057
-0.115,0.670,-1.312,-46.814,-14.893,-20.325
-0.098,0.671,-1.312,-35.278,-9.827,-18.494
-0.092,0.666,-1.307,-24.902,-3.906,-16.418
-0.076,0.661,-1.291,-16.174,0.549,-14.587
-0.053,0.672,-1.270,-8.423,3.967,-11.963
-0.037,0.672,-1.236,-0.793,5.554,-8.850
-0.042,0.671,-1.210,6.042,5.310,-5.188
-0.051,0.674,-1.179,11.902,4.150,-0.916
-0.071,0.676,-1.146,17.944,3.662,3.418
-0.100,0.671,-1.104,23.804,3.540,7.141
-0.118,0.658,-1.073,28.931,3.662,9.399
-0.139,0.654,-1.029,30.823,3.601,11.597
-0.150,0.662,-1.020,32.654,2.136,13.367
-0.151,0.658,-1.031,36.865,-1.465,14.771
-0.147,0.664,-1.056,42.908,-6.348,15.991
-0.167,0.665,-1.068,49.744,-12.756,17.517
-0.182,0.656,-1.082,57.617,-20.142,19.958
-0.202,0.643,-1.116,66.284,-25.879,21.301
-0.216,0.635,-1.136,75.256,-27.954,22.339
-0.232,0.615,-1.154,84.351,-25.574,22.705
-0.226,0.581,-1.125,92.102,-18.799,23.254
-0.209,0.563,-1.094,98.083,-8.484,23.499
-0.193,0.549,-1.070,104.919,1.526,22.766
-0.188,0.539,-1.039,112.732,9.277,22.949
-0.204,0.520,-1.012,122.803,14.282,23.865
-0.208,0.505,-0.954,133.911,14.465,23.743
-0.200,0.499,-0.887,143.860,13.306,20.996
-0.200,0.489,-0.821,153.137,14.465,19.287
-0.204,0.467,-0.760,162.476,18.250,18.250
-0.209,0.459,-0.689,171.326,22.705,15.686
-0.192,0.460,-0.630,179.321,27.588,10.742
-0.158,0.442,-0.567,187.012,33.691,7.080
-0.137,0.441,-0.478,190.552,39.246,5.310
-0.131,0.432,-0.405,194.275,41.809,5.249
-0.128,0.417,-0.336,198.181,40.649,6.348
-0.130,0.385,-0.282,201.904,36.438,7.446
-0.140,0.374,-0.243,204.041,30.823,7.690
-0.142,0.387,-0.211,205.872,23.621,7.202
-0.146,0.378,-0.186,209.717,17.212,7.568
-0.151,0.364,-0.167,212.952,16.663,9.033

-0.228,0.339,1.513,196.960,23.682,8.240
-0.243,0.353,1.528,182.251,-5.920,16.846
-0.334,0.337,1.548,168.457,-31.494,22.278
-0.464,0.240,1.566,161.987,-50.415,27.954
-0.543,0.202,1.656,149.353,-49.927,51.575
-0.695,0.210,1.770,130.981,-30.579,19.714
-0.680,0.260,1.910,122.192,-5.554,4.822
-0.635,0.364,2.038,107.727,20.142,-5.432
-0.599,0.477,2.134,89.722,40.405,-16.907
-0.556,0.534,2.193,74.280,52.185,-17.395
-0.534,0.595,2.233,58.533,52.979,-11.108
-0.527,0.623,2.257,40.527,43.579,-3.967
-0.518,0.617,2.263,21.667,27.954,1.404
-0.507,0.610,2.210,2.380,13.245,6.775
-0.498,0.616,2.121,-15.869,0.610,10.620
-0.488,0.610,1.983,-32.654,-9.094,10.498
-0.479,0.585,1.828,-45.898,-14.404,7.385
-0.471,0.549,1.711,-54.932,-14.893,4.517
-0.453,0.485,1.620,-60.608,-11.475,2.686
-0.446,0.432,1.568,-65.674,-5.615,0.793
-0.408,0.412,1.538,-73.547,1.892,-1.831
-0.338,0.418,1.490,-81.970,11.292,-4.883
-0.269,0.421,1.455,-88.440,18.982,-6.226
-0.224,0.397,1.420,-92.407,22.827,-5.127
-0.194,0.374,1.378,-95.581,22.949,-3.601
-0.173,0.378,1.313,-98.816,20.752,-3.113
-0.148,0.372,1.248,-100.464,16.052,-1.770
-0.109,0.361,1.205,-102.966,10.742,-0.183
-0.112,0.370,1.173,-109.131,7.568,1.099
-0.103,0.371,1.114,-117.310,7.324,6.592
-0.117,0.363,1.067,-121.765,9.155,4.700
-0.099,0.332,1.003,-117.981,8.118,4.089
-0.121,0.312,0.928,-118.042,9.338,3.601
-0.135,0.313,0.844,-117.432,0.977,3.906
-0.128,0.323,0.768,-117.493,-10.803,6.287
-0.111,0.349,0.696,-119.141,-21.423,7.812
-0.104,0.331,0.619,-122.864,-30.334,12.146
-0.135,0.303,0.548,-130.615,-38.330,16.968
-0.144,0.304,0.436,-141.296,-43.518,19.043
-0.155,0.309,0.292,-151.733,-44.556,20.386
-0.155,0.300,0.164,-160.400,-44.617,23.071
-0.178,0.311,0.067,-167.908,-44.678,26.672
-0.212,0.315,-0.023,-172.119,-43.396,30.701
-0.220,0.316,-0.089,-172.058,-42.908,32.471
-0.238,0.333,-0.142,-170.349,-42.969,30.701
-0.263,0.337,-0.194,-166.870,-42.908,28.503
-0.278,0.328,-0.205,-163.818,-43.457,26.001
-0.286,0.342,-0.212,-162.842,-43.579,22.339
-0.294,0.341,-0.240,-164.001,-41.992,19.653
-0.298,0.346,-0.267,-167.053,-38.513,18.860
-0.310,0.358,-0.313,-169.739,-32.715,18.188
-0.322,0.349,-0.379,-169.189,-27.588,17.090
-0.317,0.361,-0.454,-165.649,-25.574,14.771
-0.315,0.387,-0.520,-159.363,-26.672,11.292
-0.303,0.412,-0.568,-150.513,-28.931,7.629
-0.286,0.431,-0.600,-142.273,-31.616,3.540
-0.278,0.431,-0.638,-134.949,-34.058,0.977
-0.286,0.413,-0.667,-130.737,-36.377,0.183
-0.294,0.396,-0.694,-132.690,-36.316,0.122
-0.302,0.395,-0.737,-139.221,-32.471,1.038
-0.318,0.425,-0.808,-145.508,-27.710,2.930
-0.333,0.434,-0.901,-143.494,-26.245,3.723
-0.326,0.454,-0.980,-135.620,-31.372,0.977
-0.296,0.488,-1.033,-128.418,-39.978,-2.625
-0.289,0.495,-1.090,-120.300,-47.058,-4.272
-0.278,0.507,-1.134,-111.267,-51.147,-5.798
-0.258,0.517,-1.177,-102.356,-50.293,-8.606
-0.250,0.512,-1.208,-94.177,-43.152,-11.780
-0.241,0.499,-1.245,-87.219,-31.067,-14.954
-0.210,0.493,-1.268,-81.055,-16.296,-17.883
-0.177,0.482,-1.291,-75.500,-4.456,-21.423
-0.142,0.485,-1.322,-70.496,0.610,-24.780
-0.101,0.490,-1.361,-63.965,0.488,-26.611
-0.077,0.494,-1.392,-55.481,-1.770,-26.001
-0.073,0.484,-1.426,-46.326,-4.944,-23.499
-0.071,0.466,-1.437,-38.635,-7.996,-19.409
-0.082,0.476,-1.446,-33.752,-8.362,-14.404
-0.070,0.475,-1.451,-27.161,-6.714,-10.010
-0.061,0.459,-1.450,-20.508,-3.479,-6.165
-0.058,0.458,-1.439,-15.808,-0.427,-0.732
-0.064,0.459,-1.419,-11.658,2.197,5.310
-0.047,0.453,-1.414,-6.897,5.798,10.803
-0.029,0.447,-1.407,0.061,8.484,15.625
-0.019,0.446,-1.393,8.179,7.996,19.104
-0.016,0.442,-1.382,19.165,6.165,22.644
-0.027,0.420,-1.353,32.227,3.662,26.550
-0.047,0.406,-1.323,43.762,1.404,29.846
-0.070,0.409,-1.297,54.321,0.854,32.715
-0.106,0.398,-1.257,64.880,2.991,36.865
-0.149,0.380,-1.212,74.890,7.629,40.344
-0.176,0.333,-1.163,80.994,13.672,41.870
-0.193,0.324,-1.101,78.491,21.057,42.236
-0.198,0.351,-1.012,70.923,30.579,41.931
-0.202,0.360,-0.964,67.749,41.016,40.833
-0.221,0.366,-0.946,70.251,49.438,38.574
-0.226,0.388,-0.914,77.393,54.932,36.255
-0.235,0.399,-0.885,88.440,56.641,34.241
-0.266,0.395,-0.860,101.624,54.688,31.616
-0.292,0.380,-0.833,117.493,51.758,27.344
-0.307,0.368,-0.797,134.521,46.875,22.522
-0.320,0.358,-0.740,146.973,44.922,17.151
-0.318,0.341,-0.670,155.884,49.377,12.207
-0.301,0.336,-0.597,162.048,57.983,6.653
-0.275,0.344,-0.525,164.795,68.359,1.282
-0.243,0.375,-0.452,165.833,79.224,-2.808
-0.224,0.386,-0.431,167.725,87.402,-5.615
-0.228,0.400,-0.425,175.293,86.426,-8.606
-0.212,0.421,-0.400,186.829,75.012,-13.489
-0.208,0.416,-0.362,198.547,65.063,-16.846
-0.182,0.390,-0.335,208.008,61.768,-15.015
-0.141,0.382,-0.319,213.257,59.509,-10.864
-0.105,0.407,-0.299,215.759,53.467,-6.470
-0.098,0.372,-0.253,221.497,41.504,0.305
-0.172,0.302,-0.181,227.417,22.461,8.240
-0.269,0.296,-0.090,227.844,2.808,10.315
-0.330,0.311,-0.008,228.760,-4.578,5.432
-0.327,0.331,0.106,230.652,4.578,-2.136
-0.290,0.372,0.270,226.929,27.893,-8.545
-0.255,0.401,0.463,215.454,54.810,-11.597

-0.450,0.640,1.036,210.693,43.274,-15.503
-0.465,0.623,1.097,232.971,40.161,-21.240
-0.446,0.631,1.136,250.916,41.626,-28.687
-0.396,0.660,1.120,269.592,46.631,-34.363
-0.325,0.638,1.095,293.152,52.795,-30.701
-0.309,0.585,1.081,324.768,49.255,-16.113
-0.315,0.491,1.130,364.807,29.480,-6.287
-0.417,0.256,1.256,392.944,3.967,-3.906
-0.590,0.022,1.390,389.465,-18.005,-12.756
-0.705,-0.104,1.716,337.830,-28.625,-32.776
-0.665,0.237,1.891,234.741,-5.981,-62.927
-0.483,0.487,1.908,152.344,30.212,-65.186
-0.364,0.558,1.886,102.295,33.142,-50.781
-0.360,0.550,1.846,77.087,1.526,-35.583
-0.376,0.539,1.739,61.829,-32.104,-24.353
-0.387,0.531,1.637,44.800,-51.453,-20.264
-0.365,0.574,1.584,22.949,-49.927,-15.869
-0.363,0.610,1.570,1.160,-27.710,-7.324
-0.361,0.567,1.588,-17.456,-0.122,2.625
-0.375,0.525,1.637,-33.508,19.836,9.766
-0.390,0.513,1.702,-50.293,27.588,10.925
-0.398,0.549,1.733,-72.815,28.259,9.705
-0.402,0.529,1.724,-93.567,28.259,10.193
-0.398,0.491,1.700,-109.009,25.696,10.376
-0.378,0.505,1.672,-122.070,22.827,10.193
-0.335,0.523,1.619,-132.446,24.353,7.996
-0.287,0.545,1.557,-140.320,24.719,5.737
-0.261,0.526,1.520,-146.423,23.743,7.568
-0.232,0.536,1.485,-154.968,23.499,7.263
-0.209,0.551,1.453,-161.560,24.780,6.775
-0.203,0.533,1.396,-165.405,25.391,8.972
-0.203,0.525,1.357,-169.067,20.386,9.705
-0.192,0.558,1.296,-174.744,12.695,9.338
-0.179,0.563,1.217,-179.626,6.714,12.207
-0.192,0.535,1.162,-185.059,1.953,20.752
-0.225,0.500,1.100,-183.472,-0.366,16.602
-0.252,0.476,1.025,-175.476,1.160,2.563
-0.219,0.457,0.927,-174.011,5.432,4.089
-0.209,0.499,0.840,-179.199,-1.709,2.258
-0.199,0.506,0.734,-181.274,-12.268,4.883
-0.192,0.497,0.644,-182.068,-21.667,10.620
-0.200,0.484,0.589,-185.303,-29.846,20.081
-0.200,0.475,0.532,-191.772,-34.363,30.151
-0.208,0.454,0.455,-199.890,-33.875,36.072
-0.226,0.422,0.362,-203.857,-32.654,39.856
-0.245,0.423,0.290,-199.890,-34.058,39.001
-0.228,0.449,0.256,-192.688,-39.001,33.142
-0.205,0.456,0.249,-188.232,-43.518,28.259
-0.204,0.447,0.198,-186.035,-44.800,26.001
-0.192,0.441,0.135,-186.401,-42.786,24.414
-0.179,0.408,0.057,-186.646,-40.833,24.536
-0.173,0.368,-0.011,-188.904,-41.199,25.818
-0.161,0.334,-0.009,-199.646,-41.565,26.184
-0.152,0.389,-0.022,-219.116,-39.246,28.015
-0.131,0.396,-0.086,-231.567,-35.828,30.518
-0.122,0.395,-0.157,-238.159,-34.180,36.499
-0.177,0.336,-0.242,-239.014,-37.292,44.495
-0.257,0.285,-0.331,-233.215,-48.523,50.110
-0.293,0.302,-0.406,-223.816,-67.078,45.654
-0.314,0.315,-0.483,-213.562,-84.290,35.339
-0.339,0.292,-0.493,-210.327,-91.431,27.466
-0.375,0.316,-0.474,-218.933,-82.520,21.484
-0.358,0.311,-0.489,-229.431,-60.547,14.465
-0.331,0.364,-0.518,-242.676,-39.124,8.911
-0.317,0.406,-0.597,-249.146,-25.513,8.728
-0.311,0.385,-0.706,-239.685,-22.888,14.282
-0.319,0.371,-0.818,-220.154,-35.706,17.151
-0.328,0.401,-0.893,-197.632,-58.899,15.625
-0.328,0.445,-0.931,-177.063,-78.186,13.000
-0.350,0.417,-0.967,-158.569,-83.862,14.160
-0.370,0.403,-1.009,-142.639,-81.848,14.221
-0.370,0.399,-1.049,-130.432,-78.186,9.033
-0.368,0.384,-1.084,-119.507,-70.129,2.869
-0.345,0.362,-1.109,-110.535,-56.458,-3.845
-0.309,0.346,-1.127,-104.797,-41.077,-11.780
-0.257,0.353,-1.144,-101.440,-28.137,-18.555
-0.210,0.361,-1.168,-98.755,-18.250,-21.729
-0.177,0.353,-1.212,-93.628,-13.794,-20.630
-0.167,0.354,-1.261,-85.510,-17.822,-17.761
-0.169,0.348,-1.318,-74.280,-27.405,-14.160
-0.170,0.340,-1.361,-61.646,-36.072,-10.071
-0.182,0.326,-1.399,-50.537,-39.551,-7.141
-0.193,0.308,-1.424,-41.321,-36.865,-5.981
-0.173,0.307,-1.444,-33.508,-28.442,-6.958
-0.159,0.301,-1.452,-27.039,-17.029,-8.850
-0.153,0.288,-1.423,-23.254,-5.737,-8.728
-0.145,0.311,-1.419,-19.897,3.479,-8.301
-0.143,0.318,-1.415,-13.611,9.033,-7.874
-0.138,0.281,-1.386,-7.385,9.583,-6.348
-0.134,0.293,-1.318,-7.263,10.193,-3.723
-0.104,0.326,-1.302,-7.385,13.062,-1.587
-0.075,0.344,-1.310,-3.784,14.648,0.854
-0.061,0.347,-1.318,4.089,13.855,4.333
-0.046,0.349,-1.328,14.221,10.132,8.179
-0.031,0.344,-1.342,26.123,4.700,12.329
-0.034,0.336,-1.342,38.574,-1.648,16.785
-0.046,0.314,-1.343,51.147,-7.690,21.545
-0.076,0.299,-1.326,61.340,-8.911,26.672
-0.106,0.274,-1.303,70.496,-4.578,30.579
-0.117,0.238,-1.278,78.003,1.526,31.433
-0.141,0.234,-1.228,81.726,8.423,30.640
-0.160,0.237,-1.210,85.938,15.625,28.992
-0.172,0.226,-1.186,93.689,21.240,26.917
-0.178,0.239,-1.143,100.037,26.001,24.048
-0.180,0.236,-1.083,106.995,32.715,22.156
-0.189,0.214,-1.022,115.234,39.307,20.264
-0.180,0.229,-0.962,122.131,43.091,16.418
-0.172,0.236,-0.909,129.578,45.166,13.367
-0.181,0.219,-0.844,138.123,45.471,12.390
-0.193,0.204,-0.792,144.714,45.166,10.803
-0.204,0.227,-0.769,148.499,47.180,7.812
-0.196,0.247,-0.720,151.062,51.758,5.859
-0.178,0.247,-0.638,153.625,57.434,5.249
-0.185,0.236,-0.569,157.776,61.218,6.836
-0.220,0.252,-0.603,167.175,57.495,7.751
-0.220,0.313,-0.620,185.120,44.983,6.165
-0.199,0.329,-0.577,206.604,31.433,2.930
-0.228,0.278,-0.510,223.694,25.574,3.235
-0.246,0.246,-0.437,229.980,30.090,5.188

-0.279,0.733,1.204,190.979,111.816,-13.367
-0.240,0.814,1.219,189.514,93.872,-7.324
-0.260,0.840,1.232,191.956,66.833,1.953
-0.331,0.793,1.268,195.312,42.480,10.498
-0.516,0.684,1.375,192.749,23.682,11.536
-0.624,0.703,1.415,181.152,14.282,2.441
-0.587,0.773,1.412,173.462,14.038,-7.385
-0.541,0.804,1.506,169.861,17.883,-17.090
-0.502,0.819,1.641,156.128,23.193,-21.790
-0.520,0.903,1.743,132.019,20.020,-19.531
-0.560,0.969,1.736,102.905,5.554,-5.737
-0.633,1.021,1.670,75.012,-15.991,10.803
-0.704,1.049,1.606,55.481,-33.630,24.963
-0.771,1.086,1.555,44.128,-41.138,27.954
-0.809,1.086,1.501,34.912,-32.654,24.414
-0.816,1.094,1.472,26.550,-17.700,17.700
-0.811,1.108,1.466,18.921,-8.240,6.653
-0.758,1.108,1.467,12.695,-2.502,-2.197
-0.705,1.103,1.461,5.493,2.075,-7.080
-0.650,1.062,1.421,-2.930,4.395,-8.057
-0.601,1.025,1.350,-12.451,3.845,-8.545
-0.554,0.982,1.274,-20.935,1.038,-9.216
-0.500,0.953,1.207,-28.442,-4.028,-8.301
-0.473,0.924,1.167,-35.339,-6.531,-7.874
-0.458,0.891,1.162,-39.734,-5.981,-7.507
-0.446,0.867,1.180,-43.152,-3.601,-9.338
-0.423,0.852,1.216,-45.532,-0.671,-13.000
-0.391,0.830,1.255,-48.035,1.221,-16.296
-0.302,0.839,1.274,-55.237,1.465,-17.029
-0.364,0.855,1.232,-65.125,0.122,-23.315
-0.256,0.822,1.229,-70.679,3.784,-17.822
-0.242,0.818,1.166,-74.951,-0.122,-21.606
-0.200,0.801,1.041,-81.604,2.686,-22.888
-0.189,0.774,0.942,-89.050,-1.221,-15.442
-0.202,0.745,0.841,-96.313,-10.132,-9.949
-0.197,0.701,0.740,-101.501,-15.442,-4.700
-0.227,0.645,0.643,-104.553,-20.935,-0.549
-0.271,0.605,0.523,-104.858,-29.480,3.906
-0.241,0.614,0.439,-106.812,-39.368,8.789
-0.221,0.596,0.363,-110.962,-46.204,14.587
-0.261,0.542,0.333,-116.577,-47.791,20.935
-0.289,0.492,0.314,-123.657,-45.959,23.254
-0.269,0.474,0.246,-132.629,-41.565,20.691
-0.237,0.472,0.165,-141.541,-38.147,18.860
-0.224,0.484,0.084,-148.010,-38.452,18.494
-0.228,0.467,0.012,-148.987,-39.673,19.531
-0.242,0.436,-0.045,-147.705,-41.504,20.813
-0.259,0.439,-0.083,-144.165,-44.678,20.203
-0.267,0.427,-0.104,-139.282,-47.729,17.761
-0.261,0.418,-0.137,-135.315,-47.607,13.977
-0.267,0.406,-0.194,-132.080,-44.800,10.742
-0.273,0.389,-0.243,-128.052,-41.687,8.789
-0.271,0.385,-0.292,-124.268,-39.307,6.775
-0.259,0.385,-0.344,-120.178,-36.926,4.456
-0.255,0.367,-0.386,-116.089,-34.851,2.197
-0.260,0.349,-0.431,-112.732,-32.471,0.244
-0.265,0.344,-0.481,-110.046,-29.053,-1.648
-0.281,0.355,-0.534,-106.506,-26.672,-4.333
-0.293,0.360,-0.582,-101.990,-26.367,-8.240
-0.316,0.357,-0.630,-99.548,-26.794,-12.573
-0.332,0.373,-0.665,-99.548,-27.344,-16.479
-0.340,0.389,-0.700,-101.440,-26.917,-18.188
-0.359,0.396,-0.733,-102.417,-26.184,-17.639
-0.366,0.429,-0.774,-104.370,-26.917,-17.029
-0.366,0.437,-0.802,-105.225,-28.625,-17.212
-0.359,0.451,-0.825,-106.079,-31.006,-17.334
-0.360,0.458,-0.845,-104.126,-34.729,-17.883
-0.362,0.443,-0.871,-100.891,-37.231,-18.372
-0.345,0.462,-0.905,-98.877,-37.781,-19.348
-0.328,0.477,-0.949,-96.802,-36.438,-20.569
-0.305,0.484,-1.000,-93.323,-33.936,-21.118
-0.274,0.491,-1.047,-89.172,-31.006,-21.484
-0.238,0.499,-1.088,-83.923,-28.076,-21.912
-0.205,0.516,-1.131,-77.454,-26.001,-21.606
-0.176,0.530,-1.168,-68.970,-26.245,-21.484
-0.144,0.527,-1.192,-60.059,-27.344,-20.691
-0.110,0.528,-1.203,-53.345,-26.611,-18.982
-0.086,0.530,-1.229,-48.462,-23.865,-16.174
-0.065,0.534,-1.247,-45.166,-20.630,-12.512
-0.052,0.544,-1.257,-43.640,-15.747,-8.972
-0.059,0.534,-1.279,-40.833,-8.728,-4.395
-0.072,0.495,-1.291,-35.950,-2.441,-0.488
-0.063,0.471,-1.302,-31.799,2.991,0.183
-0.047,0.472,-1.339,-28.442,7.263,0.305
-0.034,0.493,-1.364,-23.437,7.812,3.479
-0.023,0.475,-1.388,-14.893,4.333,7.874
-0.030,0.445,-1.415,-3.967,-0.183,11.719
-0.045,0.423,-1.439,8.179,-4.272,15.320
-0.050,0.426,-1.453,19.226,-7.080,19.409
-0.061,0.434,-1.453,30.396,-6.592,23.193
-0.075,0.419,-1.417,41.931,-3.967,27.100
-0.083,0.405,-1.364,52.185,-1.709,29.785
-0.074,0.410,-1.313,62.256,1.526,30.396
-0.081,0.406,-1.286,73.730,5.188,31.433
-0.103,0.368,-1.257,85.083,6.409,33.325
-0.113,0.353,-1.207,92.285,5.981,34.851
-0.135,0.373,-1.174,96.924,6.165,35.645
-0.143,0.390,-1.146,103.699,7.935,37.109
-0.152,0.396,-1.114,113.342,11.047,39.001
-0.156,0.395,-1.068,124.878,14.709,39.917
-0.164,0.388,-1.021,136.841,19.348,40.283
-0.197,0.334,-0.982,148.743,24.292,41.077
-0.217,0.289,-0.892,155.151,27.649,40.222
-0.234,0.320,-0.820,154.480,31.738,34.607
-0.222,0.347,-0.768,155.762,38.879,28.687
-0.216,0.352,-0.714,161.987,46.753,25.330
-0.213,0.344,-0.647,170.288,53.284,23.254
-0.208,0.325,-0.589,178.833,58.167,21.667
-0.220,0.313,-0.523,184.509,61.646,20.508
-0.216,0.315,-0.456,187.439,63.293,19.043
-0.198,0.324,-0.380,187.073,65.613,17.944
-0.178,0.342,-0.293,184.814,69.885,18.433
-0.175,0.336,-0.246,183.899,74.158,21.057
-0.192,0.328,-0.215,185.913,74.158,24.719
-0.188,0.332,-0.187,190.247,70.068,26.733
-0.193,0.329,-0.149,195.740,64.209,27.954
-0.208,0.325,-0.100,200.928,58.533,30.823
-0.231,0.300,-0.055,206.665,55.481,33.875
-0.256,0.261,-0.001,212.952,55.176,36.194

-0.367,0.376,1.484,226.990,69.397,36.682
-0.398,0.441,1.501,204.224,64.575,21.301
-0.417,0.496,1.458,181.702,51.392,11.902
-0.454,0.554,1.408,160.950,32.532,10.559
-0.481,0.579,1.332,143.005,19.348,21.362
-0.557,0.570,1.293,132.385,6.592,30.273
-0.663,0.521,1.315,125.061,-4.089,35.461
-0.753,0.506,1.417,117.981,-12.634,42.419
-0.803,0.532,1.550,110.840,-15.564,44.678
-0.840,0.536,1.652,107.788,-9.644,40.405
-0.892,0.532,1.792,102.234,-4.639,32.104
-0.906,0.585,1.858,90.515,6.348,18.616
-0.857,0.645,1.856,78.430,21.484,5.859
-0.788,0.691,1.833,65.918,29.968,-3.479
-0.735,0.728,1.784,53.711,30.334,-11.047
-0.681,0.743,1.716,44.006,25.818,-14.893
-0.635,0.745,1.649,36.255,17.273,-11.536
-0.585,0.698,1.587,29.907,8.606,-5.127
-0.549,0.645,1.549,21.545,1.160,-3.357
-0.533,0.603,1.558,12.268,-5.310,-3.174
-0.520,0.557,1.587,2.686,-7.874,-4.089
-0.495,0.523,1.628,-7.263,-6.165,-7.812
-0.439,0.537,1.651,-18.738,-1.465,-12.695
-0.366,0.529,1.668,-29.419,4.089,-16.235
-0.305,0.536,1.682,-40.100,8.301,-17.517
-0.258,0.569,1.687,-52.673,10.071,-16.418
-0.214,0.596,1.651,-64.636,8.179,-14.221
-0.184,0.599,1.583,-73.792,3.540,-10.681
-0.164,0.588,1.492,-80.566,-2.319,-5.493
-0.162,0.570,1.395,-86.365,-8.789,-0.427
-0.171,0.549,1.291,-92.468,-15.076,3.235
-0.223,0.521,1.179,-97.473,-19.836,4.089
-0.260,0.471,1.081,-100.098,-23.743,7.935
-0.284,0.478,1.007,-102.234,-24.353,10.010
-0.311,0.468,0.929,-100.647,-26.855,7.385
-0.338,0.457,0.859,-101.868,-22.522,2.258
-0.317,0.458,0.797,-104.370,-20.081,0.732
-0.296,0.458,0.715,-107.666,-22.095,1.343
-0.264,0.457,0.636,-110.229,-26.855,3.052
-0.226,0.455,0.552,-111.938,-34.790,6.409
-0.212,0.436,0.447,-112.915,-45.227,10.498
-0.216,0.421,0.323,-112.793,-57.007,15.015
-0.196,0.409,0.206,-112.183,-69.458,18.005
-0.206,0.380,0.095,-111.877,-80.383,20.020
-0.233,0.354,-0.009,-112.549,-87.097,22.217
-0.249,0.338,-0.101,-113.464,-89.294,24.780
-0.281,0.317,-0.168,-114.197,-88.440,26.672
-0.308,0.306,-0.226,-113.220,-85.815,26.489
-0.333,0.291,-0.275,-111.206,-81.482,23.437
-0.343,0.287,-0.293,-108.643,-74.707,18.494
-0.340,0.305,-0.284,-108.032,-66.467,11.963
-0.324,0.336,-0.303,-108.154,-57.434,3.784
-0.306,0.361,-0.344,-107.605,-48.157,-2.502
-0.281,0.367,-0.387,-105.774,-38.757,-5.859
-0.271,0.372,-0.411,-103.760,-31.494,-7.263
-0.280,0.365,-0.440,-101.563,-26.794,-8.118
-0.297,0.381,-0.473,-98.450,-25.330,-9.521
-0.295,0.399,-0.506,-94.543,-26.062,-11.658
-0.303,0.405,-0.543,-89.783,-27.710,-14.160
-0.321,0.418,-0.584,-85.266,-29.907,-16.235
-0.343,0.427,-0.630,-79.956,-32.043,-17.029
-0.358,0.429,-0.661,-74.585,-34.668,-17.517
-0.373,0.433,-0.691,-70.740,-37.903,-19.287
-0.379,0.452,-0.728,-68.970,-40.955,-22.949
-0.380,0.473,-0.778,-68.970,-42.480,-26.489
-0.370,0.481,-0.825,-71.167,-43.152,-28.564
-0.359,0.497,-0.861,-75.684,-42.969,-28.870
-0.350,0.520,-0.901,-78.796,-41.260,-28.015
-0.334,0.524,-0.949,-80.444,-39.551,-27.649
-0.320,0.544,-0.976,-84.229,-39.001,-28.015
-0.298,0.574,-0.997,-86.975,-40.649,-28.931
-0.275,0.584,-1.017,-85.205,-43.579,-29.419
-0.266,0.581,-1.053,-77.698,-45.227,-28.442
-0.247,0.582,-1.085,-70.496,-43.335,-27.405
-0.228,0.566,-1.119,-65.063,-36.987,-26.184
-0.197,0.565,-1.144,-63.171,-27.100,-25.146
-0.168,0.571,-1.174,-60.974,-15.991,-24.597
-0.148,0.559,-1.217,-56.580,-7.751,-24.292
-0.140,0.558,-1.240,-53.650,-4.944,-23.926
-0.143,0.566,-1.255,-50.903,-6.348,-22.949
-0.134,0.578,-1.277,-46.753,-7.874,-22.034
-0.117,0.568,-1.306,-40.222,-6.165,-19.958
-0.110,0.540,-1.319,-34.180,-2.502,-15.076
-0.097,0.536,-1.321,-31.433,0.305,-9.277
-0.076,0.531,-1.325,-28.748,2.014,-4.028
-0.061,0.522,-1.344,-24.353,1.892,0.366
-0.042,0.516,-1.373,-18.372,0.549,4.089
-0.036,0.521,-1.381,-11.108,-1.282,7.446
-0.034,0.524,-1.399,-1.038,-4.517,11.841
-0.052,0.523,-1.397,12.756,-9.460,16.846
-0.055,0.514,-1.385,28.381,-14.587,20.935
-0.064,0.496,-1.383,44.434,-16.846,24.597
-0.076,0.477,-1.354,59.448,-15.442,29.175
-0.086,0.460,-1.310,72.449,-11.719,33.142
-0.086,0.445,-1.258,83.130,-6.287,35.400
-0.094,0.411,-1.206,91.492,-0.488,37.292
-0.099,0.397,-1.138,95.520,4.944,37.903
-0.117,0.407,-1.100,97.900,10.559,37.231
-0.144,0.414,-1.082,103.210,14.709,37.048
-0.158,0.411,-1.055,111.023,16.052,35.767
-0.170,0.421,-1.014,119.629,17.456,33.264
-0.171,0.426,-0.970,129.333,20.813,31.616
-0.163,0.411,-0.916,139.465,25.696,32.104
-0.159,0.394,-0.856,145.386,30.762,33.264
-0.158,0.380,-0.785,147.522,35.583,33.386
-0.160,0.378,-0.724,150.085,41.870,33.142
-0.164,0.359,-0.667,152.710,49.072,32.593
-0.176,0.346,-0.594,153.748,55.786,32.288
-0.194,0.351,-0.541,153.564,60.242,32.471
-0.212,0.358,-0.495,156.799,60.974,32.471
-0.216,0.369,-0.437,162.170,58.411,31.250
-0.210,0.386,-0.383,167.725,55.298,29.602
-0.216,0.394,-0.340,174.683,54.443,30.029
-0.225,0.381,-0.300,182.556,56.091,32.410
-0.226,0.365,-0.267,190.308,58.960,33.691
-0.216,0.357,-0.243,196.777,61.584,33.630
-0.235,0.336,-0.249,204.895,64.087,34.729
-0.266,0.318,-0.248,220.093,63.416,34.790
-0.263,0.303,-0.218,239.868,57.922,30.518

-0.639,0.268,1.180,202.698,42.969,54.382
-0.714,0.193,1.334,197.449,50.903,54.626
-0.772,0.155,1.506,176.819,59.265,52.368
-0.776,0.174,1.681,142.883,63.538,45.532
-0.741,0.295,1.752,101.929,61.340,32.104
-0.698,0.440,1.734,69.763,48.157,20.508
-0.671,0.522,1.634,55.237,24.963,14.404
-0.684,0.512,1.521,57.312,2.869,11.169
-0.728,0.482,1.459,64.758,-9.460,11.108
-0.777,0.473,1.459,70.923,-11.292,13.672
-0.797,0.470,1.477,74.707,-1.404,18.250
-0.784,0.418,1.511,77.271,18.433,26.184
-0.781,0.319,1.568,78.430,37.720,35.156
-0.825,0.189,1.733,71.228,49.255,37.476
-0.834,0.104,1.972,41.321,54.993,22.766
-0.819,0.120,2.099,-4.333,64.087,-8.179
-0.660,0.188,2.079,-49.500,73.792,-38.452
-0.495,0.230,1.997,-79.407,67.749,-52.368
-0.401,0.279,1.907,-95.215,48.767,-54.626
-0.343,0.319,1.810,-101.807,28.625,-50.659
-0.302,0.335,1.720,-105.042,13.489,-44.495
-0.288,0.352,1.638,-108.276,6.531,-38.025
-0.288,0.356,1.555,-110.779,4.517,-32.288
-0.291,0.327,1.495,-112.976,4.822,-28.076
-0.290,0.296,1.467,-115.723,6.104,-25.269
-0.268,0.309,1.435,-119.080,7.080,-25.940
-0.246,0.309,1.370,-121.826,6.958,-28.259
-0.231,0.307,1.292,-120.728,4.150,-27.893
-0.216,0.307,1.229,-119.446,-0.977,-26.917
-0.254,0.306,1.151,-120.911,-5.920,-27.039
-0.211,0.317,1.099,-125.732,-7.263,-25.879
-0.176,0.336,0.984,-128.845,-8.667,-28.748
-0.164,0.344,0.853,-133.179,-7.935,-29.053
-0.142,0.346,0.728,-137.451,-13.306,-24.414
-0.151,0.329,0.615,-140.076,-21.118,-17.090
-0.169,0.319,0.535,-142.029,-27.588,-9.155
-0.187,0.312,0.468,-143.677,-33.447,-2.319
-0.213,0.297,0.404,-144.287,-40.161,1.404
-0.227,0.291,0.334,-144.409,-48.218,1.526
-0.217,0.305,0.272,-146.851,-56.091,-1.404
-0.207,0.314,0.210,-150.024,-60.852,-3.662
-0.198,0.327,0.153,-154.114,-61.646,-3.052
-0.201,0.340,0.100,-160.034,-58.899,0.061
-0.215,0.334,0.042,-163.452,-53.101,5.127
-0.235,0.322,-0.013,-162.537,-46.082,10.010
-0.244,0.341,-0.039,-159.729,-39.673,11.414
-0.251,0.373,-0.054,-156.128,-34.790,9.644
-0.252,0.390,-0.073,-152.039,-31.311,7.141
-0.259,0.388,-0.113,-148.621,-28.748,5.127
-0.274,0.395,-0.166,-145.691,-26.855,4.150
-0.277,0.404,-0.209,-143.127,-26.489,3.479
-0.283,0.412,-0.272,-139.465,-28.870,1.892
-0.294,0.422,-0.316,-135.132,-33.020,-0.610
-0.305,0.427,-0.366,-129.211,-35.583,-2.686
-0.323,0.437,-0.409,-124.329,-35.706,-6.042
-0.343,0.452,-0.464,-118.958,-35.339,-10.132
-0.355,0.475,-0.526,-113.586,-36.926,-14.648
-0.373,0.502,-0.584,-108.459,-40.710,-19.775
-0.389,0.532,-0.641,-104.553,-44.189,-24.841
-0.415,0.557,-0.691,-102.234,-45.410,-28.381
-0.455,0.567,-0.764,-98.938,-43.457,-29.602
-0.473,0.583,-0.828,-95.520,-39.063,-29.968
-0.462,0.606,-0.877,-94.849,-33.020,-32.410
-0.441,0.612,-0.931,-96.375,-26.001,-35.522
-0.412,0.613,-0.975,-100.647,-20.508,-37.231
-0.375,0.640,-1.001,-105.835,-16.357,-38.452
-0.318,0.674,-1.036,-108.643,-12.573,-42.542
-0.241,0.701,-1.089,-108.887,-9.644,-49.072
-0.164,0.725,-1.150,-107.605,-7.690,-54.260
-0.083,0.752,-1.214,-105.347,-8.179,-58.350
-0.004,0.769,-1.280,-102.051,-11.353,-61.707
0.041,0.787,-1.356,-96.191,-16.541,-61.279
0.079,0.803,-1.423,-86.243,-23.682,-56.885
0.091,0.816,-1.497,-71.960,-31.189,-50.537
0.122,0.846,-1.527,-55.786,-37.231,-43.518
0.136,0.863,-1.529,-39.429,-37.842,-35.889
0.148,0.869,-1.508,-21.240,-32.532,-26.550
0.170,0.866,-1.461,-3.662,-23.621,-15.869
0.188,0.855,-1.390,11.841,-12.939,-4.578
0.191,0.827,-1.327,24.780,-3.540,6.409
0.181,0.800,-1.284,34.485,1.526,16.968
0.188,0.780,-1.250,40.527,3.113,24.719
0.191,0.754,-1.256,44.434,2.197,29.724
0.148,0.725,-1.268,45.715,-3.113,33.691
0.077,0.711,-1.278,46.631,-13.306,37.476
0.024,0.703,-1.277,48.828,-24.475,40.344
-0.030,0.678,-1.279,54.626,-32.471,43.518
-0.071,0.646,-1.263,63.599,-37.109,46.814
-0.107,0.615,-1.232,72.693,-37.292,48.767
-0.130,0.590,-1.195,81.848,-31.799,50.415
-0.141,0.548,-1.159,92.224,-21.729,52.063
-0.145,0.523,-1.102,101.807,-10.071,52.490
-0.132,0.515,-1.034,111.328,0.793,51.636
-0.115,0.483,-0.964,121.460,9.399,51.636
-0.115,0.429,-0.870,127.747,14.526,52.002
-0.116,0.415,-0.774,128.906,18.372,53.162
-0.114,0.413,-0.689,128.601,22.095,55.725
-0.105,0.417,-0.591,127.197,25.635,58.594
-0.100,0.413,-0.486,125.244,30.212,62.195
-0.098,0.392,-0.399,123.047,37.231,68.359
-0.113,0.363,-0.327,120.239,46.509,75.867
-0.135,0.333,-0.310,120.422,55.481,81.909
-0.180,0.304,-0.335,126.282,57.373,84.045
-0.172,0.353,-0.350,136.414,47.852,77.881
-0.188,0.363,-0.362,151.978,31.067,66.223
-0.263,0.267,-0.322,172.119,14.221,58.777
-0.317,0.186,-0.265,191.223,4.944,53.772
-0.332,0.135,-0.151,203.674,5.676,43.762
-0.331,0.139,-0.009,206.543,15.076,31.738
-0.296,0.160,0.105,205.688,31.921,19.897
-0.272,0.234,0.252,202.087,52.979,14.465
-0.253,0.288,0.347,199.524,71.655,16.724
-0.293,0.269,0.439,199.890,82.947,25.940
-0.343,0.249,0.566,200.317,86.670,37.537
-0.396,0.234,0.692,200.500,83.984,45.166
-0.441,0.223,0.795,200.134,80.750,48.340
-0.451,0.255,0.857,197.449,76.904,44.983
-0.432,0.319,0.850,193.604,72.388,37.537
-0.409,0.364,0.799,191.528,69.153,31.311

-0.765,0.026,1.622,175.720,20.020,56.152
-0.844,0.008,1.912,157.715,28.870,52.673
-0.837,0.064,2.169,137.817,38.391,45.837
-0.762,0.255,2.362,116.760,41.199,31.738
-0.707,0.466,2.442,102.600,38.269,16.724
-0.614,0.598,2.453,93.201,30.701,13.855
-0.596,0.673,2.387,81.604,19.226,11.719
-0.639,0.665,2.309,72.937,7.751,8.484
-0.680,0.610,2.267,63.843,0.977,11.841
-0.736,0.614,2.214,49.683,-2.136,13.123
-0.759,0.600,2.119,33.325,-2.441,13.611
-0.768,0.560,2.022,17.822,-2.991,14.771
-0.757,0.523,1.918,2.808,-8.972,13.672
-0.758,0.482,1.819,-9.827,-16.418,6.531
-0.741,0.435,1.740,-18.677,-21.545,-1.648
-0.707,0.401,1.676,-25.208,-23.010,-7.629
-0.667,0.382,1.641,-30.762,-21.729,-12.451
-0.608,0.370,1.621,-35.828,-17.273,-16.113
-0.532,0.383,1.601,-41.382,-9.583,-20.020
-0.456,0.386,1.575,-47.241,-0.488,-23.315
-0.388,0.387,1.548,-54.443,6.653,-26.001
-0.370,0.398,1.496,-61.768,9.766,-26.855
-0.284,0.400,1.478,-68.237,12.085,-25.818
-0.232,0.402,1.394,-73.486,10.010,-27.283
-0.219,0.365,1.320,-80.994,10.498,-28.015
-0.229,0.321,1.232,-80.017,4.700,-31.921
-0.229,0.234,1.132,-80.017,-3.235,-22.705
-0.258,0.194,1.032,-82.336,-9.644,-23.254
-0.285,0.169,0.922,-83.130,-17.700,-23.987
-0.284,0.141,0.826,-85.938,-26.855,-23.621
-0.258,0.172,0.721,-92.896,-33.752,-23.987
-0.193,0.205,0.635,-101.929,-40.039,-20.630
-0.153,0.227,0.540,-110.840,-44.861,-16.479
-0.132,0.228,0.446,-119.812,-50.232,-13.000
-0.074,0.223,0.371,-127.136,-56.702,-10.132
-0.058,0.290,0.277,-134.766,-59.692,-8.179
-0.124,0.233,0.112,-136.414,-63.232,1.282
-0.159,0.199,-0.018,-133.728,-63.477,1.709
-0.169,0.234,-0.095,-134.705,-66.772,-3.906
-0.191,0.267,-0.145,-140.076,-74.219,-4.517
-0.207,0.289,-0.189,-143.250,-78.857,-0.122
-0.203,0.271,-0.216,-146.240,-74.951,4.089
-0.217,0.287,-0.237,-150.513,-64.209,6.104
-0.199,0.340,-0.268,-152.466,-53.284,5.615
-0.186,0.358,-0.306,-150.574,-42.725,3.296
-0.192,0.364,-0.340,-145.630,-32.532,-0.061
-0.189,0.389,-0.367,-138.916,-23.560,-3.479
-0.198,0.410,-0.404,-131.042,-15.259,-6.409
-0.212,0.416,-0.440,-121.765,-9.460,-8.972
-0.245,0.411,-0.489,-113.770,-7.874,-10.986
-0.270,0.432,-0.541,-105.835,-9.033,-13.000
-0.285,0.455,-0.583,-97.778,-11.108,-16.418
-0.289,0.482,-0.612,-89.417,-13.916,-20.691
-0.290,0.493,-0.647,-83.252,-17.334,-25.391
-0.302,0.502,-0.682,-80.505,-19.958,-28.442
-0.329,0.508,-0.720,-80.261,-22.217,-30.151
-0.346,0.527,-0.763,-81.421,-23.804,-32.227
-0.352,0.556,-0.823,-83.008,-24.292,-34.546
-0.342,0.583,-0.872,-84.595,-23.437,-36.072
-0.325,0.610,-0.919,-86.121,-23.437,-36.133
-0.310,0.617,-0.969,-88.562,-23.865,-34.241
-0.276,0.633,-1.030,-91.187,-24.536,-32.959
-0.239,0.654,-1.093,-93.201,-25.696,-33.020
-0.190,0.673,-1.164,-90.576,-28.687,-33.752
-0.144,0.701,-1.216,-87.585,-32.288,-34.546
-0.101,0.721,-1.280,-83.557,-34.302,-34.851
-0.057,0.730,-1.345,-79.346,-33.020,-34.424
-0.016,0.722,-1.395,-74.280,-26.978,-32.532
0.023,0.710,-1.450,-66.162,-18.799,-28.687
0.040,0.705,-1.498,-56.885,-12.573,-25.146
0.044,0.720,-1.524,-45.227,-11.047,-21.973
0.064,0.725,-1.540,-33.142,-13.428,-18.799
0.067,0.742,-1.536,-20.508,-16.968,-15.686
0.088,0.764,-1.495,-7.080,-18.677,-12.817
0.093,0.764,-1.432,5.615,-16.296,-8.423
0.088,0.740,-1.361,16.968,-9.521,-0.793
0.094,0.708,-1.290,25.696,-1.099,7.080
0.115,0.696,-1.237,30.762,6.042,11.780
0.134,0.703,-1.203,34.363,9.521,15.930
0.141,0.709,-1.182,38.269,7.996,20.691
0.124,0.722,-1.170,43.762,2.319,26.428
0.096,0.718,-1.166,51.208,-5.676,33.264
0.063,0.713,-1.161,60.608,-14.771,40.710
0.025,0.694,-1.156,71.411,-22.095,47.791
-0.029,0.650,-1.154,83.252,-27.588,54.199
-0.073,0.611,-1.101,92.163,-33.142,57.495
-0.099,0.604,-1.056,98.267,-35.706,56.458
-0.108,0.605,-1.021,105.469,-32.227,54.810
-0.122,0.599,-0.989,114.807,-23.437,55.481
-0.144,0.584,-0.963,126.038,-12.207,57.251
-0.160,0.554,-0.924,139.038,-0.671,58.960
-0.152,0.532,-0.868,151.001,10.010,59.814
-0.156,0.519,-0.796,160.034,18.860,60.303
-0.154,0.518,-0.719,167.542,26.367,62.073
-0.156,0.514,-0.646,174.561,33.264,63.782
-0.175,0.477,-0.597,180.847,38.818,64.941
-0.205,0.427,-0.521,184.448,42.053,66.162
-0.220,0.414,-0.438,182.739,44.495,66.040
-0.229,0.423,-0.369,179.749,48.035,64.331
-0.228,0.418,-0.319,179.016,51.636,62.622
-0.234,0.406,-0.296,178.833,53.833,60.730
-0.256,0.397,-0.279,179.871,53.162,59.631
-0.276,0.378,-0.273,183.533,50.476,59.021
-0.278,0.376,-0.236,186.768,47.058,57.007
-0.264,0.382,-0.198,190.491,44.800,53.467
-0.243,0.371,-0.161,195.984,44.189,51.697
-0.220,0.356,-0.115,199.585,44.678,52.551
-0.208,0.340,-0.061,199.402,45.959,55.664
-0.213,0.301,-0.017,197.632,48.279,60.242
-0.224,0.260,0.014,195.190,50.842,65.369
-0.238,0.247,0.033,193.054,51.819,67.627
-0.260,0.248,0.077,192.993,50.598,67.566
-0.296,0.220,0.155,198.425,48.462,69.580
-0.340,0.171,0.260,208.557,48.950,74.707
-0.374,0.131,0.372,218.201,52.856,79.651
-0.409,0.081,0.485,225.830,59.082,81.726
-0.435,0.079,0.596,228.699,64.941,79.651
-0.422,0.055,0.772,223.389,69.336,88.074
-0.433,0.032,0.906,219.849,62.622,92.712

-0.546,0.006,1.543,184.082,89.600,36.865
-0.524,0.075,1.611,170.532,89.966,32.227
-0.505,0.156,1.677,157.288,86.792,30.640
-0.494,0.194,1.719,148.804,77.881,33.447
-0.502,0.173,1.739,144.043,64.331,35.400
-0.547,0.139,1.771,138.977,44.556,44.128
-0.595,0.090,1.839,130.859,19.409,56.824
-0.679,-0.006,1.942,122.681,-3.113,62.012
-0.811,-0.090,2.068,117.188,-19.226,57.739
-0.834,-0.109,2.168,101.624,-14.160,59.326
-0.823,-0.038,2.183,72.937,2.930,26.550
-0.783,0.116,2.212,49.927,15.198,-1.892
-0.705,0.207,2.173,33.752,20.386,-11.658
-0.697,0.247,2.115,21.484,22.583,-17.761
-0.707,0.255,2.046,10.437,21.240,-15.808
-0.687,0.224,1.969,0.366,16.174,-8.789
-0.664,0.198,1.926,-10.254,7.141,-5.981
-0.623,0.185,1.886,-20.752,-0.549,-9.277
-0.571,0.172,1.864,-29.419,-5.371,-13.977
-0.511,0.178,1.861,-38.086,-6.592,-19.348
-0.470,0.196,1.850,-47.485,-4.639,-24.963
-0.420,0.219,1.820,-57.617,-1.099,-29.541
-0.361,0.248,1.754,-68.115,1.831,-31.860
-0.302,0.261,1.666,-76.782,1.770,-31.860
-0.255,0.262,1.580,-83.191,-1.343,-29.785
-0.227,0.252,1.483,-88.745,-6.531,-27.283
-0.206,0.239,1.388,-93.567,-13.062,-24.292
-0.187,0.240,1.290,-99.121,-19.836,-22.217
-0.136,0.248,1.213,-105.164,-25.452,-20.203
-0.158,0.214,1.099,-105.347,-31.555,-17.212
-0.164,0.201,1.005,-106.873,-35.156,-20.813
-0.167,0.222,0.913,-104.431,-40.222,-25.696
-0.122,0.197,0.814,-107.910,-48.340,-19.043
-0.161,0.180,0.714,-111.267,-57.129,-19.165
-0.187,0.167,0.636,-114.563,-64.941,-10.925
-0.212,0.167,0.568,-119.385,-70.984,-3.174
-0.230,0.181,0.503,-124.451,-75.928,0.549
-0.239,0.184,0.428,-130.615,-79.041,2.319
-0.234,0.215,0.342,-137.390,-81.665,1.160
-0.212,0.255,0.250,-143.982,-84.167,-1.282
-0.206,0.255,0.163,-149.048,-86.060,-2.319
-0.212,0.237,0.082,-152.649,-87.524,-1.831
-0.204,0.255,0.008,-157.776,-86.975,-1.831
-0.214,0.282,-0.061,-162.842,-83.923,-1.770
-0.229,0.279,-0.144,-163.147,-79.895,-1.038
-0.237,0.287,-0.193,-162.109,-76.538,-0.854
-0.261,0.304,-0.238,-160.156,-73.486,-1.953
-0.296,0.298,-0.297,-155.701,-70.374,-5.005
-0.306,0.322,-0.343,-150.574,-67.444,-10.071
-0.305,0.361,-0.390,-145.569,-63.721,-16.479
-0.299,0.393,-0.419,-139.893,-58.350,-21.973
-0.294,0.420,-0.446,-134.644,-50.598,-26.672
-0.294,0.450,-0.475,-129.578,-41.138,-29.419
-0.295,0.469,-0.508,-123.596,-32.043,-30.334
-0.302,0.477,-0.545,-115.662,-25.696,-31.067
-0.297,0.490,-0.578,-107.239,-23.010,-32.410
-0.300,0.501,-0.614,-99.976,-22.644,-33.936
-0.315,0.519,-0.657,-93.262,-23.010,-34.973
-0.334,0.535,-0.709,-86.121,-23.987,-35.828
-0.349,0.555,-0.748,-78.613,-26.611,-37.354
-0.341,0.576,-0.774,-72.327,-29.358,-40.466
-0.326,0.591,-0.791,-68.726,-30.151,-43.518
-0.309,0.614,-0.804,-68.542,-27.771,-44.739
-0.302,0.645,-0.830,-69.702,-23.865,-44.556
-0.276,0.664,-0.853,-69.275,-20.569,-44.983
-0.249,0.669,-0.888,-68.420,-16.907,-46.204
-0.241,0.683,-0.923,-68.054,-14.038,-46.692
-0.224,0.692,-0.958,-69.214,-13.062,-46.692
-0.214,0.694,-1.001,-71.899,-14.099,-47.058
-0.203,0.693,-1.053,-72.937,-19.043,-47.729
-0.190,0.695,-1.102,-69.214,-27.283,-47.668
-0.158,0.704,-1.157,-65.125,-36.682,-48.035
-0.123,0.714,-1.209,-62.317,-44.617,-48.828
-0.082,0.736,-1.259,-58.777,-47.546,-48.767
-0.034,0.754,-1.305,-54.138,-43.335,-47.485
0.019,0.765,-1.335,-50.293,-32.166,-44.128
0.069,0.779,-1.343,-44.983,-16.418,-38.452
0.111,0.785,-1.345,-37.476,-0.854,-30.457
0.132,0.783,-1.338,-27.710,11.169,-20.874
0.138,0.766,-1.331,-16.663,17.700,-10.498
0.138,0.756,-1.301,-5.432,17.944,-1.831
0.151,0.751,-1.250,3.967,14.038,4.211
0.158,0.737,-1.208,13.062,9.155,8.423
0.165,0.702,-1.187,21.545,4.639,13.489
0.173,0.678,-1.157,25.146,1.282,19.592
0.166,0.698,-1.153,26.855,-1.099,25.391
0.146,0.706,-1.180,30.823,-5.066,30.579
0.115,0.709,-1.201,38.574,-12.146,36.133
0.085,0.713,-1.203,49.133,-20.508,41.077
0.040,0.696,-1.203,62.683,-27.161,45.471
0.005,0.669,-1.185,77.271,-31.128,49.622
-0.034,0.636,-1.150,90.576,-31.067,52.856
-0.058,0.621,-1.106,101.685,-27.100,54.626
-0.079,0.609,-1.066,110.779,-19.043,54.871
-0.099,0.604,-1.032,119.873,-8.057,56.030
-0.110,0.591,-0.994,129.761,2.869,56.946
-0.118,0.557,-0.954,139.587,13.367,57.312
-0.119,0.541,-0.891,146.729,22.461,56.946
-0.125,0.537,-0.832,151.550,30.151,55.847
-0.136,0.519,-0.786,156.860,36.987,55.603
-0.139,0.501,-0.742,162.537,43.152,55.725
-0.139,0.480,-0.692,167.786,48.401,55.969
-0.139,0.464,-0.627,171.875,52.429,57.251
-0.143,0.462,-0.555,175.659,55.603,59.448
-0.149,0.452,-0.487,179.993,58.105,61.096
-0.157,0.435,-0.434,185.242,60.303,62.195
-0.167,0.412,-0.375,191.223,61.890,62.561
-0.186,0.380,-0.329,196.289,62.683,62.561
-0.198,0.363,-0.278,199.158,63.232,61.096
-0.195,0.357,-0.233,200.562,65.369,58.960
-0.199,0.344,-0.197,202.393,67.871,58.105
-0.201,0.309,-0.168,205.627,68.359,58.533
-0.199,0.274,-0.131,209.290,65.918,58.655
-0.202,0.246,-0.105,213.440,61.218,58.350
-0.201,0.218,-0.072,218.933,55.054,58.044
-0.189,0.186,-0.026,224.670,48.645,58.044
-0.198,0.157,0.048,230.164,43.518,60.547
-0.223,0.110,0.146,235.840,41.382,67.078
-0.250,0.051,0.281,240.417,43.579,77.942

-0.676,-0.427,1.391,270.325,9.888,124.634
-0.756,-0.498,1.548,243.958,17.273,119.507
-0.874,-0.574,1.752,209.961,29.114,113.892
-0.981,-0.561,1.977,162.903,50.049,93.262
-1.051,-0.434,2.161,115.723,66.406,65.674
-1.084,-0.289,2.275,79.102,70.435,41.931
-1.004,-0.163,2.313,51.392,69.336,39.490
-0.969,-0.079,2.272,30.579,55.847,37.659
-1.062,0.017,2.237,23.315,34.058,14.343
-1.071,0.030,2.130,24.353,19.836,4.822
-1.050,0.018,2.023,25.024,10.681,-5.737
-1.023,0.010,1.948,21.912,-1.709,-15.259
-0.990,0.030,1.891,14.038,-8.057,-22.034
-0.926,0.031,1.836,3.479,-5.188,-24.536
-0.839,-0.001,1.788,-8.057,-0.305,-24.719
-0.755,-0.026,1.772,-20.691,3.967,-27.100
-0.680,-0.036,1.751,-33.752,8.484,-32.837
-0.585,-0.049,1.737,-43.579,13.550,-37.109
-0.488,-0.054,1.744,-51.758,16.785,-38.086
-0.406,-0.026,1.740,-58.594,17.822,-38.940
-0.334,0.016,1.736,-64.453,15.991,-39.124
-0.294,0.009,1.714,-68.420,11.719,-38.025
-0.258,-0.006,1.695,-72.876,5.981,-35.278
-0.231,0.000,1.673,-81.055,1.648,-32.715
-0.219,0.018,1.611,-90.149,0.244,-30.396
-0.226,0.008,1.546,-98.206,-0.671,-26.978
-0.222,0.031,1.470,-105.957,-2.808,-23.743
-0.182,0.078,1.353,-112.549,-5.615,-21.729
-0.186,0.083,1.198,-113.770,-11.353,-19.348
-0.178,0.097,1.052,-113.220,-18.494,-18.738
-0.179,0.088,0.936,-113.281,-28.198,-16.968
-0.222,0.083,0.801,-108.887,-41.626,-20.264
-0.258,0.047,0.659,-106.384,-53.650,-14.954
-0.262,0.096,0.566,-108.704,-64.758,-15.686
-0.267,0.144,0.483,-110.962,-73.853,-15.991
-0.263,0.172,0.407,-112.366,-78.735,-15.869
-0.258,0.203,0.341,-114.502,-78.247,-16.541
-0.262,0.216,0.264,-116.821,-73.853,-16.541
-0.259,0.222,0.197,-118.774,-67.017,-16.052
-0.244,0.256,0.148,-120.728,-59.387,-15.198
-0.229,0.273,0.106,-121.399,-51.270,-13.123
-0.220,0.280,0.073,-121.582,-44.189,-10.254
-0.216,0.286,0.032,-121.521,-39.612,-8.545
-0.219,0.281,-0.021,-120.483,-37.659,-8.240
-0.218,0.296,-0.066,-118.164,-38.330,-9.033
-0.218,0.304,-0.127,-114.868,-39.673,-10.498
-0.225,0.312,-0.179,-111.145,-41.626,-11.414
-0.240,0.329,-0.231,-108.215,-43.030,-12.024
-0.248,0.349,-0.299,-105.164,-42.664,-12.207
-0.257,0.354,-0.368,-102.356,-41.260,-12.512
-0.292,0.350,-0.452,-97.778,-39.063,-12.756
-0.308,0.365,-0.518,-92.590,-37.170,-14.160
-0.333,0.395,-0.569,-87.341,-35.706,-17.273
-0.336,0.431,-0.612,-82.397,-33.630,-21.362
-0.347,0.455,-0.651,-78.369,-30.090,-24.414
-0.356,0.468,-0.687,-74.829,-25.330,-24.780
-0.368,0.478,-0.719,-72.571,-20.325,-24.475
-0.380,0.495,-0.744,-71.167,-15.564,-24.109
-0.366,0.535,-0.774,-69.763,-12.573,-23.499
-0.358,0.570,-0.817,-66.650,-12.024,-23.315
-0.343,0.594,-0.875,-62.073,-13.855,-22.949
-0.326,0.623,-0.942,-56.824,-16.968,-22.583
-0.306,0.663,-1.015,-51.147,-20.508,-21.912
-0.280,0.700,-1.105,-43.945,-23.865,-20.020
-0.267,0.727,-1.204,-33.813,-27.039,-17.517
-0.244,0.757,-1.319,-21.729,-29.236,-15.259
-0.235,0.771,-1.400,-9.155,-30.457,-12.817
-0.245,0.739,-1.458,1.770,-30.334,-10.925
-0.270,0.709,-1.501,6.958,-28.320,-10.498
-0.263,0.705,-1.541,8.667,-24.475,-10.437
-0.224,0.737,-1.579,8.301,-20.447,-10.071
-0.184,0.777,-1.591,9.216,-18.372,-10.315
-0.158,0.774,-1.575,13.428,-17.578,-11.292
-0.119,0.759,-1.521,17.944,-17.273,-13.000
-0.082,0.779,-1.433,20.325,-14.954,-14.893
-0.035,0.808,-1.358,23.499,-9.338,-15.259
-0.002,0.770,-1.277,27.649,-2.625,-13.550
0.003,0.747,-1.169,28.503,3.540,-12.024
0.017,0.741,-1.078,26.978,9.888,-11.780
0.032,0.716,-1.012,26.306,14.282,-12.451
0.027,0.709,-0.970,24.048,13.794,-14.404
-0.003,0.717,-0.944,21.118,9.644,-15.930
-0.018,0.733,-0.929,18.921,5.066,-15.930
-0.045,0.717,-0.926,17.273,2.258,-13.611
-0.100,0.685,-0.951,16.235,0.671,-10.742
-0.144,0.662,-1.023,18.066,0.854,-7.629
-0.160,0.657,-1.082,25.879,2.258,-3.784
-0.179,0.645,-1.098,38.269,2.869,-1.770
-0.206,0.621,-1.073,53.467,5.188,-1.526
-0.229,0.572,-1.013,68.604,12.695,-1.587
-0.226,0.509,-0.919,80.017,24.475,-3.174
-0.188,0.487,-0.819,84.595,37.292,-5.432
-0.154,0.511,-0.724,84.534,48.706,-5.554
-0.111,0.510,-0.661,85.510,56.519,-3.601
-0.101,0.485,-0.606,86.792,58.899,-1.221
-0.140,0.446,-0.607,90.088,56.580,1.892
-0.166,0.451,-0.622,97.473,49.316,3.906
-0.184,0.452,-0.621,109.924,37.598,3.784
-0.198,0.437,-0.579,124.939,25.574,1.953
-0.235,0.400,-0.542,138.245,18.616,0.122
-0.240,0.361,-0.488,146.667,18.311,-1.465
-0.213,0.389,-0.401,147.156,21.606,-4.944
-0.189,0.413,-0.314,146.790,26.428,-7.080
-0.199,0.375,-0.218,147.156,29.663,-6.042
-0.204,0.370,-0.138,143.799,29.846,-7.385
-0.188,0.403,-0.096,138.733,29.419,-8.301
-0.166,0.415,-0.058,135.437,29.175,-5.676
-0.174,0.378,-0.049,134.521,27.466,-2.747
-0.230,0.340,-0.099,138.245,22.034,-1.160
-0.203,0.381,-0.116,145.996,11.353,-1.831
-0.195,0.384,-0.066,156.433,0.366,-3.357
-0.207,0.313,0.037,165.100,-5.920,-4.089
-0.196,0.276,0.138,166.809,-5.920,-4.272
-0.162,0.293,0.243,163.513,-0.732,-3.540
-0.179,0.275,0.343,159.241,3.906,-2.441
-0.144,0.257,0.477,148.193,5.554,3.052
-0.201,0.184,0.582,144.409,-1.526,15.869
-0.242,0.274,0.749,149.048,-14.160,13.550
-0.250,0.319,0.881,156.555,-15.076,-0.916

-0.056,0.732,1.641,143.677,0.061,-19.409
-0.066,0.822,1.667,133.850,-5.127,-12.390
-0.097,0.848,1.646,124.817,-11.963,-4.089
-0.205,0.909,1.584,113.403,-16.602,2.869
-0.296,0.943,1.523,97.473,-20.874,14.832
-0.369,0.961,1.526,80.444,-23.132,25.085
-0.506,0.974,1.534,70.801,-26.184,28.076
-0.520,1.004,1.531,69.275,-27.100,32.043
-0.608,1.042,1.588,65.857,-21.362,33.875
-0.661,1.099,1.665,62.683,-16.602,13.672
-0.603,1.163,1.733,66.101,-12.085,7.446
-0.579,1.142,1.840,63.538,-5.005,-2.502
-0.490,1.154,1.902,55.908,1.343,-9.155
-0.389,1.202,1.926,43.091,5.981,-11.536
-0.323,1.199,1.889,29.663,5.249,-8.362
-0.281,1.194,1.794,16.235,0.061,-3.845
-0.263,1.140,1.713,4.456,-5.005,-0.427
-0.261,1.090,1.640,-5.859,-7.935,1.587
-0.246,1.069,1.550,-16.907,-7.690,0.366
-0.255,0.994,1.486,-23.560,-5.676,-0.122
-0.251,0.947,1.429,-28.076,-2.808,-1.282
-0.230,0.926,1.388,-33.630,-1.282,-4.517
-0.197,0.910,1.332,-38.696,0.122,-7.019
-0.143,0.929,1.260,-41.626,1.038,-8.179
-0.095,0.927,1.183,-42.969,0.427,-7.812
-0.093,0.848,1.146,-43.762,0.671,-4.944
-0.116,0.782,1.127,-49.072,1.709,-2.686
-0.091,0.790,1.052,-58.228,2.197,-2.441
-0.026,0.770,0.968,-65.918,1.587,0.549
-0.092,0.759,0.886,-68.726,-1.343,-2.869
-0.091,0.690,0.832,-65.735,-2.869,2.991
-0.137,0.641,0.797,-69.641,-3.540,4.517
-0.108,0.634,0.753,-76.721,-1.160,3.052
-0.077,0.630,0.664,-82.520,-0.488,5.371
-0.096,0.582,0.588,-87.830,-1.221,6.226
-0.100,0.565,0.493,-90.454,-7.446,9.705
-0.104,0.564,0.404,-93.567,-13.367,11.169
-0.101,0.529,0.317,-96.436,-13.428,13.794
-0.093,0.516,0.218,-98.938,-11.963,17.273
-0.083,0.484,0.134,-98.877,-14.038,20.630
-0.096,0.455,0.086,-99.182,-18.738,22.827
-0.116,0.424,0.048,-101.135,-21.362,24.780
-0.131,0.422,-0.011,-104.065,-21.301,26.123
-0.160,0.419,-0.040,-106.262,-20.142,27.344
-0.180,0.389,-0.060,-106.201,-18.250,28.198
-0.194,0.397,-0.113,-106.079,-17.395,27.283
-0.194,0.405,-0.178,-105.103,-19.104,25.635
-0.222,0.377,-0.222,-103.149,-21.484,24.597
-0.256,0.372,-0.267,-101.990,-22.095,23.254
-0.257,0.384,-0.310,-100.586,-20.447,20.874
-0.257,0.390,-0.361,-98.572,-16.724,19.104
-0.281,0.394,-0.422,-93.628,-14.648,18.066
-0.286,0.389,-0.436,-86.487,-16.113,15.198
-0.293,0.395,-0.435,-81.177,-17.883,11.658
-0.314,0.390,-0.483,-77.454,-17.151,9.644
-0.345,0.370,-0.538,-73.792,-15.991,8.057
-0.351,0.372,-0.597,-70.984,-15.320,5.005
-0.352,0.373,-0.630,-69.641,-12.817,2.502
-0.347,0.379,-0.669,-68.542,-8.118,1.282
-0.341,0.384,-0.721,-66.101,-5.127,0.244
-0.346,0.374,-0.761,-61.218,-5.554,-0.732
-0.336,0.383,-0.782,-55.969,-8.545,-2.441
-0.336,0.375,-0.802,-51.575,-10.742,-3.052
-0.368,0.336,-0.838,-47.852,-11.841,-2.075
-0.392,0.335,-0.901,-44.983,-13.794,-2.319
-0.397,0.344,-0.984,-41.687,-16.418,-3.967
-0.388,0.347,-1.040,-37.903,-17.883,-5.127
-0.381,0.342,-1.082,-34.058,-17.761,-5.554
-0.373,0.324,-1.140,-30.640,-17.151,-6.592
-0.374,0.302,-1.186,-28.564,-16.479,-7.996
-0.354,0.283,-1.242,-26.489,-13.550,-9.583
-0.335,0.293,-1.322,-25.757,-9.399,-11.536
-0.291,0.285,-1.396,-23.499,-5.249,-12.329
-0.235,0.265,-1.436,-19.714,-3.479,-12.512
-0.137,0.260,-1.424,-16.479,-4.883,-12.085
-0.199,0.310,-1.516,-13.672,-7.568,-10.986
-0.138,0.240,-1.526,-3.723,-8.911,-9.216
-0.132,0.284,-1.538,2.197,-13.794,-8.179
-0.126,0.285,-1.558,7.446,-15.625,-6.592
-0.146,0.270,-1.549,14.282,-13.123,-4.700
-0.154,0.273,-1.509,20.569,-10.681,-3.845
-0.146,0.286,-1.451,25.574,-8.545,-4.211
-0.128,0.319,-1.377,29.419,-6.165,-4.517
-0.096,0.336,-1.312,34.912,-5.066,-4.333
-0.077,0.355,-1.247,41.992,-5.981,-3.296
-0.081,0.362,-1.183,49.622,-8.362,-2.380
-0.096,0.372,-1.135,55.786,-10.742,-0.854
-0.106,0.399,-1.111,60.547,-12.024,2.014
-0.117,0.411,-1.091,64.697,-14.709,5.676
-0.120,0.424,-1.087,68.542,-18.494,10.132
-0.138,0.410,-1.106,72.876,-22.278,15.259
-0.161,0.393,-1.150,76.477,-26.184,19.409
-0.212,0.394,-1.193,79.041,-30.151,21.240
-0.253,0.376,-1.209,82.703,-29.663,22.644
-0.336,0.352,-1.203,85.938,-24.719,21.667
-0.361,0.364,-1.202,88.806,-18.250,17.395
-0.354,0.353,-1.149,94.604,-12.878,13.184
-0.358,0.329,-1.056,99.670,-9.155,8.667
-0.335,0.314,-0.970,102.295,-6.531,4.333
-0.295,0.342,-0.918,102.295,-4.883,0.732
-0.294,0.339,-0.870,102.844,-3.845,0.061
-0.288,0.370,-0.816,103.210,-5.859,1.160
-0.302,0.374,-0.767,104.126,-6.714,3.357
-0.338,0.364,-0.768,107.483,-7.446,3.906
-0.350,0.399,-0.763,112.183,-11.169,1.831
-0.328,0.416,-0.703,119.080,-14.221,-1.648
-0.312,0.410,-0.596,124.756,-12.512,-6.714
-0.279,0.406,-0.497,127.441,-7.202,-12.817
-0.217,0.426,-0.395,127.319,-0.244,-18.494
-0.143,0.462,-0.302,124.207,9.216,-22.644
-0.057,0.493,-0.180,118.286,18.677,-23.926
0.044,0.554,-0.115,108.337,26.855,-22.095
0.067,0.491,-0.148,100.037,32.227,-16.296
0.018,0.486,-0.304,99.854,28.259,-7.141
-0.026,0.515,-0.412,109.741,7.202,-0.916
-0.070,0.492,-0.365,127.441,-16.907,2.747
-0.104,0.452,-0.245,140.869,-26.550,3.296
-0.109,0.424,-0.157,143.982,-17.822,0.977
-0.050,0.435,-0.102,142.395,-5.554,-3.906

0.037,1.112,1.323,139.038,16.296,1.221
-0.031,1.132,1.402,129.456,9.766,6.653
-0.053,1.229,1.308,116.028,1.038,12.024
-0.089,1.303,1.207,100.647,-3.113,23.804
-0.159,1.319,1.146,84.595,-6.958,35.889
-0.275,1.328,1.099,73.364,-12.268,43.640
-0.411,1.339,1.026,67.810,-15.930,50.415
-0.572,1.322,0.984,66.833,-18.127,51.270
-0.684,1.311,0.979,68.970,-17.761,44.495
-0.761,1.320,0.994,70.007,-15.808,31.128
-0.758,1.386,1.094,71.655,-14.709,15.930
-0.709,1.420,1.259,72.815,-11.841,1.770
-0.651,1.454,1.427,70.190,-4.333,-7.629
-0.573,1.483,1.566,59.631,2.258,-12.756
-0.457,1.518,1.679,43.823,4.517,-12.878
-0.392,1.483,1.738,24.963,3.113,-9.521
-0.355,1.446,1.682,4.639,-0.061,-4.517
-0.320,1.428,1.552,-13.550,-4.089,-1.404
-0.306,1.382,1.406,-25.696,-6.226,-1.038
-0.310,1.325,1.291,-31.921,-6.165,-0.610
-0.313,1.269,1.230,-36.133,-6.653,-1.282
-0.304,1.211,1.190,-39.612,-7.996,-4.272
-0.283,1.147,1.178,-44.189,-9.705,-7.812
-0.234,1.127,1.120,-51.758,-10.803,-12.207
-0.201,1.090,1.046,-60.242,-9.460,-13.916
-0.185,1.042,0.960,-68.420,-7.935,-12.024
-0.115,0.981,0.930,-75.684,-3.906,-10.681
-0.108,0.932,0.811,-78.064,-7.507,-12.512
-0.117,0.885,0.694,-82.397,-3.357,-17.090
-0.089,0.839,0.617,-86.975,-3.052,-14.526
-0.074,0.789,0.549,-93.140,-9.460,-12.512
-0.054,0.775,0.492,-101.501,-13.306,-11.108
-0.035,0.750,0.479,-110.107,-10.925,-3.967
-0.038,0.667,0.500,-119.019,-10.071,6.226
-0.038,0.624,0.473,-132.202,-14.465,13.428
-0.021,0.609,0.391,-148.315,-19.409,17.700
-0.015,0.555,0.304,-162.415,-21.606,22.766
-0.028,0.503,0.226,-175.720,-22.827,27.039
-0.022,0.475,0.129,-188.965,-24.963,30.762
-0.046,0.441,0.024,-199.646,-28.015,36.438
-0.089,0.391,-0.076,-204.895,-32.532,43.335
-0.130,0.366,-0.149,-207.092,-38.086,47.180
-0.179,0.345,-0.170,-204.102,-41.748,46.326
-0.174,0.314,-0.194,-201.660,-39.307,41.321
-0.189,0.312,-0.210,-203.003,-31.372,36.926
-0.191,0.325,-0.236,-203.857,-22.644,34.485
-0.191,0.304,-0.279,-200.928,-17.639,31.555
-0.182,0.313,-0.320,-197.205,-17.395,28.320
-0.182,0.318,-0.373,-193.176,-18.616,25.757
-0.213,0.283,-0.441,-185.547,-19.104,26.428
-0.232,0.273,-0.507,-177.185,-21.057,25.757
-0.232,0.281,-0.566,-169.678,-24.231,21.667
-0.239,0.266,-0.619,-160.645,-24.658,18.616
-0.261,0.250,-0.660,-151.367,-24.475,14.709
-0.270,0.262,-0.705,-143.616,-25.085,8.118
-0.284,0.270,-0.749,-135.071,-24.841,1.709
-0.305,0.254,-0.772,-126.953,-23.621,-3.052
-0.310,0.246,-0.799,-121.033,-20.630,-7.568
-0.307,0.257,-0.840,-118.286,-15.747,-11.719
-0.279,0.261,-0.873,-115.845,-10.986,-13.611
-0.259,0.280,-0.902,-115.051,-8.179,-13.184
-0.254,0.292,-0.947,-113.403,-7.324,-11.963
-0.249,0.300,-1.015,-109.497,-7.568,-11.230
-0.254,0.304,-1.090,-104.004,-9.155,-10.071
-0.261,0.298,-1.144,-98.206,-12.573,-8.179
-0.273,0.300,-1.202,-93.201,-15.564,-6.165
-0.273,0.302,-1.275,-86.548,-17.761,-4.395
-0.266,0.286,-1.334,-78.796,-20.752,-2.991
-0.256,0.287,-1.378,-71.289,-24.414,-1.770
-0.254,0.263,-1.439,-62.988,-29.785,-0.183
-0.266,0.242,-1.508,-55.359,-34.424,1.282
-0.249,0.246,-1.560,-47.668,-35.339,-0.061
-0.218,0.258,-1.595,-39.429,-31.860,-1.831
-0.179,0.247,-1.601,-28.625,-25.269,-2.563
-0.151,0.228,-1.588,-18.372,-18.738,-3.052
-0.131,0.233,-1.567,-11.108,-12.878,-4.395
-0.100,0.242,-1.549,-3.113,-6.714,-5.310
-0.064,0.244,-1.535,5.737,-1.160,-5.737
-0.057,0.249,-1.496,12.268,2.808,-3.418
-0.046,0.276,-1.456,18.433,4.944,-0.122
-0.019,0.287,-1.423,26.062,6.653,2.502
-0.010,0.296,-1.376,33.997,6.775,6.409
0.000,0.302,-1.327,41.626,6.897,11.047
0.011,0.301,-1.282,47.607,7.690,14.832
0.017,0.294,-1.261,52.673,8.301,18.982
0.018,0.298,-1.276,57.983,6.897,23.376
-0.001,0.311,-1.287,65.308,2.258,28.198
-0.041,0.301,-1.280,75.195,-3.967,33.569
-0.096,0.264,-1.256,85.327,-9.583,38.086
-0.142,0.254,-1.208,91.248,-11.597,40.222
-0.182,0.258,-1.156,95.947,-7.935,40.588
-0.213,0.233,-1.099,101.807,-0.793,39.673
-0.237,0.240,-1.058,106.079,7.324,36.255
-0.250,0.273,-1.023,112.122,14.526,31.372
-0.238,0.289,-0.972,120.911,18.555,25.635
-0.237,0.289,-0.906,130.188,22.705,20.630
-0.232,0.291,-0.842,138.733,28.442,16.785
-0.208,0.297,-0.793,144.775,33.875,12.573
-0.208,0.291,-0.750,149.658,38.757,9.888
-0.229,0.288,-0.690,153.687,39.917,8.789
-0.236,0.299,-0.661,158.020,38.086,6.409
-0.243,0.297,-0.621,162.292,37.476,4.456
-0.244,0.311,-0.577,165.039,38.330,3.418
-0.259,0.304,-0.543,168.823,39.673,3.113
-0.254,0.310,-0.479,172.668,40.222,1.892
-0.229,0.341,-0.411,174.988,41.321,-1.343
-0.200,0.353,-0.331,177.490,43.823,-3.479
-0.167,0.367,-0.256,177.917,46.448,-3.845
-0.152,0.373,-0.230,179.138,47.424,-1.160
-0.158,0.371,-0.217,182.373,43.213,3.357
-0.141,0.381,-0.173,185.913,34.058,6.775
-0.120,0.385,-0.152,187.988,28.076,10.193
-0.163,0.362,-0.188,193.176,24.841,16.418
-0.150,0.380,-0.205,204.712,16.724,19.775
-0.159,0.351,-0.171,221.741,6.897,20.569
-0.183,0.314,-0.130,238.342,1.282,22.949
-0.184,0.309,-0.127,252.014,1.404,22.827
-0.169,0.316,-0.124,266.418,7.874,22.583
-0.147,0.310,-0.092,281.006,19.531,25.146

-0.292,0.546,1.866,206.482,44.678,-12.634
-0.312,0.655,2.124,192.200,42.053,-6.104
-0.358,0.693,2.406,176.025,35.461,-0.427
-0.399,0.775,2.700,153.198,28.015,6.714
-0.407,0.944,2.872,118.225,21.790,14.526
-0.404,1.108,2.932,85.815,14.709,17.395
-0.409,1.269,2.869,60.669,3.296,24.414
-0.494,1.376,2.735,41.199,-7.507,27.893
-0.641,1.384,2.531,29.968,-14.526,26.123
-0.729,1.355,2.327,24.719,-20.569,22.827
-0.771,1.320,2.139,17.944,-23.499,13.184
-0.760,1.265,1.949,10.193,-21.118,5.676
-0.719,1.190,1.753,1.831,-17.456,2.319
-0.677,1.107,1.574,-5.249,-16.235,0.916
-0.647,0.986,1.461,-11.169,-18.433,0.183
-0.594,0.900,1.394,-17.822,-21.301,-2.197
-0.534,0.833,1.353,-25.269,-20.325,-7.080
-0.451,0.793,1.311,-31.860,-14.709,-12.451
-0.353,0.766,1.259,-37.476,-6.287,-17.029
-0.264,0.734,1.219,-41.870,0.183,-18.982
-0.186,0.693,1.185,-46.143,2.380,-17.883
-0.128,0.664,1.162,-51.819,1.404,-16.357
-0.083,0.619,1.089,-59.326,-0.061,-12.146
-0.068,0.614,1.048,-65.369,-0.061,-13.489
-0.042,0.580,0.981,-63.599,0.671,-13.306
-0.017,0.519,0.892,-67.505,1.770,-7.812
-0.045,0.493,0.817,-74.463,-1.709,-6.042
-0.049,0.454,0.743,-80.994,-6.287,-0.732
-0.057,0.412,0.695,-88.257,-9.766,4.883
-0.049,0.410,0.635,-96.985,-13.245,8.972
-0.056,0.386,0.527,-105.103,-17.700,12.207
-0.074,0.360,0.413,-112.610,-23.682,15.198
-0.088,0.349,0.297,-119.141,-28.870,16.785
-0.096,0.337,0.180,-124.451,-32.349,18.555
-0.116,0.332,0.059,-128.418,-36.621,21.301
-0.129,0.345,-0.056,-130.493,-43.091,24.170
-0.137,0.351,-0.123,-132.507,-49.133,25.940
-0.152,0.357,-0.182,-132.996,-52.734,26.611
-0.157,0.356,-0.247,-131.897,-53.406,26.306
-0.175,0.329,-0.280,-130.798,-51.392,25.696
-0.189,0.313,-0.306,-131.348,-46.692,24.719
-0.199,0.323,-0.340,-132.812,-41.138,22.217
-0.223,0.322,-0.383,-132.812,-36.316,19.226
-0.244,0.325,-0.422,-131.775,-33.264,16.541
-0.272,0.337,-0.474,-130.005,-31.189,13.794
-0.312,0.349,-0.545,-124.634,-29.114,10.742
-0.322,0.371,-0.593,-117.981,-27.344,6.653
-0.338,0.386,-0.620,-110.779,-24.658,1.465
-0.348,0.409,-0.652,-103.149,-20.508,-3.174
-0.355,0.432,-0.671,-96.680,-15.808,-8.545
-0.360,0.443,-0.717,-88.501,-11.108,-13.550
-0.372,0.435,-0.754,-81.665,-8.728,-17.761
-0.373,0.423,-0.759,-80.994,-8.667,-21.179
-0.382,0.448,-0.767,-85.022,-8.911,-25.024
-0.363,0.489,-0.800,-88.318,-8.911,-30.151
-0.348,0.515,-0.829,-88.501,-8.423,-33.081
-0.324,0.514,-0.873,-86.182,-8.484,-34.363
-0.303,0.495,-0.918,-84.900,-12.024,-33.569
-0.284,0.493,-0.958,-83.313,-19.104,-29.480
-0.249,0.515,-0.978,-82.031,-28.015,-25.696
-0.244,0.519,-1.018,-79.834,-36.194,-24.109
-0.236,0.511,-1.064,-76.538,-40.771,-23.315
-0.213,0.521,-1.115,-72.937,-39.490,-23.560
-0.176,0.533,-1.162,-68.787,-33.142,-24.109
-0.139,0.542,-1.190,-63.171,-24.841,-23.376
-0.105,0.548,-1.207,-56.641,-18.494,-22.644
-0.067,0.559,-1.222,-49.133,-15.564,-22.583
-0.038,0.564,-1.249,-40.283,-15.747,-22.583
-0.020,0.548,-1.270,-31.311,-18.738,-21.606
0.005,0.551,-1.286,-27.039,-21.240,-18.127
0.002,0.570,-1.311,-23.987,-22.400,-13.184
-0.008,0.565,-1.344,-18.860,-22.400,-8.118
-0.006,0.542,-1.382,-12.878,-19.897,-2.563
-0.003,0.529,-1.417,-8.057,-15.503,1.709
0.003,0.545,-1.447,-4.211,-10.864,5.249
-0.020,0.538,-1.476,1.404,-8.728,10.254
-0.021,0.531,-1.464,8.301,-8.728,12.939
-0.020,0.543,-1.434,15.259,-7.019,13.794
-0.017,0.546,-1.396,25.391,-3.601,15.869
-0.032,0.543,-1.341,36.133,-0.366,19.775
-0.044,0.531,-1.279,47.302,1.770,22.583
-0.041,0.521,-1.227,57.068,2.808,23.621
-0.041,0.514,-1.173,65.735,3.296,24.231
-0.039,0.509,-1.129,72.937,3.784,24.658
-0.037,0.516,-1.098,79.285,5.005,25.452
-0.042,0.514,-1.085,87.219,7.080,27.222
-0.066,0.503,-1.080,97.168,7.446,29.541
-0.092,0.480,-1.041,106.995,5.798,30.457
-0.111,0.469,-0.996,114.319,6.348,30.396
-0.125,0.461,-0.941,119.263,10.132,29.785
-0.135,0.457,-0.906,124.573,15.198,28.870
-0.126,0.464,-0.864,130.981,19.226,26.550
-0.103,0.473,-0.814,137.695,22.461,24.353
-0.101,0.457,-0.754,144.653,25.085,24.109
-0.113,0.442,-0.680,149.780,26.917,25.330
-0.111,0.447,-0.618,152.100,29.785,27.039
-0.100,0.453,-0.560,153.259,35.278,29.480
-0.106,0.445,-0.508,153.137,41.199,32.654
-0.130,0.421,-0.471,153.076,44.434,35.583
-0.181,0.400,-0.479,155.823,43.884,37.048
-0.190,0.412,-0.484,160.767,37.903,34.241
-0.201,0.428,-0.463,169.373,29.175,29.663
-0.209,0.426,-0.423,180.603,21.606,26.062
-0.229,0.373,-0.357,187.378,19.409,23.254
-0.235,0.330,-0.276,188.782,24.780,22.095
-0.205,0.332,-0.196,184.875,35.461,21.240
-0.169,0.354,-0.125,179.382,45.410,20.325
-0.146,0.357,-0.061,175.110,50.659,20.874
-0.132,0.345,-0.018,171.692,52.429,24.170
-0.187,0.281,-0.069,173.340,50.354,30.823
-0.235,0.260,-0.081,184.998,36.682,34.729
-0.219,0.282,-0.006,198.608,15.625,29.358
-0.218,0.263,0.161,207.642,4.395,25.208
-0.264,0.211,0.365,203.247,8.484,27.100
-0.295,0.221,0.551,190.796,24.170,28.015
-0.280,0.286,0.733,177.429,45.471,26.611
-0.210,0.332,0.898,165.771,62.317,25.269
-0.285,0.428,0.988,152.039,63.416,24.658
-0.248,0.560,1.101,147.522,57.983,48.828

-0.364,0.703,1.341,171.265,18.799,30.884
-0.406,0.715,1.390,176.697,13.306,29.480
-0.453,0.741,1.350,176.331,2.075,37.109
-0.556,0.746,1.280,170.654,-8.911,39.917
-0.636,0.769,1.212,162.659,-9.827,45.837
-0.724,0.797,1.210,157.532,-4.272,51.453
-0.866,0.826,1.312,152.344,6.165,49.011
-0.923,0.837,1.496,141.174,18.738,49.988
-0.916,0.918,1.690,123.413,30.762,45.776
-0.922,1.031,1.861,106.934,34.485,44.800
-0.942,1.106,2.004,94.788,39.490,34.790
-0.955,1.071,2.139,85.815,44.739,22.644
-0.927,1.034,2.231,60.059,51.025,15.625
-0.910,1.100,2.208,25.085,45.471,-12.939
-0.814,1.114,2.110,1.892,34.851,-28.137
-0.725,1.094,1.999,-16.235,29.297,-31.921
-0.661,1.063,1.889,-31.311,22.644,-32.227
-0.573,1.032,1.776,-44.861,12.634,-29.175
-0.507,0.989,1.632,-57.556,1.892,-25.574
-0.460,0.931,1.484,-66.711,-6.531,-23.132
-0.420,0.869,1.363,-71.106,-11.353,-23.315
-0.385,0.819,1.256,-73.242,-11.963,-25.818
-0.348,0.787,1.178,-75.256,-9.399,-27.954
-0.326,0.734,1.146,-77.637,-5.127,-29.358
-0.303,0.678,1.144,-81.360,0.061,-30.701
-0.266,0.673,1.107,-88.440,6.653,-32.166
-0.212,0.655,1.087,-95.764,13.733,-28.137
-0.185,0.615,1.062,-100.891,14.099,-36.743
-0.156,0.635,1.043,-100.403,19.470,-47.668
-0.064,0.596,0.950,-107.849,17.273,-34.851
-0.073,0.607,0.862,-119.019,9.766,-33.081
-0.072,0.577,0.773,-127.319,3.357,-24.109
-0.060,0.525,0.680,-133.484,-2.747,-11.719
-0.058,0.501,0.589,-141.846,-11.108,-3.723
-0.060,0.487,0.506,-149.780,-19.043,1.404
-0.076,0.445,0.388,-154.968,-26.001,5.188
-0.114,0.404,0.303,-160.889,-33.997,6.958
-0.109,0.396,0.232,-169.556,-41.382,7.874
-0.119,0.399,0.173,-181.396,-44.678,10.620
-0.131,0.399,0.110,-191.711,-43.518,17.029
-0.161,0.382,0.057,-197.632,-41.382,24.292
-0.180,0.367,0.010,-197.754,-40.222,28.320
-0.206,0.362,-0.025,-196.533,-39.124,27.588
-0.211,0.356,-0.066,-195.312,-38.208,22.644
-0.204,0.382,-0.102,-197.388,-36.621,14.771
-0.177,0.433,-0.153,-200.134,-33.142,7.996
-0.172,0.461,-0.207,-198.242,-28.931,5.432
-0.173,0.458,-0.246,-192.444,-24.597,6.226
-0.185,0.449,-0.285,-186.462,-21.179,7.874
-0.208,0.441,-0.337,-180.603,-19.409,8.972
-0.235,0.444,-0.392,-172.302,-20.325,8.850
-0.266,0.444,-0.460,-161.072,-22.583,7.080
-0.288,0.448,-0.510,-149.353,-24.963,3.967
-0.318,0.431,-0.562,-138.123,-25.696,-0.122
-0.335,0.420,-0.609,-131.775,-25.696,-6.165
-0.336,0.448,-0.641,-130.920,-25.391,-12.390
-0.322,0.486,-0.671,-130.554,-23.071,-16.479
-0.331,0.493,-0.719,-126.770,-19.531,-18.799
-0.329,0.501,-0.747,-121.094,-17.212,-20.935
-0.318,0.516,-0.773,-115.784,-15.381,-24.231
-0.316,0.534,-0.797,-111.267,-13.672,-26.062
-0.305,0.552,-0.810,-107.361,-13.306,-25.757
-0.294,0.542,-0.846,-102.783,-13.672,-24.963
-0.288,0.551,-0.880,-98.938,-15.747,-23.193
-0.289,0.540,-0.928,-95.459,-19.775,-20.813
-0.286,0.536,-0.995,-91.431,-25.635,-18.799
-0.259,0.555,-1.038,-90.515,-32.898,-17.761
-0.254,0.567,-1.089,-87.830,-38.574,-17.639
-0.229,0.571,-1.143,-82.153,-41.565,-18.677
-0.208,0.583,-1.209,-75.378,-41.443,-20.508
-0.182,0.592,-1.259,-68.298,-38.147,-21.790
-0.147,0.596,-1.296,-60.974,-31.738,-22.278
-0.113,0.593,-1.328,-53.772,-23.865,-22.278
-0.077,0.599,-1.354,-47.791,-17.273,-21.301
-0.034,0.606,-1.368,-42.542,-11.963,-19.409
-0.003,0.609,-1.381,-35.828,-7.996,-17.029
0.022,0.619,-1.389,-27.893,-6.897,-14.404
0.040,0.626,-1.391,-19.226,-7.935,-11.597
0.046,0.625,-1.375,-10.254,-9.705,-7.812
0.052,0.627,-1.359,-1.770,-10.559,-2.869
0.055,0.623,-1.343,5.981,-10.559,2.075
0.068,0.598,-1.346,14.221,-9.338,8.240
0.067,0.589,-1.354,21.301,-7.874,13.916
0.079,0.597,-1.360,26.978,-8.789,18.616
0.090,0.609,-1.363,33.936,-11.475,23.254
0.072,0.613,-1.354,42.664,-15.503,28.625
0.036,0.594,-1.332,52.917,-20.264,35.278
-0.005,0.570,-1.307,64.758,-24.780,41.199
-0.039,0.559,-1.278,76.111,-27.893,45.166
-0.066,0.557,-1.235,87.952,-28.809,47.424
-0.080,0.537,-1.186,99.426,-25.635,48.157
-0.084,0.513,-1.134,109.619,-18.250,48.279
-0.088,0.500,-1.078,117.737,-8.728,48.706
-0.084,0.497,-1.009,123.840,0.549,48.706
-0.069,0.500,-0.952,128.662,9.521,47.363
-0.057,0.507,-0.903,134.155,17.456,46.204
-0.061,0.500,-0.860,140.991,23.743,46.875
-0.087,0.478,-0.821,148.376,27.466,48.645
-0.113,0.460,-0.787,155.945,29.907,49.866
-0.140,0.460,-0.747,164.612,31.250,49.072
-0.158,0.444,-0.705,174.561,32.898,46.692
-0.178,0.405,-0.639,184.021,36.438,44.067
-0.183,0.385,-0.567,189.819,43.213,40.955
-0.172,0.387,-0.499,192.688,53.101,37.415
-0.151,0.383,-0.424,194.031,63.293,35.034
-0.125,0.382,-0.348,193.542,70.801,34.119
-0.106,0.387,-0.272,190.552,74.829,34.729
-0.094,0.406,-0.198,186.584,75.745,36.560
-0.078,0.416,-0.147,185.059,73.364,39.124
-0.105,0.396,-0.128,186.707,67.871,43.579
-0.157,0.351,-0.115,191.650,58.716,48.096
-0.179,0.343,-0.072,197.266,47.424,48.645
-0.185,0.356,-0.003,203.369,39.001,46.631
-0.199,0.344,0.093,209.351,37.048,47.546
-0.203,0.322,0.239,215.759,41.260,51.208
-0.194,0.303,0.420,219.910,51.392,56.091
-0.195,0.285,0.579,219.849,63.904,62.622
-0.171,0.295,0.673,218.140,70.374,67.871
-0.143,0.328,0.703,215.393,65.002,69.031

-0.909,0.092,1.475,174.866,52.734,104.675
-1.020,0.113,1.661,149.292,63.171,88.379
-1.055,0.227,1.788,122.009,75.317,67.566
-1.013,0.340,1.847,102.539,83.740,54.626
-0.994,0.445,1.898,88.684,84.534,46.204
-0.991,0.480,1.918,81.787,77.026,38.208
-1.024,0.503,1.942,71.533,66.040,24.963
-1.039,0.521,1.972,57.617,48.584,23.499
-1.055,0.524,2.023,39.551,28.503,28.992
-1.057,0.525,2.079,18.127,13.428,31.372
-1.041,0.530,2.072,1.892,7.019,19.653
-1.026,0.522,2.028,-10.254,10.315,-3.174
-0.967,0.509,1.947,-22.827,19.958,-19.897
-0.879,0.508,1.854,-37.842,25.513,-31.616
-0.790,0.497,1.765,-54.016,23.804,-42.542
-0.709,0.487,1.705,-69.641,21.362,-51.880
-0.619,0.503,1.641,-84.106,22.095,-59.814
-0.530,0.512,1.567,-95.337,24.109,-66.956
-0.453,0.504,1.505,-103.210,24.658,-69.824
-0.398,0.494,1.452,-109.253,23.499,-68.665
-0.353,0.478,1.397,-114.319,22.888,-65.491
-0.324,0.458,1.332,-120.422,20.691,-61.707
-0.291,0.427,1.271,-127.625,14.954,-57.983
-0.277,0.418,1.200,-136.292,7.690,-54.138
-0.247,0.410,1.128,-144.592,0.549,-50.781
-0.251,0.387,1.075,-152.832,-5.005,-48.035
-0.244,0.379,1.030,-158.691,-7.629,-43.457
-0.247,0.375,0.978,-166.138,-8.118,-40.771
-0.243,0.351,0.894,-175.110,-11.841,-37.903
-0.227,0.359,0.816,-186.829,-22.156,-33.875
-0.193,0.383,0.737,-199.646,-36.804,-22.888
-0.184,0.380,0.651,-207.214,-52.185,-11.169
-0.212,0.354,0.558,-207.520,-67.261,-6.104
-0.214,0.352,0.469,-204.285,-81.726,-7.568
-0.220,0.367,0.384,-201.965,-92.590,-13.184
-0.207,0.367,0.330,-200.195,-98.022,-18.433
-0.230,0.366,0.249,-197.998,-95.276,-17.029
-0.215,0.380,0.178,-195.312,-84.229,-18.738
-0.204,0.389,0.100,-195.374,-71.411,-24.658
-0.184,0.392,0.039,-196.045,-61.829,-24.719
-0.174,0.394,-0.017,-195.007,-55.115,-19.653
-0.164,0.401,-0.066,-192.444,-48.401,-14.709
-0.150,0.397,-0.114,-188.293,-43.823,-10.925
-0.160,0.382,-0.175,-182.129,-42.175,-8.301
-0.169,0.387,-0.229,-175.049,-42.480,-7.996
-0.162,0.404,-0.266,-168.030,-42.908,-10.986
-0.168,0.422,-0.297,-160.950,-42.908,-14.954
-0.188,0.430,-0.347,-154.297,-41.443,-17.273
-0.213,0.430,-0.391,-150.085,-39.001,-17.395
-0.253,0.435,-0.437,-147.705,-36.743,-18.433
-0.289,0.447,-0.495,-143.005,-35.950,-21.179
-0.303,0.464,-0.530,-139.832,-36.682,-26.489
-0.327,0.469,-0.567,-139.404,-37.659,-32.593
-0.345,0.483,-0.604,-141.602,-38.940,-37.415
-0.361,0.527,-0.650,-145.447,-38.818,-40.039
-0.371,0.564,-0.697,-145.752,-37.720,-42.480
-0.354,0.592,-0.743,-142.578,-37.964,-45.471
-0.333,0.615,-0.785,-137.756,-39.551,-47.607
-0.303,0.642,-0.821,-132.385,-41.382,-48.828
-0.278,0.660,-0.855,-126.709,-41.809,-48.645
-0.253,0.666,-0.898,-120.483,-41.199,-47.302
-0.221,0.670,-0.937,-114.502,-40.710,-45.654
-0.196,0.684,-0.983,-108.704,-40.894,-43.579
-0.161,0.696,-1.027,-103.394,-42.480,-43.091
-0.120,0.699,-1.082,-98.389,-42.236,-43.396
-0.089,0.701,-1.140,-92.773,-38.757,-43.030
-0.041,0.711,-1.194,-85.999,-33.691,-42.969
-0.011,0.721,-1.245,-79.468,-28.564,-42.908
0.029,0.721,-1.284,-72.083,-23.804,-41.504
0.061,0.729,-1.320,-64.636,-19.531,-39.063
0.093,0.737,-1.351,-55.481,-18.066,-36.011
0.111,0.748,-1.376,-45.349,-19.287,-32.104
0.147,0.744,-1.398,-35.706,-21.118,-27.039
0.159,0.739,-1.410,-26.855,-21.423,-20.630
0.195,0.753,-1.410,-18.005,-20.203,-12.878
0.222,0.738,-1.418,-8.911,-18.555,-3.845
0.231,0.722,-1.432,-0.427,-16.907,5.066
0.219,0.709,-1.442,8.423,-15.320,13.916
0.201,0.687,-1.438,20.020,-15.747,22.339
0.185,0.653,-1.429,31.616,-18.799,27.893
0.169,0.626,-1.401,41.321,-23.499,30.518
0.154,0.633,-1.381,49.866,-28.137,32.104
0.129,0.650,-1.348,58.167,-30.457,35.095
0.104,0.640,-1.297,69.763,-28.015,39.734
0.074,0.612,-1.219,81.177,-21.118,44.495
0.056,0.592,-1.134,89.966,-10.864,48.462
0.046,0.577,-1.066,98.145,0.732,51.697
0.038,0.556,-1.017,106.506,10.986,54.138
0.039,0.549,-0.979,114.868,17.822,55.481
0.048,0.557,-0.944,123.535,21.729,55.908
0.053,0.566,-0.912,134.277,23.560,57.556
0.038,0.559,-0.868,146.667,24.292,61.890
0.005,0.539,-0.828,159.668,24.841,68.420
-0.031,0.509,-0.777,172.363,26.001,75.500
-0.068,0.468,-0.712,183.899,28.076,80.933
-0.099,0.428,-0.635,191.345,31.250,84.045
-0.121,0.398,-0.552,194.458,36.926,84.961
-0.139,0.372,-0.468,195.435,45.227,84.290
-0.141,0.359,-0.386,193.481,53.223,81.909
-0.153,0.354,-0.332,190.918,59.875,78.369
-0.154,0.353,-0.286,190.796,63.843,75.562
-0.147,0.360,-0.244,191.956,65.002,73.486
-0.138,0.368,-0.197,192.017,63.538,72.693
-0.136,0.361,-0.164,193.054,61.340,73.486
-0.158,0.324,-0.142,195.740,58.350,75.195
-0.190,0.274,-0.112,199.463,53.711,76.599
-0.214,0.255,-0.055,201.721,48.889,75.134
-0.238,0.247,0.030,203.064,47.668,73.608
-0.264,0.232,0.145,204.407,52.612,75.989
-0.299,0.202,0.251,207.642,62.866,80.627
-0.305,0.166,0.371,210.205,74.280,84.595
-0.294,0.157,0.496,208.374,83.557,85.205
-0.281,0.173,0.550,204.407,87.585,83.130
-0.270,0.210,0.568,199.646,81.543,81.848
-0.254,0.261,0.587,197.083,66.406,81.909
-0.295,0.284,0.592,198.975,46.265,86.548
-0.391,0.294,0.619,200.256,19.714,97.229
-0.399,0.229,0.747,194.824,-8.606,130.615
-0.469,0.126,0.858,200.256,-24.658,153.137

-0.876,-0.209,1.487,202.881,62.927,132.080
-0.969,-0.192,1.660,176.270,71.960,108.521
-1.025,-0.126,1.827,142.700,74.341,93.384
-1.026,-0.054,1.962,117.798,82.153,84.900
-1.059,0.041,2.066,97.473,90.271,68.298
-1.082,0.131,2.116,82.031,92.712,52.002
-1.090,0.204,2.120,69.397,93.994,35.767
-1.113,0.268,2.104,59.448,88.196,23.071
-1.109,0.323,2.102,46.509,67.017,21.484
-1.102,0.366,2.121,30.273,37.048,27.588
-1.115,0.363,2.135,16.602,11.658,32.227
-1.150,0.327,2.125,5.737,-2.319,25.146
-1.159,0.292,2.088,-7.874,-4.822,4.028
-1.107,0.268,2.009,-25.330,1.953,-22.705
-1.011,0.277,1.913,-43.640,8.850,-45.044
-0.917,0.279,1.838,-58.716,10.071,-57.251
-0.821,0.284,1.794,-69.702,11.414,-60.730
-0.728,0.287,1.709,-76.843,15.076,-68.359
-0.652,0.299,1.631,-88.257,22.644,-78.735
-0.560,0.286,1.531,-99.060,23.560,-80.261
-0.493,0.275,1.433,-107.727,20.569,-80.627
-0.436,0.275,1.349,-115.784,19.958,-82.336
-0.391,0.255,1.273,-122.925,19.165,-81.787
-0.362,0.228,1.222,-132.141,14.771,-78.735
-0.350,0.188,1.175,-144.226,11.047,-75.684
-0.345,0.168,1.096,-154.846,10.864,-75.317
-0.331,0.151,1.011,-163.696,13.428,-75.195
-0.297,0.165,0.959,-169.312,12.207,-77.209
-0.253,0.167,0.959,-176.208,5.493,-77.637
-0.254,0.156,0.937,-189.148,-1.953,-76.782
-0.219,0.192,0.886,-205.811,-5.188,-69.580
-0.158,0.230,0.791,-219.788,-4.211,-57.495
-0.123,0.260,0.707,-230.896,-2.136,-48.706
-0.106,0.264,0.603,-236.450,-3.845,-42.542
-0.122,0.266,0.492,-236.633,-7.996,-35.461
-0.129,0.260,0.389,-234.131,-12.329,-29.785
-0.148,0.249,0.297,-229.492,-15.625,-21.790
-0.132,0.260,0.207,-217.407,-18.616,-20.264
-0.109,0.318,0.136,-211.548,-22.827,-30.762
-0.110,0.343,0.065,-210.205,-38.696,-33.997
-0.141,0.344,-0.006,-207.336,-57.678,-25.635
-0.170,0.352,-0.066,-203.979,-69.214,-13.977
-0.170,0.378,-0.115,-202.271,-73.303,-6.226
-0.188,0.396,-0.187,-201.294,-73.608,-2.747
-0.219,0.399,-0.255,-198.486,-70.068,-1.953
-0.241,0.401,-0.318,-196.045,-61.096,-3.296
-0.269,0.423,-0.369,-192.627,-49.133,-6.592
-0.273,0.456,-0.410,-186.707,-38.391,-10.742
-0.278,0.479,-0.442,-179.871,-29.297,-14.832
-0.287,0.501,-0.470,-171.509,-21.667,-16.785
-0.304,0.511,-0.506,-162.720,-16.846,-16.785
-0.317,0.525,-0.521,-154.480,-16.418,-16.785
-0.319,0.556,-0.531,-148.560,-19.226,-18.799
-0.336,0.558,-0.563,-143.066,-22.888,-20.935
-0.359,0.560,-0.611,-138.672,-26.978,-23.254
-0.361,0.586,-0.658,-135.376,-28.992,-26.855
-0.357,0.606,-0.703,-131.531,-27.771,-30.518
-0.348,0.627,-0.747,-127.747,-25.757,-33.020
-0.346,0.642,-0.789,-123.230,-26.184,-34.119
-0.340,0.654,-0.838,-119.019,-29.602,-34.973
-0.332,0.661,-0.893,-115.479,-33.875,-35.522
-0.312,0.678,-0.946,-112.671,-39.246,-36.621
-0.293,0.712,-0.991,-110.413,-47.058,-38.757
-0.293,0.730,-1.062,-107.239,-55.115,-39.795
-0.290,0.717,-1.147,-101.074,-59.631,-38.696
-0.243,0.713,-1.210,-97.107,-59.753,-38.940
-0.191,0.752,-1.248,-96.741,-57.739,-40.222
-0.125,0.774,-1.295,-94.421,-54.871,-40.344
-0.067,0.763,-1.364,-86.914,-49.072,-38.757
-0.014,0.773,-1.403,-77.454,-44.250,-37.781
0.038,0.801,-1.428,-66.467,-42.358,-38.818
0.086,0.832,-1.439,-51.636,-39.734,-38.879
0.106,0.850,-1.431,-34.058,-33.691,-35.706
0.117,0.847,-1.395,-15.564,-24.231,-29.663
0.130,0.835,-1.347,2.747,-12.329,-23.315
0.147,0.822,-1.292,18.127,-1.831,-17.151
0.154,0.805,-1.237,30.823,4.028,-10.803
0.175,0.787,-1.189,40.771,5.737,-5.676
0.196,0.769,-1.163,47.485,4.456,-2.197
0.208,0.762,-1.148,50.964,0.732,1.343
0.201,0.765,-1.146,52.856,-3.906,7.385
0.169,0.769,-1.162,56.152,-9.644,13.977
0.131,0.766,-1.172,61.768,-16.846,20.447
0.091,0.756,-1.181,68.115,-24.963,26.611
0.042,0.734,-1.204,76.721,-32.227,31.982
0.006,0.708,-1.204,87.219,-36.316,35.461
-0.036,0.679,-1.199,98.022,-35.461,36.255
-0.068,0.660,-1.172,109.314,-29.297,36.072
-0.101,0.631,-1.120,121.277,-18.005,37.170
-0.125,0.577,-1.060,133.423,-3.967,36.499
-0.147,0.513,-0.964,142.212,10.986,31.738
-0.123,0.477,-0.868,144.775,28.503,25.757
-0.096,0.494,-0.751,142.395,46.570,21.240
-0.073,0.480,-0.636,142.029,60.608,18.250
-0.061,0.457,-0.568,145.508,67.200,15.320
-0.084,0.426,-0.528,153.503,64.758,10.864
-0.098,0.428,-0.465,163.879,53.955,3.662
-0.096,0.430,-0.400,175.903,39.734,-7.385
-0.095,0.402,-0.332,185.364,26.917,-18.250
-0.127,0.397,-0.225,188.721,21.118,-24.536
-0.130,0.401,-0.142,188.354,24.353,-27.161
-0.086,0.427,-0.128,187.073,31.860,-27.466
-0.085,0.421,-0.115,189.636,36.743,-25.330
-0.069,0.396,-0.101,197.327,33.630,-25.024
-0.153,0.477,-0.113,208.679,23.254,-23.926
0.052,0.333,-0.117,228.516,11.597,-21.362
0.011,0.310,0.027,237.427,-4.395,-24.902
-0.010,0.330,0.095,234.253,-26.123,-24.719
0.024,0.341,0.167,230.835,-35.034,-14.282
0.038,0.332,0.237,223.694,-30.273,-0.793
0.028,0.326,0.272,215.454,-33.264,13.000
-0.039,0.306,0.316,208.618,-43.152,27.588
-0.156,0.239,0.356,202.332,-47.058,40.588
-0.296,0.192,0.403,193.726,-42.603,48.340
-0.429,0.095,0.462,187.012,-36.438,68.115
-0.445,0.099,0.642,200.256,-44.067,85.510
-0.448,0.219,0.805,206.848,-46.265,60.242
-0.489,0.219,0.912,209.167,-30.334,46.814
-0.513,0.180,0.966,207.581,-14.343,49.072

-0.686,0.276,1.773,145.813,-20.508,54.810
-0.733,0.406,1.953,130.859,-24.475,53.711
-0.681,0.389,2.064,118.774,-23.621,73.792
-0.731,0.526,2.125,98.694,-21.118,52.612
-0.741,0.630,2.115,88.196,-19.714,33.447
-0.730,0.667,2.069,78.796,-13.794,27.893
-0.785,0.698,2.042,67.871,-6.226,19.714
-0.786,0.734,2.034,60.120,-1.648,13.184
-0.793,0.757,2.025,52.673,4.578,9.155
-0.808,0.755,2.028,45.471,6.042,7.751
-0.769,0.796,2.027,34.668,1.343,4.272
-0.719,0.817,1.972,19.470,-2.075,-1.282
-0.686,0.786,1.884,5.615,-2.625,-5.310
-0.629,0.763,1.792,-6.531,-3.174,-10.864
-0.559,0.760,1.675,-18.250,-4.150,-17.395
-0.517,0.702,1.566,-26.062,-4.456,-18.616
-0.503,0.637,1.495,-30.212,-2.869,-18.250
-0.462,0.611,1.457,-33.142,0.732,-20.447
-0.426,0.596,1.429,-36.194,6.531,-22.766
-0.383,0.577,1.411,-39.063,13.367,-23.743
-0.339,0.552,1.401,-41.565,19.226,-24.353
-0.311,0.527,1.390,-45.471,22.766,-25.574
-0.287,0.509,1.364,-50.537,25.452,-26.733
-0.271,0.471,1.327,-54.626,28.259,-26.001
-0.256,0.445,1.270,-59.143,29.724,-24.841
-0.247,0.428,1.215,-63.599,28.320,-24.414
-0.234,0.404,1.146,-67.688,25.330,-24.353
-0.189,0.425,1.102,-72.021,23.193,-25.635
-0.166,0.427,1.007,-77.148,22.583,-25.208
-0.174,0.368,0.909,-80.383,19.897,-20.691
-0.202,0.333,0.812,-87.646,18.066,-22.400
-0.197,0.358,0.664,-91.492,14.282,-30.396
-0.145,0.355,0.539,-93.384,10.986,-23.926
-0.117,0.396,0.462,-95.947,6.958,-23.315
-0.099,0.410,0.399,-98.511,0.671,-19.958
-0.073,0.425,0.327,-98.877,-4.395,-16.663
-0.035,0.453,0.270,-98.633,-8.057,-13.733
-0.009,0.466,0.227,-98.816,-10.803,-10.681
0.011,0.484,0.169,-99.548,-10.803,-7.996
0.020,0.498,0.092,-100.159,-8.728,-5.615
0.033,0.500,0.026,-98.328,-7.141,-2.319
0.039,0.496,-0.010,-96.497,-8.118,0.488
0.019,0.499,-0.038,-96.191,-10.620,2.319
0.008,0.520,-0.101,-95.825,-13.672,2.563
-0.011,0.548,-0.144,-93.811,-16.235,2.808
-0.034,0.566,-0.185,-89.722,-18.066,2.808
-0.070,0.579,-0.237,-83.130,-18.311,2.502
-0.078,0.608,-0.276,-76.904,-17.273,1.831
-0.087,0.628,-0.305,-70.984,-13.855,1.770
-0.088,0.652,-0.351,-65.002,-9.033,1.831
-0.103,0.654,-0.375,-58.228,-5.310,2.197
-0.120,0.632,-0.357,-53.284,-4.578,1.038
-0.133,0.648,-0.361,-52.307,-4.700,-2.930
-0.141,0.663,-0.389,-51.819,-4.028,-6.958
-0.152,0.685,-0.435,-49.866,-3.418,-10.315
-0.160,0.723,-0.475,-46.326,-3.967,-13.672
-0.170,0.733,-0.508,-42.175,-4.456,-17.334
-0.173,0.770,-0.540,-38.330,-3.113,-20.447
-0.154,0.806,-0.560,-34.241,0.488,-20.996
-0.149,0.820,-0.598,-30.579,4.822,-20.142
-0.137,0.857,-0.632,-26.978,6.531,-18.311
-0.120,0.874,-0.657,-21.179,4.578,-16.479
-0.123,0.885,-0.679,-13.794,-0.488,-15.625
-0.121,0.884,-0.680,-7.629,-7.202,-15.442
-0.113,0.882,-0.676,-4.272,-11.963,-17.090
-0.104,0.871,-0.648,-4.211,-13.489,-19.531
-0.058,0.911,-0.668,-9.033,-10.803,-23.926
-0.006,0.974,-0.708,-13.855,-5.493,-26.794
0.021,0.996,-0.778,-14.465,-0.854,-25.085
0.013,1.003,-0.830,-11.414,0.671,-20.874
0.025,1.019,-0.841,-7.568,-0.671,-17.578
0.041,1.018,-0.845,-3.235,-2.991,-16.357
0.062,1.018,-0.841,1.099,-4.700,-14.465
0.076,1.018,-0.814,4.395,-5.554,-12.268
0.112,1.017,-0.803,6.653,-4.333,-11.108
0.121,1.014,-0.825,8.240,-1.953,-8.484
0.131,1.000,-0.842,11.230,-0.916,-4.944
0.166,0.998,-0.858,14.526,-1.709,-3.601
0.206,1.023,-0.842,16.479,-4.272,-2.197
0.251,1.036,-0.843,19.165,-7.874,0.122
0.270,1.034,-0.867,22.522,-11.047,3.357
0.256,1.020,-0.894,27.100,-15.991,7.141
0.239,1.007,-0.915,33.142,-22.705,10.803
0.237,1.006,-0.902,39.307,-28.870,13.550
0.240,0.994,-0.893,44.678,-32.227,15.320
0.214,0.981,-0.893,50.232,-32.776,17.273
0.186,0.977,-0.884,55.603,-31.555,19.836
0.163,0.968,-0.878,61.096,-30.212,22.095
0.137,0.944,-0.860,67.749,-28.931,23.987
0.110,0.915,-0.846,74.158,-28.381,26.428
0.101,0.894,-0.827,80.444,-27.405,28.381
0.096,0.878,-0.804,85.754,-26.367,29.785
0.083,0.855,-0.772,90.759,-25.879,31.494
0.046,0.819,-0.760,95.581,-25.452,33.203
-0.013,0.772,-0.757,101.868,-23.193,35.034
-0.011,0.746,-0.710,107.727,-20.264,36.194
-0.005,0.739,-0.671,111.755,-16.663,35.095
0.001,0.731,-0.628,116.821,-11.841,34.912
0.012,0.704,-0.574,122.986,-7.874,35.645
0.021,0.673,-0.501,128.418,-4.639,35.156
0.019,0.631,-0.448,133.850,-2.502,35.583
0.007,0.584,-0.393,139.404,-1.587,37.292
-0.011,0.536,-0.339,143.494,-0.793,38.208
-0.015,0.527,-0.288,145.630,0.488,37.476
-0.004,0.530,-0.241,147.644,2.808,36.194
-0.004,0.515,-0.196,149.841,5.249,35.828
0.003,0.502,-0.128,151.611,6.104,35.889
0.016,0.493,-0.059,153.259,5.615,37.354
0.010,0.449,-0.023,153.931,5.676,40.222
-0.060,0.359,-0.034,154.114,5.310,43.396
-0.129,0.290,-0.051,155.334,2.014,43.335
-0.153,0.234,-0.057,158.508,-5.005,39.856
-0.163,0.233,-0.006,164.246,-14.587,36.072
-0.174,0.219,0.053,169.922,-23.193,32.715
-0.222,0.165,0.145,175.781,-28.015,32.959
-0.280,0.096,0.289,181.213,-28.015,36.743
-0.312,0.029,0.502,183.594,-20.691,41.443
-0.341,-0.014,0.775,181.580,-7.751,46.021
-0.369,-0.060,1.024,178.833,9.888,50.476

-0.458,0.073,1.662,129.517,-68.298,48.035
-0.529,0.053,1.753,128.052,-62.317,56.763
-0.629,0.009,1.872,131.531,-45.959,70.313
-0.718,-0.069,2.038,119.812,-20.935,85.876
-0.871,0.041,2.152,98.755,4.578,62.744
-0.874,0.127,2.215,84.473,24.292,50.415
-0.826,0.222,2.242,70.984,36.987,37.292
-0.825,0.323,2.261,59.570,38.513,24.109
-0.813,0.364,2.245,50.110,31.372,16.785
-0.796,0.381,2.195,38.574,19.287,13.428
-0.769,0.385,2.127,23.987,4.883,10.010
-0.750,0.342,2.069,9.827,-7.263,6.897
-0.737,0.289,2.032,-3.723,-12.329,3.235
-0.682,0.266,1.977,-18.738,-7.935,-3.723
-0.587,0.251,1.884,-32.776,1.831,-13.245
-0.484,0.236,1.797,-41.809,11.963,-21.057
-0.397,0.217,1.730,-47.241,18.616,-25.879
-0.322,0.195,1.669,-50.964,21.301,-27.283
-0.272,0.182,1.617,-55.359,21.240,-26.489
-0.229,0.169,1.575,-59.937,22.095,-25.757
-0.201,0.152,1.527,-65.491,23.987,-25.269
-0.176,0.129,1.470,-72.449,26.611,-25.024
-0.171,0.091,1.394,-79.163,28.442,-24.353
-0.164,0.059,1.336,-84.717,27.283,-23.743
-0.143,0.070,1.296,-93.445,23.560,-24.963
-0.115,0.094,1.250,-103.271,21.057,-28.320
-0.082,0.106,1.180,-112.915,21.118,-29.297
-0.070,0.103,1.087,-122.070,21.851,-26.306
-0.074,0.079,0.980,-130.920,20.508,-21.484
-0.092,0.078,0.874,-138.855,15.808,-18.066
-0.096,0.098,0.770,-145.752,9.155,-14.893
-0.074,0.143,0.690,-152.039,1.648,-13.489
-0.074,0.177,0.599,-153.259,-5.371,-16.846
-0.068,0.172,0.520,-155.579,-8.850,-10.254
-0.082,0.187,0.427,-160.950,-9.460,-6.653
-0.073,0.233,0.338,-165.161,-12.329,-3.601
-0.051,0.274,0.266,-167.480,-19.409,-2.136
-0.038,0.312,0.195,-168.274,-28.625,-2.258
-0.044,0.343,0.142,-169.128,-37.231,-2.014
-0.071,0.367,0.082,-170.654,-42.419,-0.244
-0.087,0.373,-0.007,-170.105,-42.542,3.784
-0.131,0.361,-0.104,-168.213,-39.246,7.568
-0.177,0.358,-0.200,-164.673,-36.011,9.766
-0.209,0.394,-0.267,-160.645,-33.813,9.033
-0.248,0.443,-0.336,-156.555,-28.992,5.554
-0.285,0.492,-0.379,-150.879,-20.020,1.404
-0.283,0.537,-0.409,-144.226,-8.911,-2.502
-0.263,0.578,-0.408,-137.939,1.953,-6.287
-0.248,0.610,-0.409,-131.531,11.780,-8.667
-0.255,0.625,-0.416,-124.695,18.555,-9.644
-0.267,0.644,-0.433,-118.713,22.644,-10.681
-0.271,0.645,-0.468,-112.671,26.306,-11.475
-0.271,0.665,-0.494,-107.483,27.527,-11.658
-0.279,0.688,-0.525,-103.333,25.513,-12.451
-0.267,0.716,-0.555,-99.304,20.569,-13.855
-0.247,0.748,-0.587,-96.558,13.855,-18.372
-0.233,0.782,-0.635,-90.271,6.287,-26.550
-0.207,0.813,-0.687,-84.839,-0.671,-27.161
-0.181,0.863,-0.737,-80.261,-5.310,-29.907
-0.167,0.893,-0.799,-75.134,-7.507,-29.724
-0.152,0.928,-0.848,-69.275,-6.897,-28.259
-0.132,0.967,-0.879,-62.927,-6.409,-26.550
-0.116,0.978,-0.923,-56.702,-7.446,-24.536
-0.135,0.974,-0.988,-50.293,-10.742,-23.560
-0.134,0.997,-1.045,-44.739,-16.846,-24.414
-0.125,1.028,-1.107,-39.917,-22.522,-28.381
-0.091,1.069,-1.161,-34.973,-25.452,-33.142
-0.041,1.099,-1.190,-29.053,-25.574,-36.438
0.012,1.117,-1.204,-21.484,-23.865,-38.879
0.061,1.131,-1.208,-12.329,-21.301,-39.307
0.094,1.139,-1.188,-2.258,-18.005,-36.804
0.135,1.136,-1.145,7.690,-13.672,-33.142
0.163,1.111,-1.087,17.822,-7.812,-27.649
0.186,1.088,-1.015,26.978,-2.625,-20.447
0.223,1.053,-0.949,34.058,0.061,-13.977
0.247,1.034,-0.894,36.987,0.000,-7.568
0.263,1.021,-0.868,37.292,-2.686,-0.122
0.253,1.014,-0.866,38.696,-7.751,7.629
0.252,1.016,-0.860,42.236,-15.930,12.817
0.241,1.023,-0.859,46.326,-25.818,15.991
0.204,1.025,-0.860,51.941,-35.522,19.531
0.166,1.011,-0.857,59.387,-43.823,24.231
0.149,0.994,-0.842,66.956,-48.401,28.625
0.138,0.970,-0.832,74.280,-48.462,33.752
0.107,0.937,-0.818,81.970,-46.570,41.199
0.077,0.900,-0.812,90.698,-44.128,47.607
0.055,0.872,-0.800,99.548,-42.419,51.331
0.034,0.843,-0.784,109.436,-40.833,52.979
0.028,0.819,-0.736,118.408,-39.063,54.810
0.019,0.792,-0.684,127.502,-35.461,57.922
0.014,0.757,-0.636,136.047,-28.870,62.195
0.002,0.716,-0.581,144.043,-20.874,67.566
-0.003,0.673,-0.517,149.963,-13.306,71.716
-0.007,0.640,-0.448,154.175,-5.859,74.829
-0.001,0.621,-0.368,157.837,0.610,77.759
-0.043,0.570,-0.344,163.025,5.432,81.482
-0.118,0.498,-0.354,171.021,6.653,85.571
-0.154,0.466,-0.305,177.002,4.822,85.693
-0.161,0.458,-0.231,179.626,3.052,79.651
-0.166,0.457,-0.171,180.969,2.625,72.815
-0.167,0.448,-0.125,182.373,4.211,68.726
-0.189,0.417,-0.101,184.692,6.409,68.054
-0.191,0.406,-0.062,187.744,7.690,67.322
-0.208,0.377,-0.040,190.430,8.423,66.101
-0.224,0.340,-0.031,194.336,9.583,65.125
-0.218,0.304,-0.006,197.876,11.597,62.744
-0.202,0.282,0.032,200.439,13.489,59.326
-0.183,0.263,0.082,202.271,13.611,56.763
-0.176,0.231,0.159,203.857,12.512,57.129
-0.184,0.189,0.260,204.773,13.123,61.584
-0.231,0.093,0.347,204.346,18.005,69.458
-0.354,-0.054,0.366,207.642,27.649,77.515
-0.392,-0.126,0.443,211.792,39.001,79.712
-0.319,-0.193,0.589,211.914,50.415,73.608
-0.414,-0.103,0.792,205.505,60.120,70.435
-0.358,-0.153,0.984,216.553,70.068,95.886
-0.363,-0.229,1.167,229.309,88.806,77.515
-0.399,-0.289,1.379,237.854,116.577,51.453
-0.314,-0.381,1.620,241.760,124.023,46.814

-0.234,-0.377,2.172,213.745,101.379,37.231
-0.279,-0.286,2.331,184.814,78.918,31.555
-0.369,-0.181,2.418,150.391,30.884,24.414
-0.406,-0.105,2.394,115.051,-15.625,33.020
-0.391,-0.062,2.231,76.477,-48.340,56.702
-0.547,0.031,2.094,53.040,-81.909,35.461
-0.668,0.059,1.938,48.523,-94.727,27.771
-0.763,0.098,1.845,46.509,-80.017,21.729
-0.834,0.137,1.830,44.250,-57.129,15.747
-0.901,0.155,1.856,41.443,-30.518,8.911
-0.931,0.160,1.915,35.095,-0.549,3.296
-0.915,0.156,1.984,24.780,22.583,1.648
-0.875,0.153,2.040,11.658,32.349,0.366
-0.829,0.155,2.053,-4.761,31.799,-3.540
-0.765,0.147,2.000,-22.217,25.818,-10.010
-0.679,0.136,1.906,-37.537,18.738,-17.090
-0.592,0.123,1.809,-48.767,13.184,-24.231
-0.509,0.115,1.711,-57.190,11.658,-29.968
-0.438,0.094,1.622,-64.575,12.390,-33.508
-0.375,0.075,1.554,-69.641,14.954,-35.461
-0.320,0.078,1.505,-74.829,19.226,-36.316
-0.265,0.090,1.471,-80.383,24.658,-36.682
-0.221,0.084,1.425,-85.815,30.151,-35.461
-0.186,0.079,1.373,-91.003,33.936,-33.325
-0.161,0.091,1.293,-96.313,34.790,-32.104
-0.147,0.081,1.202,-99.609,31.433,-30.884
-0.132,0.076,1.115,-101.440,24.902,-28.748
-0.111,0.099,1.055,-106.079,18.616,-27.161
-0.127,0.122,0.947,-108.093,10.376,-27.344
-0.134,0.146,0.859,-112.854,6.104,-30.823
-0.138,0.148,0.781,-119.080,0.427,-30.884
-0.141,0.153,0.707,-125.122,-6.165,-31.311
-0.122,0.179,0.669,-132.324,-10.376,-27.832
-0.089,0.227,0.651,-141.541,-10.071,-23.010
-0.070,0.267,0.620,-149.536,-7.629,-20.264
-0.062,0.270,0.579,-151.978,-4.822,-15.198
-0.051,0.283,0.543,-157.227,-1.709,-7.202
-0.055,0.296,0.505,-163.635,-2.136,-2.686
-0.069,0.307,0.447,-168.945,-5.493,0.122
-0.085,0.322,0.395,-173.218,-11.292,2.014
-0.097,0.326,0.340,-176.941,-18.738,1.953
-0.121,0.339,0.294,-179.504,-28.381,-0.244
-0.134,0.366,0.243,-181.580,-39.001,-2.930
-0.140,0.400,0.195,-185.120,-45.898,-5.859
-0.158,0.429,0.125,-187.744,-48.218,-8.972
-0.165,0.463,0.066,-188.660,-47.974,-11.902
-0.159,0.501,0.010,-190.186,-44.556,-13.977
-0.184,0.530,-0.042,-189.636,-37.537,-14.343
-0.218,0.550,-0.101,-186.768,-28.503,-13.489
-0.228,0.572,-0.158,-181.702,-19.226,-12.512
-0.243,0.596,-0.198,-176.697,-10.559,-12.878
-0.255,0.625,-0.234,-171.021,-4.272,-15.259
-0.254,0.654,-0.270,-164.490,-0.916,-18.250
-0.256,0.676,-0.305,-157.776,0.427,-20.996
-0.263,0.695,-0.356,-150.818,-0.061,-24.414
-0.275,0.714,-0.415,-144.409,-1.038,-27.039
-0.275,0.740,-0.464,-138.245,-1.282,-30.029
-0.267,0.774,-0.498,-132.446,-0.183,-32.532
-0.254,0.801,-0.525,-127.380,1.770,-32.898
-0.244,0.829,-0.540,-122.559,4.761,-34.302
-0.217,0.860,-0.567,-115.234,7.568,-39.612
-0.185,0.867,-0.583,-108.582,9.460,-38.818
-0.152,0.893,-0.597,-104.187,7.141,-40.588
-0.117,0.922,-0.609,-99.792,1.404,-42.969
-0.091,0.950,-0.640,-96.802,-3.906,-44.312
-0.083,0.967,-0.694,-93.689,-7.446,-44.006
-0.071,0.996,-0.745,-89.966,-9.155,-42.664
-0.042,1.026,-0.794,-85.938,-8.667,-42.175
-0.036,1.048,-0.866,-80.688,-7.629,-41.687
-0.045,1.071,-0.936,-74.036,-7.812,-40.649
-0.016,1.097,-0.990,-67.200,-7.996,-40.649
0.006,1.130,-1.035,-59.326,-6.958,-41.931
0.054,1.149,-1.058,-50.903,-6.409,-43.823
0.104,1.163,-1.059,-42.053,-5.859,-44.678
0.133,1.176,-1.068,-31.982,-4.639,-41.016
0.160,1.172,-1.058,-20.630,-4.089,-33.691
0.185,1.159,-1.030,-8.972,-3.662,-25.085
0.184,1.134,-0.992,2.686,-3.296,-16.602
0.185,1.098,-0.941,14.221,-3.967,-9.155
0.194,1.065,-0.893,23.682,-4.883,-3.174
0.208,1.048,-0.848,28.870,-6.653,1.099
0.227,1.034,-0.831,31.128,-8.972,5.676
0.238,1.043,-0.827,32.471,-12.329,9.705
0.242,1.059,-0.829,34.180,-17.334,13.977
0.235,1.056,-0.846,38.757,-24.658,18.799
0.224,1.047,-0.858,45.959,-33.630,23.376
0.202,1.039,-0.867,53.894,-42.480,28.137
0.166,1.028,-0.856,61.584,-50.659,33.691
0.112,0.999,-0.856,71.350,-55.847,39.185
0.043,0.966,-0.852,82.275,-57.190,44.983
0.007,0.925,-0.836,93.262,-55.725,49.683
-0.003,0.898,-0.792,102.295,-51.392,52.612
0.000,0.872,-0.750,110.291,-44.189,54.382
0.010,0.852,-0.698,117.615,-35.767,57.007
0.021,0.832,-0.647,125.488,-27.161,60.913
0.019,0.800,-0.602,133.301,-19.226,65.979
-0.001,0.753,-0.573,141.418,-12.573,71.106
-0.036,0.696,-0.539,148.560,-7.751,75.684
-0.072,0.648,-0.504,154.053,-3.784,77.515
-0.088,0.618,-0.457,158.569,-1.221,75.928
-0.088,0.594,-0.404,163.696,0.610,72.876
-0.100,0.558,-0.358,170.288,1.953,70.190
-0.096,0.524,-0.309,176.758,2.808,67.627
-0.092,0.497,-0.243,181.091,4.272,65.796
-0.102,0.469,-0.186,185.120,6.470,66.040
-0.114,0.434,-0.130,187.866,9.583,67.261
-0.111,0.399,-0.059,186.707,14.587,68.848
-0.140,0.352,-0.039,184.143,21.912,70.068
-0.166,0.325,-0.026,184.814,26.550,70.007
-0.149,0.312,0.012,186.218,26.550,67.139
-0.163,0.281,0.028,190.796,22.705,62.805
-0.175,0.243,0.059,198.853,14.648,59.143
-0.173,0.221,0.125,207.397,4.150,55.786
-0.182,0.186,0.233,213.928,-3.967,54.993
-0.189,0.132,0.348,216.370,-7.874,58.655
-0.219,0.071,0.454,216.431,-8.362,66.528
-0.242,-0.006,0.565,214.478,-7.080,75.439
-0.344,-0.141,0.631,218.384,-4.883,85.999
-0.427,-0.254,0.735,227.112,-2.563,94.788

-0.529,-0.264,1.584,214.722,1.953,104.126
-0.600,-0.280,1.696,187.805,5.859,110.168
-0.695,-0.326,1.763,151.794,0.183,121.704
-0.858,-0.376,1.788,111.206,-6.409,126.282
-0.940,-0.388,1.867,83.679,-7.935,119.019
-1.007,-0.322,1.931,69.275,-3.845,91.736
-1.020,-0.214,1.996,67.139,5.005,71.472
-1.050,-0.174,2.078,62.805,22.034,67.688
-1.046,-0.085,2.103,49.194,39.124,42.419
-1.012,-0.067,2.110,41.321,48.889,30.273
-0.966,-0.058,2.115,30.945,59.265,17.700
-0.903,-0.043,2.088,17.456,66.589,8.667
-0.830,-0.035,2.069,-1.465,63.232,3.235
-0.771,-0.061,2.037,-22.461,49.805,-0.854
-0.719,-0.106,2.001,-41.016,33.752,-4.944
-0.654,-0.135,1.972,-56.824,24.658,-10.681
-0.589,-0.142,1.919,-69.702,24.658,-18.555
-0.496,-0.122,1.856,-80.750,29.968,-28.015
-0.411,-0.098,1.783,-91.370,36.987,-35.217
-0.343,-0.097,1.695,-100.159,44.800,-38.391
-0.296,-0.117,1.608,-107.666,52.124,-37.720
-0.263,-0.128,1.555,-114.075,59.387,-34.973
-0.238,-0.127,1.520,-119.873,66.101,-31.738
-0.228,-0.120,1.487,-126.465,67.932,-27.832
-0.225,-0.124,1.429,-133.545,62.256,-24.841
-0.232,-0.136,1.339,-140.869,49.927,-23.743
-0.240,-0.129,1.231,-150.208,33.691,-25.757
-0.209,-0.100,1.149,-161.987,16.357,-30.090
-0.202,-0.104,1.031,-167.908,1.587,-32.776
-0.180,-0.069,0.939,-174.561,-7.507,-41.687
-0.153,-0.017,0.869,-185.486,-12.756,-47.424
-0.103,0.021,0.799,-196.167,-18.188,-45.593
-0.094,0.058,0.739,-205.139,-21.790,-39.124
-0.073,0.082,0.683,-214.539,-23.682,-27.832
-0.046,0.097,0.624,-221.436,-28.992,-18.616
-0.035,0.118,0.569,-225.281,-37.231,-12.573
-0.049,0.155,0.497,-231.018,-46.936,-9.033
-0.049,0.181,0.413,-236.450,-58.167,-7.812
-0.050,0.203,0.316,-241.699,-67.017,-7.629
-0.059,0.224,0.232,-245.178,-71.472,-7.385
-0.065,0.244,0.140,-244.568,-75.500,-6.470
-0.078,0.274,0.067,-240.356,-80.872,-7.019
-0.119,0.300,-0.007,-235.168,-84.106,-9.338
-0.159,0.328,-0.067,-227.173,-84.351,-11.353
-0.172,0.370,-0.092,-220.093,-80.994,-14.221
-0.200,0.410,-0.114,-215.210,-72.571,-16.602
-0.231,0.436,-0.152,-210.876,-59.204,-16.846
-0.249,0.458,-0.191,-205.322,-43.579,-15.625
-0.269,0.485,-0.217,-201.355,-28.137,-15.564
-0.276,0.518,-0.235,-197.021,-15.137,-16.846
-0.280,0.542,-0.262,-191.223,-5.188,-18.433
-0.294,0.561,-0.301,-184.631,0.977,-18.799
-0.302,0.578,-0.343,-178.711,3.296,-19.653
-0.332,0.577,-0.409,-174.377,1.648,-21.851
-0.395,0.571,-0.506,-169.556,-2.869,-23.560
-0.449,0.601,-0.588,-162.659,-9.216,-28.076
-0.466,0.654,-0.642,-156.921,-15.259,-37.659
-0.461,0.714,-0.668,-153.381,-18.372,-49.255
-0.461,0.771,-0.709,-150.146,-18.982,-62.012
-0.460,0.782,-0.766,-142.944,-16.174,-66.833
-0.445,0.798,-0.823,-139.404,-11.597,-67.505
-0.440,0.816,-0.896,-135.498,-9.399,-70.862
-0.397,0.856,-0.941,-129.700,-11.108,-77.759
-0.295,0.903,-0.977,-124.939,-14.221,-88.745
-0.190,0.944,-1.021,-119.873,-16.174,-98.450
-0.075,0.986,-1.075,-116.028,-15.930,-103.882
0.033,1.020,-1.138,-111.389,-15.015,-104.980
0.146,1.059,-1.196,-104.858,-14.465,-102.417
0.227,1.106,-1.247,-96.802,-13.672,-96.619
0.290,1.145,-1.286,-83.618,-12.390,-87.891
0.341,1.118,-1.342,-63.477,-9.094,-76.355
0.338,1.127,-1.373,-43.945,-7.263,-61.584
0.357,1.128,-1.357,-21.729,-8.545,-47.974
0.365,1.132,-1.302,0.244,-10.071,-37.720
0.358,1.115,-1.209,21.484,-9.094,-27.466
0.340,1.067,-1.111,40.222,-4.272,-14.587
0.327,1.029,-1.016,53.040,3.113,-0.854
0.316,1.002,-0.933,59.082,11.597,12.817
0.314,0.980,-0.865,61.401,18.372,26.001
0.310,0.972,-0.814,60.852,20.996,34.668
0.298,0.978,-0.770,59.204,19.043,39.368
0.253,0.988,-0.755,58.472,12.634,43.213
0.201,0.992,-0.757,59.753,2.869,47.485
0.144,0.974,-0.798,61.890,-7.874,51.270
0.076,0.977,-0.843,64.209,-20.569,53.101
0.018,0.996,-0.878,67.383,-32.654,52.856
-0.031,0.990,-0.915,74.524,-38.757,53.467
-0.089,0.964,-0.949,85.510,-37.720,56.030
-0.123,0.916,-0.961,98.267,-30.945,59.692
-0.153,0.871,-0.949,111.328,-19.836,62.805
-0.149,0.827,-0.916,123.535,-6.470,64.209
-0.134,0.806,-0.842,133.850,6.409,64.880
-0.110,0.772,-0.777,144.653,17.517,65.369
-0.094,0.722,-0.708,153.564,25.513,65.735
-0.088,0.675,-0.648,161.255,29.358,65.979
-0.090,0.629,-0.581,166.382,29.480,66.528
-0.107,0.588,-0.512,169.373,29.053,67.932
-0.127,0.550,-0.464,173.279,30.579,69.031
-0.147,0.507,-0.412,177.917,34.058,69.641
-0.185,0.429,-0.377,182.922,38.025,69.580
-0.240,0.366,-0.348,188.354,39.307,65.979
-0.247,0.348,-0.276,193.298,38.574,56.763
-0.221,0.353,-0.187,195.862,38.208,44.678
-0.198,0.348,-0.110,198.608,38.025,34.546
-0.159,0.339,-0.058,201.660,37.476,28.320
-0.141,0.315,-0.016,204.224,36.682,26.245
-0.153,0.259,0.016,207.092,34.912,26.550
-0.174,0.205,0.041,209.045,29.480,25.146
-0.155,0.199,0.082,208.801,20.691,19.104
-0.109,0.224,0.125,208.313,9.888,11.841
-0.071,0.234,0.160,209.412,-3.540,8.301
-0.074,0.192,0.171,215.027,-19.348,9.705
-0.122,0.124,0.151,223.999,-35.278,15.015
-0.205,0.052,0.119,233.826,-48.706,21.240
-0.295,-0.007,0.124,243.835,-58.960,24.231
-0.333,-0.124,0.248,251.160,-64.880,38.696
-0.323,-0.242,0.437,264.587,-66.467,51.147
-0.318,-0.330,0.683,278.076,-40.161,49.194
-0.318,-0.388,0.936,285.156,5.310,46.204

-0.362,-0.529,1.718,249.268,58.411,66.589
-0.392,-0.500,1.919,219.788,62.439,71.960
-0.461,-0.495,2.057,193.176,65.125,74.402
-0.475,-0.505,2.140,171.875,60.547,72.571
-0.547,-0.456,2.204,146.240,36.499,65.063
-0.753,-0.353,2.196,118.652,-4.578,56.152
-0.681,-0.367,2.174,95.154,-37.231,94.055
-0.715,-0.274,2.119,69.946,-57.617,96.680
-0.890,-0.185,2.119,63.416,-69.214,70.068
-0.977,-0.164,2.114,65.857,-52.612,58.777
-1.004,-0.134,2.136,58.777,-13.367,48.096
-1.029,-0.098,2.190,47.668,18.127,36.438
-1.034,-0.089,2.235,34.851,41.626,22.888
-0.993,-0.094,2.285,19.592,59.998,12.634
-0.908,-0.063,2.325,-0.427,66.467,6.958
-0.811,-0.015,2.316,-24.719,61.768,0.610
-0.715,0.004,2.242,-49.438,50.354,-6.165
-0.621,0.004,2.120,-72.205,35.706,-12.573
-0.539,-0.004,2.005,-90.820,22.034,-17.395
-0.473,-0.038,1.892,-103.699,15.381,-22.095
-0.422,-0.061,1.787,-112.549,17.944,-27.161
-0.374,-0.066,1.693,-120.422,26.611,-30.151
-0.312,-0.081,1.614,-126.099,35.767,-31.067
-0.276,-0.106,1.544,-130.249,42.847,-31.311
-0.256,-0.115,1.480,-134.644,48.157,-31.799
-0.227,-0.099,1.425,-139.709,50.964,-33.386
-0.179,-0.077,1.372,-145.996,49.866,-36.316
-0.140,-0.066,1.325,-151.978,45.471,-38.513
-0.164,-0.095,1.228,-159.729,41.016,-36.926
-0.153,-0.141,1.178,-166.321,43.640,-29.968
-0.171,-0.171,1.072,-166.748,42.908,-27.649
-0.173,-0.139,0.983,-174.866,45.837,-30.762
-0.140,-0.110,0.897,-186.096,36.621,-30.273
-0.118,-0.059,0.832,-198.730,22.461,-29.175
-0.091,0.001,0.771,-212.280,9.888,-26.611
-0.085,0.028,0.679,-221.191,-2.747,-24.658
-0.073,0.060,0.566,-221.985,-17.395,-25.940
-0.064,0.068,0.459,-225.464,-29.236,-19.470
-0.091,0.083,0.356,-231.995,-38.086,-15.564
-0.122,0.094,0.242,-235.718,-44.312,-9.888
-0.123,0.125,0.165,-238.220,-45.837,-5.432
-0.153,0.159,0.087,-240.356,-44.434,-2.625
-0.152,0.222,0.042,-238.586,-41.626,-1.526
-0.132,0.290,0.010,-235.840,-35.706,-2.075
-0.131,0.328,-0.029,-230.896,-27.954,-2.075
-0.131,0.359,-0.060,-224.792,-20.996,-0.671
-0.118,0.390,-0.082,-219.177,-14.893,1.343
-0.121,0.408,-0.117,-214.050,-9.155,2.991
-0.133,0.423,-0.154,-208.496,-5.432,4.028
-0.148,0.450,-0.199,-201.355,-3.052,4.761
-0.179,0.482,-0.234,-193.970,-0.610,4.211
-0.215,0.517,-0.276,-185.486,1.282,2.075
-0.244,0.547,-0.314,-177.673,2.380,-1.831
-0.272,0.577,-0.366,-172.119,5.066,-7.263
-0.313,0.606,-0.431,-167.786,10.437,-12.268
-0.327,0.659,-0.480,-163.269,16.602,-16.357
-0.326,0.712,-0.524,-158.447,21.545,-20.142
-0.313,0.766,-0.552,-153.564,23.376,-23.193
-0.291,0.791,-0.578,-149.292,22.766,-23.560
-0.297,0.850,-0.624,-145.813,20.264,-27.161
-0.289,0.878,-0.648,-141.113,18.921,-25.024
-0.270,0.911,-0.693,-138.611,18.616,-20.996
-0.272,0.933,-0.763,-135.376,15.503,-18.127
-0.283,0.950,-0.857,-130.432,8.240,-15.991
-0.294,0.966,-0.956,-122.681,-1.526,-18.616
-0.281,1.001,-1.070,-113.586,-12.512,-26.123
-0.247,1.053,-1.168,-105.896,-24.963,-35.828
-0.197,1.103,-1.276,-95.947,-37.170,-46.936
-0.146,1.167,-1.380,-82.825,-47.852,-55.603
-0.082,1.230,-1.458,-66.406,-55.481,-58.960
-0.041,1.268,-1.486,-47.302,-59.509,-57.129
-0.009,1.275,-1.464,-25.818,-59.265,-52.124
0.032,1.250,-1.421,-3.479,-52.673,-44.922
0.060,1.205,-1.333,17.700,-40.588,-37.109
0.109,1.147,-1.216,35.034,-26.184,-30.151
0.158,1.101,-1.096,47.607,-13.916,-23.437
0.204,1.065,-0.991,55.603,-6.409,-16.602
0.227,1.043,-0.895,57.617,-2.625,-10.620
0.231,1.039,-0.839,55.481,-1.831,-3.845
0.226,1.043,-0.796,53.650,-2.991,3.662
0.202,1.046,-0.775,54.138,-8.240,9.949
0.154,1.037,-0.775,56.458,-18.921,14.160
0.106,1.025,-0.775,59.387,-32.227,17.151
0.041,1.022,-0.787,62.073,-43.640,20.813
-0.014,1.010,-0.804,66.895,-51.208,27.100
-0.068,0.974,-0.822,75.073,-55.359,33.325
-0.123,0.934,-0.833,85.083,-56.152,37.720
-0.172,0.894,-0.810,95.642,-54.199,40.405
-0.187,0.859,-0.764,105.164,-49.133,40.955
-0.184,0.819,-0.731,113.464,-40.161,39.429
-0.182,0.764,-0.672,119.995,-30.273,38.147
-0.177,0.729,-0.609,123.291,-21.423,37.231
-0.180,0.717,-0.552,126.404,-13.977,37.048
-0.197,0.672,-0.502,131.653,-8.911,38.330
-0.257,0.604,-0.504,141.052,-6.348,39.001
-0.308,0.562,-0.469,152.161,-6.226,37.842
-0.325,0.557,-0.407,159.668,-6.470,33.569
-0.342,0.552,-0.363,167.297,-3.418,28.381
-0.349,0.539,-0.328,176.636,4.028,25.208
-0.318,0.516,-0.291,187.561,16.968,23.926
-0.265,0.486,-0.240,198.425,32.959,22.583
-0.207,0.439,-0.179,208.191,49.622,21.362
-0.160,0.385,-0.113,216.003,62.500,21.606
-0.094,0.350,-0.015,221.863,70.313,20.020
-0.034,0.312,0.099,224.976,73.730,16.113
0.013,0.266,0.204,225.708,71.838,11.719
0.061,0.233,0.293,223.267,64.270,6.470
0.121,0.227,0.371,216.492,54.016,2.319
0.195,0.231,0.416,207.153,43.518,2.991
0.151,0.123,0.322,201.111,31.372,9.155
0.031,-0.018,0.226,208.313,13.977,17.395
0.024,-0.083,0.239,218.140,-8.057,15.625
0.009,-0.083,0.302,228.760,-27.405,5.859
-0.018,-0.115,0.406,239.014,-35.522,0.244
-0.102,-0.181,0.533,243.958,-30.579,2.563
-0.085,-0.289,0.738,244.324,-22.217,25.757
-0.069,-0.350,0.973,245.300,-7.202,30.518
-0.151,-0.358,1.219,237.488,23.376,17.517
-0.146,-0.400,1.392,234.436,41.443,23.987

-0.218,-0.288,1.693,207.703,5.432,37.781
-0.213,-0.175,1.806,184.448,-36.743,36.499
-0.283,-0.059,1.876,165.833,-74.768,33.264
-0.342,-0.038,1.861,154.968,-98.511,42.419
-0.422,-0.069,1.863,144.836,-99.792,58.960
-0.570,-0.079,1.924,136.780,-78.491,53.345
-0.616,-0.053,1.974,126.648,-43.945,57.800
-0.661,-0.035,2.045,116.943,-10.498,58.533
-0.681,-0.012,2.116,107.849,13.916,52.246
-0.692,-0.003,2.169,99.121,28.259,44.617
-0.666,0.004,2.221,89.722,33.752,39.673
-0.632,-0.013,2.279,76.721,33.569,34.180
-0.597,-0.057,2.343,60.303,31.189,31.067
-0.578,-0.083,2.401,37.292,27.832,26.855
-0.549,-0.101,2.430,7.080,27.527,19.348
-0.470,-0.091,2.375,-25.696,29.236,8.118
-0.375,-0.072,2.260,-54.199,28.931,-3.601
-0.289,-0.076,2.133,-74.768,23.987,-11.780
-0.231,-0.088,2.015,-88.684,17.944,-15.503
-0.176,-0.095,1.926,-101.257,15.015,-16.174
-0.154,-0.110,1.826,-112.732,15.930,-15.137
-0.132,-0.114,1.748,-119.751,18.982,-13.245
-0.107,-0.106,1.680,-126.648,20.752,-12.390
-0.093,-0.107,1.606,-133.057,20.203,-13.184
-0.070,-0.101,1.541,-139.221,20.386,-14.709
-0.050,-0.090,1.489,-147.034,25.146,-15.564
-0.037,-0.070,1.422,-155.151,32.410,-14.709
-0.026,-0.051,1.359,-161.743,37.231,-11.963
-0.014,-0.039,1.272,-166.748,38.879,-8.667
-0.005,-0.034,1.198,-170.715,35.706,-6.287
-0.012,-0.044,1.111,-173.584,30.945,-3.052
-0.032,-0.035,1.044,-176.941,28.198,-0.061
-0.047,-0.017,0.958,-182.861,26.733,2.563
-0.067,-0.021,0.852,-187.683,24.048,5.859
-0.099,-0.037,0.734,-192.261,17.822,8.484
-0.125,-0.006,0.654,-195.862,6.531,6.531
-0.121,0.045,0.587,-200.378,-7.996,3.784
-0.118,0.091,0.519,-205.139,-22.949,0.671
-0.130,0.129,0.453,-209.473,-33.203,0.244
-0.125,0.170,0.385,-213.501,-39.063,2.075
-0.118,0.209,0.314,-216.125,-43.945,3.479
-0.114,0.239,0.251,-217.957,-48.279,9.705
-0.128,0.263,0.178,-219.910,-51.880,15.503
-0.159,0.282,0.084,-220.398,-53.345,20.203
-0.195,0.302,-0.020,-218.750,-51.758,24.353
-0.212,0.334,-0.100,-215.393,-49.683,25.696
-0.232,0.389,-0.167,-206.848,-48.340,22.949
-0.240,0.447,-0.210,-194.519,-46.021,16.968
-0.235,0.494,-0.212,-181.885,-41.260,11.047
-0.233,0.529,-0.199,-170.715,-32.593,9.033
-0.226,0.555,-0.197,-162.476,-20.569,10.498
-0.232,0.582,-0.207,-155.273,-6.592,14.648
-0.247,0.609,-0.233,-147.888,6.653,19.348
-0.260,0.648,-0.263,-138.000,18.921,23.132
-0.260,0.685,-0.277,-127.258,27.954,23.865
-0.284,0.712,-0.343,-114.807,33.386,22.095
-0.318,0.725,-0.399,-101.379,33.325,18.188
-0.336,0.760,-0.414,-89.478,29.114,12.085
-0.353,0.796,-0.418,-79.712,23.926,5.005
-0.375,0.837,-0.437,-73.425,19.958,-1.099
-0.401,0.877,-0.454,-69.946,17.761,-5.737
-0.420,0.926,-0.473,-70.007,16.541,-7.507
-0.421,0.957,-0.488,-71.838,15.747,-4.761
-0.429,1.008,-0.537,-73.120,13.672,-9.338
-0.414,1.024,-0.574,-75.317,9.216,-12.451
-0.377,1.075,-0.607,-81.604,3.723,-14.282
-0.335,1.135,-0.635,-86.304,-1.953,-16.907
-0.292,1.172,-0.687,-87.769,-7.507,-19.226
-0.262,1.189,-0.760,-84.717,-13.184,-21.912
-0.237,1.209,-0.827,-80.811,-19.836,-24.841
-0.234,1.228,-0.902,-73.303,-26.550,-29.907
-0.206,1.247,-0.934,-62.805,-31.494,-36.255
-0.151,1.277,-0.935,-53.345,-32.349,-40.222
-0.097,1.300,-0.930,-42.419,-28.809,-42.236
-0.042,1.302,-0.903,-29.663,-22.766,-40.955
0.001,1.298,-0.871,-14.954,-15.564,-35.950
0.034,1.285,-0.825,-0.305,-8.911,-29.114
0.048,1.259,-0.774,15.015,-3.784,-20.020
0.043,1.228,-0.730,29.846,-1.587,-11.353
0.049,1.193,-0.680,39.673,-2.502,-5.127
0.047,1.180,-0.643,43.396,-5.920,-0.732
0.035,1.175,-0.641,44.250,-9.644,2.502
0.012,1.169,-0.666,45.959,-14.709,2.380
-0.016,1.158,-0.684,50.110,-22.644,0.977
-0.040,1.140,-0.684,55.847,-31.616,0.977
-0.076,1.100,-0.694,63.660,-38.208,3.906
-0.108,1.045,-0.679,71.167,-41.138,8.606
-0.131,1.013,-0.663,77.087,-40.344,13.367
-0.178,0.957,-0.668,85.632,-37.659,18.677
-0.194,0.904,-0.608,94.116,-36.316,22.827
-0.194,0.848,-0.534,98.877,-33.264,22.644
-0.182,0.822,-0.477,101.013,-27.222,21.301
-0.158,0.821,-0.421,104.065,-20.935,22.766
-0.133,0.791,-0.383,108.887,-16.174,25.879
-0.127,0.769,-0.341,115.295,-12.756,31.128
-0.120,0.722,-0.310,122.620,-9.094,35.461
-0.144,0.663,-0.304,128.601,-6.287,39.001
-0.178,0.641,-0.307,134.766,-5.127,42.236
-0.193,0.609,-0.292,142.883,-3.967,43.396
-0.174,0.580,-0.241,150.391,-1.038,41.809
-0.167,0.546,-0.176,156.616,4.578,39.612
-0.156,0.496,-0.108,160.278,11.658,37.537
-0.150,0.475,-0.044,160.400,18.677,34.729
-0.149,0.453,0.010,160.889,25.635,32.898
-0.179,0.407,0.005,164.001,30.762,33.447
-0.216,0.357,-0.009,171.143,31.860,33.997
-0.197,0.345,0.027,177.551,29.175,30.823
-0.173,0.344,0.088,182.983,23.804,23.987
-0.151,0.336,0.139,189.514,17.334,17.029
-0.129,0.334,0.179,195.251,11.108,12.878
-0.104,0.335,0.211,200.134,5.554,12.695
-0.088,0.300,0.245,205.627,0.671,16.663
-0.086,0.254,0.298,208.740,-2.075,24.231
-0.077,0.219,0.373,206.909,-0.732,34.851
-0.170,0.134,0.418,198.914,1.526,48.706
-0.271,-0.063,0.445,196.899,2.686,84.412
-0.392,-0.311,0.424,209.473,-2.380,96.863
-0.469,-0.385,0.557,217.712,14.771,64.880
-0.410,-0.342,0.785,217.224,30.640,38.879

-0.202,-0.364,1.784,156.799,36.682,48.828
-0.235,-0.324,1.963,129.883,8.484,46.814
-0.278,-0.279,2.094,113.464,-10.803,58.655
-0.298,-0.299,2.149,95.947,-19.775,82.886
-0.466,-0.218,2.180,84.961,-27.649,64.270
-0.546,-0.162,2.169,82.031,-28.015,58.228
-0.611,-0.071,2.143,75.745,-23.682,50.110
-0.666,0.020,2.106,65.186,-19.470,40.344
-0.719,0.070,2.087,54.993,-11.475,30.640
-0.743,0.072,2.094,47.546,-0.427,27.222
-0.760,0.045,2.118,40.405,11.597,29.114
-0.756,0.036,2.152,31.311,21.851,29.968
-0.723,0.054,2.174,20.386,26.123,26.917
-0.663,0.058,2.175,10.681,22.766,21.912
-0.607,0.022,2.151,3.174,15.991,16.357
-0.599,-0.042,2.129,-7.996,9.705,10.010
-0.576,-0.084,2.085,-27.893,6.531,1.099
-0.516,-0.098,2.016,-51.392,9.766,-12.329
-0.442,-0.118,1.912,-70.984,15.747,-26.184
-0.390,-0.149,1.801,-81.604,18.860,-35.339
-0.330,-0.153,1.735,-88.318,15.930,-39.307
-0.270,-0.097,1.686,-98.083,11.780,-42.480
-0.225,-0.046,1.618,-108.643,11.597,-46.021
-0.186,-0.033,1.534,-114.563,14.526,-46.326
-0.172,-0.059,1.449,-118.042,18.005,-43.518
-0.182,-0.092,1.359,-119.141,20.691,-39.368
-0.168,-0.083,1.295,-119.507,22.278,-36.011
-0.155,-0.058,1.224,-121.277,22.766,-34.241
-0.145,-0.042,1.147,-122.803,20.935,-32.837
-0.125,-0.041,1.077,-125.488,16.724,-31.677
-0.115,-0.061,1.023,-128.296,13.184,-29.297
-0.134,-0.049,0.968,-132.141,14.160,-23.743
-0.130,-0.061,0.880,-131.165,14.221,-17.761
-0.140,-0.038,0.810,-138.306,17.944,-17.334
-0.149,0.004,0.716,-146.362,14.709,-16.235
-0.143,0.042,0.622,-153.137,3.906,-15.625
-0.130,0.089,0.537,-159.424,-6.714,-15.625
-0.130,0.133,0.440,-163.269,-15.259,-15.259
-0.143,0.174,0.326,-164.368,-23.743,-15.015
-0.136,0.226,0.203,-163.635,-32.288,-16.663
-0.122,0.290,0.132,-161.926,-40.710,-20.142
-0.128,0.366,0.100,-161.011,-45.410,-22.156
-0.151,0.435,0.034,-155.151,-41.687,-18.921
-0.160,0.459,-0.015,-146.118,-32.532,-12.146
-0.178,0.469,-0.052,-138.062,-21.912,-3.235
-0.172,0.496,-0.074,-129.761,-12.634,4.028
-0.175,0.529,-0.073,-122.986,-5.981,8.606
-0.190,0.568,-0.093,-115.784,-0.732,10.254
-0.201,0.618,-0.091,-108.154,2.563,9.460
-0.223,0.684,-0.097,-98.145,5.798,7.202
-0.240,0.717,-0.119,-82.397,8.606,6.653
-0.235,0.702,-0.119,-67.383,9.338,7.263
-0.242,0.690,-0.081,-63.416,9.338,8.179
-0.275,0.724,-0.056,-66.528,12.817,8.423
-0.285,0.786,-0.047,-70.251,19.531,6.409
-0.301,0.840,-0.057,-70.129,25.452,2.441
-0.334,0.848,-0.109,-66.956,28.625,-5.127
-0.335,0.874,-0.133,-62.195,28.564,-12.268
-0.328,0.912,-0.105,-59.692,26.611,-15.808
-0.307,0.986,-0.057,-57.983,25.391,-18.555
-0.282,1.044,-0.017,-55.908,23.743,-19.470
-0.277,1.058,-0.010,-52.979,20.325,-18.677
-0.280,1.055,-0.033,-52.490,15.686,-14.832
-0.290,1.093,-0.027,-54.016,10.925,-15.198
-0.296,1.138,-0.042,-48.645,7.324,-23.926
-0.286,1.149,-0.052,-43.213,7.935,-16.479
-0.268,1.194,-0.044,-42.419,8.484,-13.672
-0.271,1.209,-0.088,-38.269,7.080,-10.925
-0.271,1.191,-0.128,-31.616,4.700,-10.376
-0.250,1.190,-0.141,-26.062,3.601,-14.832
-0.215,1.218,-0.132,-24.414,4.395,-17.334
-0.168,1.250,-0.136,-23.621,5.493,-20.142
-0.132,1.266,-0.157,-21.301,5.798,-22.034
-0.111,1.273,-0.184,-18.372,4.089,-23.071
-0.090,1.276,-0.206,-14.771,0.977,-22.766
-0.080,1.281,-0.213,-10.681,-2.319,-21.118
-0.078,1.279,-0.228,-5.798,-5.005,-19.409
-0.079,1.261,-0.228,0.427,-7.751,-16.846
-0.070,1.246,-0.215,6.287,-9.277,-13.062
-0.057,1.239,-0.196,10.986,-9.460,-8.301
-0.053,1.233,-0.190,15.015,-9.216,-2.930
-0.054,1.209,-0.185,18.982,-9.949,1.343
-0.054,1.179,-0.173,22.949,-12.085,5.554
-0.067,1.154,-0.161,26.550,-15.015,9.399
-0.096,1.125,-0.167,29.663,-18.860,12.573
-0.116,1.106,-0.178,32.471,-22.827,14.526
-0.131,1.101,-0.181,34.485,-26.367,15.137
-0.133,1.093,-0.199,37.964,-28.992,14.343
-0.142,1.094,-0.215,40.527,-31.860,11.841
-0.152,1.095,-0.234,44.800,-35.156,8.179
-0.147,1.065,-0.246,52.185,-38.757,5.127
-0.135,1.031,-0.233,59.875,-40.894,6.531
-0.126,1.008,-0.212,66.589,-40.344,12.390
-0.137,0.980,-0.209,74.219,-36.987,19.836
-0.149,0.908,-0.216,84.595,-32.532,27.039
-0.168,0.800,-0.209,94.604,-29.419,32.593
-0.206,0.693,-0.191,100.464,-27.222,35.400
-0.253,0.618,-0.181,102.661,-24.109,35.339
-0.291,0.568,-0.188,105.469,-19.226,31.982
-0.276,0.530,-0.125,110.168,-12.634,24.841
-0.231,0.542,-0.017,112.488,-6.042,16.052
-0.208,0.557,0.077,115.356,-0.427,9.399
-0.198,0.540,0.137,120.850,4.883,7.751
-0.181,0.493,0.192,128.174,9.827,9.888
-0.178,0.439,0.213,133.423,13.428,12.390
-0.215,0.398,0.196,139.648,14.709,14.038
-0.222,0.341,0.186,148.682,12.817,12.146
-0.197,0.336,0.225,155.823,8.789,5.676
-0.184,0.354,0.249,163.879,4.883,-2.258
-0.183,0.321,0.254,177.856,1.953,-5.310
-0.181,0.250,0.267,194.763,1.343,-0.549
-0.171,0.176,0.319,207.825,5.371,7.324
-0.112,0.131,0.407,214.844,11.902,16.296
-0.181,0.146,0.488,215.271,12.146,27.405
-0.218,0.002,0.525,220.581,0.610,63.843
-0.224,-0.190,0.534,232.605,-3.723,68.420
-0.325,-0.320,0.645,225.830,17.944,41.992
-0.345,-0.423,0.782,213.623,32.654,30.884
-0.279,-0.506,0.956,207.153,37.781,30.701

-0.142,-0.481,1.505,168.030,16.479,24.231
-0.139,-0.466,1.585,145.020,-14.893,26.550
-0.193,-0.469,1.655,125.183,-41.260,31.189
-0.312,-0.515,1.624,113.708,-57.983,40.833
-0.407,-0.588,1.628,112.732,-62.866,50.110
-0.483,-0.546,1.736,112.671,-55.847,32.959
-0.523,-0.458,1.859,112.244,-45.532,25.818
-0.556,-0.407,1.981,110.901,-33.508,23.621
-0.587,-0.371,2.022,102.966,-22.034,22.095
-0.625,-0.351,2.063,84.778,-6.653,18.677
-0.666,-0.304,2.087,69.824,1.831,18.616
-0.687,-0.272,2.097,54.443,3.662,20.569
-0.705,-0.234,2.091,38.208,1.831,20.691
-0.728,-0.221,2.043,24.475,-1.160,18.250
-0.696,-0.226,1.999,13.184,-3.784,13.062
-0.652,-0.195,1.942,-0.427,-3.662,4.578
-0.613,-0.131,1.863,-15.930,-0.793,-4.333
-0.581,-0.098,1.771,-28.137,3.296,-10.498
-0.544,-0.107,1.677,-34.119,7.263,-13.489
-0.491,-0.101,1.610,-38.513,11.658,-15.747
-0.460,-0.084,1.545,-43.518,17.334,-16.235
-0.414,-0.053,1.501,-48.523,22.400,-15.991
-0.368,-0.028,1.469,-54.443,25.330,-15.869
-0.324,0.000,1.423,-59.753,27.527,-16.846
-0.289,0.003,1.372,-62.561,29.358,-17.761
-0.247,-0.014,1.315,-63.171,30.884,-17.029
-0.236,-0.018,1.251,-64.087,31.494,-13.428
-0.219,-0.026,1.202,-63.232,33.386,-10.193
-0.219,-0.096,1.134,-61.401,35.095,-7.263
-0.191,-0.158,1.110,-59.875,36.560,-4.517
-0.155,-0.145,1.159,-62.500,39.734,-1.343
-0.130,-0.130,1.178,-66.528,45.532,2.197
-0.135,-0.130,1.175,-71.594,49.744,6.409
-0.131,-0.141,1.140,-75.256,51.575,8.240
-0.109,-0.142,1.085,-80.994,51.147,7.385
-0.089,-0.173,0.997,-87.280,49.438,5.188
-0.071,-0.160,0.959,-92.468,44.800,5.371
-0.077,-0.154,0.882,-93.262,38.757,6.287
-0.075,-0.140,0.841,-97.351,29.785,6.287
-0.130,-0.109,0.780,-97.473,16.602,7.690
-0.137,-0.047,0.760,-97.412,11.230,2.625
-0.131,0.030,0.756,-103.455,7.385,-0.427
-0.105,0.079,0.727,-110.474,0.610,0.610
-0.099,0.123,0.703,-117.615,-4.150,5.798
-0.139,0.200,0.679,-123.230,-6.348,13.062
-0.165,0.262,0.609,-123.169,-10.132,18.250
-0.177,0.301,0.560,-121.582,-16.541,17.151
-0.188,0.351,0.539,-122.620,-22.705,11.292
-0.212,0.391,0.523,-122.742,-26.184,5.981
-0.235,0.409,0.510,-120.911,-26.550,3.296
-0.224,0.425,0.522,-118.103,-21.851,2.319
-0.245,0.469,0.525,-113.647,-13.855,3.845
-0.267,0.473,0.492,-106.995,-8.911,5.798
-0.278,0.459,0.476,-101.379,-7.812,4.456
-0.278,0.473,0.482,-100.952,-7.446,0.183
-0.263,0.496,0.482,-103.394,-4.883,-4.150
-0.243,0.479,0.467,-103.088,0.610,-5.737
-0.227,0.453,0.468,-99.915,7.690,-3.296
-0.222,0.415,0.474,-96.008,13.672,0.061
-0.206,0.359,0.492,-90.881,16.968,3.418
-0.212,0.346,0.524,-87.463,19.348,5.676
-0.202,0.363,0.561,-88.562,19.592,4.944
-0.164,0.410,0.572,-92.285,18.616,0.122
-0.143,0.449,0.526,-96.741,19.897,-6.592
-0.137,0.476,0.460,-98.328,18.982,-8.484
-0.141,0.496,0.382,-98.328,15.442,-9.155
-0.167,0.554,0.330,-97.473,8.362,-10.315
-0.173,0.605,0.288,-94.116,0.977,-13.611
-0.177,0.671,0.271,-91.919,-4.089,-17.822
-0.195,0.717,0.247,-89.050,-7.141,-20.630
-0.220,0.736,0.218,-84.167,-8.606,-19.531
-0.255,0.757,0.221,-78.247,-6.714,-13.794
-0.296,0.786,0.233,-73.608,-0.977,-5.737
-0.334,0.794,0.221,-69.824,5.066,0.610
-0.341,0.821,0.221,-66.895,11.292,3.418
-0.339,0.876,0.247,-68.115,17.090,2.930
-0.351,0.932,0.232,-68.298,21.484,2.625
-0.359,0.956,0.211,-65.613,23.865,2.686
-0.358,0.999,0.190,-62.866,24.170,0.488
-0.356,1.026,0.162,-59.875,23.071,-3.418
-0.338,1.071,0.156,-57.678,20.447,-8.606
-0.305,1.104,0.147,-55.298,18.494,-14.465
-0.270,1.144,0.135,-52.612,17.334,-18.799
-0.230,1.172,0.114,-50.354,16.052,-19.409
-0.190,1.193,0.097,-48.767,14.709,-16.846
-0.168,1.220,0.089,-45.532,12.634,-18.433
-0.141,1.235,0.077,-34.668,8.789,-21.790
-0.129,1.213,0.052,-24.719,6.042,-13.916
-0.126,1.197,0.057,-18.982,2.930,-11.353
-0.120,1.199,0.055,-14.221,-0.549,-8.972
-0.121,1.199,0.048,-9.216,-2.136,-8.118
-0.111,1.176,0.046,-3.540,-4.089,-8.728
-0.101,1.160,0.067,1.282,-6.165,-8.667
-0.102,1.151,0.084,4.761,-7.507,-6.958
-0.090,1.137,0.092,7.263,-7.996,-4.822
-0.087,1.131,0.094,9.277,-8.057,-2.747
-0.091,1.131,0.098,12.390,-9.460,-1.038
-0.096,1.118,0.095,16.907,-12.390,0.305
-0.106,1.093,0.079,22.156,-15.137,0.977
-0.110,1.079,0.073,27.100,-17.700,0.671
-0.120,1.092,0.053,31.494,-20.081,-1.343
-0.134,1.087,0.032,36.743,-22.949,-5.127
-0.125,1.069,0.011,43.457,-25.635,-8.240
-0.121,1.062,-0.004,49.622,-25.696,-7.996
-0.122,1.050,-0.008,55.481,-24.414,-5.737
-0.127,1.010,0.000,62.073,-24.109,-3.235
-0.125,0.963,0.024,65.796,-25.085,-1.343
-0.158,0.956,0.015,66.711,-25.269,-0.549
-0.202,0.951,-0.006,70.679,-25.269,0.854
-0.219,0.911,-0.015,79.224,-24.963,2.075
-0.216,0.863,0.010,87.402,-22.705,2.319
-0.198,0.834,0.053,94.238,-18.677,3.174
-0.172,0.804,0.085,101.929,-12.695,4.578
-0.158,0.765,0.112,109.680,-6.653,6.409
-0.135,0.725,0.161,116.882,-2.930,9.033
-0.117,0.694,0.214,122.498,-1.221,11.963
-0.123,0.655,0.246,128.174,-0.732,14.282
-0.137,0.608,0.271,134.338,-0.061,15.625
-0.138,0.575,0.308,138.428,1.343,16.113

-0.385,-0.579,1.291,136.902,-18.066,35.278
-0.373,-0.596,1.348,121.948,-41.626,35.583
-0.409,-0.585,1.381,102.722,-67.749,36.133
-0.422,-0.573,1.416,93.689,-82.825,38.696
-0.470,-0.585,1.416,91.736,-83.740,40.222
-0.555,-0.641,1.415,96.680,-69.824,40.100
-0.586,-0.645,1.488,99.731,-46.753,41.443
-0.619,-0.623,1.606,97.717,-25.146,46.631
-0.648,-0.602,1.713,92.163,-9.827,45.044
-0.664,-0.599,1.786,84.473,0.488,43.640
-0.672,-0.582,1.830,72.815,6.836,41.626
-0.658,-0.558,1.851,57.983,7.751,39.429
-0.637,-0.538,1.842,41.626,4.822,35.706
-0.630,-0.521,1.815,27.649,0.488,30.823
-0.611,-0.528,1.786,17.883,-3.174,24.841
-0.595,-0.538,1.779,10.193,-3.357,18.860
-0.558,-0.543,1.775,1.099,1.221,14.465
-0.534,-0.555,1.753,-8.850,8.423,10.803
-0.498,-0.564,1.732,-18.555,14.893,7.874
-0.456,-0.562,1.717,-29.114,19.592,4.761
-0.427,-0.557,1.699,-39.368,21.362,1.038
-0.406,-0.558,1.683,-47.607,21.484,-1.343
-0.379,-0.567,1.674,-55.359,22.644,-1.648
-0.363,-0.586,1.683,-63.354,24.658,-1.343
-0.332,-0.633,1.622,-70.740,30.518,-1.343
-0.330,-0.681,1.604,-81.543,34.180,0.122
-0.328,-0.727,1.591,-89.355,37.415,2.380
-0.318,-0.763,1.549,-98.450,44.128,2.869
-0.285,-0.754,1.551,-110.535,49.866,1.465
-0.249,-0.754,1.507,-123.657,51.880,-0.854
-0.228,-0.752,1.479,-134.338,53.955,-3.723
-0.188,-0.714,1.426,-142.639,58.777,-7.874
-0.163,-0.662,1.308,-154.907,59.387,-12.207
-0.153,-0.604,1.185,-163.818,54.871,-16.174
-0.144,-0.555,1.067,-168.213,48.340,-21.423
-0.129,-0.512,0.962,-172.852,40.344,-27.222
-0.108,-0.443,0.903,-177.368,31.677,-31.494
-0.070,-0.348,0.872,-185.364,24.658,-34.241
-0.098,-0.298,0.746,-186.096,17.029,-32.959
-0.120,-0.255,0.649,-185.364,13.245,-39.001
-0.111,-0.201,0.598,-192.871,6.226,-41.016
-0.095,-0.128,0.565,-201.477,-7.507,-38.208
-0.079,-0.069,0.516,-210.022,-20.264,-36.499
-0.085,-0.022,0.448,-215.759,-29.236,-32.471
-0.137,0.006,0.342,-216.431,-34.302,-25.452
-0.165,0.041,0.249,-213.196,-34.302,-18.799
-0.192,0.094,0.192,-210.327,-30.823,-15.198
-0.219,0.159,0.176,-204.956,-28.625,-14.771
-0.195,0.222,0.220,-200.439,-28.320,-15.686
-0.168,0.259,0.238,-196.594,-24.658,-16.785
-0.161,0.298,0.248,-192.871,-18.372,-15.564
-0.177,0.342,0.220,-187.866,-13.000,-11.963
-0.192,0.337,0.139,-178.589,-8.179,-9.338
-0.223,0.358,0.052,-168.396,-4.700,-9.094
-0.231,0.412,0.047,-162.415,-3.296,-10.864
-0.227,0.472,0.049,-159.851,0.366,-12.817
-0.217,0.528,0.046,-156.921,7.935,-13.855
-0.216,0.574,0.024,-152.710,15.991,-14.282
-0.233,0.597,-0.032,-144.226,21.729,-14.343
-0.248,0.642,-0.068,-135.132,25.391,-13.794
-0.255,0.708,-0.091,-126.648,29.175,-14.954
-0.245,0.785,-0.111,-118.713,32.898,-16.785
-0.252,0.850,-0.129,-111.328,33.813,-16.357
-0.277,0.887,-0.160,-103.760,31.982,-14.160
-0.273,0.933,-0.173,-97.778,31.006,-13.550
-0.272,0.974,-0.196,-92.468,30.701,-13.977
-0.264,1.013,-0.212,-87.158,28.931,-15.686
-0.245,1.075,-0.190,-84.839,25.940,-18.921
-0.236,1.126,-0.182,-81.116,24.719,-22.583
-0.188,1.163,-0.162,-77.759,25.391,-23.132
-0.141,1.196,-0.137,-76.965,27.527,-22.522
-0.113,1.267,-0.143,-68.665,26.123,-35.950
-0.087,1.266,-0.157,-56.946,24.902,-27.710
-0.065,1.299,-0.162,-53.467,25.024,-22.095
-0.083,1.332,-0.190,-49.072,22.644,-20.264
-0.105,1.358,-0.217,-40.466,19.226,-19.470
-0.090,1.370,-0.216,-31.921,18.494,-17.639
-0.074,1.377,-0.190,-25.879,18.616,-18.921
-0.047,1.388,-0.162,-21.057,17.029,-19.592
-0.055,1.401,-0.165,-16.174,13.977,-19.714
-0.053,1.395,-0.165,-10.681,9.827,-19.714
-0.035,1.374,-0.155,-5.432,7.568,-18.799
-0.005,1.368,-0.128,-1.709,7.019,-16.724
0.005,1.358,-0.114,1.953,6.470,-11.719
0.005,1.332,-0.104,5.859,3.540,-5.920
0.007,1.307,-0.087,9.399,-0.671,-2.014
0.016,1.290,-0.072,11.597,-5.676,-1.343
0.039,1.277,-0.069,14.099,-11.475,-3.113
0.062,1.285,-0.085,16.541,-16.968,-6.042
0.065,1.305,-0.119,18.494,-22.766,-7.690
0.055,1.293,-0.171,23.193,-30.334,-7.996
0.041,1.265,-0.211,30.457,-38.269,-7.935
0.024,1.252,-0.225,37.415,-44.128,-7.202
0.015,1.221,-0.232,46.631,-46.265,-4.639
0.006,1.184,-0.226,56.641,-45.593,-0.366
0.006,1.147,-0.207,66.162,-43.152,4.639
-0.005,1.107,-0.188,75.439,-41.199,9.888
-0.028,1.056,-0.165,84.229,-39.978,14.404
-0.047,1.005,-0.145,92.712,-38.025,18.738
-0.086,0.959,-0.136,100.525,-35.645,23.499
-0.127,0.904,-0.128,108.521,-33.569,26.978
-0.156,0.838,-0.107,116.211,-31.006,28.809
-0.168,0.778,-0.057,122.375,-27.405,29.236
-0.154,0.727,0.000,125.732,-22.705,27.771
-0.145,0.712,0.062,125.916,-18.616,26.428
-0.140,0.675,0.106,127.991,-15.930,25.208
-0.134,0.631,0.148,130.310,-15.320,24.658
-0.130,0.587,0.184,131.653,-15.625,24.536
-0.138,0.549,0.189,132.019,-15.930,25.208
-0.215,0.503,0.110,135.742,-16.785,26.184
-0.253,0.442,0.075,143.188,-20.325,24.475
-0.241,0.396,0.104,148.254,-23.560,18.921
-0.216,0.419,0.179,148.560,-25.085,13.184
-0.172,0.439,0.254,146.851,-25.024,9.094
-0.130,0.454,0.317,146.545,-23.621,6.165
-0.103,0.430,0.320,151.367,-21.729,8.118
-0.095,0.369,0.328,158.936,-20.325,16.235
-0.085,0.291,0.359,166.321,-18.799,29.114
-0.083,0.200,0.422,172.729,-15.320,44.739

-0.428,-0.402,1.318,133.606,-35.339,20.935
-0.410,-0.344,1.401,123.779,-31.921,27.527
-0.422,-0.284,1.426,113.647,-39.185,34.607
-0.432,-0.232,1.438,98.877,-51.819,38.086
-0.491,-0.213,1.408,85.205,-62.439,42.969
-0.549,-0.199,1.366,78.613,-74.768,51.147
-0.609,-0.195,1.329,77.576,-79.773,53.772
-0.669,-0.202,1.318,79.712,-72.327,48.706
-0.718,-0.221,1.320,81.726,-58.472,43.152
-0.766,-0.303,1.341,83.069,-45.776,40.405
-0.802,-0.433,1.396,83.557,-33.875,39.001
-0.823,-0.547,1.515,76.843,-19.348,36.682
-0.799,-0.611,1.688,58.411,-3.052,32.288
-0.758,-0.649,1.853,36.255,16.113,27.344
-0.704,-0.707,1.960,17.090,37.109,24.658
-0.648,-0.690,2.055,-2.319,50.537,26.489
-0.606,-0.708,2.095,-16.846,54.382,23.376
-0.568,-0.630,2.104,-31.921,50.781,8.057
-0.539,-0.549,2.056,-45.715,44.373,-4.944
-0.451,-0.495,1.917,-62.622,37.781,4.272
-0.440,-0.442,1.766,-82.520,23.499,-12.695
-0.433,-0.444,1.635,-87.463,13.123,-23.254
-0.403,-0.440,1.543,-91.370,13.550,-30.334
-0.344,-0.400,1.523,-95.215,19.653,-35.339
-0.299,-0.357,1.506,-100.281,26.550,-36.865
-0.261,-0.332,1.484,-106.445,33.508,-34.485
-0.249,-0.328,1.447,-111.938,41.504,-28.809
-0.239,-0.366,1.361,-115.234,51.697,-22.461
-0.230,-0.385,1.315,-118.713,58.655,-17.090
-0.224,-0.374,1.271,-121.521,61.768,-15.930
-0.209,-0.340,1.223,-126.343,58.716,-18.860
-0.198,-0.294,1.154,-131.653,53.894,-24.841
-0.177,-0.242,1.092,-139.465,45.715,-29.358
-0.151,-0.192,1.007,-145.752,37.598,-31.555
-0.150,-0.130,0.916,-154.053,29.541,-30.151
-0.173,-0.095,0.796,-161.377,22.949,-27.100
-0.176,-0.068,0.686,-166.687,16.785,-22.400
-0.180,-0.019,0.633,-171.326,10.254,-18.188
-0.173,0.051,0.594,-177.429,3.235,-17.334
-0.161,0.114,0.560,-183.228,-4.028,-17.883
-0.162,0.156,0.520,-187.317,-10.803,-17.151
-0.156,0.180,0.483,-189.758,-17.578,-14.709
-0.155,0.205,0.463,-191.711,-24.292,-12.390
-0.162,0.217,0.439,-193.848,-29.663,-10.986
-0.181,0.239,0.404,-193.848,-32.288,-9.583
-0.188,0.297,0.390,-196.106,-30.457,-8.728
-0.192,0.349,0.365,-198.975,-28.564,-8.301
-0.191,0.392,0.316,-197.632,-26.794,-9.277
-0.205,0.422,0.259,-194.519,-24.353,-11.292
-0.212,0.431,0.211,-190.247,-22.522,-13.794
-0.220,0.455,0.170,-184.814,-20.081,-15.320
-0.237,0.495,0.149,-182.007,-15.747,-16.113
-0.245,0.537,0.098,-178.650,-10.132,-17.456
-0.255,0.577,0.056,-173.706,-5.310,-18.433
-0.258,0.625,0.025,-169.434,-0.488,-19.958
-0.267,0.664,-0.018,-164.307,4.150,-21.057
-0.273,0.704,-0.064,-157.715,7.019,-22.156
-0.268,0.751,-0.090,-151.367,7.874,-23.682
-0.262,0.791,-0.124,-146.912,8.545,-25.696
-0.270,0.837,-0.156,-143.188,9.033,-26.184
-0.263,0.880,-0.196,-138.794,10.437,-25.940
-0.238,0.921,-0.221,-135.376,12.573,-25.330
-0.233,0.962,-0.256,-131.836,13.916,-23.315
-0.234,1.005,-0.298,-125.793,13.245,-20.447
-0.231,1.044,-0.339,-119.690,11.230,-17.334
-0.191,1.026,-0.366,-117.737,8.240,-12.695
-0.196,1.136,-0.398,-112.610,2.625,-26.550
-0.188,1.162,-0.426,-100.830,1.038,-22.888
-0.138,1.202,-0.457,-95.032,4.272,-19.348
-0.119,1.226,-0.490,-91.614,5.188,-18.799
-0.115,1.254,-0.515,-86.426,3.113,-20.142
-0.106,1.263,-0.513,-82.092,0.122,-18.066
-0.097,1.298,-0.521,-81.970,-4.028,-14.648
-0.095,1.330,-0.530,-81.604,-9.399,-13.611
-0.101,1.347,-0.552,-75.806,-13.794,-14.038
-0.090,1.357,-0.589,-64.697,-16.479,-16.418
-0.069,1.346,-0.609,-51.025,-16.968,-19.104
-0.044,1.326,-0.600,-36.316,-15.808,-19.958
-0.021,1.311,-0.565,-21.057,-13.916,-18.494
-0.000,1.290,-0.527,-5.371,-11.536,-14.832
0.014,1.256,-0.484,8.850,-9.216,-9.766
0.010,1.213,-0.439,20.386,-6.897,-3.540
0.016,1.181,-0.388,29.602,-5.310,2.563
0.017,1.154,-0.335,36.194,-4.456,8.179
0.017,1.128,-0.292,41.504,-4.333,13.489
0.000,1.101,-0.274,46.814,-4.395,18.494
-0.010,1.078,-0.261,52.551,-5.615,22.583
-0.032,1.057,-0.261,58.167,-7.141,25.330
-0.044,1.044,-0.256,62.805,-9.460,26.550
-0.063,1.026,-0.255,66.711,-10.803,27.893
-0.078,1.012,-0.248,69.153,-11.230,29.846
-0.109,0.998,-0.262,72.021,-10.620,32.776
-0.125,0.976,-0.260,76.904,-10.254,36.560
-0.160,0.933,-0.263,83.679,-10.620,40.161
-0.193,0.882,-0.252,90.942,-11.414,41.992
-0.206,0.847,-0.219,95.215,-11.719,40.955
-0.214,0.836,-0.177,96.863,-9.766,38.147
-0.205,0.836,-0.150,100.220,-6.836,35.706
-0.196,0.816,-0.123,105.530,-5.127,35.583
-0.212,0.774,-0.112,112.244,-4.333,35.828
-0.204,0.739,-0.074,117.798,-3.357,34.790
-0.191,0.721,-0.038,120.544,-1.038,31.921
-0.175,0.710,0.003,120.972,1.465,29.236
-0.164,0.709,0.055,119.263,2.258,29.175
-0.170,0.721,0.112,117.249,2.686,30.579
-0.154,0.731,0.147,117.188,4.883,32.593
-0.137,0.741,0.177,117.493,7.263,35.339
-0.165,0.706,0.155,119.446,7.507,39.307
-0.240,0.620,0.089,126.343,4.333,44.495
-0.265,0.565,0.075,132.751,-0.854,45.288
-0.260,0.552,0.107,135.010,-6.226,39.429
-0.245,0.560,0.161,134.827,-10.071,31.250
-0.211,0.554,0.216,132.080,-8.728,25.513
-0.197,0.522,0.260,127.808,-3.418,25.635
-0.176,0.491,0.307,121.887,3.540,30.701
-0.166,0.479,0.351,115.967,14.587,41.687
-0.174,0.453,0.387,112.732,31.189,59.753
-0.276,0.313,0.354,114.624,49.683,80.017
-0.326,0.051,0.274,123.901,62.683,93.018

-0.393,-0.385,1.611,168.274,0.854,78.247
-0.413,-0.416,1.715,151.428,-7.446,84.045
-0.555,-0.452,1.827,135.681,-11.536,70.618
-0.491,-0.407,1.913,116.882,-7.080,71.289
-0.453,-0.324,1.924,89.294,5.005,58.472
-0.507,-0.228,1.970,70.129,5.249,37.659
-0.552,-0.199,1.981,58.838,0.610,33.813
-0.633,-0.216,1.986,48.889,-1.099,31.982
-0.689,-0.234,2.001,38.513,-1.770,28.809
-0.715,-0.230,2.031,26.550,-0.488,26.367
-0.717,-0.205,2.068,12.695,3.723,24.292
-0.693,-0.155,2.091,-2.319,9.277,18.616
-0.666,-0.110,2.084,-17.151,14.587,8.118
-0.645,-0.100,2.043,-29.419,18.677,-2.197
-0.607,-0.093,1.989,-39.978,19.409,-9.216
-0.560,-0.079,1.922,-51.453,16.052,-14.832
-0.501,-0.069,1.853,-62.866,10.193,-19.653
-0.450,-0.067,1.780,-73.120,5.310,-24.353
-0.405,-0.070,1.707,-81.482,2.869,-27.527
-0.363,-0.076,1.633,-88.562,1.831,-29.602
-0.333,-0.078,1.551,-94.238,1.892,-31.128
-0.295,-0.062,1.488,-99.304,3.113,-32.410
-0.260,-0.051,1.427,-103.516,7.202,-32.410
-0.234,-0.036,1.380,-105.957,13.245,-30.029
-0.225,-0.026,1.330,-108.337,18.982,-26.794
-0.203,-0.023,1.289,-112.366,21.729,-24.902
-0.181,-0.039,1.239,-117.432,23.804,-24.841
-0.175,-0.056,1.187,-121.765,26.428,-24.292
-0.164,-0.052,1.145,-127.502,29.541,-22.766
-0.158,-0.059,1.078,-133.240,31.982,-20.569
-0.127,-0.062,1.016,-137.634,30.457,-19.287
-0.112,-0.026,0.968,-143.799,25.269,-18.494
-0.091,-0.006,0.894,-144.348,12.817,-18.127
-0.093,0.031,0.844,-149.719,4.883,-23.071
-0.103,0.051,0.771,-156.494,-4.517,-22.766
-0.108,0.043,0.679,-162.292,-17.944,-18.982
-0.147,0.031,0.579,-166.992,-32.959,-15.930
-0.166,0.045,0.510,-170.105,-47.424,-13.367
-0.155,0.105,0.473,-176.025,-60.425,-13.733
-0.146,0.176,0.453,-184.082,-70.679,-16.968
-0.146,0.219,0.414,-191.528,-75.623,-19.653
-0.159,0.252,0.355,-197.144,-73.608,-16.968
-0.179,0.300,0.288,-202.942,-64.880,-10.437
-0.208,0.334,0.212,-208.496,-54.321,-2.808
-0.231,0.352,0.124,-210.510,-46.570,2.991
-0.241,0.377,0.050,-209.290,-40.405,4.944
-0.254,0.401,-0.008,-207.275,-36.438,3.174
-0.282,0.431,-0.064,-206.177,-35.217,-0.977
-0.310,0.443,-0.115,-205.627,-36.499,-5.615
-0.339,0.478,-0.143,-205.750,-37.415,-11.047
-0.388,0.537,-0.180,-203.613,-38.025,-16.174
-0.413,0.585,-0.226,-196.533,-40.222,-19.348
-0.418,0.641,-0.259,-189.026,-42.542,-23.254
-0.440,0.694,-0.298,-180.542,-42.603,-29.175
-0.464,0.724,-0.359,-170.471,-39.124,-34.790
-0.463,0.744,-0.427,-161.194,-30.579,-39.001
-0.465,0.788,-0.478,-152.649,-16.907,-41.138
-0.431,0.833,-0.510,-148.743,0.183,-36.377
-0.394,0.889,-0.530,-145.752,15.198,-36.743
-0.382,0.949,-0.535,-130.127,25.513,-44.373
-0.301,0.962,-0.531,-119.019,35.767,-32.898
-0.269,1.004,-0.529,-108.154,39.734,-34.668
-0.233,1.010,-0.534,-95.764,37.659,-29.541
-0.205,1.015,-0.550,-86.304,33.691,-26.367
-0.188,1.023,-0.569,-78.491,27.832,-26.184
-0.169,1.042,-0.592,-72.388,20.508,-26.489
-0.160,1.059,-0.626,-67.261,14.160,-26.978
-0.146,1.078,-0.655,-62.744,9.766,-28.076
-0.133,1.117,-0.669,-58.960,4.578,-29.419
-0.113,1.140,-0.685,-53.162,-0.549,-32.532
-0.099,1.153,-0.708,-45.349,-4.822,-34.912
-0.076,1.172,-0.727,-34.912,-7.446,-35.889
-0.070,1.195,-0.735,-24.780,-9.521,-35.339
-0.058,1.216,-0.726,-14.465,-11.047,-31.738
-0.053,1.213,-0.706,-3.906,-9.460,-25.452
-0.049,1.204,-0.674,5.493,-4.761,-15.808
-0.057,1.174,-0.629,12.939,0.000,-4.883
-0.073,1.147,-0.587,18.188,3.357,3.906
-0.097,1.132,-0.554,21.179,5.127,11.414
-0.137,1.110,-0.535,23.132,7.507,19.043
-0.178,1.088,-0.518,25.635,9.644,24.719
-0.202,1.069,-0.486,28.320,10.742,26.978
-0.206,1.053,-0.451,31.372,10.315,26.245
-0.206,1.047,-0.419,34.363,8.789,24.658
-0.207,1.038,-0.405,37.720,7.202,23.621
-0.221,1.027,-0.403,41.931,6.104,23.132
-0.228,1.013,-0.400,46.875,4.150,23.499
-0.212,1.005,-0.398,51.819,2.258,23.071
-0.215,1.002,-0.404,55.725,0.488,21.851
-0.224,0.991,-0.418,60.059,-2.014,21.179
-0.227,0.971,-0.418,65.247,-4.089,20.874
-0.234,0.954,-0.416,70.190,-4.456,20.569
-0.246,0.944,-0.412,75.439,-4.822,19.897
-0.259,0.925,-0.410,81.970,-5.615,19.897
-0.270,0.892,-0.403,90.454,-6.226,19.836
-0.256,0.868,-0.372,98.633,-6.470,18.005
-0.229,0.861,-0.339,105.652,-5.737,16.235
-0.204,0.853,-0.305,111.633,-4.150,15.930
-0.185,0.846,-0.272,116.943,-2.075,17.029
-0.172,0.837,-0.243,121.887,-0.732,20.508
-0.185,0.810,-0.236,127.258,0.977,25.452
-0.235,0.770,-0.242,132.996,2.563,31.494
-0.262,0.723,-0.243,138.733,4.089,36.255
-0.292,0.675,-0.239,145.996,5.737,37.415
-0.295,0.649,-0.202,153.748,5.371,33.997
-0.281,0.636,-0.148,160.339,4.150,27.771
-0.272,0.622,-0.093,165.344,4.456,22.888
-0.263,0.600,-0.048,167.725,7.080,21.667
-0.256,0.573,-0.024,168.762,11.047,23.010
-0.239,0.552,0.007,169.922,15.137,26.001
-0.252,0.506,0.007,172.302,17.273,29.175
-0.266,0.453,0.016,176.514,16.174,31.067
-0.261,0.415,0.045,178.467,13.977,28.931
-0.283,0.374,0.048,179.993,12.329,24.170
-0.293,0.337,0.047,185.425,8.606,20.081
-0.249,0.321,0.089,192.261,4.944,15.137
-0.215,0.300,0.148,198.547,4.089,11.169
-0.184,0.247,0.218,205.750,5.493,12.512
-0.173,0.181,0.311,213.562,10.986,21.606

-0.133,-0.658,1.487,218.079,80.933,127.258
-0.188,-0.615,1.606,195.190,52.185,106.750
-0.210,-0.585,1.713,166.321,15.137,85.144
-0.382,-0.538,1.771,140.320,-12.451,59.692
-0.378,-0.473,1.805,116.455,-26.367,74.951
-0.397,-0.363,1.749,90.515,-30.457,66.467
-0.491,-0.266,1.682,77.026,-35.583,48.645
-0.536,-0.238,1.585,70.374,-38.330,44.495
-0.582,-0.249,1.530,68.115,-36.499,36.987
-0.640,-0.272,1.547,69.397,-30.579,28.870
-0.684,-0.291,1.613,68.909,-18.982,25.513
-0.714,-0.316,1.701,66.589,-2.625,24.719
-0.740,-0.362,1.808,60.181,15.747,24.963
-0.740,-0.404,1.931,47.729,32.043,22.644
-0.711,-0.431,2.043,30.212,44.250,12.817
-0.667,-0.444,2.130,8.789,51.147,-1.282
-0.608,-0.447,2.178,-11.475,51.636,-12.634
-0.545,-0.429,2.162,-29.968,46.509,-19.104
-0.468,-0.398,2.104,-48.889,37.781,-21.362
-0.417,-0.371,2.026,-66.711,27.222,-21.545
-0.368,-0.356,1.940,-82.458,20.752,-21.851
-0.313,-0.338,1.874,-95.825,19.836,-22.705
-0.262,-0.319,1.802,-106.201,20.874,-25.085
-0.229,-0.299,1.761,-113.464,21.790,-27.588
-0.197,-0.289,1.697,-117.859,23.315,-28.809
-0.170,-0.256,1.646,-122.864,22.217,-29.907
-0.148,-0.238,1.573,-129.395,17.761,-31.860
-0.120,-0.215,1.511,-135.315,14.404,-34.607
-0.095,-0.191,1.445,-141.602,12.878,-36.316
-0.096,-0.206,1.344,-147.278,11.597,-35.828
-0.097,-0.227,1.242,-150.574,9.583,-34.790
-0.092,-0.215,1.159,-154.541,5.676,-35.889
-0.069,-0.157,1.111,-160.095,0.854,-38.879
-0.058,-0.119,1.049,-166.016,-1.587,-41.931
-0.041,-0.121,0.968,-170.471,-2.563,-41.504
-0.041,-0.114,0.900,-174.988,-2.930,-36.621
-0.042,-0.089,0.822,-176.880,-6.409,-31.372
-0.073,-0.035,0.750,-184.021,-7.690,-31.311
-0.068,-0.005,0.676,-193.237,-16.907,-27.100
-0.065,-0.008,0.582,-199.768,-30.396,-23.621
-0.067,0.032,0.530,-207.581,-42.358,-21.118
-0.073,0.071,0.469,-216.614,-51.575,-17.822
-0.109,0.082,0.369,-223.938,-58.533,-12.207
-0.146,0.104,0.259,-229.736,-62.500,-6.531
-0.173,0.139,0.166,-235.107,-64.331,-4.028
-0.189,0.165,0.095,-237.427,-65.308,-6.042
-0.183,0.212,0.070,-237.000,-64.819,-11.292
-0.183,0.285,0.066,-237.671,-62.561,-16.541
-0.166,0.346,0.043,-234.802,-58.533,-18.188
-0.161,0.380,0.012,-229.187,-54.077,-15.930
-0.176,0.403,-0.034,-222.534,-50.903,-11.597
-0.202,0.438,-0.081,-216.003,-49.194,-7.568
-0.219,0.474,-0.128,-210.693,-47.180,-5.798
-0.247,0.493,-0.199,-204.407,-41.748,-4.700
-0.303,0.517,-0.282,-197.021,-33.691,-3.296
-0.359,0.555,-0.363,-189.270,-25.024,-4.028
-0.401,0.604,-0.418,-179.687,-15.625,-9.216
-0.417,0.663,-0.460,-169.067,-5.554,-16.296
-0.423,0.736,-0.481,-157.654,4.761,-22.278
-0.443,0.806,-0.500,-144.714,13.916,-24.536
-0.465,0.844,-0.519,-131.348,20.386,-20.386
-0.473,0.860,-0.502,-124.146,23.804,-12.573
-0.484,0.944,-0.520,-112.671,23.743,-21.851
-0.477,0.952,-0.526,-102.722,23.926,-16.846
-0.431,0.984,-0.549,-99.976,23.315,-18.188
-0.422,1.023,-0.594,-95.825,16.357,-23.621
-0.406,1.044,-0.665,-90.759,6.775,-25.085
-0.385,1.080,-0.732,-86.792,-3.235,-30.579
-0.368,1.121,-0.810,-83.374,-14.893,-39.368
-0.340,1.163,-0.895,-77.637,-25.635,-49.683
-0.311,1.197,-0.982,-69.214,-32.593,-59.326
-0.271,1.240,-1.034,-60.608,-37.354,-65.613
-0.212,1.288,-1.066,-47.424,-38.147,-68.481
-0.169,1.308,-1.075,-32.837,-34.119,-64.514
-0.130,1.311,-1.050,-16.418,-28.076,-55.237
-0.090,1.290,-1.001,-1.221,-21.484,-44.617
-0.067,1.258,-0.931,13.428,-14.465,-34.851
-0.045,1.222,-0.848,26.184,-8.850,-26.611
-0.022,1.193,-0.766,35.950,-5.371,-20.447
0.001,1.173,-0.693,42.053,-3.357,-15.503
0.009,1.157,-0.631,44.983,-2.686,-10.071
0.010,1.138,-0.588,46.448,-2.380,-3.113
-0.006,1.120,-0.559,48.279,-2.869,4.517
-0.048,1.100,-0.549,50.537,-5.798,10.437
-0.106,1.070,-0.543,54.688,-11.414,14.954
-0.152,1.051,-0.520,57.739,-16.968,17.639
-0.196,1.038,-0.493,59.753,-20.264,19.409
-0.240,1.004,-0.493,63.232,-21.484,20.691
-0.272,0.967,-0.480,68.298,-22.644,20.996
-0.276,0.929,-0.444,71.655,-22.766,18.555
-0.275,0.908,-0.410,74.463,-21.179,14.526
-0.255,0.882,-0.382,77.393,-18.127,9.949
-0.228,0.840,-0.342,78.674,-15.137,5.432
-0.203,0.809,-0.289,76.538,-13.000,0.366
-0.184,0.798,-0.248,75.134,-10.498,-4.028
-0.152,0.795,-0.210,74.646,-7.629,-5.859
-0.131,0.803,-0.202,77.576,-5.371,-5.188
-0.118,0.787,-0.203,86.487,-4.272,-3.235
-0.118,0.758,-0.194,96.619,-4.761,-1.831
-0.120,0.730,-0.175,106.750,-5.615,-0.061
-0.113,0.716,-0.149,115.479,-4.822,1.648
-0.094,0.701,-0.118,122.559,-2.258,2.991
-0.076,0.675,-0.096,128.662,1.709,5.432
-0.071,0.633,-0.082,133.484,5.249,9.338
-0.097,0.594,-0.058,133.850,6.165,11.108
-0.098,0.598,-0.017,131.042,7.080,8.301
-0.091,0.609,-0.004,128.662,6.592,4.761
-0.127,0.568,-0.023,130.005,1.221,2.869
-0.186,0.465,-0.074,136.902,-7.019,2.747
-0.254,0.373,-0.112,143.677,-16.113,0.671
-0.241,0.373,-0.098,147.522,-22.949,-8.301
-0.203,0.425,-0.047,148.743,-25.330,-18.250
-0.149,0.431,0.005,154.724,-23.010,-20.264
-0.108,0.418,0.065,162.842,-17.151,-13.611
-0.083,0.383,0.153,169.983,-9.583,-2.258
-0.082,0.347,0.247,171.875,-2.258,10.376
-0.129,0.262,0.304,168.518,5.493,21.606
-0.241,0.094,0.317,165.588,13.000,30.273
-0.443,-0.053,0.307,169.128,12.146,36.560

-0.282,-0.084,1.775,132.629,-63.843,36.072
-0.372,-0.031,1.842,129.089,-63.232,27.832
-0.404,0.003,1.901,129.089,-46.265,34.180
-0.426,0.040,1.996,124.756,-25.513,36.682
-0.478,0.087,2.088,113.098,-10.376,30.334
-0.525,0.131,2.174,97.290,-1.709,23.682
-0.548,0.171,2.245,78.857,3.174,19.836
-0.570,0.203,2.275,59.753,8.789,15.747
-0.617,0.228,2.280,41.809,10.071,11.719
-0.613,0.295,2.283,22.766,4.761,6.042
-0.589,0.374,2.254,1.526,-2.686,-2.197
-0.562,0.413,2.172,-19.104,-8.545,-7.935
-0.540,0.414,2.060,-36.682,-10.437,-10.132
-0.518,0.395,1.944,-51.697,-8.057,-11.780
-0.524,0.340,1.819,-63.110,-5.310,-13.855
-0.499,0.307,1.732,-72.266,-4.944,-19.592
-0.439,0.310,1.671,-81.299,-5.066,-28.870
-0.366,0.324,1.610,-89.722,-1.770,-36.377
-0.301,0.296,1.564,-96.130,6.714,-38.391
-0.270,0.237,1.536,-99.609,18.982,-35.645
-0.258,0.189,1.533,-102.966,32.959,-31.860
-0.220,0.193,1.530,-108.337,44.678,-29.541
-0.185,0.191,1.497,-115.417,50.903,-27.588
-0.163,0.168,1.441,-122.620,51.025,-25.085
-0.172,0.121,1.379,-128.418,47.363,-22.278
-0.175,0.090,1.299,-133.484,41.870,-21.973
-0.149,0.127,1.251,-139.709,37.048,-24.109
-0.117,0.150,1.200,-146.362,33.875,-24.536
-0.118,0.141,1.120,-150.513,32.776,-22.583
-0.118,0.131,1.041,-154.907,31.616,-19.348
-0.126,0.149,0.981,-160.461,30.029,-17.151
-0.117,0.182,0.908,-167.175,28.931,-18.311
-0.106,0.191,0.811,-171.753,28.442,-18.982
-0.104,0.188,0.685,-174.927,25.330,-17.944
-0.106,0.203,0.589,-179.260,16.846,-13.977
-0.124,0.215,0.516,-183.716,7.935,-13.550
-0.117,0.240,0.452,-184.082,0.488,-17.944
-0.082,0.269,0.402,-187.439,-1.221,-10.986
-0.064,0.319,0.327,-191.711,-2.441,-7.935
-0.068,0.333,0.236,-193.359,-7.996,-1.282
-0.099,0.337,0.165,-191.956,-13.611,6.226
-0.129,0.359,0.114,-191.589,-15.381,11.719
-0.132,0.390,0.075,-192.871,-12.573,14.099
-0.130,0.427,0.016,-193.176,-5.981,14.404
-0.129,0.460,-0.042,-190.002,1.221,16.174
-0.133,0.472,-0.088,-184.448,6.653,19.043
-0.160,0.463,-0.123,-177.490,10.620,20.874
-0.176,0.479,-0.127,-169.678,14.832,21.912
-0.179,0.521,-0.117,-163.330,20.630,22.156
-0.176,0.557,-0.114,-156.677,27.283,22.888
-0.182,0.583,-0.133,-150.024,33.081,24.780
-0.183,0.613,-0.162,-143.311,34.241,27.222
-0.189,0.642,-0.216,-137.695,30.945,27.832
-0.224,0.686,-0.270,-132.507,25.452,26.978
-0.253,0.679,-0.346,-124.390,20.935,21.423
-0.276,0.697,-0.390,-120.239,16.052,13.916
-0.306,0.736,-0.430,-117.615,11.536,6.836
-0.320,0.794,-0.468,-113.281,9.766,-1.892
-0.316,0.826,-0.521,-108.276,7.568,-7.385
-0.312,0.881,-0.559,-103.455,3.662,-9.888
-0.316,0.929,-0.595,-97.656,1.526,-12.268
-0.317,0.972,-0.641,-89.111,3.296,-15.259
-0.304,0.986,-0.702,-80.566,9.888,-11.902
-0.278,1.030,-0.734,-71.228,16.357,-9.888
-0.246,1.052,-0.730,-61.707,18.311,-8.545
-0.192,1.064,-0.727,-53.955,15.930,-9.888
-0.145,1.079,-0.715,-50.049,10.010,-14.099
-0.107,1.095,-0.718,-47.485,1.831,-20.691
-0.077,1.108,-0.757,-45.532,-6.592,-27.466
-0.062,1.128,-0.804,-42.725,-12.451,-32.104
-0.058,1.168,-0.831,-37.354,-15.320,-32.593
-0.055,1.177,-0.848,-29.602,-17.578,-31.128
-0.032,1.184,-0.854,-20.874,-17.334,-29.541
-0.024,1.178,-0.841,-11.292,-12.451,-27.344
0.014,1.171,-0.791,-2.136,-5.798,-25.696
0.052,1.156,-0.737,6.042,-0.854,-24.048
0.086,1.158,-0.687,12.085,1.526,-21.118
0.097,1.137,-0.647,16.602,4.150,-15.747
0.092,1.111,-0.610,20.020,6.836,-8.118
0.099,1.094,-0.572,21.545,7.507,-1.587
0.083,1.081,-0.557,22.705,6.042,4.272
0.068,1.073,-0.517,23.071,2.563,7.690
0.041,1.079,-0.490,24.475,-0.854,7.690
0.019,1.081,-0.475,28.748,-2.686,9.705
-0.019,1.083,-0.469,34.302,-3.418,14.282
-0.064,1.070,-0.468,40.100,-5.188,17.944
-0.115,1.047,-0.455,44.983,-9.155,19.165
-0.136,1.045,-0.444,47.119,-14.038,16.602
-0.154,1.057,-0.449,49.500,-18.494,12.329
-0.168,1.061,-0.464,51.941,-24.292,8.118
-0.192,1.063,-0.491,54.382,-29.907,4.456
-0.202,1.055,-0.510,58.594,-34.485,1.648
-0.198,1.036,-0.498,63.293,-38.147,-1.160
-0.182,1.017,-0.481,68.298,-40.283,-3.723
-0.152,1.000,-0.467,73.181,-40.649,-4.761
-0.126,0.992,-0.442,78.369,-39.673,-2.747
-0.120,0.959,-0.426,85.999,-37.842,-0.732
-0.112,0.917,-0.398,93.689,-36.072,0.610
-0.076,0.894,-0.351,98.877,-33.264,1.343
-0.050,0.894,-0.310,102.600,-28.381,3.052
-0.035,0.877,-0.275,108.093,-23.437,6.714
-0.027,0.850,-0.240,114.075,-19.531,10.498
-0.032,0.817,-0.210,120.422,-16.052,13.977
-0.047,0.777,-0.170,125.488,-14.160,16.479
-0.045,0.758,-0.124,127.991,-12.817,17.151
-0.033,0.762,-0.089,129.150,-9.705,17.639
-0.037,0.753,-0.067,131.470,-5.371,20.447
-0.072,0.710,-0.079,135.315,-1.953,24.414
-0.125,0.661,-0.089,139.587,0.366,27.222
-0.141,0.643,-0.065,142.883,1.221,26.306
-0.127,0.637,-0.015,145.325,0.671,21.729
-0.091,0.634,0.036,147.522,-0.122,17.395
-0.076,0.628,0.088,149.170,-1.648,16.418
-0.068,0.614,0.144,150.452,-3.845,17.578
-0.076,0.589,0.189,150.024,-6.653,19.470
-0.086,0.564,0.225,148.193,-7.812,21.362
-0.096,0.534,0.245,146.118,-7.507,22.461
-0.107,0.484,0.251,145.447,-5.798,23.437
-0.128,0.422,0.248,145.508,-2.625,25.024

-0.465,0.108,1.452,18.738,-7.935,36.987
-0.407,0.103,1.407,4.517,9.766,11.963
-0.384,0.100,1.403,3.357,11.230,3.174
-0.342,0.153,1.366,-7.324,11.353,14.221
-0.328,0.180,1.309,-21.240,8.606,5.005
-0.328,0.179,1.271,-25.879,3.906,0.244
-0.318,0.181,1.241,-28.442,2.930,-1.282
-0.316,0.203,1.180,-29.541,1.587,-0.366
-0.313,0.216,1.140,-31.860,0.183,0.610
-0.299,0.255,1.084,-32.288,-0.793,1.404
-0.293,0.267,1.050,-31.738,-3.113,1.587
-0.287,0.250,1.019,-31.494,-5.859,0.061
-0.280,0.233,0.986,-32.227,-6.653,-2.380
-0.270,0.241,0.949,-33.386,-5.005,-4.333
-0.255,0.271,0.926,-34.729,-3.357,-5.127
-0.256,0.302,0.912,-36.011,-1.709,-5.066
-0.269,0.275,0.911,-36.377,2.380,-4.639
-0.291,0.233,0.930,-35.889,10.315,-2.808
-0.305,0.222,0.967,-36.499,19.104,0.000
-0.293,0.254,0.989,-39.917,25.146,1.282
-0.286,0.284,1.000,-43.213,26.855,-0.244
-0.289,0.266,0.996,-44.006,25.085,-1.770
-0.313,0.224,0.969,-42.358,21.423,-1.831
-0.342,0.219,0.991,-44.861,16.907,-3.357
-0.325,0.231,1.010,-46.997,13.794,-7.812
-0.305,0.266,1.055,-48.035,14.038,-10.498
-0.307,0.278,1.105,-46.875,18.188,-9.460
-0.316,0.250,1.140,-43.884,27.222,-5.371
-0.319,0.184,1.176,-40.527,36.560,-0.854
-0.329,0.163,1.230,-41.077,43.274,2.380
-0.331,0.167,1.254,-45.471,47.546,2.075
-0.329,0.166,1.239,-50.110,49.622,-1.404
-0.324,0.143,1.187,-50.842,47.852,-5.615
-0.295,0.164,1.188,-51.147,41.870,-9.399
-0.255,0.240,1.195,-50.354,32.471,-14.038
-0.298,0.213,1.122,-44.800,20.020,-19.104
-0.324,0.120,1.053,-28.687,7.019,-21.667
-0.281,0.031,1.063,-12.573,-0.732,-21.057
-0.238,0.032,1.162,-10.864,-0.366,-20.081
-0.208,0.066,1.299,-21.484,4.578,-19.348
-0.201,0.061,1.325,-39.917,17.578,-20.264
-0.199,0.063,1.294,-67.749,32.043,-21.118
-0.196,0.109,1.176,-94.666,42.358,-22.583
-0.206,0.114,1.032,-109.192,44.678,-25.269
-0.228,0.089,0.861,-110.535,37.109,-27.344
-0.249,0.112,0.728,-108.948,22.888,-28.564
-0.214,0.170,0.647,-117.371,6.165,-32.532
-0.176,0.270,0.579,-133.057,-5.676,-38.940
-0.163,0.327,0.501,-145.203,-11.719,-43.396
-0.187,0.358,0.408,-151.062,-12.390,-40.771
-0.190,0.368,0.359,-150.208,-10.803,-33.752
-0.178,0.431,0.351,-151.855,-10.071,-24.597
-0.167,0.493,0.344,-155.029,-10.193,-15.686
-0.192,0.530,0.346,-160.889,-8.118,-8.911
-0.216,0.570,0.302,-164.124,-3.845,-2.014
-0.224,0.590,0.257,-165.100,-1.831,3.662
-0.221,0.616,0.222,-164.490,-3.418,7.019
-0.206,0.640,0.202,-163.818,-5.249,7.751
-0.181,0.659,0.185,-163.269,-5.005,5.554
-0.191,0.653,0.142,-159.241,-4.700,2.869
-0.197,0.634,0.126,-152.893,-5.615,1.709
-0.182,0.689,0.144,-149.170,-5.981,4.272
-0.170,0.768,0.138,-147.095,-4.944,6.165
-0.161,0.846,0.137,-146.729,-4.211,2.441
-0.156,0.875,0.072,-143.921,-1.953,-5.371
-0.145,0.897,0.028,-141.113,1.526,-13.733
-0.140,0.903,-0.024,-137.146,6.165,-19.714
-0.116,0.905,-0.067,-131.409,11.292,-21.301
-0.111,0.925,-0.091,-126.587,15.381,-18.311
-0.101,0.956,-0.114,-120.667,17.578,-16.174
-0.104,0.989,-0.157,-114.624,15.259,-17.578
-0.108,1.012,-0.190,-108.093,5.798,-23.010
-0.122,1.028,-0.240,-100.769,-8.240,-31.738
-0.126,1.077,-0.280,-95.398,-20.386,-41.016
-0.102,1.132,-0.329,-93.445,-25.330,-45.654
-0.051,1.139,-0.378,-91.919,-21.973,-43.640
-0.048,1.270,-0.443,-86.975,-16.968,-52.612
-0.028,1.263,-0.498,-73.364,-12.085,-51.636
-0.025,1.275,-0.532,-62.073,-5.554,-43.945
-0.024,1.275,-0.548,-49.744,-1.892,-37.964
-0.025,1.263,-0.541,-36.560,-0.977,-33.508
-0.033,1.232,-0.534,-22.217,-0.977,-30.640
-0.020,1.214,-0.472,-12.024,-1.404,-29.175
0.002,1.203,-0.380,-6.104,-1.404,-28.137
0.028,1.195,-0.297,0.122,0.549,-25.757
0.056,1.167,-0.242,5.859,5.310,-21.545
0.081,1.143,-0.187,10.620,12.756,-15.564
0.111,1.115,-0.132,14.832,19.958,-8.545
0.104,1.084,-0.106,18.188,24.109,-1.160
0.100,1.057,-0.081,20.996,25.635,4.761
0.085,1.048,-0.050,22.095,25.391,8.545
0.073,1.053,-0.018,22.034,21.423,10.315
0.066,1.066,0.009,20.935,14.771,9.766
0.062,1.055,0.008,20.508,6.897,8.545
0.034,1.038,0.033,18.860,-1.282,6.226
-0.058,1.073,0.041,14.954,-8.728,3.174
-0.038,1.070,0.019,20.752,-11.475,6.836
-0.029,1.060,0.033,24.658,-10.559,11.353
-0.018,1.063,0.042,26.306,-12.329,12.512
-0.028,1.068,0.045,26.733,-16.846,11.963
-0.040,1.067,0.037,29.419,-19.775,12.634
-0.070,1.062,0.042,32.715,-21.240,14.221
-0.081,1.054,0.043,36.133,-22.766,16.785
-0.092,1.055,0.051,38.452,-24.780,19.165
-0.085,1.055,0.072,41.931,-27.039,19.531
-0.084,1.037,0.048,48.401,-29.968,18.799
-0.085,1.001,0.057,54.932,-34.363,17.517
-0.081,0.968,0.074,59.631,-38.696,15.991
-0.077,0.953,0.098,63.110,-39.307,15.503
-0.068,0.941,0.123,65.918,-37.842,17.029
-0.055,0.943,0.143,68.787,-34.668,21.423
-0.035,0.936,0.179,71.533,-28.503,28.381
-0.023,0.939,0.193,73.669,-22.461,35.461
-0.010,0.955,0.204,74.951,-18.066,40.588
0.001,0.973,0.205,78.247,-15.198,43.030
-0.018,0.959,0.210,83.435,-16.907,42.542
-0.047,0.915,0.203,89.600,-21.851,42.236
-0.092,0.868,0.200,91.309,-22.644,43.762
-0.154,0.845,0.197,97.778,-18.616,48.157

-0.498,0.346,0.898,46.936,-78.918,29.358
-0.486,0.417,0.911,5.066,-76.721,-6.836
-0.488,0.355,0.885,12.390,-63.049,-14.038
-0.453,0.341,0.826,35.278,-47.241,-18.494
-0.411,0.300,0.807,39.001,-29.968,-6.287
-0.390,0.296,0.848,42.603,-18.311,20.630
-0.375,0.327,0.889,51.575,-19.531,49.561
-0.277,0.568,1.058,68.481,-23.621,76.660
-0.342,0.469,1.054,117.371,-32.715,95.703
-0.279,0.282,0.822,162.781,-36.499,90.210
-0.076,0.210,0.584,140.808,-14.099,67.261
-0.346,0.131,0.786,54.504,28.748,44.312
-0.352,0.114,0.937,17.883,49.805,12.085
-0.507,0.082,0.992,-9.216,48.096,-20.264
-0.587,0.063,1.003,-28.748,47.363,-42.480
-0.587,0.120,1.035,-44.983,46.448,-49.011
-0.545,0.200,1.054,-52.795,39.612,-44.128
-0.506,0.263,1.068,-53.650,28.687,-31.494
-0.466,0.290,1.033,-50.720,15.747,-17.212
-0.454,0.299,1.002,-47.729,4.883,-3.296
-0.494,0.321,0.995,-44.434,-3.967,12.878
-0.514,0.326,0.985,-30.823,-9.155,29.175
-0.488,0.239,0.927,-3.723,-11.536,42.603
-0.476,0.173,0.880,15.686,-13.611,55.847
-0.435,0.144,0.850,25.818,-13.428,65.002
-0.414,0.100,0.808,35.278,-10.315,66.589
-0.418,0.056,0.757,44.861,-6.470,64.209
-0.432,0.014,0.719,52.795,-2.563,62.805
-0.437,-0.012,0.691,53.162,1.892,64.575
-0.423,-0.039,0.673,46.875,7.751,66.650
-0.410,-0.079,0.645,37.903,13.916,65.674
-0.422,-0.111,0.623,22.522,19.653,61.218
-0.429,-0.115,0.615,3.296,25.146,52.002
-0.404,-0.081,0.619,-13.794,29.846,39.612
-0.410,-0.050,0.623,-26.306,32.837,27.954
-0.418,-0.023,0.636,-33.691,33.447,18.311
-0.411,0.006,0.653,-35.889,32.166,10.010
-0.384,0.052,0.675,-34.180,29.480,2.502
-0.367,0.071,0.654,-27.405,26.550,-5.615
-0.384,0.045,0.620,-21.606,23.560,-15.259
-0.417,0.023,0.606,-21.667,22.339,-25.696
-0.429,0.015,0.611,-23.437,22.156,-35.645
-0.392,0.017,0.613,-21.606,21.118,-45.044
-0.335,0.040,0.598,-18.433,18.555,-52.429
-0.303,0.068,0.587,-17.212,16.113,-57.861
-0.292,0.062,0.561,-18.433,13.855,-61.340
-0.271,0.025,0.494,-19.409,10.742,-61.279
-0.225,0.026,0.531,-24.353,5.798,-56.274
-0.303,0.049,0.531,-28.687,-1.953,-46.875
-0.358,0.111,0.588,-32.776,-1.526,-37.354
-0.433,0.148,0.666,-31.677,7.996,-31.311
-0.394,0.196,0.707,-24.109,22.095,-31.067
-0.386,0.224,0.762,-11.475,33.875,-34.851
-0.336,0.270,0.831,2.258,42.175,-42.480
-0.225,0.304,0.842,15.442,48.523,-52.734
-0.180,0.275,0.764,28.625,55.908,-61.462
-0.179,0.238,0.725,32.043,63.660,-64.697
-0.208,0.213,0.741,20.691,72.632,-63.477
-0.251,0.172,0.785,8.911,84.106,-63.110
-0.226,0.110,0.801,4.761,96.497,-64.575
-0.268,0.062,0.809,1.526,107.727,-66.833
-0.264,0.064,0.851,-7.080,115.967,-71.167
-0.240,0.116,0.929,-11.047,120.667,-76.599
-0.214,0.163,0.985,-6.653,119.873,-78.735
-0.194,0.228,1.017,8.362,113.464,-75.989
-0.109,0.220,1.034,36.011,104.919,-70.190
-0.046,0.217,1.052,59.021,98.083,-61.584
-0.033,0.229,1.072,71.716,93.933,-54.749
-0.006,0.232,1.094,77.332,90.271,-53.711
0.034,0.243,1.102,79.346,85.327,-58.777
0.036,0.221,1.090,81.726,80.444,-62.988
0.011,0.194,1.095,79.773,78.003,-61.951
0.034,0.076,1.080,73.914,82.214,-62.317
-0.047,0.187,1.140,65.247,87.280,-70.618
-0.040,0.135,1.190,63.110,87.769,-53.406
-0.060,0.050,1.173,69.580,84.473,-35.095
-0.039,-0.013,1.151,75.317,76.599,-17.090
-0.018,-0.057,1.149,74.890,67.383,-4.089
0.000,-0.060,1.149,71.777,57.556,-6.104
0.030,-0.035,1.151,68.909,44.983,-15.503
0.033,0.044,1.148,65.735,25.757,-19.043
0.077,0.157,1.141,65.674,10.315,-3.967
0.127,0.075,1.044,83.740,-0.183,13.306
0.143,-0.015,0.935,97.839,-6.592,16.602
0.135,-0.029,0.966,89.478,1.282,15.381
0.105,-0.056,1.056,76.477,16.724,10.498
0.133,-0.048,1.245,64.941,23.926,0.610
0.109,0.175,1.548,38.574,7.874,-7.812
0.043,0.238,1.669,20.447,-29.724,-4.089
0.014,0.083,1.571,22.766,-56.885,10.193
0.011,-0.100,1.387,22.827,-57.556,16.785
0.035,-0.184,1.171,12.878,-41.504,10.376
0.061,-0.191,1.058,3.967,-21.667,4.944
0.033,-0.168,0.997,0.366,-10.498,3.601
0.024,-0.140,0.948,-3.357,-9.033,4.150
0.006,-0.118,0.925,-3.540,-12.024,6.714
-0.004,-0.118,0.934,-4.822,-15.686,10.803
-0.012,-0.106,0.946,-12.756,-18.921,14.099
-0.011,-0.074,0.948,-26.917,-21.362,14.893
-0.002,-0.024,0.943,-43.701,-20.386,14.526
0.029,0.014,0.965,-60.608,-16.785,13.306
0.016,0.012,0.980,-68.298,-12.695,10.620
-0.020,0.001,0.978,-67.810,-11.169,6.042
-0.001,0.010,0.906,-57.739,-16.052,2.686
0.181,-0.047,1.072,-13.123,-55.725,3.113
0.526,-0.306,-0.357,-7.080,-113.281,2.380
-0.516,-0.237,1.411,-275.024,-210.571,7.812
-0.419,0.248,1.454,-355.530,-184.692,21.118
-0.333,0.158,1.103,-186.157,-78.308,-5.676
-0.213,0.262,0.979,-160.889,-44.189,-16.541
-0.125,0.170,0.886,-140.564,-30.212,-14.893
-0.144,0.217,0.953,-138.794,-17.578,-12.451
-0.131,0.308,0.940,-138.489,-4.272,-7.324
-0.170,0.293,0.907,-124.756,5.859,-3.784
-0.184,0.299,0.941,-116.272,12.939,0.427
-0.181,0.273,0.933,-111.755,19.775,2.563
-0.162,0.280,0.914,-113.220,23.132,2.502
-0.152,0.312,0.904,-122.009,23.499,2.014
-0.231,0.146,1.055,-135.925,22.461,0.610

-0.213,-0.318,1.576,100.769,28.503,16.052
-0.231,-0.322,1.572,102.478,30.518,2.197
-0.190,-0.283,1.651,98.145,27.527,1.343
-0.105,-0.263,1.719,89.417,20.996,9.949
-0.018,-0.247,1.750,76.843,13.794,24.231
-0.018,-0.176,1.778,57.190,7.935,28.931
-0.131,-0.163,1.738,44.434,5.371,23.071
-0.226,-0.130,1.669,40.344,3.906,20.386
-0.299,-0.092,1.624,38.147,3.052,21.057
-0.305,-0.068,1.581,37.964,2.075,22.705
-0.298,-0.157,1.493,43.152,2.869,24.536
-0.268,-0.209,1.432,36.865,9.338,29.053
-0.159,-0.225,1.397,20.325,17.578,28.076
-0.079,-0.264,1.383,6.409,23.621,21.057
-0.093,-0.286,1.366,-3.174,27.771,16.113
-0.085,-0.343,1.286,-6.226,30.212,14.099
-0.053,-0.358,1.242,-11.780,37.476,13.062
-0.094,-0.328,1.222,-17.944,45.166,13.000
-0.142,-0.307,1.170,-19.897,52.673,10.193
-0.165,-0.308,1.074,-19.470,59.875,6.104
-0.151,-0.286,1.013,-27.222,64.209,6.531
-0.103,-0.235,0.962,-37.048,65.002,11.719
-0.077,-0.194,0.902,-40.710,65.002,12.817
-0.088,-0.196,0.845,-42.236,65.979,8.423
-0.048,-0.155,0.827,-48.096,64.819,8.972
0.004,-0.113,0.811,-54.138,62.561,12.695
0.038,-0.129,0.710,-56.946,63.965,14.221
0.108,-0.153,0.589,-57.861,64.331,15.259
0.164,-0.149,0.512,-60.181,62.134,16.968
0.160,-0.136,0.450,-62.317,59.204,16.296
0.113,-0.107,0.376,-62.378,55.054,13.428
0.124,-0.062,0.325,-59.448,48.218,5.920
0.132,-0.054,0.293,-53.040,38.330,-5.188
0.129,-0.047,0.276,-49.133,29.175,-12.390
0.157,-0.030,0.262,-48.950,22.461,-13.977
0.171,0.008,0.254,-53.101,16.235,-14.648
0.182,0.045,0.221,-57.495,10.681,-18.860
0.191,0.081,0.210,-61.890,8.484,-23.804
0.166,0.101,0.191,-64.819,5.859,-26.123
0.107,0.110,0.139,-65.674,-0.549,-22.827
0.085,0.118,0.095,-61.035,-9.888,-12.329
0.099,0.143,0.102,-54.993,-19.226,0.549
0.100,0.119,0.093,-48.035,-26.123,11.353
0.135,0.082,0.086,-41.016,-29.724,19.470
0.167,0.088,0.101,-33.997,-27.649,25.085
0.165,0.100,0.102,-20.630,-22.522,26.917
0.151,0.091,0.079,-0.916,-15.503,24.963
0.147,0.128,0.097,8.667,-9.338,23.865
0.106,0.176,0.153,13.306,-6.226,25.024
0.066,0.200,0.171,21.423,-4.028,29.358
0.040,0.199,0.153,33.203,-0.977,34.790
-0.016,0.197,0.129,38.757,0.305,35.095
-0.071,0.226,0.149,32.898,0.366,31.250
-0.044,0.243,0.167,34.363,-1.709,27.771
-0.145,0.231,0.213,48.706,-9.583,30.151
-0.187,0.152,0.144,65.674,-19.226,36.438
-0.069,0.092,0.178,63.416,-21.484,34.302
0.051,0.084,0.326,49.927,-23.682,18.921
0.090,0.013,0.339,51.025,-21.606,9.277
0.127,-0.068,0.333,60.791,-17.456,12.451
0.157,-0.111,0.343,67.566,-18.555,13.733
0.151,-0.136,0.332,80.994,-21.240,11.902
0.130,-0.166,0.315,97.473,-19.226,12.390
0.071,-0.169,0.317,107.788,-13.123,12.329
0.000,-0.118,0.314,114.319,-8.911,9.033
-0.066,-0.106,0.313,120.483,-10.620,3.601
-0.141,-0.144,0.372,124.084,-16.663,1.526
-0.168,-0.205,0.463,123.474,-23.193,3.967
-0.146,-0.272,0.571,122.742,-27.893,7.996
-0.074,-0.340,0.683,123.352,-28.625,12.024
-0.017,-0.425,0.762,123.413,-28.076,15.625
0.094,-0.492,0.830,119.629,-24.231,18.860
0.164,-0.485,0.911,112.122,-15.991,23.743
0.210,-0.444,1.030,110.901,-9.155,28.137
-0.107,-0.510,0.960,121.460,-4.333,11.963
-0.068,-0.588,0.981,118.835,25.635,-4.883
-0.112,-0.601,1.057,98.694,-4.395,-24.048
-0.178,-0.727,1.035,86.487,-67.810,-47.302
-0.091,-0.739,1.165,65.369,-83.435,-51.208
-0.095,-0.780,1.234,51.880,-90.271,-53.589
-0.020,-0.874,1.316,50.842,-90.332,-56.824
-0.016,-0.917,1.447,40.710,-114.502,-52.368
-0.143,-0.995,1.562,38.391,-138.855,-52.551
-0.190,-0.958,1.723,24.292,-147.095,-56.763
-0.206,-0.894,1.893,6.531,-153.809,-59.265
-0.213,-0.847,2.010,-5.859,-150.146,-58.350
-0.229,-0.799,2.094,-14.648,-143.555,-49.561
-0.268,-0.752,2.005,-18.677,-139.282,-32.654
-0.323,-0.783,1.842,-9.033,-134.888,-11.230
-0.471,-0.782,1.734,9.888,-115.173,0.366
-0.571,-0.762,1.670,9.094,-95.154,3.601
-0.658,-0.756,1.641,5.920,-81.055,3.662
-0.678,-0.802,1.667,5.859,-68.420,6.958
-0.659,-0.817,1.745,6.836,-48.584,11.475
-0.668,-0.843,1.822,12.268,-28.259,13.733
-0.653,-0.869,1.911,15.930,-16.785,13.489
-0.621,-0.890,2.012,14.526,-6.958,13.855
-0.552,-0.916,2.096,7.935,3.479,17.151
-0.459,-0.922,2.161,-0.854,16.907,23.987
-0.444,-0.900,2.169,-7.935,33.203,32.166
-0.466,-0.878,2.091,-9.033,52.612,38.025
-0.550,-0.853,1.963,-11.963,72.876,39.673
-0.625,-0.858,1.751,-21.729,87.585,37.048
-0.664,-0.858,1.557,-47.119,92.651,31.189
-0.661,-0.836,1.461,-85.266,89.172,22.034
-0.571,-0.810,1.436,-119.446,80.261,13.855
-0.458,-0.793,1.423,-139.832,72.327,14.404
-0.378,-0.800,1.348,-150.818,66.772,20.386
-0.283,-0.800,1.278,-158.875,62.439,23.743
-0.222,-0.808,1.200,-155.273,60.852,21.179
-0.178,-0.820,1.072,-136.108,64.819,16.907
-0.192,-0.797,0.974,-118.164,74.524,14.343
-0.199,-0.693,0.947,-111.084,82.947,13.794
-0.204,-0.579,0.929,-109.314,87.280,13.123
-0.222,-0.505,0.890,-110.352,88.074,11.169
-0.228,-0.477,0.799,-112.671,88.806,8.606
-0.213,-0.446,0.743,-117.615,88.379,8.423
-0.147,-0.378,0.754,-129.211,84.656,10.498
-0.094,-0.340,0.750,-144.592,80.933,13.062

-0.254,-0.933,1.156,202.942,-33.081,-3.784
-0.314,-0.991,1.289,192.200,-45.593,-15.991
-0.250,-1.063,1.466,173.401,-64.392,-30.212
-0.127,-1.099,1.659,147.461,-75.073,-32.043
0.004,-1.179,1.717,130.981,-74.097,-23.987
0.101,-1.239,1.708,112.427,-63.232,-14.954
0.066,-1.264,1.675,88.440,-55.786,-15.381
0.025,-1.296,1.633,67.383,-48.706,-22.644
-0.062,-1.250,1.587,42.175,-57.007,-27.405
-0.231,-1.186,1.525,23.376,-74.524,-31.860
-0.328,-1.061,1.495,5.737,-85.266,-31.799
-0.378,-1.054,1.394,10.193,-76.172,-26.550
-0.458,-1.066,1.265,27.100,-59.631,-20.508
-0.517,-1.004,1.247,25.085,-51.025,-12.390
-0.580,-0.933,1.285,20.813,-37.659,-4.944
-0.606,-0.906,1.367,17.090,-27.954,-2.869
-0.593,-0.913,1.473,11.414,-22.339,-2.441
-0.530,-1.005,1.550,8.057,-19.775,-3.723
-0.476,-1.066,1.631,3.540,-15.320,-3.540
-0.463,-1.065,1.696,-2.991,-7.263,-0.244
-0.488,-1.040,1.704,-7.874,3.052,3.479
-0.515,-1.018,1.680,-12.085,13.916,5.188
-0.543,-0.971,1.686,-18.616,23.926,7.874
-0.593,-0.922,1.672,-26.184,31.311,12.817
-0.635,-0.874,1.673,-39.490,34.973,17.090
-0.640,-0.839,1.684,-58.594,36.255,16.907
-0.626,-0.854,1.685,-71.472,36.865,10.010
-0.585,-0.883,1.667,-79.651,36.987,2.869
-0.550,-0.857,1.704,-96.008,37.354,0.366
-0.508,-0.828,1.769,-122.620,37.109,1.648
-0.448,-0.825,1.795,-153.931,36.316,3.845
-0.360,-0.870,1.774,-183.716,35.767,0.366
-0.311,-0.930,1.718,-209.717,37.720,-9.521
-0.276,-0.977,1.622,-232.239,41.870,-14.099
-0.232,-0.978,1.503,-254.089,44.739,-11.230
-0.184,-0.935,1.420,-275.024,43.640,-13.794
-0.170,-0.894,1.363,-285.339,42.786,-26.184
-0.182,-0.828,1.311,-286.621,40.405,-41.565
-0.218,-0.765,1.250,-280.884,39.185,-53.040
-0.234,-0.754,1.117,-259.705,41.321,-56.763
-0.272,-0.772,0.953,-227.356,42.969,-57.617
-0.223,-0.706,0.891,-215.454,38.269,-55.542
-0.177,-0.607,0.903,-218.933,31.860,-49.316
-0.126,-0.536,0.898,-218.811,30.945,-42.419
-0.086,-0.476,0.870,-216.614,34.424,-38.269
-0.081,-0.398,0.845,-215.027,39.368,-38.025
-0.082,-0.314,0.822,-218.079,42.480,-37.231
-0.129,-0.232,0.789,-224.670,44.067,-33.264
-0.152,-0.182,0.709,-230.286,46.265,-31.433
-0.141,-0.151,0.634,-236.023,46.082,-34.302
-0.135,-0.130,0.547,-240.784,44.067,-38.696
-0.159,-0.063,0.441,-246.277,41.443,-40.222
-0.138,0.023,0.340,-255.737,37.048,-39.795
-0.140,0.126,0.274,-267.883,30.090,-40.039
-0.102,0.165,0.200,-271.118,23.682,-40.100
-0.064,0.178,0.157,-266.357,16.785,-38.513
-0.005,0.170,0.135,-257.385,10.803,-36.072
0.073,0.168,0.130,-250.061,7.141,-32.104
0.178,0.201,0.123,-241.638,7.202,-26.428
0.221,0.220,0.074,-224.915,13.855,-25.024
0.217,0.279,-0.019,-198.608,23.987,-25.757
0.207,0.345,-0.112,-173.157,32.837,-23.743
0.178,0.435,-0.190,-154.114,37.109,-19.226
0.154,0.515,-0.257,-136.536,38.879,-14.832
0.124,0.558,-0.324,-118.347,38.391,-10.559
0.105,0.591,-0.371,-100.159,34.424,-5.737
0.100,0.633,-0.386,-83.130,27.771,-1.953
0.120,0.676,-0.355,-64.331,20.325,-0.916
0.115,0.687,-0.330,-43.152,14.709,-0.244
0.128,0.703,-0.276,-27.588,9.949,2.563
0.153,0.740,-0.209,-18.860,5.981,7.507
0.173,0.762,-0.150,-10.132,3.967,9.888
0.165,0.792,-0.104,-3.784,4.089,11.047
0.146,0.814,-0.101,6.592,5.859,10.620
0.104,0.815,-0.114,21.484,7.019,7.629
0.064,0.831,-0.118,32.288,5.310,6.409
0.044,0.855,-0.109,40.894,1.770,7.507
0.046,0.843,-0.102,47.241,-3.052,8.484
0.062,0.817,-0.088,50.964,-8.789,8.667
0.089,0.805,-0.061,55.908,-12.329,6.042
0.090,0.736,-0.073,71.045,-12.878,1.160
0.140,0.629,-0.078,91.614,-12.939,-0.610
0.225,0.505,-0.079,113.342,-12.085,2.625
0.279,0.458,-0.047,134.460,-8.240,8.301
0.271,0.397,-0.075,165.344,-0.244,13.428
0.213,0.328,-0.153,197.327,7.935,19.043
0.131,0.339,-0.160,208.618,10.681,26.794
0.093,0.401,-0.107,213.562,7.568,34.424
0.025,0.421,-0.072,228.455,2.197,38.025
-0.043,0.412,-0.031,242.065,-2.808,38.574
-0.058,0.369,0.032,243.103,-8.301,38.391
-0.022,0.297,0.122,236.145,-13.184,37.720
-0.007,0.158,0.203,231.628,-16.541,39.612
-0.020,-0.019,0.260,235.046,-17.456,44.861
-0.051,-0.171,0.329,245.361,-13.916,49.683
-0.025,-0.265,0.424,261.597,-9.033,53.284
-0.024,-0.321,0.517,284.119,-5.432,56.702
0.003,-0.328,0.621,296.997,-0.183,58.350
0.022,-0.296,0.718,302.063,7.324,57.922
-0.083,-0.239,0.792,309.875,16.907,53.040
-0.305,-0.248,0.793,316.711,25.269,42.358
-0.429,-0.198,0.907,310.608,22.583,29.663
-0.423,-0.154,1.039,293.823,11.108,16.052
-0.339,-0.245,1.106,270.935,-1.770,2.686
-0.175,-0.457,1.104,244.629,-11.658,-5.798
-0.002,-0.717,1.016,223.145,-19.714,-10.803
0.138,-0.918,0.999,209.778,-21.240,-10.498
0.201,-1.060,0.933,215.332,-10.803,-4.456
0.075,-1.130,0.838,236.206,1.770,-1.038
-0.111,-1.069,0.823,251.465,-3.296,-5.066
-0.221,-1.014,0.867,253.357,-14.160,-9.766
-0.298,-0.977,0.961,241.516,-27.039,-11.353
-0.327,-1.042,1.075,223.816,-37.781,-10.071
-0.257,-1.134,1.254,205.139,-46.143,-9.277
-0.129,-1.253,1.440,189.453,-50.842,-9.216
-0.058,-1.352,1.601,173.462,-52.124,-9.521
0.031,-1.442,1.711,151.978,-52.673,-9.766
0.065,-1.459,1.750,136.536,-38.574,-8.545
0.005,-1.430,1.717,128.296,-22.766,-7.263

-0.246,-1.274,1.665,103.882,-3.784,3.784
-0.368,-1.209,1.640,83.069,-4.517,5.554
-0.427,-1.175,1.631,57.983,-7.751,5.798
-0.373,-1.142,1.662,33.142,-4.211,9.888
-0.347,-1.132,1.636,10.864,-3.418,7.080
-0.327,-1.134,1.602,-11.963,-2.808,3.784
-0.272,-1.166,1.591,-39.124,-2.014,4.211
-0.164,-1.250,1.558,-62.378,0.305,8.667
-0.115,-1.241,1.538,-78.064,5.798,17.151
-0.158,-1.200,1.471,-83.496,15.259,21.790
-0.221,-1.133,1.382,-88.379,24.536,22.644
-0.265,-1.049,1.307,-97.839,28.320,23.010
-0.319,-0.985,1.260,-109.314,26.489,21.179
-0.338,-0.950,1.218,-122.437,23.743,18.188
-0.309,-0.933,1.216,-141.479,18.616,14.832
-0.265,-0.889,1.262,-168.152,10.620,10.986
-0.221,-0.823,1.313,-196.106,3.235,5.249
-0.202,-0.771,1.332,-221.191,-2.625,-4.822
-0.198,-0.747,1.350,-247.986,-10.315,-17.151
-0.140,-0.731,1.400,-278.320,-20.264,-24.292
-0.075,-0.735,1.443,-305.115,-27.527,-26.489
-0.035,-0.759,1.443,-327.148,-29.846,-27.344
-0.000,-0.798,1.420,-348.633,-28.442,-27.893
-0.009,-0.818,1.358,-369.751,-24.048,-28.809
-0.060,-0.777,1.293,-389.160,-13.794,-33.630
-0.114,-0.643,1.284,-405.579,-2.075,-44.495
-0.158,-0.522,1.212,-404.236,3.296,-53.650
-0.250,-0.397,1.135,-382.690,8.484,-57.556
-0.281,-0.284,1.059,-356.384,12.329,-56.335
-0.285,-0.204,1.009,-331.299,12.878,-52.490
-0.306,-0.187,0.955,-302.246,14.404,-51.208
-0.278,-0.199,0.901,-280.212,17.761,-50.171
-0.242,-0.186,0.838,-262.512,24.658,-49.377
-0.189,-0.075,0.861,-255.676,31.067,-49.988
-0.203,-0.011,0.831,-258.728,34.241,-48.096
-0.169,0.011,0.756,-257.080,36.865,-48.828
-0.129,0.010,0.657,-254.883,36.987,-53.101
-0.129,-0.032,0.540,-256.042,36.072,-53.772
-0.079,-0.025,0.414,-261.108,35.278,-46.631
-0.062,0.080,0.308,-263.428,35.339,-38.940
-0.034,0.174,0.232,-262.756,36.499,-37.537
-0.022,0.259,0.176,-266.357,31.799,-34.119
-0.000,0.383,0.147,-266.113,24.597,-28.320
-0.030,0.471,0.108,-254.272,22.156,-26.550
-0.045,0.531,0.076,-239.380,20.935,-27.527
-0.009,0.592,0.043,-228.516,17.517,-28.992
0.007,0.629,-0.022,-213.135,14.648,-29.297
0.054,0.655,-0.069,-201.721,12.146,-28.870
0.122,0.658,-0.109,-192.261,10.010,-28.870
0.177,0.551,-0.179,-173.706,10.132,-29.175
0.201,0.479,-0.207,-155.090,10.193,-23.193
0.245,0.505,-0.196,-141.174,10.132,-12.085
0.249,0.562,-0.187,-125.671,12.939,-4.944
0.227,0.612,-0.207,-103.699,18.677,-4.822
0.212,0.669,-0.240,-81.055,23.682,-5.981
0.183,0.738,-0.282,-61.768,26.489,-5.981
0.165,0.809,-0.290,-47.363,25.940,-6.714
0.173,0.832,-0.280,-34.851,23.071,-8.484
0.200,0.857,-0.232,-30.945,18.188,-7.935
0.217,0.901,-0.174,-36.072,13.489,-3.662
0.238,0.885,-0.174,-34.241,12.817,0.183
0.241,0.821,-0.224,-23.682,15.198,-0.305
0.222,0.778,-0.275,-13.733,16.296,-1.160
0.212,0.772,-0.303,-1.587,16.418,0.610
0.210,0.769,-0.335,20.142,17.395,3.662
0.173,0.779,-0.363,46.509,18.799,6.042
0.119,0.848,-0.363,65.125,19.531,7.263
0.082,0.911,-0.357,80.322,17.944,6.653
0.080,0.963,-0.321,96.375,13.184,6.775
0.110,0.980,-0.271,109.375,7.996,8.484
0.140,0.971,-0.227,111.084,4.700,10.803
0.114,0.914,-0.214,108.704,3.418,11.475
0.125,0.893,-0.209,110.596,4.028,11.047
0.142,0.831,-0.239,120.544,5.615,10.742
0.136,0.733,-0.281,133.484,6.409,12.085
0.152,0.693,-0.278,143.188,5.554,14.771
0.122,0.613,-0.318,159.607,4.028,18.372
0.075,0.572,-0.338,176.208,1.587,23.193
0.012,0.631,-0.307,186.035,-2.869,27.283
-0.045,0.614,-0.293,197.998,-11.230,29.602
-0.066,0.568,-0.261,209.656,-22.949,30.579
-0.053,0.498,-0.163,217.529,-35.828,31.189
-0.023,0.385,-0.021,224.548,-46.936,34.607
0.007,0.226,0.116,236.816,-52.002,41.626
0.083,0.062,0.280,252.625,-48.523,48.523
0.180,-0.139,0.426,268.921,-37.476,57.007
0.277,-0.208,0.609,286.865,-17.761,67.200
0.273,-0.103,0.750,311.523,12.451,73.853
0.122,0.007,0.724,343.140,42.419,70.801
-0.102,0.167,0.626,361.450,62.195,53.955
-0.295,0.401,0.537,356.018,65.430,27.893
-0.509,0.557,0.435,335.083,49.866,0.366
-0.606,0.483,0.347,299.988,19.165,-18.372
-0.604,0.230,0.375,252.625,-21.973,-25.940
-0.364,-0.145,0.547,212.891,-64.819,-23.743
-0.047,-0.572,0.758,193.726,-93.323,-15.503
0.230,-0.874,0.969,190.491,-97.107,-6.470
0.409,-1.061,1.086,201.599,-81.116,1.404
0.435,-1.057,1.152,220.581,-56.030,8.667
0.149,-0.999,1.071,250.366,-41.626,10.254
0.072,-0.908,1.076,271.118,-6.226,16.357
-0.130,-0.792,1.145,273.621,11.414,21.240
-0.334,-0.680,1.247,271.790,5.493,19.958
-0.429,-0.572,1.442,257.996,-8.728,16.724
-0.492,-0.526,1.604,240.112,-20.996,12.390
-0.464,-0.541,1.726,215.454,-30.945,5.737
-0.336,-0.603,1.848,183.472,-38.269,-2.747
-0.269,-0.723,1.883,151.367,-43.396,-9.766
-0.139,-0.814,1.901,118.164,-35.461,-9.766
-0.039,-0.922,1.836,90.393,-22.461,-8.911
-0.045,-1.041,1.703,74.158,-9.216,-9.949
-0.103,-1.100,1.583,64.514,-0.916,-10.071
-0.166,-1.104,1.430,61.707,0.183,-9.521
-0.230,-1.072,1.378,61.340,-0.793,-7.019
-0.295,-1.010,1.424,57.861,-5.615,-3.418
-0.340,-0.947,1.506,56.335,-10.193,2.075
-0.349,-0.870,1.620,49.622,-16.357,5.615
-0.324,-0.803,1.734,35.950,-22.522,3.601
-0.331,-0.768,1.802,16.174,-24.902,2.563

-0.296,-0.763,1.822,-21.362,2.869,18.066
-0.323,-0.803,1.743,-34.546,12.207,18.982
-0.363,-0.825,1.706,-44.983,16.296,19.043
-0.363,-0.816,1.714,-55.481,17.029,21.057
-0.331,-0.794,1.729,-64.880,18.799,23.254
-0.288,-0.782,1.724,-76.294,21.912,26.123
-0.267,-0.754,1.692,-92.529,27.222,28.381
-0.234,-0.758,1.632,-110.474,34.058,29.724
-0.231,-0.730,1.560,-127.930,39.368,29.419
-0.177,-0.757,1.514,-146.057,44.312,34.058
-0.185,-0.715,1.469,-176.147,30.457,27.893
-0.200,-0.715,1.432,-201.660,13.550,15.747
-0.157,-0.699,1.427,-225.769,4.639,10.620
-0.103,-0.655,1.434,-248.291,0.366,7.629
-0.058,-0.628,1.417,-263.672,-1.099,0.671
-0.030,-0.619,1.359,-274.841,-0.183,-8.362
-0.039,-0.610,1.290,-285.645,1.953,-16.174
-0.032,-0.587,1.251,-293.579,5.066,-20.447
-0.052,-0.538,1.227,-296.753,10.376,-21.790
-0.087,-0.434,1.205,-297.363,16.113,-21.667
-0.126,-0.305,1.165,-295.044,22.156,-21.484
-0.139,-0.183,1.105,-288.513,30.090,-22.278
-0.168,-0.107,1.013,-276.917,37.415,-23.743
-0.157,-0.073,0.910,-265.991,41.382,-25.330
-0.129,-0.024,0.834,-265.198,45.105,-25.269
-0.135,0.009,0.765,-269.348,47.241,-24.963
-0.152,-0.005,0.688,-271.057,47.485,-25.208
-0.124,0.011,0.636,-273.010,44.373,-23.437
-0.129,0.012,0.587,-272.766,40.710,-21.057
-0.088,0.021,0.500,-268.799,37.903,-18.127
-0.108,0.122,0.421,-273.743,33.081,-16.296
-0.092,0.254,0.358,-283.447,27.100,-18.799
-0.046,0.359,0.302,-292.664,19.653,-20.996
-0.031,0.413,0.249,-304.382,7.996,-18.066
-0.005,0.389,0.188,-318.970,-4.150,-10.986
0.044,0.338,0.124,-328.186,-13.550,-4.089
0.070,0.272,0.050,-333.801,-15.198,-5.188
0.120,0.229,0.005,-332.275,-8.118,-15.564
0.102,0.251,-0.031,-316.406,-0.122,-24.963
0.071,0.283,-0.134,-283.020,7.324,-26.550
0.086,0.361,-0.211,-252.563,17.151,-23.499
0.124,0.467,-0.249,-225.891,27.283,-21.851
0.108,0.527,-0.317,-188.416,33.813,-21.057
0.082,0.580,-0.371,-152.405,36.804,-19.287
0.084,0.665,-0.383,-129.089,36.926,-16.418
0.124,0.706,-0.378,-112.671,34.302,-13.550
0.164,0.703,-0.376,-103.638,29.907,-9.827
0.198,0.714,-0.370,-100.159,26.062,-7.874
0.217,0.705,-0.399,-92.041,26.245,-11.658
0.223,0.694,-0.436,-77.576,30.823,-18.677
0.201,0.682,-0.496,-61.951,28.442,-17.761
0.188,0.684,-0.567,-44.373,23.193,-15.869
0.157,0.694,-0.625,-28.137,17.700,-14.587
0.126,0.701,-0.658,-13.306,12.207,-10.498
0.117,0.725,-0.672,1.770,6.042,-5.310
0.107,0.794,-0.634,17.395,-1.343,-1.160
0.137,0.860,-0.566,37.109,-6.104,1.282
0.166,0.895,-0.523,60.852,-6.592,1.892
0.194,0.942,-0.476,78.979,-5.188,1.099
0.183,0.940,-0.448,93.018,-3.052,1.099
0.182,0.913,-0.449,106.079,-0.549,2.869
0.170,0.902,-0.468,118.286,2.502,4.456
0.149,0.895,-0.477,130.066,5.310,4.944
0.141,0.904,-0.464,142.883,6.836,4.700
0.118,0.859,-0.499,158.386,6.897,4.272
0.087,0.782,-0.544,173.706,5.127,5.066
0.105,0.706,-0.552,183.044,1.465,7.324
0.140,0.638,-0.521,192.688,-6.592,10.193
0.134,0.526,-0.493,208.008,-17.151,14.709
0.141,0.486,-0.409,223.694,-25.879,21.118
0.106,0.436,-0.316,241.882,-32.227,29.053
0.106,0.368,-0.197,260.132,-35.889,39.978
0.120,0.319,-0.082,281.372,-34.668,51.270
0.061,0.382,0.021,306.763,-28.625,53.467
-0.071,0.432,0.036,335.388,-20.935,44.189
-0.186,0.458,0.047,353.027,-18.799,31.677
-0.248,0.471,0.085,350.525,-27.893,22.522
-0.285,0.443,0.144,332.458,-45.044,13.428
-0.261,0.300,0.183,309.082,-64.026,3.662
-0.178,0.043,0.222,287.048,-76.660,-4.761
-0.083,-0.199,0.287,275.085,-75.867,-12.695
-0.137,-0.374,0.414,278.809,-65.491,-22.522
-0.130,-0.494,0.585,292.542,-55.969,-25.879
-0.145,-0.587,0.757,312.500,-49.988,-18.494
-0.155,-0.624,0.927,329.895,-46.997,-7.935
-0.132,-0.650,1.093,337.891,-43.640,-2.319
-0.048,-0.672,1.267,332.703,-38.208,0.244
0.042,-0.679,1.435,316.833,-31.189,5.127
-0.016,-0.648,1.552,301.270,-22.339,12.085
-0.204,-0.631,1.651,289.185,-17.090,12.146
-0.488,-0.591,1.640,271.667,-21.423,3.052
-0.481,-0.578,1.736,242.554,-9.399,-2.686
-0.398,-0.671,1.744,208.252,-17.883,-16.113
-0.250,-0.835,1.706,176.270,-34.546,-30.579
-0.091,-0.983,1.677,144.836,-49.316,-33.386
0.004,-1.063,1.605,128.723,-49.255,-25.513
-0.016,-1.073,1.494,132.874,-32.837,-16.418
-0.121,-1.036,1.402,142.090,-13.489,-11.108
-0.220,-0.993,1.373,143.311,0.183,-7.690
-0.262,-0.952,1.466,131.348,3.540,-3.052
-0.400,-0.890,1.553,112.305,-12.024,0.671
-0.433,-0.844,1.666,96.619,-20.325,7.690
-0.428,-0.835,1.743,81.360,-20.996,10.864
-0.417,-0.857,1.811,61.096,-24.780,7.690
-0.335,-0.907,1.907,34.851,-29.053,5.737
-0.373,-0.941,1.955,9.583,-35.522,3.723
-0.339,-1.028,1.999,-4.211,-27.954,6.653
-0.249,-1.042,2.077,-20.935,-16.602,17.517
-0.235,-1.074,2.078,-34.729,-5.127,26.672
-0.227,-1.060,2.044,-50.354,10.193,34.912
-0.233,-1.022,1.978,-65.002,25.269,39.368
-0.227,-1.009,1.883,-76.355,38.025,39.551
-0.193,-0.997,1.780,-91.858,44.312,38.208
-0.183,-0.936,1.714,-111.450,43.945,37.537
-0.187,-0.877,1.628,-126.404,42.603,36.621
-0.196,-0.833,1.523,-133.972,45.349,35.095
-0.206,-0.818,1.411,-140.991,48.828,33.508
-0.222,-0.788,1.328,-155.518,48.279,34.119
-0.216,-0.741,1.290,-178.406,42.114,37.659

-0.177,-0.631,1.290,-229.248,23.376,47.668
-0.161,-0.583,1.266,-248.230,16.113,48.889
-0.129,-0.518,1.240,-269.653,15.015,43.701
-0.145,-0.448,1.178,-287.231,19.775,35.583
-0.167,-0.380,1.089,-296.570,25.879,29.114
-0.173,-0.256,1.060,-304.993,29.602,25.269
-0.179,-0.150,1.047,-312.073,30.396,22.278
-0.174,-0.111,1.002,-309.692,29.480,19.958
-0.152,-0.081,0.948,-302.063,28.320,19.104
-0.107,-0.038,0.862,-292.053,27.100,16.663
-0.101,-0.017,0.746,-279.175,26.245,10.498
-0.127,-0.012,0.628,-268.677,25.513,0.549
-0.171,-0.013,0.528,-258.057,27.222,-10.376
-0.169,0.033,0.473,-249.023,27.283,-18.372
-0.161,0.079,0.444,-244.568,17.944,-18.005
-0.141,0.138,0.415,-245.300,13.794,-19.714
-0.068,0.186,0.364,-247.742,15.503,-23.621
-0.016,0.202,0.301,-251.038,16.907,-28.503
-0.010,0.202,0.228,-254.211,7.141,-26.672
0.006,0.247,0.191,-257.751,-2.747,-18.005
0.013,0.327,0.163,-258.118,-10.071,-7.202
0.017,0.365,0.121,-253.113,-12.329,0.671
0.046,0.368,0.033,-247.681,-9.216,5.371
0.058,0.380,-0.047,-238.098,-6.348,7.629
0.060,0.418,-0.115,-226.501,-0.916,7.996
0.087,0.473,-0.147,-215.637,5.798,6.714
0.109,0.527,-0.183,-202.026,12.085,4.395
0.096,0.568,-0.214,-182.190,18.372,0.854
0.095,0.586,-0.251,-158.997,27.161,-3.967
0.103,0.658,-0.257,-134.277,35.034,-8.484
0.100,0.732,-0.265,-108.093,40.283,-11.841
0.115,0.766,-0.305,-81.116,44.556,-13.428
0.136,0.800,-0.343,-63.660,46.875,-12.085
0.124,0.828,-0.388,-52.734,48.462,-8.667
0.088,0.852,-0.428,-40.710,50.720,-5.981
0.049,0.880,-0.453,-27.405,50.415,-4.761
0.012,0.936,-0.447,-15.564,44.861,-3.906
-0.017,1.004,-0.420,-5.615,36.011,-4.395
-0.012,1.055,-0.372,0.793,25.757,-5.066
0.016,1.075,-0.342,6.958,18.433,-7.507
0.040,1.075,-0.332,14.648,12.878,-10.498
0.065,1.079,-0.322,22.705,8.972,-13.855
0.096,1.078,-0.307,31.982,7.324,-16.968
0.116,1.081,-0.310,44.495,6.409,-18.372
0.121,1.050,-0.338,59.021,4.639,-18.555
0.116,1.000,-0.375,69.092,2.625,-18.677
0.114,0.958,-0.413,76.294,-1.099,-17.151
0.120,0.913,-0.430,83.252,-5.737,-14.404
0.137,0.872,-0.447,92.346,-10.925,-10.986
0.152,0.849,-0.445,103.333,-15.442,-6.226
0.157,0.827,-0.443,116.943,-18.372,-2.014
0.166,0.802,-0.414,131.775,-19.958,-0.061
0.159,0.758,-0.388,147.949,-22.827,2.136
0.128,0.672,-0.346,163.330,-27.771,6.775
0.101,0.599,-0.271,171.570,-34.363,13.306
0.061,0.543,-0.158,172.974,-40.405,19.958
0.053,0.445,-0.048,177.551,-44.189,26.123
0.055,0.370,0.058,189.453,-45.471,32.349
0.044,0.308,0.136,206.177,-41.321,36.072
0.032,0.242,0.191,219.788,-31.738,35.828
0.061,0.201,0.265,229.126,-22.278,35.217
0.098,0.193,0.343,238.892,-16.602,35.706
0.070,0.245,0.393,248.352,-13.123,37.109
-0.024,0.323,0.418,255.310,-8.545,37.292
-0.122,0.350,0.409,256.104,-5.432,33.997
-0.173,0.315,0.401,248.474,-6.653,27.344
-0.231,0.268,0.422,231.018,-15.930,19.287
-0.296,0.159,0.438,214.783,-27.771,10.254
-0.312,-0.024,0.469,204.346,-38.025,2.930
-0.261,-0.219,0.535,200.073,-46.326,-2.136
-0.113,-0.392,0.685,200.195,-50.171,-6.409
0.002,-0.531,0.839,207.825,-46.387,-8.179
0.053,-0.612,0.976,221.619,-35.583,-5.920
0.046,-0.616,1.111,230.103,-22.644,-0.671
0.023,-0.569,1.240,235.474,-9.277,4.700
0.077,-0.554,1.309,240.051,2.808,6.836
-0.050,-0.503,1.313,245.605,8.667,-2.014
-0.203,-0.433,1.327,248.718,11.963,-18.188
-0.347,-0.367,1.351,239.502,10.010,-29.907
-0.400,-0.277,1.395,215.820,-4.089,-41.687
-0.417,-0.272,1.451,185.303,-31.433,-55.359
-0.375,-0.336,1.502,157.043,-53.040,-59.631
-0.328,-0.479,1.500,137.146,-58.594,-54.138
-0.266,-0.600,1.488,119.507,-57.434,-48.645
-0.196,-0.697,1.528,103.699,-57.373,-46.692
-0.111,-0.792,1.600,92.407,-57.556,-43.945
-0.075,-0.874,1.668,85.144,-53.040,-37.537
-0.075,-0.895,1.744,80.505,-44.922,-28.381
-0.120,-0.896,1.806,80.688,-35.889,-19.409
-0.177,-0.844,1.888,80.994,-27.771,-12.817
-0.234,-0.825,1.944,81.116,-21.057,-9.949
-0.255,-0.808,1.996,74.097,-16.113,-7.568
-0.254,-0.773,2.056,55.481,-12.207,-2.625
-0.268,-0.757,2.089,31.372,-9.644,1.343
-0.284,-0.731,2.080,4.700,-16.602,3.357
-0.369,-0.796,2.010,-13.489,-21.667,5.066
-0.311,-0.846,2.000,-28.748,-3.540,15.076
-0.269,-0.849,2.010,-46.448,5.493,25.452
-0.251,-0.848,2.003,-58.167,13.245,33.630
-0.263,-0.818,1.979,-69.824,25.513,38.818
-0.271,-0.771,1.953,-83.679,36.438,40.222
-0.276,-0.730,1.907,-100.159,41.504,41.626
-0.256,-0.702,1.852,-120.544,43.213,45.898
-0.222,-0.649,1.815,-142.761,41.809,48.950
-0.213,-0.635,1.743,-161.133,40.405,49.561
-0.190,-0.635,1.667,-178.589,42.053,50.171
-0.164,-0.635,1.556,-194.214,48.279,51.392
-0.163,-0.627,1.470,-203.430,67.078,51.086
-0.188,-0.584,1.367,-212.524,75.317,51.697
-0.210,-0.513,1.305,-223.145,74.158,52.551
-0.218,-0.445,1.285,-237.183,74.768,52.307
-0.191,-0.339,1.295,-251.587,72.388,53.162
-0.126,-0.280,1.229,-263.428,46.875,53.101
-0.127,-0.245,1.126,-266.724,38.940,37.720
-0.115,-0.218,1.021,-269.958,50.415,23.071
-0.102,-0.201,0.892,-271.729,58.167,17.944
-0.072,-0.206,0.732,-270.325,61.157,15.625
-0.042,-0.175,0.609,-268.127,63.599,10.193
-0.039,-0.114,0.490,-257.690,65.796,2.136

-0.018,-0.644,1.448,232.727,-44.739,-2.319
-0.005,-0.640,1.466,231.079,-18.921,-11.230
-0.138,-0.653,1.442,225.952,-3.784,-17.700
-0.263,-0.680,1.459,215.271,-16.235,-25.635
-0.410,-0.603,1.558,190.125,-56.091,-36.011
-0.503,-0.558,1.666,166.687,-97.412,-45.288
-0.433,-0.551,1.776,153.870,-92.529,-49.927
-0.337,-0.575,1.890,141.907,-80.627,-51.880
-0.204,-0.653,1.950,129.578,-85.327,-56.030
-0.163,-0.738,1.987,116.089,-81.970,-56.030
-0.175,-0.779,1.972,103.149,-59.875,-48.828
-0.241,-0.795,1.929,95.276,-33.081,-38.269
-0.392,-0.798,1.894,90.210,-18.066,-32.471
-0.447,-0.793,1.880,83.801,-15.259,-31.311
-0.413,-0.801,1.909,75.562,-12.878,-30.090
-0.395,-0.795,1.937,61.279,-8.606,-25.696
-0.354,-0.782,1.964,43.274,-3.662,-20.752
-0.333,-0.789,1.957,27.893,-1.770,-16.968
-0.295,-0.822,1.929,13.000,-5.005,-12.207
-0.274,-0.860,1.929,-0.854,-2.014,-2.625
-0.245,-0.858,1.899,-12.817,10.925,11.719
-0.279,-0.834,1.819,-19.897,21.912,21.851
-0.325,-0.800,1.760,-25.574,32.104,26.001
-0.366,-0.750,1.713,-31.250,36.377,29.663
-0.400,-0.702,1.689,-37.292,36.621,34.302
-0.407,-0.655,1.698,-48.096,36.804,37.781
-0.394,-0.620,1.727,-61.829,39.490,37.720
-0.367,-0.600,1.753,-77.087,43.762,34.729
-0.310,-0.587,1.762,-95.459,48.096,29.663
-0.246,-0.602,1.736,-113.220,52.734,23.621
-0.177,-0.633,1.686,-129.333,57.983,18.616
-0.140,-0.658,1.621,-144.226,63.782,17.639
-0.141,-0.664,1.534,-156.555,67.932,19.836
-0.163,-0.649,1.452,-166.199,70.068,20.935
-0.155,-0.631,1.376,-174.866,70.801,20.325
-0.126,-0.597,1.308,-183.411,70.801,19.592
-0.105,-0.554,1.252,-191.589,70.496,19.653
-0.089,-0.494,1.199,-200.073,70.557,21.362
-0.107,-0.444,1.143,-211.853,70.129,23.926
-0.116,-0.388,1.094,-224.426,70.313,25.208
-0.098,-0.313,1.057,-230.286,73.364,23.621
-0.066,-0.276,0.999,-223.083,79.285,20.325
-0.054,-0.277,0.914,-207.703,87.158,16.113
-0.033,-0.242,0.830,-198.547,93.872,14.404
0.002,-0.145,0.773,-191.772,98.145,14.282
0.011,-0.104,0.643,-175.232,103.333,10.742
-0.018,-0.047,0.506,-162.720,107.483,4.211
-0.072,0.025,0.392,-160.156,104.187,0.305
-0.079,0.094,0.338,-164.795,92.957,2.258
-0.084,0.142,0.302,-176.758,76.172,8.789
-0.080,0.207,0.286,-193.787,57.068,15.869
-0.048,0.249,0.276,-212.585,37.659,20.813
0.030,0.270,0.242,-231.079,25.635,20.203
0.086,0.297,0.189,-247.498,17.212,18.188
0.089,0.281,0.074,-257.935,2.747,20.386
0.073,0.278,-0.048,-265.625,-9.155,26.978
0.078,0.303,-0.114,-270.142,-13.794,34.607
0.105,0.355,-0.125,-268.188,-14.526,40.527
0.116,0.418,-0.120,-258.362,-13.306,44.006
0.138,0.475,-0.112,-241.150,-10.986,45.349
0.171,0.518,-0.116,-221.008,-5.859,44.373
0.223,0.514,-0.129,-200.012,0.610,40.161
0.262,0.536,-0.136,-179.321,6.531,37.048
0.276,0.591,-0.144,-156.799,14.160,35.034
0.271,0.625,-0.159,-133.545,22.766,31.311
0.249,0.666,-0.174,-111.511,29.419,28.870
0.183,0.688,-0.235,-86.121,34.729,28.198
0.003,0.827,-0.291,-63.965,36.926,28.503
-0.048,0.933,-0.302,-34.729,35.645,25.208
-0.105,0.990,-0.330,-0.793,35.461,16.541
-0.121,1.062,-0.309,21.973,30.273,8.789
-0.110,1.096,-0.267,42.236,21.851,1.099
-0.065,1.075,-0.227,61.646,12.451,-3.235
-0.016,1.086,-0.128,64.453,3.662,-5.493
0.020,1.137,-0.017,55.603,-1.953,-8.057
0.058,1.089,0.034,58.960,-4.211,-11.536
0.103,1.016,0.050,64.819,-5.249,-12.756
0.133,0.961,0.038,66.528,-4.333,-11.963
0.130,0.926,0.007,68.542,-1.160,-10.864
0.085,0.897,-0.036,73.547,2.686,-9.888
0.064,0.885,-0.069,79.895,4.395,-8.423
0.061,0.910,-0.061,88.074,3.784,-6.226
0.050,0.901,-0.077,103.882,2.869,-4.456
0.049,0.883,-0.096,120.361,2.319,-4.211
0.032,0.911,-0.109,131.104,1.282,-5.981
0.005,0.926,-0.137,144.104,-1.526,-10.071
-0.007,0.870,-0.162,156.921,-6.287,-15.137
0.029,0.828,-0.130,164.551,-13.306,-19.409
0.042,0.726,-0.136,181.213,-19.226,-22.949
0.071,0.572,-0.154,201.843,-24.719,-24.536
0.164,0.371,-0.159,213.501,-30.701,-21.606
0.211,0.216,-0.129,219.727,-34.302,-15.198
0.244,0.213,-0.078,234.497,-33.813,-4.700
0.179,0.297,-0.062,262.512,-29.297,-0.427
0.055,0.344,-0.055,287.964,-26.611,-2.441
-0.029,0.377,-0.005,285.828,-29.297,-6.653
-0.114,0.355,0.060,263.550,-38.391,-8.545
-0.186,0.278,0.096,246.094,-51.208,-5.493
-0.380,0.142,0.175,237.366,-63.721,-3.235
-0.349,-0.047,0.306,229.370,-76.843,0.061
-0.267,-0.194,0.479,213.013,-80.139,-5.188
-0.144,-0.276,0.684,194.275,-77.087,-9.583
-0.042,-0.403,0.779,187.378,-72.754,-12.512
0.027,-0.517,0.831,187.683,-66.711,-10.803
-0.004,-0.647,0.821,193.481,-58.289,-7.507
-0.121,-0.736,0.864,195.312,-50.476,-5.310
-0.172,-0.782,1.006,191.101,-45.776,-2.441
-0.387,-0.779,1.168,189.209,-52.795,-5.066
-0.318,-0.730,1.434,177.185,-56.946,-9.338
-0.212,-0.668,1.697,157.227,-58.716,-11.475
-0.073,-0.662,1.849,141.113,-62.622,-13.489
0.079,-0.679,1.897,124.451,-59.631,-17.700
0.074,-0.647,1.847,108.704,-48.523,-23.987
0.030,-0.635,1.660,100.708,-32.776,-28.442
-0.114,-0.674,1.420,95.520,-9.827,-32.776
-0.279,-0.726,1.241,85.754,-5.127,-36.804
-0.346,-0.738,1.151,75.562,-19.104,-37.170
-0.366,-0.792,1.199,71.899,-29.419,-34.668
-0.278,-0.800,1.407,67.200,-42.175,-26.917

-0.051,-0.780,1.733,70.190,-43.030,-11.169
-0.049,-0.760,1.769,75.378,-26.855,-10.254
-0.063,-0.739,1.726,77.026,-7.568,-11.597
-0.159,-0.726,1.618,78.491,4.578,-11.841
-0.238,-0.724,1.548,77.637,17.212,-8.240
-0.281,-0.688,1.556,66.162,15.442,-3.540
-0.302,-0.651,1.623,53.772,9.583,0.427
-0.311,-0.674,1.664,43.762,4.150,1.160
-0.302,-0.667,1.763,27.222,-2.136,-0.244
-0.310,-0.606,1.862,10.315,-13.550,-0.122
-0.295,-0.626,1.928,3.357,-11.353,6.042
-0.283,-0.617,1.993,-6.592,-5.676,13.672
-0.266,-0.619,2.035,-15.259,0.854,17.456
-0.238,-0.611,2.059,-25.879,11.353,18.799
-0.222,-0.583,2.062,-34.607,22.888,17.517
-0.222,-0.592,1.990,-38.208,36.011,14.709
-0.229,-0.636,1.874,-39.856,47.241,12.512
-0.212,-0.670,1.778,-44.983,54.077,12.695
-0.212,-0.693,1.693,-51.392,58.167,13.916
-0.191,-0.738,1.612,-55.237,61.096,11.475
-0.152,-0.781,1.540,-56.091,63.354,4.639
-0.113,-0.825,1.477,-52.673,63.477,-0.305
-0.089,-0.868,1.413,-51.331,64.148,0.305
-0.073,-0.851,1.394,-60.608,65.247,5.310
-0.068,-0.793,1.384,-72.388,65.674,10.925
-0.083,-0.774,1.314,-71.838,65.735,12.329
-0.104,-0.795,1.195,-66.101,65.796,10.986
-0.078,-0.786,1.119,-72.937,65.125,13.184
-0.061,-0.755,1.061,-84.961,64.575,18.982
-0.090,-0.722,0.991,-90.881,64.941,24.902
-0.124,-0.678,0.937,-91.187,64.636,29.724
-0.125,-0.618,0.912,-92.041,63.232,33.752
-0.146,-0.554,0.884,-97.046,63.904,37.415
-0.094,-0.506,0.840,-105.408,66.895,39.612
-0.052,-0.420,0.814,-112.122,71.655,36.499
-0.022,-0.365,0.699,-108.704,80.383,29.236
-0.032,-0.310,0.543,-109.070,88.928,24.902
-0.039,-0.174,0.451,-115.601,92.224,23.376
-0.054,-0.080,0.341,-108.704,88.135,19.226
-0.058,-0.020,0.236,-96.985,76.599,13.977
-0.039,0.013,0.193,-99.792,60.547,10.193
0.003,0.040,0.200,-116.089,42.175,10.986
0.034,0.095,0.268,-124.512,30.029,12.878
0.120,0.099,0.298,-113.037,33.997,15.320
0.135,0.116,0.327,-96.375,36.804,17.212
0.131,0.193,0.399,-86.975,31.555,21.240
0.120,0.278,0.438,-79.529,25.635,28.320
0.101,0.368,0.473,-80.566,22.461,34.973
0.103,0.475,0.520,-91.125,24.109,39.429
0.111,0.547,0.504,-96.313,30.212,40.833
0.099,0.601,0.446,-95.520,35.889,40.283
0.083,0.631,0.383,-95.886,40.588,38.940
0.088,0.641,0.339,-95.276,42.664,36.804
0.096,0.633,0.296,-90.393,40.649,34.546
0.112,0.610,0.252,-80.566,36.621,31.372
0.151,0.592,0.233,-73.242,32.043,27.771
0.191,0.587,0.243,-66.406,27.649,23.926
0.232,0.591,0.266,-56.213,23.376,20.569
0.255,0.592,0.276,-41.687,21.362,18.005
0.282,0.580,0.274,-26.306,22.400,15.442
0.297,0.573,0.277,-15.808,23.132,12.146
0.282,0.573,0.282,-12.451,21.240,8.362
0.266,0.575,0.290,-13.306,17.822,5.737
0.245,0.590,0.295,-15.503,13.000,4.333
0.235,0.617,0.296,-12.939,7.996,1.709
0.240,0.597,0.249,-3.113,4.456,-2.930
0.247,0.574,0.204,5.493,1.465,-7.141
0.261,0.565,0.189,10.254,-1.038,-9.644
0.268,0.551,0.178,14.771,-4.150,-11.353
0.263,0.532,0.168,19.104,-8.423,-12.024
0.273,0.506,0.172,24.353,-13.367,-11.658
0.272,0.483,0.174,31.860,-18.555,-10.071
0.278,0.474,0.187,40.405,-22.339,-8.606
0.275,0.477,0.183,46.753,-25.208,-6.836
0.254,0.490,0.162,49.255,-28.259,-5.981
0.208,0.515,0.180,50.537,-32.288,-5.981
0.184,0.522,0.181,55.115,-36.072,-6.287
0.161,0.495,0.177,63.782,-38.574,-7.568
0.159,0.433,0.198,70.129,-40.894,-10.071
0.162,0.362,0.223,70.435,-44.373,-12.573
0.137,0.307,0.233,68.787,-49.072,-12.390
0.098,0.279,0.220,71.106,-52.124,-10.254
0.073,0.239,0.197,77.759,-52.124,-8.118
0.081,0.184,0.180,86.853,-50.659,-9.521
0.059,0.172,0.192,98.633,-51.514,-10.986
0.029,0.117,0.192,118.347,-50.720,-12.085
-0.038,0.082,0.203,135.193,-49.255,-13.794
-0.110,0.049,0.252,139.160,-52.185,-14.954
-0.138,0.001,0.342,135.071,-57.800,-16.113
-0.139,-0.040,0.456,127.380,-64.514,-16.724
-0.092,-0.173,0.567,124.023,-67.383,-17.212
-0.018,-0.288,0.674,119.507,-64.026,-13.550
0.004,-0.379,0.712,116.699,-58.228,-5.676
-0.050,-0.453,0.709,117.371,-49.744,0.061
-0.088,-0.523,0.676,115.967,-40.710,2.014
-0.135,-0.532,0.686,116.272,-34.485,-1.648
-0.193,-0.551,0.734,125.793,-33.569,-8.179
-0.166,-0.625,0.833,135.071,-40.955,-14.465
-0.309,-0.638,0.932,132.935,-60.059,-24.597
-0.236,-0.638,1.146,119.141,-65.918,-28.809
-0.183,-0.685,1.321,103.882,-70.007,-30.762
-0.081,-0.723,1.489,93.506,-77.332,-30.518
-0.027,-0.729,1.615,90.271,-76.904,-30.457
-0.003,-0.780,1.646,94.910,-70.984,-34.180
-0.046,-0.759,1.684,90.759,-66.650,-35.278
-0.208,-0.724,1.640,83.923,-62.317,-39.001
-0.227,-0.768,1.587,86.243,-41.199,-36.194
-0.278,-0.836,1.594,85.083,-33.508,-34.607
-0.339,-0.885,1.681,78.064,-39.795,-37.170
-0.271,-0.930,1.871,72.205,-43.762,-38.269
-0.134,-0.968,2.053,70.435,-47.241,-36.743
-0.146,-0.996,2.190,70.435,-50.232,-36.743
-0.097,-0.979,2.294,61.523,-46.753,-34.241
-0.149,-0.905,2.307,44.800,-41.565,-36.377
-0.203,-0.842,2.231,26.489,-38.269,-32.166
-0.313,-0.809,2.110,13.245,-29.053,-28.748
-0.375,-0.794,1.984,12.878,-10.864,-18.982
-0.391,-0.783,1.896,17.700,5.066,-5.920
-0.370,-0.794,1.853,19.592,17.273,1.282

-0.301,-0.775,1.791,21.179,29.297,5.432
-0.287,-0.769,1.711,24.414,32.471,7.324
-0.284,-0.749,1.645,22.156,34.058,10.254
-0.254,-0.761,1.587,19.409,34.485,13.794
-0.236,-0.783,1.569,23.376,35.645,21.179
-0.221,-0.798,1.583,28.442,37.659,28.381
-0.241,-0.797,1.608,28.259,38.147,32.227
-0.235,-0.781,1.628,22.949,39.856,36.194
-0.198,-0.763,1.636,17.151,45.654,40.649
-0.147,-0.764,1.577,10.010,50.415,43.091
-0.097,-0.774,1.451,-2.319,47.668,43.335
-0.081,-0.769,1.336,-14.099,40.161,39.734
-0.077,-0.775,1.258,-18.860,32.410,35.217
-0.023,-0.757,1.264,-29.175,26.001,34.363
0.003,-0.732,1.276,-46.631,21.851,32.349
-0.031,-0.731,1.171,-57.617,20.691,29.236
-0.029,-0.735,1.043,-64.270,23.743,28.442
-0.027,-0.722,0.918,-72.144,28.259,31.067
-0.003,-0.676,0.826,-79.041,32.166,33.386
-0.013,-0.651,0.697,-75.378,36.194,34.058
-0.025,-0.618,0.553,-61.829,39.795,33.691
-0.006,-0.604,0.431,-40.955,43.335,32.288
-0.022,-0.598,0.337,-21.912,47.607,30.823
-0.005,-0.564,0.318,-12.878,45.898,29.358
0.016,-0.510,0.344,-5.981,36.560,30.396
0.035,-0.478,0.394,2.380,26.489,31.860
0.116,-0.489,0.543,2.808,20.813,30.823
0.237,-0.439,0.767,-8.484,19.348,30.945
0.247,-0.407,0.838,-7.324,23.193,34.058
0.211,-0.348,0.817,-0.610,32.593,39.429
0.085,-0.217,0.731,-5.371,43.152,43.457
0.009,-0.119,0.635,-16.479,51.086,46.875
-0.024,-0.022,0.531,-26.123,57.678,45.898
-0.071,0.042,0.391,-36.072,57.556,39.551
-0.062,0.076,0.269,-51.331,49.438,31.799
-0.076,0.120,0.205,-67.627,35.156,24.414
-0.064,0.122,0.161,-74.463,21.423,17.029
-0.006,0.069,0.142,-72.327,10.498,12.146
0.070,-0.016,0.154,-64.331,3.540,8.728
0.162,-0.091,0.208,-56.335,0.732,7.263
0.218,-0.100,0.290,-53.223,-0.427,9.460
0.215,-0.093,0.335,-48.340,0.183,13.550
0.191,-0.065,0.337,-42.419,3.906,16.418
0.137,-0.018,0.314,-37.964,7.629,17.639
0.076,0.011,0.269,-32.532,8.545,17.151
0.029,0.040,0.260,-29.480,5.249,15.137
0.007,0.039,0.273,-27.649,-0.366,12.390
-0.000,0.015,0.310,-26.611,-6.836,8.911
0.025,-0.009,0.373,-28.381,-13.000,4.822
0.055,-0.040,0.421,-26.489,-16.479,0.183
0.102,-0.070,0.458,-21.912,-16.052,-3.235
0.120,-0.087,0.452,-15.503,-13.062,-5.005
0.126,-0.069,0.448,-10.254,-10.864,-3.540
0.103,-0.020,0.446,-8.789,-9.583,-1.648
0.067,0.022,0.425,-6.592,-9.277,-1.160
0.029,0.052,0.384,-4.517,-10.071,-1.953
0.012,0.076,0.366,-3.235,-10.437,-4.211
0.031,0.063,0.352,-1.953,-12.329,-8.362
0.011,0.062,0.343,-2.686,-15.259,-12.146
0.026,0.057,0.367,0.122,-20.508,-12.939
0.035,0.020,0.365,6.287,-26.672,-13.123
0.068,-0.016,0.395,6.775,-33.813,-12.573
0.100,-0.033,0.439,1.770,-39.917,-10.315
0.128,-0.045,0.477,0.549,-40.833,-8.118
0.140,-0.073,0.502,-0.977,-36.926,-7.935
0.119,-0.088,0.477,-10.315,-32.776,-6.897
0.082,-0.097,0.405,-22.400,-29.663,-5.066
0.044,-0.115,0.314,-32.654,-27.527,-4.700
-0.019,-0.142,0.210,-45.471,-27.649,-5.615
-0.046,-0.140,0.165,-65.125,-32.898,-4.944
-0.045,-0.114,0.180,-86.182,-42.847,-1.038
-0.029,-0.102,0.217,-99.548,-50.720,4.211
0.005,-0.112,0.275,-103.638,-53.955,9.521
-0.038,-0.091,0.344,-99.365,-56.030,14.526
-0.050,-0.079,0.460,-84.167,-57.922,17.395
-0.067,-0.105,0.549,-66.589,-58.594,17.883
-0.137,-0.119,0.615,-58.594,-59.326,18.127
-0.162,-0.144,0.652,-52.490,-57.617,15.076
-0.128,-0.176,0.743,-43.884,-55.664,8.728
-0.107,-0.236,0.847,-26.672,-56.091,5.615
-0.118,-0.317,0.919,3.418,-53.772,7.324
-0.135,-0.387,0.967,31.982,-46.448,12.695
-0.143,-0.344,1.026,45.166,-37.537,19.287
-0.230,-0.265,1.047,52.856,-29.785,20.935
-0.287,-0.164,1.066,59.875,-24.048,15.015
-0.209,-0.044,1.178,56.885,-20.935,8.667
-0.435,-0.018,1.125,54.138,-32.410,-3.723
-0.381,-0.062,1.127,48.584,-35.706,-18.555
-0.337,-0.066,1.190,26.245,-46.814,-28.015
-0.235,-0.140,1.302,13.550,-68.420,-31.738
-0.111,-0.260,1.380,3.052,-84.045,-25.269
-0.023,-0.321,1.415,-9.094,-90.576,-12.329
-0.082,-0.312,1.419,-14.099,-91.797,-2.991
-0.265,-0.386,1.352,-2.625,-84.534,-5.371
-0.470,-0.401,1.366,9.216,-73.853,-14.221
-0.589,-0.337,1.560,20.813,-77.087,-16.968
-0.562,-0.282,1.813,37.170,-80.139,-16.479
-0.448,-0.182,2.118,43.335,-72.449,-13.916
-0.326,-0.129,2.333,42.603,-59.753,-11.902
-0.325,-0.149,2.372,47.791,-42.908,-14.465
-0.294,-0.115,2.339,50.781,-7.690,-7.812
-0.368,-0.084,2.215,56.946,18.433,-2.136
-0.507,-0.133,2.039,71.289,28.687,-2.136
-0.578,-0.176,1.940,76.721,27.039,-1.953
-0.557,-0.249,1.928,85.815,22.217,4.272
-0.488,-0.329,1.996,99.365,17.700,17.273
-0.456,-0.449,2.022,114.014,17.883,28.320
-0.433,-0.475,2.061,121.399,24.414,36.255
-0.431,-0.421,2.128,126.282,32.898,38.940
-0.450,-0.387,2.202,134.094,43.030,39.490
-0.478,-0.414,2.233,136.047,55.725,42.908
-0.432,-0.471,2.212,115.906,69.824,46.021
-0.378,-0.506,2.125,85.632,84.534,45.471
-0.327,-0.555,1.969,60.425,96.313,39.429
-0.302,-0.580,1.814,40.405,100.342,28.259
-0.309,-0.595,1.652,29.358,97.961,12.573
-0.333,-0.548,1.530,26.306,93.628,-0.793
-0.307,-0.532,1.420,27.100,92.407,-2.625
-0.296,-0.479,1.344,22.644,90.149,-3.174

-0.388,-0.128,1.543,20.020,-43.640,0.671
-0.405,-0.081,1.645,17.029,-39.856,-6.470
-0.489,-0.067,1.740,16.602,-30.151,-13.184
-0.533,-0.158,1.789,26.550,-16.174,-18.616
-0.510,-0.231,1.861,34.485,-5.310,-20.508
-0.495,-0.243,1.948,36.377,-1.709,-21.729
-0.472,-0.270,2.004,39.001,-0.854,-21.790
-0.429,-0.257,2.061,37.842,2.380,-20.630
-0.411,-0.294,2.037,40.955,8.057,-20.691
-0.427,-0.382,1.975,47.913,15.259,-20.630
-0.449,-0.448,1.904,47.852,22.644,-19.653
-0.478,-0.470,1.858,42.114,27.527,-16.846
-0.483,-0.500,1.827,37.354,29.480,-12.512
-0.465,-0.499,1.851,33.447,32.104,-7.019
-0.397,-0.522,1.891,34.729,39.551,-0.488
-0.365,-0.551,1.899,37.598,43.701,3.357
-0.308,-0.589,1.910,40.283,46.753,5.188
-0.289,-0.671,1.847,38.635,44.189,2.441
-0.277,-0.705,1.781,26.733,45.044,0.549
-0.243,-0.700,1.741,8.362,48.157,3.174
-0.240,-0.688,1.696,0.854,52.124,6.653
-0.254,-0.679,1.597,12.024,58.533,10.254
-0.272,-0.701,1.480,35.095,63.782,11.963
-0.291,-0.718,1.380,50.964,65.491,12.146
-0.277,-0.668,1.347,45.288,64.941,14.526
-0.269,-0.580,1.342,33.569,65.002,17.395
-0.258,-0.539,1.244,32.349,65.186,18.860
-0.250,-0.537,1.097,34.302,64.697,20.935
-0.253,-0.513,1.004,27.039,62.378,26.184
-0.221,-0.523,0.954,15.320,57.983,30.334
-0.153,-0.506,0.963,2.136,52.246,33.447
-0.105,-0.476,0.952,-4.456,47.791,34.912
-0.087,-0.421,0.958,-4.944,46.326,35.156
-0.092,-0.319,0.922,-3.601,49.316,33.203
-0.124,-0.294,0.815,2.197,56.335,23.071
-0.167,-0.296,0.692,1.282,62.866,8.789
-0.206,-0.288,0.628,-13.367,65.186,-3.967
-0.188,-0.312,0.581,-32.227,61.890,-14.648
-0.079,-0.376,0.567,-47.607,55.115,-21.667
0.044,-0.456,0.557,-61.157,49.133,-23.071
0.154,-0.523,0.508,-72.449,47.119,-19.897
0.222,-0.568,0.433,-83.374,47.791,-14.282
0.255,-0.552,0.402,-98.816,48.279,-6.592
0.271,-0.487,0.406,-114.258,50.110,1.831
0.212,-0.408,0.402,-121.033,47.668,10.010
0.144,-0.318,0.397,-116.638,42.542,18.372
0.059,-0.232,0.373,-100.464,38.330,24.658
-0.031,-0.170,0.301,-84.229,35.645,25.940
-0.075,-0.111,0.253,-80.078,32.227,21.667
-0.062,-0.084,0.222,-81.055,27.649,14.648
-0.028,-0.076,0.215,-84.595,21.729,7.568
0.055,-0.114,0.214,-81.055,15.137,2.502
0.141,-0.146,0.232,-65.125,10.315,0.061
0.167,-0.219,0.203,-41.565,10.071,-1.099
0.203,-0.272,0.198,-27.771,11.780,-1.282
0.235,-0.285,0.237,-20.752,12.939,0.427
0.229,-0.261,0.283,-15.991,13.733,4.883
0.199,-0.211,0.322,-10.803,14.038,10.498
0.158,-0.146,0.338,-6.470,14.221,13.916
0.099,-0.051,0.358,-1.709,13.000,14.038
0.042,-0.014,0.336,9.583,10.803,10.864
-0.001,0.007,0.344,14.404,6.836,6.104
-0.007,0.041,0.414,6.653,2.014,0.977
0.013,0.037,0.458,-0.854,-2.014,-3.845
0.046,-0.000,0.461,-6.714,-5.554,-7.935
0.092,-0.053,0.429,-10.925,-8.423,-10.193
0.133,-0.103,0.371,-12.146,-11.536,-9.888
0.161,-0.126,0.331,-12.939,-13.611,-8.789
0.164,-0.120,0.299,-15.198,-12.634,-8.728
0.165,-0.100,0.292,-13.306,-11.597,-9.338
0.151,-0.092,0.267,-4.944,-12.451,-7.935
0.109,-0.083,0.234,8.545,-15.930,-4.822
0.065,-0.106,0.178,20.203,-18.921,-3.296
0.062,-0.126,0.182,26.611,-21.545,-4.822
0.070,-0.117,0.259,32.532,-24.902,-6.348
0.057,-0.107,0.355,38.391,-28.381,-6.958
0.042,-0.100,0.437,41.687,-30.518,-6.042
0.025,-0.098,0.474,42.908,-33.447,-3.845
-0.008,-0.104,0.468,42.175,-36.743,-2.258
-0.000,-0.136,0.456,39.673,-39.795,-1.892
0.018,-0.172,0.438,34.485,-42.236,-0.366
0.017,-0.198,0.421,30.151,-44.495,4.395
0.006,-0.204,0.455,24.597,-43.884,8.911
-0.031,-0.179,0.504,13.611,-39.917,10.803
-0.084,-0.177,0.501,7.935,-35.522,11.658
-0.135,-0.195,0.485,5.554,-34.302,14.526
-0.153,-0.201,0.527,-0.244,-36.194,17.578
-0.147,-0.194,0.608,-9.094,-39.795,20.630
-0.120,-0.195,0.696,-11.780,-42.603,24.536
-0.077,-0.190,0.761,-8.850,-41.199,28.076
-0.089,-0.175,0.755,-1.526,-35.828,29.541
-0.095,-0.150,0.768,12.634,-31.677,28.381
-0.103,-0.151,0.762,35.339,-29.297,27.161
-0.110,-0.142,0.781,51.025,-27.527,27.466
-0.155,-0.123,0.803,54.382,-24.597,28.625
-0.260,-0.125,0.802,53.955,-21.301,27.588
-0.203,-0.182,0.819,54.260,-18.372,24.048
-0.342,-0.203,0.846,52.002,-24.658,14.343
-0.408,-0.261,0.869,47.913,-33.752,-1.099
-0.365,-0.312,0.992,33.447,-35.339,-15.015
-0.293,-0.373,1.169,12.573,-45.044,-30.334
-0.156,-0.491,1.364,-11.841,-54.626,-39.001
-0.038,-0.622,1.515,-35.217,-61.340,-35.522
0.066,-0.736,1.576,-53.284,-64.392,-29.114
0.117,-0.751,1.693,-71.350,-70.068,-23.865
-0.074,-0.641,1.730,-65.430,-70.740,-35.828
-0.200,-0.584,1.665,-25.269,-44.067,-40.527
-0.321,-0.617,1.543,20.142,-26.367,-38.879
-0.320,-0.573,1.564,35.767,-16.541,-38.513
-0.317,-0.422,1.738,25.085,-22.888,-36.987
-0.365,-0.344,1.846,16.724,-40.283,-40.588
-0.367,-0.325,1.908,15.198,-50.232,-39.185
-0.372,-0.337,1.943,16.541,-54.138,-32.349
-0.365,-0.398,1.969,15.076,-59.204,-28.687
-0.414,-0.493,1.942,12.390,-57.007,-29.785
-0.401,-0.515,1.972,-4.700,-45.471,-28.015
-0.401,-0.526,1.984,-14.648,-27.344,-19.348
-0.368,-0.541,1.982,-15.076,-8.606,-8.240
-0.360,-0.525,1.964,-10.986,2.869,-3.296

-0.350,-0.560,1.823,16.113,19.714,2.014
-0.356,-0.557,1.764,18.250,25.818,9.460
-0.374,-0.557,1.717,15.259,34.607,18.677
-0.343,-0.544,1.703,9.949,43.884,25.085
-0.332,-0.533,1.683,5.310,51.331,25.757
-0.313,-0.586,1.627,4.761,62.073,25.085
-0.273,-0.622,1.586,1.038,74.097,26.184
-0.209,-0.618,1.573,-1.526,83.740,29.724
-0.162,-0.640,1.530,2.563,84.839,32.837
-0.143,-0.658,1.494,2.502,79.468,34.424
-0.133,-0.653,1.468,-3.052,70.862,31.921
-0.145,-0.610,1.442,-9.521,61.157,27.405
-0.141,-0.600,1.375,-14.038,56.335,21.851
-0.135,-0.563,1.314,-21.423,56.458,16.418
-0.136,-0.532,1.235,-25.940,59.082,13.916
-0.106,-0.521,1.124,-25.452,60.852,12.939
-0.082,-0.516,1.016,-22.217,53.711,6.104
-0.089,-0.467,0.946,-19.165,42.358,-1.038
-0.089,-0.427,0.885,-12.451,34.973,-3.845
-0.139,-0.363,0.833,-4.089,28.931,-11.108
-0.124,-0.320,0.768,11.292,26.794,-16.907
-0.115,-0.309,0.708,32.837,26.306,-22.034
-0.060,-0.292,0.757,47.729,28.625,-24.231
0.025,-0.240,0.837,50.781,34.912,-19.958
0.008,-0.195,0.877,58.899,44.312,-14.832
-0.037,-0.150,0.867,62.073,54.749,-12.268
-0.071,-0.110,0.811,54.565,61.340,-11.658
-0.113,-0.126,0.689,47.791,62.927,-11.841
-0.119,-0.155,0.598,34.973,56.396,-10.986
-0.099,-0.170,0.549,19.958,42.847,-9.399
-0.086,-0.211,0.500,20.020,27.039,-9.338
-0.071,-0.321,0.433,29.480,11.902,-9.216
-0.002,-0.389,0.474,25.146,1.343,-4.333
0.068,-0.437,0.541,9.827,-4.089,3.540
0.121,-0.452,0.587,-0.610,-3.662,14.038
0.115,-0.427,0.636,-7.812,-3.784,22.705
0.103,-0.389,0.648,-20.508,0.671,28.625
0.100,-0.345,0.639,-37.842,9.216,34.119
0.095,-0.284,0.655,-57.556,17.517,36.194
0.074,-0.247,0.584,-69.153,24.597,35.400
0.054,-0.221,0.494,-75.562,31.799,33.997
0.034,-0.194,0.403,-78.003,35.278,31.860
-0.002,-0.186,0.298,-75.989,35.095,28.870
-0.030,-0.176,0.234,-75.623,33.508,26.428
-0.018,-0.169,0.205,-75.562,29.297,25.330
-0.003,-0.170,0.208,-71.777,22.461,25.574
0.014,-0.177,0.234,-65.674,14.587,26.367
0.025,-0.171,0.286,-59.509,7.874,26.978
0.046,-0.156,0.344,-50.537,4.211,26.306
0.049,-0.159,0.379,-39.185,2.563,24.475
0.053,-0.135,0.438,-36.072,0.793,22.827
0.056,-0.078,0.531,-36.133,-0.305,21.301
0.048,-0.059,0.522,-24.536,0.793,18.066
0.020,-0.073,0.462,-12.634,2.625,13.367
0.016,-0.068,0.426,-11.108,2.441,9.399
0.012,-0.052,0.395,-10.803,0.244,7.019
0.020,-0.031,0.373,-8.972,-2.625,5.615
0.027,-0.019,0.347,-7.874,-4.944,4.028
0.034,-0.007,0.316,-5.249,-7.996,3.174
0.031,0.016,0.299,-1.221,-11.719,3.784
0.027,0.063,0.304,2.686,-15.137,3.662
0.002,0.098,0.286,10.315,-18.799,1.587
-0.023,0.125,0.285,17.273,-23.376,-0.732
-0.008,0.148,0.337,16.663,-28.442,-3.113
-0.003,0.165,0.393,10.986,-33.264,-6.531
-0.014,0.149,0.425,9.460,-35.217,-11.108
-0.016,0.101,0.426,10.437,-34.119,-17.517
-0.024,0.021,0.398,11.963,-33.325,-23.193
-0.038,-0.065,0.363,10.376,-33.386,-26.489
-0.040,-0.159,0.365,6.897,-34.302,-26.428
-0.011,-0.248,0.392,-0.305,-34.973,-23.926
0.022,-0.305,0.430,-8.606,-37.170,-18.005
0.046,-0.361,0.448,-10.254,-38.147,-8.789
0.068,-0.407,0.465,-8.179,-35.156,1.404
0.062,-0.415,0.505,-7.019,-27.771,11.414
0.007,-0.413,0.494,-5.005,-15.808,18.005
-0.102,-0.383,0.462,-4.456,-5.493,22.888
-0.171,-0.355,0.457,-4.639,-0.305,25.146
-0.208,-0.331,0.490,-5.615,-1.160,24.414
-0.199,-0.337,0.566,-7.690,-8.728,23.804
-0.144,-0.363,0.687,-13.306,-18.677,23.987
-0.076,-0.375,0.830,-21.179,-24.780,27.100
-0.004,-0.382,0.949,-27.344,-25.024,31.250
-0.006,-0.352,1.014,-27.222,-18.677,34.363
-0.020,-0.301,1.045,-10.742,-9.277,35.950
-0.063,-0.298,0.979,17.517,0.732,34.058
-0.120,-0.305,0.931,35.461,5.310,28.809
-0.338,-0.290,0.837,42.175,-12.634,15.320
-0.313,-0.303,0.921,36.438,-24.170,3.601
-0.271,-0.297,1.059,14.404,-43.518,-5.859
-0.145,-0.349,1.227,-0.061,-62.439,-11.292
0.015,-0.410,1.417,-11.353,-78.064,-11.353
0.155,-0.461,1.579,-24.292,-88.867,-7.507
0.166,-0.462,1.656,-18.799,-61.707,-0.183
0.096,-0.434,1.612,-0.305,-23.987,6.775
-0.033,-0.378,1.549,14.648,8.240,7.141
-0.206,-0.287,1.514,19.165,10.864,-3.906
-0.385,-0.246,1.462,27.039,-10.376,-30.884
-0.346,-0.256,1.520,31.555,-11.658,-33.936
-0.288,-0.272,1.643,27.649,-13.916,-27.527
-0.197,-0.293,1.791,22.278,-18.860,-19.653
-0.119,-0.294,1.910,9.888,-25.696,-13.184
-0.109,-0.300,1.963,-3.418,-28.015,-11.780
-0.136,-0.329,1.946,-10.681,-20.203,-8.057
-0.175,-0.367,1.884,-9.827,-8.789,-5.676
-0.228,-0.389,1.834,-7.080,-3.479,-7.141
-0.266,-0.404,1.805,-5.737,-4.944,-7.385
-0.301,-0.417,1.781,-4.517,-6.226,-5.127
-0.319,-0.407,1.794,-3.296,-6.531,-3.601
-0.358,-0.409,1.787,2.136,-5.127,-2.441
-0.321,-0.413,1.813,8.545,1.953,0.305
-0.279,-0.393,1.852,9.583,7.263,0.732
-0.267,-0.400,1.842,10.559,11.658,-0.793
-0.255,-0.421,1.789,10.742,18.494,-0.366
-0.251,-0.432,1.747,11.169,27.832,1.770
-0.239,-0.457,1.725,14.893,36.133,4.272
-0.197,-0.536,1.716,20.630,41.260,6.042
-0.165,-0.561,1.735,15.808,42.175,4.944
-0.153,-0.543,1.738,9.277,43.152,3.174

-0.144,-0.568,1.622,14.404,52.124,-8.423
-0.135,-0.579,1.546,10.437,55.786,-18.677
-0.154,-0.566,1.432,2.197,58.655,-23.682
-0.180,-0.544,1.317,-4.883,61.279,-21.912
-0.178,-0.516,1.239,-7.202,62.500,-16.724
-0.170,-0.524,1.156,-6.409,58.350,-13.428
-0.155,-0.530,1.082,-5.432,51.758,-11.597
-0.123,-0.513,1.028,-6.531,50.476,-5.554
-0.105,-0.496,0.978,-6.165,49.622,0.000
-0.066,-0.497,0.900,-2.808,47.791,2.747
-0.007,-0.481,0.877,-1.526,46.936,4.639
0.035,-0.469,0.858,-4.089,47.729,6.165
0.088,-0.457,0.859,-12.878,49.316,7.507
0.109,-0.433,0.846,-25.024,49.988,10.925
0.085,-0.399,0.824,-31.921,48.584,14.221
0.045,-0.383,0.763,-30.884,45.898,13.794
0.033,-0.402,0.685,-20.264,42.969,8.545
0.013,-0.423,0.621,-6.714,38.147,2.075
0.016,-0.410,0.600,-0.122,32.715,-0.610
0.025,-0.365,0.624,-2.747,26.184,0.793
0.037,-0.286,0.677,-9.460,19.043,4.272
0.069,-0.285,0.659,-9.521,15.808,4.517
0.037,-0.289,0.625,-5.493,16.235,1.404
0.139,-0.315,0.674,-14.099,18.127,1.648
0.187,-0.257,0.743,-32.959,23.987,9.277
0.152,-0.232,0.715,-49.194,32.043,18.738
0.103,-0.192,0.629,-70.496,39.001,28.137
0.048,-0.129,0.535,-91.858,40.588,33.508
-0.011,-0.091,0.427,-105.652,38.696,34.790
-0.051,-0.069,0.322,-112.976,36.560,35.522
-0.060,-0.045,0.249,-118.103,34.851,38.452
-0.023,-0.033,0.220,-121.704,32.349,41.626
0.023,-0.051,0.215,-118.408,26.489,44.617
0.050,-0.070,0.208,-112.061,19.958,47.424
0.076,-0.071,0.220,-107.422,16.907,47.363
0.116,-0.082,0.252,-100.037,16.602,43.457
0.156,-0.070,0.318,-90.210,16.602,38.208
0.173,-0.028,0.376,-77.026,17.639,35.156
0.150,0.012,0.388,-56.580,19.653,34.363
0.119,0.059,0.376,-38.269,21.057,33.875
0.084,0.114,0.370,-27.344,20.996,31.799
0.054,0.172,0.370,-20.691,18.616,27.466
0.051,0.224,0.352,-16.418,15.503,22.339
0.042,0.267,0.329,-12.573,12.634,17.273
0.025,0.286,0.290,-6.897,9.827,11.780
0.035,0.284,0.278,-4.456,5.188,7.324
0.053,0.256,0.256,-6.348,0.183,4.822
0.067,0.266,0.260,-6.592,-5.066,4.395
0.068,0.226,0.209,4.456,-8.667,2.747
0.059,0.199,0.173,19.165,-11.047,-1.221
0.054,0.213,0.198,26.917,-13.367,-5.066
0.047,0.235,0.236,31.860,-16.479,-7.629
0.021,0.233,0.248,39.429,-21.912,-7.874
0.004,0.229,0.282,44.434,-28.381,-7.629
0.001,0.205,0.326,45.837,-33.142,-9.766
0.002,0.184,0.392,43.396,-36.316,-13.428
0.018,0.150,0.449,39.795,-36.926,-17.151
0.068,0.063,0.490,38.086,-34.912,-19.470
0.086,-0.010,0.507,33.691,-32.410,-19.226
0.091,-0.079,0.503,29.907,-27.222,-18.127
0.058,-0.139,0.447,28.748,-18.616,-16.113
0.014,-0.184,0.349,32.288,-10.986,-13.672
-0.056,-0.173,0.259,38.696,-7.629,-10.742
-0.123,-0.127,0.230,47.974,-9.949,-7.874
-0.162,-0.106,0.264,58.655,-18.372,-6.348
-0.137,-0.083,0.397,61.340,-29.358,-4.822
-0.120,-0.054,0.561,56.946,-39.001,-1.831
-0.091,-0.062,0.673,59.998,-43.945,-0.854
-0.063,-0.139,0.711,67.444,-42.480,-3.784
-0.085,-0.186,0.735,69.885,-37.354,-7.507
-0.124,-0.231,0.742,75.195,-30.457,-11.963
-0.109,-0.273,0.775,80.750,-26.123,-16.541
-0.102,-0.262,0.868,78.491,-26.489,-17.212
-0.114,-0.269,0.947,75.806,-27.710,-16.846
-0.045,-0.310,1.010,74.097,-26.001,-17.273
-0.036,-0.351,1.061,70.190,-26.306,-17.822
-0.039,-0.447,1.120,67.017,-31.250,-18.066
-0.075,-0.516,1.130,58.350,-38.269,-18.982
0.006,-0.562,1.263,45.898,-31.494,-14.038
-0.005,-0.615,1.337,38.513,-32.288,-12.817
0.032,-0.672,1.397,39.429,-32.776,-11.536
0.037,-0.689,1.465,41.443,-33.875,-8.484
0.007,-0.683,1.538,45.654,-32.410,-4.761
-0.010,-0.668,1.607,45.105,-27.161,-2.625
0.051,-0.649,1.756,36.987,-25.269,-2.380
-0.021,-0.597,1.881,25.757,-52.795,-20.508
-0.083,-0.667,1.878,26.917,-64.819,-36.499
-0.040,-0.709,1.902,25.452,-40.405,-28.259
-0.048,-0.727,1.892,20.264,-30.640,-25.085
-0.074,-0.753,1.828,23.071,-26.550,-28.442
-0.077,-0.735,1.792,26.978,-19.897,-25.391
-0.111,-0.710,1.734,27.161,-14.832,-20.508
-0.175,-0.711,1.659,23.376,-18.433,-21.240
-0.200,-0.706,1.645,12.756,-29.358,-26.062
-0.214,-0.714,1.688,3.967,-39.856,-26.855
-0.224,-0.740,1.737,-0.427,-41.077,-19.043
-0.199,-0.761,1.816,-6.042,-28.320,-2.014
-0.156,-0.782,1.881,-8.728,-12.390,8.362
-0.164,-0.818,1.876,-4.517,-2.380,9.338
-0.152,-0.801,1.871,-3.113,8.484,10.437
-0.154,-0.781,1.817,-3.113,22.461,11.902
-0.160,-0.765,1.759,-5.432,41.870,14.282
-0.162,-0.750,1.703,-14.343,52.734,16.113
-0.163,-0.755,1.646,-22.522,52.673,14.771
-0.160,-0.752,1.604,-31.616,44.067,11.475
-0.137,-0.752,1.589,-40.100,34.607,8.484
-0.100,-0.750,1.571,-46.204,32.532,8.301
-0.066,-0.740,1.527,-50.537,36.987,8.057
-0.059,-0.707,1.458,-51.575,43.579,6.775
-0.059,-0.669,1.378,-46.692,48.157,5.737
-0.079,-0.641,1.284,-38.879,51.636,5.981
-0.082,-0.588,1.217,-36.377,54.077,8.301
-0.086,-0.507,1.175,-39.612,55.786,12.451
-0.094,-0.443,1.111,-44.312,58.228,15.381
-0.103,-0.394,1.028,-48.828,59.937,14.893
-0.122,-0.354,0.923,-49.500,60.974,13.245
-0.155,-0.331,0.809,-46.021,63.232,12.024
-0.197,-0.317,0.692,-40.100,66.101,13.672
-0.152,-0.328,0.606,-27.527,64.819,18.372

0.028,-0.698,1.457,-6.531,-72.388,3.235
-0.014,-0.663,1.518,-1.953,-61.401,8.301
-0.110,-0.613,1.514,8.545,-48.523,10.010
-0.194,-0.590,1.472,18.799,-34.302,9.216
-0.205,-0.574,1.479,22.583,-21.729,5.737
-0.158,-0.573,1.519,24.170,-12.817,0.366
-0.078,-0.610,1.586,24.048,-18.616,-5.493
-0.149,-0.587,1.595,23.010,-29.785,-15.930
-0.167,-0.579,1.591,24.353,-15.808,-10.010
-0.198,-0.598,1.554,23.071,-5.981,-8.667
-0.222,-0.625,1.524,19.409,-5.066,-12.329
-0.232,-0.640,1.528,12.878,-5.005,-11.780
-0.252,-0.683,1.526,9.644,-4.333,-8.301
-0.249,-0.711,1.573,7.690,-6.531,-5.127
-0.252,-0.730,1.657,5.249,-8.911,-4.272
-0.196,-0.729,1.801,1.892,-8.850,-4.517
-0.134,-0.734,1.935,-1.526,-4.517,-2.197
-0.091,-0.743,2.007,-4.578,3.174,4.700
-0.098,-0.722,1.963,-10.681,16.785,13.733
-0.119,-0.698,1.883,-16.846,34.607,19.714
-0.120,-0.693,1.801,-23.682,42.786,19.775
-0.135,-0.699,1.722,-29.785,43.335,16.052
-0.143,-0.717,1.656,-36.377,44.922,13.733
-0.128,-0.710,1.612,-42.175,48.645,13.733
-0.118,-0.708,1.555,-44.128,53.711,13.916
-0.108,-0.684,1.490,-43.823,59.570,15.076
-0.109,-0.658,1.409,-44.556,64.148,16.235
-0.117,-0.630,1.309,-43.884,66.833,14.221
-0.133,-0.615,1.205,-39.490,68.115,10.315
-0.128,-0.594,1.148,-34.180,68.542,7.874
-0.085,-0.543,1.156,-34.729,70.190,10.010
-0.060,-0.498,1.146,-37.659,73.669,13.550
-0.021,-0.478,1.084,-37.842,78.369,15.198
-0.027,-0.451,0.983,-35.645,80.994,12.512
-0.030,-0.414,0.860,-32.166,84.900,9.949
-0.014,-0.374,0.770,-26.245,85.632,7.629
0.030,-0.340,0.758,-21.851,79.102,-0.854
0.063,-0.296,0.771,-25.757,73.059,-9.216
0.065,-0.268,0.748,-32.104,69.702,-9.155
0.065,-0.258,0.683,-33.875,66.956,-5.249
0.103,-0.247,0.638,-36.865,61.584,-0.183
0.129,-0.244,0.612,-40.527,49.988,2.014
0.092,-0.249,0.594,-42.847,36.316,-0.183
0.074,-0.251,0.587,-49.011,29.724,0.305
0.110,-0.268,0.602,-58.838,23.621,2.686
0.135,-0.277,0.595,-67.871,17.944,5.859
0.117,-0.268,0.583,-71.960,17.944,10.437
0.123,-0.301,0.515,-66.101,20.691,16.052
0.153,-0.305,0.469,-60.364,24.048,20.325
0.130,-0.299,0.426,-55.725,23.071,19.714
0.148,-0.303,0.423,-53.406,19.287,18.250
0.181,-0.264,0.480,-62.134,14.832,21.729
0.187,-0.204,0.524,-70.007,11.230,29.236
0.173,-0.169,0.507,-66.956,11.963,34.607
0.148,-0.131,0.464,-61.279,16.418,34.973
0.132,-0.072,0.431,-56.396,20.020,33.264
0.098,-0.018,0.389,-50.171,21.057,31.311
0.054,0.023,0.339,-45.410,18.860,28.870
0.035,0.054,0.317,-43.457,13.245,26.367
0.055,0.028,0.300,-41.199,6.104,23.987
0.106,-0.003,0.312,-38.208,-0.916,23.682
0.153,0.006,0.363,-36.987,-6.226,25.818
0.196,0.020,0.416,-35.217,-8.972,27.466
0.231,0.039,0.448,-32.959,-7.324,27.039
0.212,0.084,0.435,-26.550,-2.991,26.001
0.159,0.150,0.394,-17.212,1.892,24.780
0.101,0.212,0.341,-7.141,4.944,22.461
0.047,0.260,0.290,-0.854,3.845,18.372
0.017,0.302,0.270,-1.099,-0.977,13.550
-0.015,0.292,0.241,-1.892,-8.118,7.446
-0.017,0.268,0.236,-1.099,-15.930,1.404
-0.011,0.238,0.250,1.709,-23.132,-2.380
0.005,0.201,0.277,5.798,-29.236,-3.906
0.030,0.167,0.318,11.108,-33.936,-3.967
0.060,0.149,0.363,16.479,-37.292,-2.869
0.065,0.155,0.402,20.142,-39.246,-1.831
0.066,0.155,0.427,25.574,-40.161,-1.709
0.057,0.154,0.445,29.480,-40.222,-2.563
0.043,0.148,0.455,30.151,-40.039,-4.822
0.025,0.132,0.444,31.067,-40.649,-7.324
0.014,0.108,0.431,34.485,-42.053,-9.399
0.005,0.077,0.414,39.551,-42.603,-11.414
-0.015,0.041,0.406,42.847,-43.396,-12.817
-0.033,0.000,0.396,44.067,-44.495,-13.245
-0.049,-0.041,0.394,44.495,-46.997,-13.062
-0.030,-0.077,0.418,45.715,-51.331,-12.451
-0.020,-0.122,0.445,48.279,-56.396,-11.536
0.012,-0.167,0.500,48.889,-61.340,-9.949
0.046,-0.192,0.576,45.959,-63.965,-6.104
0.069,-0.236,0.615,46.570,-62.134,-1.465
0.066,-0.266,0.650,49.927,-56.458,2.075
0.013,-0.257,0.683,53.650,-49.561,4.944
-0.055,-0.240,0.713,59.265,-43.823,6.958
-0.126,-0.233,0.757,62.805,-41.626,7.812
-0.170,-0.215,0.839,60.913,-43.518,7.690
-0.197,-0.203,0.927,57.983,-46.570,5.981
-0.177,-0.247,1.020,55.603,-48.340,1.770
-0.115,-0.320,1.123,48.401,-48.096,-0.488
-0.064,-0.389,1.204,44.556,-43.518,0.671
-0.023,-0.460,1.247,46.570,-32.593,2.625
-0.030,-0.464,1.298,46.204,-19.531,5.249
-0.010,-0.478,1.299,46.082,-8.484,7.629
-0.057,-0.478,1.299,46.875,-8.606,7.935
-0.140,-0.477,1.243,45.410,-15.381,6.042
-0.130,-0.444,1.257,30.334,-11.414,5.188
-0.140,-0.458,1.226,21.545,-17.273,1.221
-0.105,-0.503,1.233,19.287,-24.963,-0.183
-0.068,-0.532,1.293,11.047,-29.297,4.517
-0.081,-0.532,1.353,6.348,-28.625,12.024
-0.098,-0.537,1.395,8.972,-20.386,14.160
-0.143,-0.539,1.429,11.780,-12.634,10.864
-0.181,-0.556,1.463,13.000,-10.864,6.165
-0.195,-0.569,1.501,12.695,-11.963,1.343
-0.178,-0.590,1.536,11.108,-10.864,-2.136
-0.132,-0.629,1.587,10.803,-10.010,-2.869
-0.114,-0.640,1.592,10.254,-17.273,-4.944
-0.117,-0.667,1.580,16.235,-15.320,-3.296
-0.160,-0.662,1.538,22.705,-12.146,-4.028
-0.195,-0.645,1.517,26.733,-3.174,-1.404

-0.251,-0.595,1.549,23.987,-4.578,-1.892
-0.256,-0.602,1.604,18.677,-8.179,0.000
-0.263,-0.634,1.656,13.794,-9.949,3.418
-0.253,-0.681,1.715,9.949,-13.550,5.432
-0.225,-0.729,1.797,5.920,-16.113,7.202
-0.198,-0.740,1.913,0.671,-15.869,9.338
-0.133,-0.749,2.021,-3.052,-11.230,11.597
-0.089,-0.739,2.102,-9.827,-1.648,17.029
-0.045,-0.707,2.092,-16.418,12.817,23.437
-0.054,-0.651,2.017,-23.010,23.193,20.752
-0.081,-0.607,1.879,-28.625,35.950,15.320
-0.126,-0.585,1.682,-33.325,49.072,10.437
-0.174,-0.552,1.494,-38.879,56.885,6.409
-0.220,-0.508,1.353,-45.471,58.594,4.578
-0.222,-0.479,1.243,-48.828,55.664,5.249
-0.220,-0.458,1.124,-47.791,51.697,7.507
-0.254,-0.456,1.000,-41.382,49.438,8.606
-0.248,-0.464,0.896,-27.283,48.584,8.484
-0.259,-0.455,0.831,-11.658,41.870,6.775
-0.203,-0.431,0.859,-0.061,42.664,10.803
0.002,-0.366,1.039,-5.371,47.852,19.653
0.156,-0.285,1.222,-28.320,53.528,31.372
0.174,-0.238,1.253,-43.579,47.180,31.616
0.145,-0.250,1.166,-41.260,49.622,25.391
0.155,-0.238,1.092,-44.312,61.096,17.761
0.029,-0.220,0.984,-54.932,66.589,8.179
-0.075,-0.252,0.847,-58.350,66.772,-0.793
-0.094,-0.290,0.754,-63.049,61.462,-6.653
-0.075,-0.334,0.678,-68.787,52.429,-9.827
-0.018,-0.377,0.636,-69.275,41.931,-11.719
0.007,-0.404,0.597,-62.317,33.447,-10.315
0.027,-0.395,0.588,-50.476,27.283,-4.700
0.038,-0.370,0.600,-37.659,22.400,2.014
-0.013,-0.339,0.657,-28.137,18.738,6.470
0.105,-0.330,0.753,-29.724,19.531,10.071
0.118,-0.306,0.825,-39.185,19.165,15.381
0.113,-0.314,0.839,-48.706,21.179,21.362
0.141,-0.303,0.825,-60.120,26.123,25.574
0.155,-0.287,0.792,-65.430,29.541,27.100
0.134,-0.256,0.733,-66.040,33.630,27.283
0.117,-0.229,0.668,-67.505,40.222,27.588
0.115,-0.183,0.617,-68.909,47.363,29.419
0.095,-0.134,0.548,-66.895,52.795,31.677
0.057,-0.090,0.459,-61.829,55.542,32.837
0.011,-0.047,0.371,-56.580,54.871,31.433
-0.010,-0.000,0.302,-53.101,51.025,28.198
-0.026,0.015,0.218,-48.096,44.800,24.719
-0.022,0.025,0.164,-44.800,36.011,21.851
0.003,0.037,0.152,-43.274,25.635,20.386
0.046,0.049,0.169,-41.077,15.137,19.775
0.077,0.039,0.187,-35.156,6.165,19.775
0.119,0.033,0.221,-29.175,-0.244,20.508
0.145,0.075,0.284,-24.597,-4.822,23.132
0.125,0.107,0.297,-14.893,-7.568,24.780
0.096,0.139,0.298,-6.653,-7.935,23.437
0.082,0.165,0.294,-4.028,-7.019,19.348
0.069,0.194,0.303,-2.869,-6.409,14.587
0.050,0.212,0.297,-3.479,-6.531,9.094
0.039,0.199,0.272,-4.639,-6.897,2.319
0.018,0.163,0.225,-1.831,-9.583,-2.502
-0.004,0.132,0.170,3.540,-14.648,-4.944
-0.019,0.095,0.145,9.399,-21.179,-6.836
0.000,0.063,0.155,16.968,-28.198,-9.033
0.013,0.049,0.198,24.719,-33.997,-11.108
0.045,0.043,0.271,29.419,-38.696,-12.756
0.082,0.044,0.361,31.860,-41.382,-12.878
0.084,0.040,0.415,33.386,-41.748,-11.230
0.053,0.026,0.435,36.682,-41.931,-9.705
0.017,0.016,0.448,37.659,-41.382,-9.766
-0.003,-0.019,0.456,37.537,-40.710,-10.864
-0.026,-0.036,0.470,34.790,-40.955,-10.437
-0.035,-0.068,0.470,34.058,-42.419,-8.118
-0.024,-0.110,0.481,35.522,-43.640,-6.287
-0.038,-0.113,0.528,32.837,-44.739,-3.662
-0.035,-0.147,0.557,36.072,-44.983,-0.977
-0.021,-0.182,0.590,37.720,-44.617,0.977
0.001,-0.214,0.636,34.546,-44.312,2.258
0.052,-0.250,0.700,32.227,-41.931,3.601
0.105,-0.282,0.756,32.288,-37.048,5.859
0.106,-0.309,0.769,38.391,-30.212,9.705
0.064,-0.295,0.786,46.326,-20.264,13.245
-0.025,-0.239,0.805,56.335,-9.399,14.832
-0.110,-0.188,0.818,71.655,-2.319,15.137
-0.181,-0.140,0.855,83.130,0.366,14.832
-0.215,-0.111,0.908,87.158,-1.343,13.245
-0.177,-0.124,0.989,84.473,-5.798,10.498
-0.100,-0.132,1.101,74.036,-10.010,8.301
-0.039,-0.170,1.167,65.125,-10.193,6.042
-0.001,-0.226,1.204,56.702,-7.751,2.930
-0.041,-0.285,1.190,45.044,-5.798,0.549
0.080,-0.411,1.228,36.255,-5.920,-1.526
0.011,-0.528,1.230,32.227,-24.048,-6.897
0.143,-0.665,1.252,27.100,-34.546,-8.179
0.229,-0.663,1.364,12.817,-33.813,-2.747
0.240,-0.665,1.390,15.747,-29.663,-0.366
0.244,-0.598,1.403,20.874,-25.940,-5.615
0.126,-0.532,1.366,29.541,-25.269,-11.719
0.016,-0.470,1.292,41.138,-13.489,-7.202
-0.075,-0.409,1.235,41.748,-8.545,-1.709
-0.128,-0.363,1.248,33.081,-14.221,-2.808
-0.155,-0.342,1.298,22.888,-21.545,-3.906
-0.167,-0.353,1.353,18.311,-27.832,-5.676
-0.147,-0.406,1.395,18.860,-29.785,-7.446
-0.059,-0.497,1.451,17.334,-28.259,-6.653
0.001,-0.524,1.539,14.221,-32.959,-3.967
0.005,-0.548,1.555,22.766,-27.161,-6.348
-0.008,-0.549,1.541,34.485,-8.728,-3.357
-0.064,-0.531,1.495,39.246,4.150,-4.333
-0.144,-0.506,1.429,37.842,10.925,-6.531
-0.201,-0.489,1.393,32.776,13.184,-5.432
-0.210,-0.508,1.396,25.757,9.766,-4.211
-0.222,-0.529,1.441,16.907,0.000,-4.944
-0.199,-0.560,1.510,11.536,-8.240,-4.944
-0.194,-0.617,1.547,9.644,-13.672,-3.357
-0.177,-0.677,1.596,4.761,-17.700,-2.563
-0.144,-0.707,1.671,-0.854,-20.569,-1.404
-0.101,-0.738,1.741,-2.869,-19.287,0.000
-0.060,-0.739,1.816,-7.385,-10.010,4.089
-0.046,-0.689,1.874,-15.503,3.967,10.620

-0.089,-0.651,1.774,-21.240,20.874,9.399
-0.119,-0.629,1.696,-25.024,26.184,5.432
-0.155,-0.619,1.610,-30.579,29.419,2.625
-0.165,-0.628,1.523,-37.659,32.227,1.587
-0.139,-0.634,1.469,-44.556,34.668,1.831
-0.109,-0.621,1.429,-48.340,38.940,2.747
-0.083,-0.638,1.357,-45.776,43.457,2.502
-0.068,-0.646,1.285,-43.945,46.814,1.038
-0.064,-0.641,1.216,-43.152,49.316,-0.183
-0.066,-0.624,1.142,-41.016,50.049,-2.136
-0.058,-0.583,1.091,-40.100,52.795,-1.465
0.004,-0.538,1.072,-39.856,56.885,1.160
0.016,-0.480,1.060,-42.725,48.401,-5.310
-0.003,-0.460,1.004,-44.617,39.490,-11.536
0.036,-0.451,0.972,-49.011,37.903,-8.179
0.088,-0.442,0.977,-59.143,36.865,-3.296
0.124,-0.421,0.984,-72.021,36.133,1.526
0.123,-0.385,0.969,-77.759,35.950,5.920
0.110,-0.369,0.914,-74.890,39.490,6.653
0.076,-0.359,0.836,-70.313,45.227,4.150
0.037,-0.340,0.757,-65.369,49.011,0.977
0.025,-0.312,0.710,-61.340,47.668,-0.793
0.006,-0.284,0.659,-58.350,43.213,-1.282
0.002,-0.246,0.621,-55.359,37.048,-0.854
-0.010,-0.191,0.588,-51.331,30.273,0.305
-0.048,-0.154,0.543,-44.800,24.536,1.892
-0.013,-0.142,0.522,-40.161,19.348,2.319
0.051,-0.121,0.551,-43.152,12.085,3.418
0.090,-0.097,0.595,-50.964,2.502,6.287
0.129,-0.069,0.639,-63.232,-2.014,9.033
0.147,-0.047,0.652,-71.289,-1.709,10.437
0.161,-0.063,0.606,-71.228,1.282,9.888
0.159,-0.066,0.552,-71.838,6.714,8.606
0.125,-0.069,0.487,-71.045,11.597,8.423
0.103,-0.078,0.438,-66.162,13.123,8.789
0.099,-0.077,0.432,-62.439,10.742,10.559
0.099,-0.059,0.450,-59.570,5.981,14.465
0.104,-0.035,0.478,-55.237,1.770,19.287
0.107,-0.016,0.487,-49.438,0.427,22.461
0.112,0.005,0.487,-44.373,0.732,23.499
0.113,0.031,0.486,-38.696,2.686,23.193
0.102,0.053,0.472,-31.555,5.615,21.912
0.115,0.080,0.473,-27.771,10.315,18.616
0.123,0.116,0.477,-27.344,15.442,14.221
0.112,0.140,0.455,-24.841,18.616,12.024
0.085,0.156,0.385,-22.522,20.996,10.864
0.056,0.176,0.334,-24.109,21.667,7.996
0.014,0.179,0.233,-21.729,19.043,4.089
-0.012,0.152,0.145,-17.883,11.536,0.183
-0.026,0.140,0.108,-15.015,1.221,-2.441
-0.008,0.109,0.094,-11.108,-8.728,-2.563
0.018,0.065,0.103,-5.310,-17.944,-1.465
0.055,0.035,0.161,-1.160,-26.794,1.099
0.079,0.031,0.252,4.150,-33.691,4.883
0.095,0.032,0.345,9.583,-36.499,8.423
0.092,0.016,0.404,13.977,-37.354,11.414
0.067,0.003,0.452,20.203,-36.499,13.000
0.044,-0.006,0.495,27.527,-33.752,13.184
0.020,-0.016,0.528,35.156,-30.151,12.939
0.006,-0.033,0.565,39.856,-27.161,12.878
-0.026,-0.051,0.593,42.114,-26.855,13.489
-0.057,-0.069,0.622,44.556,-26.794,13.672
-0.062,-0.100,0.659,45.227,-25.879,13.062
-0.041,-0.117,0.719,44.983,-25.879,13.306
-0.007,-0.139,0.780,42.603,-26.428,15.137
0.018,-0.150,0.824,37.842,-25.879,19.165
0.054,-0.165,0.855,34.241,-21.729,21.484
0.070,-0.170,0.864,32.104,-14.709,23.743
0.072,-0.189,0.821,33.813,-6.470,25.940
0.072,-0.188,0.785,36.072,1.953,27.039
0.043,-0.151,0.741,38.513,9.705,28.259
-0.011,-0.109,0.688,43.945,15.259,29.236
-0.080,-0.026,0.652,48.767,17.822,28.442
-0.142,0.046,0.643,54.077,16.907,25.513
-0.193,0.084,0.649,58.594,11.536,20.508
-0.188,0.077,0.685,58.655,3.296,14.038
-0.130,0.026,0.752,55.664,-5.859,7.202
-0.010,-0.039,0.839,47.974,-13.977,2.563
0.065,-0.082,0.904,37.354,-16.968,1.160
0.101,-0.127,0.919,34.119,-13.245,0.793
0.029,-0.129,0.884,37.659,-3.174,0.183
-0.094,-0.147,0.821,48.889,7.080,-5.310
-0.184,-0.194,0.806,60.913,7.568,-12.939
-0.183,-0.249,0.849,62.927,-3.113,-14.587
-0.036,-0.306,1.007,54.138,-20.325,-10.559
0.016,-0.331,1.158,43.640,-42.053,-5.676
0.118,-0.386,1.276,37.231,-49.622,-1.099
0.089,-0.412,1.324,32.654,-50.537,-3.357
0.152,-0.443,1.376,32.715,-39.429,-6.348
0.176,-0.459,1.393,32.288,-31.189,-7.629
0.155,-0.457,1.385,31.311,-25.513,-4.822
0.107,-0.432,1.350,31.372,-18.555,0.000
0.070,-0.406,1.289,33.447,-17.883,0.122
-0.080,-0.387,1.203,34.973,-24.231,-6.836
-0.145,-0.401,1.150,37.354,-25.574,-10.193
-0.152,-0.415,1.155,36.682,-34.546,-13.733
-0.164,-0.439,1.188,32.898,-47.058,-16.602
-0.159,-0.497,1.235,32.288,-53.040,-16.541
-0.130,-0.561,1.318,32.410,-55.847,-14.160
-0.078,-0.587,1.463,29.358,-55.542,-9.216
-0.073,-0.621,1.554,31.494,-51.514,-5.005
-0.086,-0.624,1.630,37.231,-49.744,-4.272
-0.193,-0.586,1.658,39.673,-57.007,-10.437
-0.225,-0.583,1.688,42.542,-45.898,-10.010
-0.219,-0.562,1.734,37.537,-33.264,-3.052
-0.223,-0.537,1.778,30.457,-26.367,-0.732
-0.229,-0.560,1.806,22.949,-22.705,-0.549
-0.217,-0.572,1.837,10.254,-19.287,1.831
-0.211,-0.608,1.843,-0.793,-12.878,5.798
-0.182,-0.631,1.834,-8.850,-4.517,8.545
-0.163,-0.659,1.788,-12.329,4.395,8.057
-0.160,-0.650,1.719,-13.855,13.977,7.690
-0.197,-0.625,1.625,-17.029,20.569,6.714
-0.226,-0.589,1.547,-22.522,23.865,6.653
-0.244,-0.559,1.475,-27.466,25.391,7.568
-0.244,-0.552,1.413,-29.114,26.184,8.057
-0.231,-0.543,1.375,-32.715,27.527,8.301
-0.222,-0.537,1.333,-37.292,29.480,8.728
-0.224,-0.546,1.286,-40.955,31.433,9.338

-0.164,-0.545,1.235,-44.861,36.316,12.451
-0.132,-0.541,1.210,-43.701,36.316,11.230
-0.109,-0.519,1.189,-41.199,36.743,7.874
-0.112,-0.475,1.165,-37.903,37.231,5.066
-0.141,-0.433,1.125,-34.668,37.964,3.174
-0.164,-0.394,1.084,-32.166,36.865,0.916
-0.172,-0.370,1.039,-29.968,33.630,-0.671
-0.160,-0.355,1.029,-31.128,31.128,-1.526
-0.113,-0.339,1.074,-39.612,27.832,-2.075
-0.072,-0.335,1.118,-50.964,23.987,-1.282
-0.015,-0.331,1.167,-60.425,20.813,0.610
0.037,-0.302,1.215,-69.824,21.912,2.014
0.035,-0.294,1.180,-73.853,27.893,1.282
0.013,-0.280,1.109,-73.486,37.170,-1.709
-0.034,-0.256,1.025,-74.036,45.471,-5.554
-0.080,-0.241,0.929,-74.585,50.842,-8.789
-0.092,-0.247,0.843,-76.904,53.223,-11.597
-0.073,-0.243,0.788,-79.590,53.040,-14.160
-0.038,-0.261,0.743,-78.674,50.903,-15.503
-0.040,-0.276,0.716,-78.308,46.143,-13.794
0.055,-0.271,0.705,-80.933,42.969,-8.545
0.080,-0.219,0.696,-82.153,43.274,-2.991
0.035,-0.181,0.627,-76.843,45.532,1.343
0.031,-0.145,0.569,-70.374,49.561,3.906
0.013,-0.099,0.528,-66.772,49.255,4.822
0.004,-0.039,0.503,-66.345,45.837,6.042
-0.008,0.027,0.477,-68.359,42.236,7.751
-0.035,0.090,0.443,-70.007,38.574,8.423
-0.033,0.133,0.412,-67.627,35.156,7.446
-0.041,0.136,0.350,-62.134,31.311,5.127
-0.050,0.118,0.296,-57.739,25.818,2.075
-0.061,0.092,0.267,-55.298,18.799,-1.221
-0.028,0.044,0.270,-52.368,11.536,-4.517
0.037,-0.003,0.316,-49.377,4.395,-6.042
0.088,-0.037,0.372,-46.570,-0.916,-5.005
0.133,-0.078,0.414,-41.199,-2.441,-3.052
0.149,-0.097,0.436,-34.546,-0.916,-1.587
0.139,-0.097,0.423,-25.696,3.418,-1.648
0.110,-0.084,0.380,-15.320,7.446,-1.648
0.088,-0.052,0.349,-6.409,8.850,-0.061
0.072,-0.011,0.324,0.610,7.690,2.747
0.047,0.034,0.295,6.409,3.967,4.333
0.040,0.080,0.288,10.315,0.305,3.601
0.035,0.101,0.282,12.390,-3.784,2.686
0.044,0.103,0.282,13.672,-7.935,2.319
0.058,0.104,0.287,13.611,-11.902,2.075
0.060,0.095,0.277,15.747,-15.625,1.221
0.059,0.079,0.279,19.714,-18.555,0.488
0.072,0.049,0.296,22.705,-21.729,0.916
0.083,0.025,0.331,24.475,-25.696,2.869
0.094,-0.004,0.367,26.672,-28.564,4.944
0.101,-0.035,0.397,28.687,-30.579,7.263
0.102,-0.066,0.420,32.227,-31.555,9.888
0.113,-0.096,0.448,36.926,-31.067,12.512
0.096,-0.094,0.479,41.565,-30.029,15.442
0.068,-0.083,0.504,48.096,-28.259,18.250
0.052,-0.057,0.547,53.772,-26.001,20.081
0.033,-0.026,0.601,52.490,-23.987,21.179
0.001,-0.008,0.652,48.279,-22.278,21.301
-0.022,-0.013,0.678,45.837,-20.996,20.020
-0.016,-0.042,0.685,46.509,-20.020,18.127
0.001,-0.060,0.684,47.668,-18.616,16.541
0.010,-0.093,0.673,50.171,-15.137,14.709
0.042,-0.141,0.654,50.720,-10.986,13.428
0.036,-0.173,0.639,49.866,-8.972,16.052
-0.007,-0.209,0.596,54.871,-6.958,20.874
-0.042,-0.241,0.570,64.270,-5.737,24.231
-0.082,-0.221,0.603,73.486,-7.080,25.940
-0.139,-0.187,0.660,82.153,-10.010,27.100
-0.149,-0.152,0.766,86.426,-15.015,27.710
-0.117,-0.104,0.912,80.872,-20.081,28.259
-0.081,-0.074,1.016,75.073,-21.912,28.076
-0.034,-0.068,1.071,75.073,-17.151,25.085
0.006,-0.100,1.071,75.928,-7.629,20.813
0.041,-0.112,1.070,72.937,3.540,16.724
-0.019,-0.092,1.030,67.444,15.625,11.780
-0.134,-0.111,0.939,63.110,23.193,3.845
-0.130,-0.201,0.840,59.204,23.010,-3.784
-0.258,-0.249,0.797,52.124,2.014,-13.550
-0.213,-0.363,0.826,41.992,-26.062,-23.132
-0.070,-0.466,0.983,18.738,-46.753,-24.658
0.051,-0.551,1.171,1.465,-73.120,-24.658
0.215,-0.626,1.354,-2.930,-83.191,-23.437
0.241,-0.658,1.447,3.235,-68.726,-13.245
0.132,-0.625,1.437,20.386,-45.166,1.099
-0.013,-0.571,1.376,39.673,-25.635,5.493
-0.160,-0.515,1.335,50.720,-18.250,1.099
-0.237,-0.474,1.379,49.255,-20.996,-2.563
-0.212,-0.451,1.466,39.734,-29.541,-4.578
-0.153,-0.386,1.695,23.193,-39.673,-6.836
-0.133,-0.438,1.740,22.095,-42.297,-14.160
-0.053,-0.535,1.761,28.381,-25.574,-10.071
-0.038,-0.577,1.743,26.428,-12.329,-6.470
-0.091,-0.607,1.685,25.757,-5.249,-8.972
-0.153,-0.621,1.635,25.696,-1.343,-9.521
-0.199,-0.628,1.601,24.902,0.671,-7.629
-0.200,-0.629,1.622,22.034,0.122,-5.615
-0.191,-0.640,1.661,16.968,-3.723,-5.066
-0.190,-0.611,1.759,7.996,-6.287,-2.747
-0.192,-0.602,1.812,2.686,-5.493,-0.610
-0.196,-0.650,1.815,3.723,-3.357,0.854
-0.160,-0.675,1.839,0.061,2.197,3.174
-0.114,-0.677,1.875,-8.606,9.583,5.066
-0.085,-0.666,1.882,-17.700,15.381,7.568
-0.069,-0.653,1.855,-24.536,21.240,11.230
-0.086,-0.626,1.777,-29.114,25.024,13.000
-0.128,-0.617,1.661,-32.959,26.001,9.644
-0.138,-0.615,1.570,-37.292,28.320,3.906
-0.151,-0.610,1.502,-41.931,30.945,0.366
-0.165,-0.618,1.428,-44.128,33.508,1.282
-0.153,-0.609,1.371,-45.410,34.668,6.104
-0.138,-0.597,1.314,-42.969,34.241,10.925
-0.118,-0.569,1.268,-37.781,34.546,14.221
-0.087,-0.537,1.229,-35.461,33.081,13.184
-0.066,-0.500,1.198,-32.715,31.189,7.874
-0.055,-0.461,1.166,-28.381,31.128,5.493
-0.020,-0.431,1.159,-29.480,30.945,4.944
0.026,-0.368,1.201,-40.527,32.104,6.104
0.071,-0.300,1.245,-58.044,34.912,8.484

-0.171,-0.526,1.535,9.521,-46.448,-29.602
-0.034,-0.580,1.751,11.597,-32.043,-15.259
0.085,-0.635,1.897,23.193,-16.052,-8.423
0.135,-0.662,1.885,42.847,2.869,-5.798
0.043,-0.610,1.779,57.861,15.503,-9.644
-0.099,-0.559,1.601,63.721,25.146,-14.221
-0.225,-0.538,1.454,58.289,30.457,-13.550
-0.297,-0.564,1.378,46.326,26.123,-13.000
-0.275,-0.627,1.415,28.870,10.803,-12.573
-0.211,-0.691,1.572,9.460,-10.925,-11.658
-0.142,-0.759,1.741,3.662,-27.893,-9.094
-0.137,-0.834,1.866,8.240,-34.241,-5.066
-0.094,-0.853,2.016,10.925,-32.776,0.061
-0.026,-0.852,2.163,8.301,-27.100,6.042
0.006,-0.817,2.251,1.831,-15.381,12.146
-0.019,-0.750,2.252,-5.066,0.549,17.517
-0.079,-0.698,2.160,-8.240,17.517,18.188
-0.114,-0.707,2.031,-11.292,33.386,13.672
-0.146,-0.726,1.916,-20.630,44.678,9.155
-0.136,-0.771,1.807,-31.006,53.955,7.751
-0.074,-0.798,1.757,-45.837,57.678,11.780
-0.044,-0.801,1.723,-60.486,50.598,16.418
-0.012,-0.798,1.673,-68.115,48.950,22.949
0.005,-0.766,1.614,-74.646,50.171,29.236
-0.009,-0.719,1.535,-76.538,53.223,30.396
-0.034,-0.700,1.425,-72.021,59.937,31.372
-0.026,-0.663,1.314,-67.017,65.063,33.447
-0.038,-0.593,1.210,-61.523,65.125,31.128
-0.063,-0.582,1.059,-47.363,62.927,26.062
-0.045,-0.555,0.970,-37.781,61.462,22.339
0.000,-0.496,0.948,-39.490,60.425,25.085
0.044,-0.416,0.947,-46.814,62.683,33.447
0.047,-0.341,0.915,-53.772,59.265,37.476
0.040,-0.286,0.859,-56.824,54.565,35.522
0.035,-0.245,0.795,-57.678,51.575,30.884
0.006,-0.223,0.719,-56.580,49.011,25.024
-0.002,-0.209,0.655,-57.251,46.570,19.531
-0.036,-0.205,0.590,-57.617,41.565,13.306
-0.034,-0.234,0.532,-52.795,35.706,6.042
-0.017,-0.221,0.548,-50.232,26.672,1.526
0.018,-0.233,0.541,-46.021,16.724,0.427
0.024,-0.266,0.557,-46.082,7.812,0.610
0.138,-0.232,0.672,-60.852,1.526,4.333
0.126,-0.226,0.690,-64.331,1.221,7.324
0.163,-0.222,0.714,-62.988,10.437,11.719
0.165,-0.192,0.714,-67.810,12.878,16.724
0.126,-0.150,0.687,-75.012,10.925,18.127
0.059,-0.089,0.655,-81.238,9.338,16.724
0.024,-0.054,0.605,-83.984,11.292,15.625
0.013,-0.035,0.528,-83.557,17.883,16.296
0.004,-0.019,0.416,-84.229,26.123,17.151
0.015,0.035,0.391,-86.365,31.494,17.090
-0.007,0.068,0.298,-81.116,34.363,15.930
-0.034,0.108,0.237,-77.942,33.325,13.245
-0.044,0.138,0.194,-75.134,29.297,11.230
-0.034,0.133,0.174,-67.383,22.888,9.888
-0.015,0.110,0.165,-60.486,14.709,9.094
0.034,0.104,0.225,-59.143,7.019,9.094
0.088,0.113,0.277,-58.777,1.831,9.949
0.115,0.111,0.288,-51.147,0.183,11.414
0.111,0.115,0.274,-40.894,1.160,12.146
0.102,0.143,0.273,-33.081,3.418,11.475
0.069,0.182,0.258,-25.391,4.089,10.742
0.034,0.237,0.272,-20.203,1.770,9.399
-0.003,0.280,0.266,-17.212,-2.197,7.996
-0.036,0.290,0.246,-13.000,-7.690,7.202
-0.044,0.285,0.238,-10.559,-14.282,6.042
-0.028,0.253,0.234,-8.484,-20.081,3.784
0.009,0.222,0.245,-5.737,-23.315,1.770
0.041,0.202,0.270,-3.235,-24.536,-0.122
0.061,0.166,0.278,0.183,-25.574,-0.916
0.073,0.128,0.265,4.883,-26.184,0.061
0.075,0.111,0.253,10.742,-25.085,2.014
0.053,0.115,0.238,19.043,-23.682,2.625
0.028,0.132,0.241,27.039,-22.705,1.648
0.021,0.161,0.262,32.349,-22.217,1.648
-0.000,0.196,0.276,36.255,-23.621,2.808
-0.047,0.223,0.270,40.710,-26.245,2.502
-0.085,0.240,0.257,43.152,-29.175,0.916
-0.111,0.241,0.267,43.091,-33.508,-1.648
-0.133,0.218,0.295,41.687,-38.757,-5.554
-0.120,0.145,0.325,39.917,-44.067,-9.216
-0.098,0.040,0.380,37.354,-50.049,-10.864
-0.078,-0.061,0.449,31.982,-56.580,-8.972
-0.038,-0.162,0.521,30.273,-61.157,-3.845
0.004,-0.249,0.586,33.569,-61.279,2.686
0.066,-0.320,0.666,38.879,-56.213,9.583
0.107,-0.323,0.745,40.344,-47.791,16.907
0.087,-0.258,0.798,44.922,-37.903,23.743
0.035,-0.178,0.806,56.885,-26.428,27.527
-0.029,-0.115,0.793,68.420,-16.418,29.053
-0.078,-0.055,0.803,70.618,-10.559,28.137
-0.125,-0.028,0.807,67.749,-8.484,25.269
-0.136,-0.046,0.790,68.420,-6.775,21.912
-0.156,-0.082,0.765,69.580,-4.150,17.395
-0.196,-0.125,0.752,73.792,-2.502,11.536
-0.205,-0.170,0.791,80.933,-4.333,5.798
-0.199,-0.186,0.909,83.740,-8.423,3.174
-0.174,-0.219,1.042,82.642,-13.977,1.953
-0.076,-0.325,1.151,81.055,-20.264,1.709
0.090,-0.414,1.278,71.777,-24.475,6.653
0.340,-0.496,1.440,61.951,-20.264,13.123
0.203,-0.486,1.420,63.354,-23.865,9.033
0.257,-0.455,1.407,60.608,-1.404,6.897
0.110,-0.367,1.274,54.443,20.691,1.343
-0.089,-0.316,1.038,56.396,37.109,-13.367
-0.210,-0.325,0.872,56.152,45.532,-29.968
-0.279,-0.344,0.799,45.044,19.775,-48.035
-0.336,-0.388,0.832,38.147,-11.780,-49.500
-0.291,-0.464,1.006,28.931,-30.884,-35.034
-0.138,-0.533,1.279,17.456,-47.424,-23.621
0.041,-0.609,1.570,7.874,-61.096,-13.855
0.099,-0.614,1.771,2.014,-72.632,-14.404
0.137,-0.634,1.846,9.705,-57.556,-17.456
0.147,-0.629,1.839,25.757,-25.146,-13.916
0.093,-0.596,1.734,41.260,4.395,-14.709
0.024,-0.553,1.576,53.406,27.954,-14.709
-0.048,-0.491,1.436,55.054,38.940,-13.672
-0.129,-0.467,1.288,46.997,31.189,-17.517

0.014,-0.561,1.412,-5.615,9.766,-1.953
-0.012,-0.520,1.338,-0.366,22.034,3.723
-0.064,-0.481,1.250,2.319,25.574,4.211
-0.095,-0.455,1.206,4.456,26.123,0.610
-0.125,-0.472,1.170,5.493,22.278,-3.113
-0.137,-0.482,1.175,2.869,12.390,-4.211
-0.146,-0.503,1.204,-0.122,-0.488,-2.625
-0.102,-0.517,1.305,-0.549,-12.512,-0.061
-0.052,-0.509,1.437,1.099,-19.897,4.150
-0.023,-0.497,1.561,6.348,-20.020,6.348
-0.025,-0.463,1.626,12.024,-15.381,6.531
-0.066,-0.397,1.652,11.841,-8.118,6.226
-0.112,-0.349,1.644,8.972,-2.808,4.578
-0.141,-0.349,1.614,4.517,0.000,0.793
-0.137,-0.366,1.603,-3.967,2.197,-4.456
-0.102,-0.443,1.578,-9.277,4.211,-9.521
-0.057,-0.509,1.567,-11.597,5.310,-12.146
-0.033,-0.537,1.561,-13.794,7.874,-11.780
0.008,-0.557,1.548,-16.785,12.939,-8.789
0.015,-0.519,1.540,-22.339,17.883,-4.578
-0.015,-0.507,1.453,-20.813,22.278,-2.502
-0.050,-0.503,1.328,-15.930,25.574,-2.747
-0.084,-0.508,1.239,-16.296,24.780,-5.554
-0.096,-0.493,1.164,-20.996,22.766,-6.287
-0.109,-0.497,1.066,-22.156,20.569,-4.944
-0.122,-0.491,0.993,-23.132,15.137,-2.869
-0.121,-0.494,0.920,-19.409,8.362,-0.977
-0.123,-0.473,0.865,-11.230,2.625,1.892
-0.124,-0.472,0.816,-0.488,-1.709,5.249
-0.079,-0.476,0.843,7.141,-4.944,7.263
0.002,-0.402,0.984,2.747,-4.456,9.460
0.030,-0.339,1.076,-8.850,-0.793,12.939
0.017,-0.286,1.086,-23.743,5.249,14.771
0.004,-0.272,1.041,-38.879,13.000,14.343
-0.001,-0.247,1.002,-52.551,18.860,13.367
-0.014,-0.223,0.946,-59.998,23.743,12.268
-0.024,-0.241,0.855,-58.594,28.748,9.644
-0.041,-0.254,0.755,-54.993,31.372,5.676
-0.080,-0.252,0.674,-51.819,31.128,0.061
-0.082,-0.233,0.640,-46.997,29.297,-5.493
-0.063,-0.261,0.592,-38.452,26.672,-9.399
-0.053,-0.274,0.592,-33.020,21.545,-9.338
-0.010,-0.280,0.629,-31.006,17.517,-6.775
0.049,-0.271,0.714,-32.410,13.428,-4.700
0.081,-0.262,0.781,-36.560,11.963,-3.662
0.068,-0.253,0.800,-41.016,13.611,-2.380
0.039,-0.228,0.787,-43.518,17.029,-0.854
0.016,-0.215,0.760,-42.114,20.447,-0.122
-0.008,-0.217,0.735,-39.185,22.644,-0.977
-0.016,-0.245,0.715,-40.161,23.010,-2.380
-0.041,-0.220,0.717,-42.664,19.531,-1.465
-0.058,-0.232,0.729,-44.678,14.221,-0.427
-0.046,-0.227,0.795,-46.875,11.780,1.587
-0.011,-0.230,0.851,-45.593,7.935,4.822
0.036,-0.222,0.900,-47.546,8.301,8.240
0.055,-0.197,0.928,-49.072,13.123,10.742
0.032,-0.173,0.900,-46.936,18.799,11.536
0.002,-0.160,0.863,-43.030,22.278,10.559
-0.029,-0.150,0.840,-41.199,22.766,10.559
-0.027,-0.143,0.848,-42.175,20.813,12.268
-0.009,-0.149,0.857,-42.786,17.578,14.038
0.000,-0.166,0.846,-41.748,15.442,14.893
0.017,-0.174,0.850,-39.490,14.221,14.709
0.026,-0.164,0.860,-36.072,14.709,14.709
0.037,-0.133,0.877,-32.532,16.479,15.442
0.035,-0.087,0.885,-30.640,18.066,16.846
0.027,-0.048,0.880,-31.189,19.897,17.212
0.028,-0.010,0.871,-32.654,21.362,17.517
0.031,0.021,0.848,-34.851,22.583,18.250
0.011,0.051,0.815,-38.208,24.170,18.372
-0.005,0.071,0.774,-39.368,25.146,17.151
-0.015,0.070,0.727,-39.124,24.902,14.893
-0.017,0.067,0.696,-38.635,24.597,12.329
-0.022,0.056,0.667,-37.048,22.705,10.132
-0.011,0.047,0.672,-37.231,18.677,8.179
0.013,0.047,0.696,-37.903,14.526,6.653
0.030,0.035,0.712,-35.889,12.329,6.287
0.060,0.034,0.749,-33.936,12.573,6.592
0.093,0.034,0.791,-31.921,13.000,5.737
0.100,0.037,0.795,-28.015,14.648,4.028
0.085,0.061,0.781,-24.170,18.921,3.418
0.067,0.087,0.743,-20.630,23.254,2.319
0.050,0.108,0.694,-18.494,25.635,-0.244
0.048,0.115,0.638,-17.273,25.635,-2.930
0.065,0.117,0.589,-15.808,23.376,-4.517
0.071,0.105,0.523,-14.343,20.264,-5.066
0.086,0.096,0.471,-12.939,16.724,-5.676
0.110,0.086,0.444,-11.841,13.489,-7.263
0.127,0.082,0.422,-10.681,10.010,-8.179
0.142,0.071,0.393,-8.728,6.470,-7.324
0.126,0.071,0.346,-5.310,3.235,-5.859
0.107,0.079,0.317,-2.625,-0.671,-4.822
0.107,0.082,0.312,-0.244,-5.859,-4.822
0.095,0.068,0.305,1.953,-12.085,-4.761
0.086,0.024,0.309,6.348,-19.897,-3.662
0.085,0.003,0.362,9.521,-28.381,-1.709
0.092,-0.011,0.453,12.573,-36.560,-0.244
0.115,-0.021,0.559,14.709,-41.748,1.709
0.116,-0.028,0.635,18.188,-42.664,3.174
0.104,-0.024,0.701,23.193,-41.077,4.822
0.085,0.011,0.776,26.306,-38.269,6.836
0.051,0.035,0.807,29.236,-34.912,8.423
0.021,0.058,0.824,31.372,-31.494,8.545
-0.020,0.071,0.803,33.447,-28.625,8.545
-0.053,0.066,0.769,35.583,-27.771,7.996
-0.052,0.046,0.760,34.241,-29.297,6.592
-0.042,0.039,0.767,31.128,-31.433,5.371
-0.033,0.015,0.757,31.921,-32.471,4.883
0.001,-0.016,0.761,32.593,-32.837,4.517
0.028,-0.038,0.781,30.945,-32.349,4.883
0.028,-0.050,0.779,29.541,-30.396,7.385
0.013,-0.058,0.780,32.043,-27.161,10.315
-0.037,-0.076,0.755,38.208,-23.865,13.672
-0.083,-0.089,0.738,42.664,-22.766,18.433
-0.102,-0.094,0.757,43.640,-24.536,21.851
-0.096,-0.107,0.804,44.189,-28.687,21.240
-0.071,-0.138,0.863,43.213,-32.104,19.104
-0.023,-0.151,0.940,39.063,-31.921,17.700
0.001,-0.159,0.977,37.170,-27.283,17.822

-0.117,-0.514,1.462,4.333,-13.855,-2.808
-0.104,-0.513,1.517,1.770,-12.390,-1.587
-0.107,-0.514,1.546,0.244,-9.521,-1.099
-0.109,-0.511,1.571,-1.221,-5.676,-1.587
-0.104,-0.518,1.593,-3.845,-2.014,-3.174
-0.099,-0.546,1.594,-4.883,1.831,-4.517
-0.078,-0.541,1.625,-7.385,5.676,-4.761
-0.070,-0.525,1.632,-11.169,11.292,-4.211
-0.083,-0.519,1.589,-15.137,18.616,-3.662
-0.091,-0.528,1.515,-18.311,26.062,-4.700
-0.090,-0.547,1.445,-20.813,30.884,-6.409
-0.092,-0.549,1.383,-21.484,34.241,-8.301
-0.107,-0.549,1.313,-19.348,34.790,-9.827
-0.141,-0.535,1.247,-17.639,29.724,-11.475
-0.153,-0.525,1.192,-17.395,24.597,-11.292
-0.181,-0.529,1.124,-16.846,19.043,-9.399
-0.180,-0.544,1.081,-15.686,12.695,-5.005
-0.171,-0.545,1.013,-9.216,6.348,0.122
-0.136,-0.537,1.079,-5.005,1.770,1.953
-0.095,-0.521,1.146,-9.766,0.977,4.456
-0.039,-0.487,1.233,-13.733,3.906,7.874
-0.003,-0.443,1.312,-23.193,10.132,11.414
-0.026,-0.408,1.284,-36.621,20.569,14.404
-0.046,-0.369,1.213,-49.988,31.982,14.526
-0.080,-0.367,1.084,-58.411,40.710,12.268
-0.103,-0.387,0.944,-60.791,42.786,9.155
-0.123,-0.349,0.860,-67.383,39.978,6.714
-0.122,-0.336,0.787,-71.289,37.781,4.639
-0.130,-0.321,0.721,-68.848,35.095,1.831
-0.124,-0.309,0.676,-63.538,30.518,-0.366
-0.098,-0.309,0.643,-56.519,26.794,-0.916
-0.091,-0.284,0.630,-47.485,22.827,-0.366
-0.052,-0.271,0.677,-38.696,19.287,-0.061
0.042,-0.237,0.818,-40.649,17.456,0.488
0.057,-0.199,0.890,-49.133,18.311,2.869
0.032,-0.179,0.869,-53.162,21.179,4.028
-0.006,-0.173,0.811,-53.772,24.963,3.357
-0.027,-0.172,0.748,-53.284,27.344,1.770
-0.054,-0.171,0.679,-54.260,26.306,1.770
-0.066,-0.168,0.650,-54.504,23.193,3.052
-0.056,-0.159,0.665,-55.115,17.029,5.066
-0.115,-0.114,0.679,-54.077,9.277,6.348
-0.082,-0.105,0.753,-52.856,5.005,7.446
-0.043,-0.095,0.801,-50.659,4.639,8.484
-0.062,-0.071,0.815,-46.753,3.296,8.728
-0.036,-0.052,0.859,-47.058,2.258,7.019
-0.025,-0.066,0.889,-51.453,0.671,4.211
-0.016,-0.081,0.922,-58.472,-0.488,3.662
-0.016,-0.114,0.939,-64.331,-0.488,4.944
0.023,-0.157,0.969,-68.359,1.648,5.798
0.049,-0.176,1.001,-71.228,5.737,7.385
0.047,-0.172,1.001,-71.411,12.268,9.277
0.039,-0.178,0.958,-67.871,18.982,10.925
0.040,-0.184,0.911,-63.416,23.560,12.878
0.040,-0.166,0.879,-60.913,27.161,15.381
0.030,-0.123,0.844,-57.068,29.724,17.090
0.012,-0.096,0.807,-49.133,29.358,18.250
0.002,-0.069,0.782,-41.870,28.625,19.287
-0.001,-0.019,0.792,-40.894,27.710,20.508
-0.003,0.002,0.783,-39.551,26.428,20.386
0.013,0.029,0.782,-38.147,25.330,19.775
0.020,0.054,0.783,-38.086,32.043,18.982
0.030,0.105,0.789,-42.725,33.752,18.677
0.008,0.121,0.740,-43.884,30.334,16.907
0.020,0.126,0.696,-45.837,32.288,12.146
0.037,0.111,0.641,-49.316,31.921,8.667
0.038,0.107,0.601,-51.514,27.405,7.568
0.052,0.091,0.579,-50.476,23.376,6.775
0.073,0.076,0.579,-49.744,21.179,5.981
0.088,0.059,0.583,-47.974,19.104,6.104
0.121,0.046,0.597,-43.762,18.738,7.263
0.145,0.042,0.599,-35.461,18.066,9.583
0.155,0.050,0.600,-25.879,19.470,11.597
0.135,0.094,0.611,-18.188,22.522,13.428
0.101,0.137,0.609,-11.414,23.071,15.503
0.057,0.186,0.603,-6.958,21.362,16.785
0.039,0.221,0.604,-4.700,19.409,15.564
0.030,0.241,0.609,-4.089,17.273,12.756
0.028,0.239,0.615,-4.456,15.137,9.949
0.043,0.230,0.616,-3.906,13.916,7.629
0.065,0.222,0.603,-1.587,18.433,6.653
0.067,0.225,0.600,-3.174,13.123,5.737
0.068,0.201,0.582,-1.526,6.714,3.662
0.093,0.192,0.591,-0.854,5.005,3.662
0.110,0.184,0.605,-0.854,0.549,5.615
0.120,0.177,0.623,1.160,-3.723,6.714
0.129,0.183,0.634,2.625,-4.883,7.446
0.115,0.199,0.610,7.263,-3.357,7.874
0.084,0.212,0.561,13.916,-2.563,7.568
0.068,0.236,0.544,17.212,-3.784,6.226
0.054,0.272,0.545,18.616,-6.226,4.211
0.035,0.282,0.532,21.729,-9.827,2.197
0.030,0.276,0.532,22.644,-14.282,-0.366
0.053,0.248,0.563,20.081,-19.409,-2.686
0.100,0.214,0.612,17.212,-24.170,-3.296
0.137,0.164,0.634,17.639,-25.696,-2.808
0.156,0.110,0.619,19.409,-24.658,-2.380
0.147,0.077,0.581,21.973,-22.827,-1.648
0.118,0.053,0.529,26.611,-20.447,-1.282
0.070,0.042,0.493,31.067,-20.752,-0.916
0.062,-0.004,0.457,35.645,-24.597,-0.305
0.058,-0.021,0.469,37.476,-30.273,1.892
0.061,-0.033,0.508,36.377,-36.560,4.333
0.066,-0.058,0.546,37.048,-42.542,6.470
0.058,-0.065,0.592,39.795,-46.631,8.545
0.057,-0.069,0.645,46.448,-48.096,10.376
0.050,-0.052,0.724,52.917,-47.485,12.634
0.051,-0.028,0.803,56.519,-44.556,15.747
0.026,0.027,0.856,58.960,-38.757,18.005
-0.027,0.060,0.837,64.636,-31.311,18.188
-0.092,0.085,0.791,69.214,-25.208,16.846
-0.158,0.084,0.754,68.848,-23.254,13.550
-0.171,0.052,0.732,66.284,-26.611,9.949
-0.165,-0.030,0.726,63.293,-33.142,7.141
-0.110,-0.097,0.782,55.542,-40.283,5.188
-0.046,-0.172,0.855,50.415,-44.983,4.700
-0.006,-0.228,0.907,50.293,-44.617,6.897
-0.010,-0.252,0.923,55.298,-38.940,11.108
-0.020,-0.242,0.932,64.453,-29.846,14.282

0.008,-0.693,1.623,27.039,-39.490,0.061
-0.016,-0.663,1.688,36.255,-20.508,1.831
-0.028,-0.616,1.667,43.823,0.732,2.258
-0.076,-0.585,1.553,49.438,17.944,1.099
-0.124,-0.539,1.442,46.875,29.175,-0.122
-0.149,-0.534,1.309,40.283,32.471,-1.038
-0.162,-0.537,1.221,29.541,29.602,-2.991
-0.169,-0.545,1.171,19.348,24.414,-5.188
-0.143,-0.596,1.143,13.550,20.203,-5.981
-0.129,-0.627,1.151,7.629,15.381,-6.104
-0.141,-0.630,1.128,3.235,7.202,-8.057
-0.162,-0.622,1.121,1.282,4.639,-11.719
-0.168,-0.634,1.136,0.488,1.953,-11.658
-0.180,-0.631,1.166,0.732,-2.808,-7.690
-0.163,-0.628,1.237,1.465,-8.850,-3.296
-0.151,-0.609,1.332,0.244,-15.503,-0.671
-0.126,-0.595,1.426,-0.732,-19.470,0.183
-0.105,-0.602,1.507,0.854,-18.494,-0.488
-0.086,-0.593,1.579,-0.061,-14.099,-0.732
-0.095,-0.575,1.617,-3.540,-8.545,0.305
-0.107,-0.572,1.629,-8.240,-3.967,1.709
-0.103,-0.577,1.632,-13.977,-0.061,3.540
-0.086,-0.580,1.643,-20.447,4.639,4.822
-0.094,-0.569,1.639,-26.917,10.010,7.568
-0.089,-0.587,1.604,-27.832,18.799,11.963
-0.077,-0.598,1.575,-27.405,26.672,13.123
-0.067,-0.588,1.538,-29.785,31.067,13.733
-0.054,-0.580,1.496,-34.058,33.997,12.390
-0.061,-0.582,1.442,-39.124,32.898,9.460
-0.057,-0.586,1.399,-43.945,29.663,8.179
-0.041,-0.583,1.364,-49.683,29.236,9.155
-0.033,-0.562,1.336,-54.382,30.518,10.498
-0.030,-0.557,1.287,-55.542,32.959,11.108
-0.039,-0.542,1.243,-56.091,34.058,11.536
-0.046,-0.522,1.207,-57.129,34.729,12.268
-0.052,-0.497,1.176,-58.289,34.973,12.878
-0.060,-0.483,1.126,-58.594,34.485,13.306
-0.079,-0.466,1.069,-56.580,34.729,13.184
-0.063,-0.456,1.016,-52.551,36.316,13.062
-0.051,-0.460,0.963,-48.218,32.166,10.315
-0.029,-0.468,0.937,-43.762,29.846,7.446
0.035,-0.454,0.980,-44.006,33.447,9.155
0.088,-0.403,1.063,-54.504,38.269,13.245
0.117,-0.355,1.117,-67.322,46.997,16.602
0.101,-0.302,1.103,-79.041,58.838,18.982
0.058,-0.274,1.011,-82.825,71.350,19.165
0.033,-0.275,0.890,-79.041,79.224,17.395
0.013,-0.280,0.777,-76.782,76.721,13.062
0.000,-0.276,0.702,-77.026,66.650,9.338
0.008,-0.266,0.672,-77.087,56.580,6.714
0.037,-0.270,0.657,-78.186,47.241,5.981
0.087,-0.280,0.673,-78.552,38.269,7.507
0.113,-0.285,0.674,-74.585,31.433,11.353
0.119,-0.283,0.661,-67.932,31.067,15.320
0.111,-0.262,0.646,-61.157,32.898,18.555
0.056,-0.218,0.656,-57.556,33.142,20.752
0.153,-0.177,0.765,-63.171,33.203,23.437
0.113,-0.126,0.767,-68.909,31.372,26.245
0.082,-0.083,0.752,-70.313,36.621,29.236
0.059,-0.065,0.707,-70.251,36.316,29.175
0.034,-0.050,0.668,-72.815,32.715,26.123
0.006,-0.050,0.632,-75.439,28.137,24.048
0.013,-0.060,0.615,-77.637,23.499,25.269
0.022,-0.058,0.620,-77.087,19.897,28.198
0.051,-0.053,0.638,-72.327,19.226,29.602
0.063,-0.026,0.644,-65.918,21.057,29.175
0.059,0.016,0.634,-58.899,23.682,28.381
0.058,0.048,0.608,-50.720,26.794,27.161
0.056,0.091,0.589,-46.326,28.625,26.855
0.059,0.137,0.583,-44.739,29.541,25.696
0.050,0.162,0.557,-42.969,28.992,23.926
0.057,0.170,0.537,-40.833,27.161,22.522
0.084,0.176,0.526,-39.063,24.963,21.057
0.098,0.164,0.509,-36.438,23.071,19.714
0.114,0.157,0.494,-31.372,21.912,19.165
0.121,0.177,0.499,-26.001,21.545,19.043
0.112,0.208,0.500,-20.691,21.240,18.677
0.088,0.232,0.489,-15.991,19.714,17.639
0.070,0.246,0.479,-13.672,16.602,16.418
0.072,0.255,0.479,-12.573,12.207,14.038
0.085,0.257,0.486,-12.329,7.812,10.925
0.096,0.257,0.487,-11.414,3.967,8.179
0.116,0.241,0.474,-8.240,1.160,5.676
0.143,0.234,0.463,-5.249,0.549,3.662
0.150,0.243,0.448,-1.160,0.610,2.014
0.138,0.238,0.413,5.920,0.488,0.366
0.120,0.245,0.388,13.184,-0.671,-0.671
0.115,0.264,0.398,16.602,-3.296,-1.343
0.112,0.271,0.404,18.311,-6.409,-2.319
0.103,0.259,0.400,21.423,-9.644,-3.357
0.090,0.242,0.397,24.475,-12.878,-4.272
0.086,0.223,0.413,26.245,-16.663,-5.615
0.090,0.209,0.446,27.649,-20.752,-7.996
0.101,0.201,0.484,29.236,-24.231,-10.010
0.111,0.176,0.520,32.776,-27.405,-10.864
0.131,0.158,0.579,34.119,-30.151,-11.780
0.147,0.144,0.641,31.311,-31.982,-12.512
0.156,0.125,0.666,28.931,-32.410,-12.329
0.153,0.092,0.657,27.588,-31.738,-11.108
0.150,0.041,0.627,28.015,-30.457,-9.766
0.144,0.001,0.597,29.114,-29.114,-7.568
0.138,-0.011,0.573,28.748,-27.283,-5.066
0.121,-0.003,0.548,26.733,-25.391,-2.686
0.081,-0.013,0.494,29.602,-25.146,-0.610
0.047,-0.007,0.440,34.058,-25.879,0.427
0.008,-0.004,0.431,39.673,-29.541,-0.488
0.050,-0.042,0.454,47.119,-35.828,-0.488
0.083,-0.071,0.535,46.570,-41.016,2.930
0.117,-0.067,0.641,39.978,-44.006,7.141
0.107,-0.059,0.689,40.344,-41.626,9.766
0.096,-0.102,0.675,49.072,-34.302,10.498
0.078,-0.099,0.657,55.725,-25.085,11.963
0.034,-0.088,0.612,62.866,-16.113,12.573
-0.017,-0.078,0.556,68.909,-9.766,11.597
-0.082,-0.050,0.518,70.740,-7.019,9.888
-0.142,-0.023,0.495,76.599,-8.118,7.019
-0.205,-0.066,0.458,85.083,-13.611,3.113
-0.257,-0.118,0.467,85.510,-24.780,0.549
-0.240,-0.180,0.595,79.895,-39.490,-0.854

0.007,-0.477,1.473,44.983,-5.371,-4.639
-0.042,-0.477,1.429,46.570,3.845,-13.916
-0.041,-0.515,1.366,48.645,15.137,-16.052
-0.041,-0.522,1.323,48.828,18.250,-18.433
-0.027,-0.553,1.286,47.668,16.724,-18.250
-0.013,-0.560,1.281,45.105,13.123,-13.794
-0.020,-0.573,1.264,43.335,8.789,-9.338
-0.039,-0.584,1.259,40.833,5.981,-6.653
-0.030,-0.618,1.286,35.645,3.418,-5.737
-0.026,-0.651,1.314,28.931,0.305,-6.409
-0.018,-0.648,1.362,20.935,-2.380,-4.883
-0.038,-0.647,1.389,15.381,-4.639,-3.845
-0.052,-0.642,1.417,10.071,-7.202,-3.479
-0.058,-0.608,1.454,4.517,-8.179,-2.808
-0.073,-0.587,1.466,4.578,-6.287,0.000
-0.084,-0.561,1.475,6.836,-4.517,2.563
-0.096,-0.554,1.468,8.667,-4.700,4.150
-0.103,-0.544,1.478,6.348,-7.202,3.845
-0.105,-0.540,1.497,3.845,-9.460,2.991
-0.111,-0.556,1.512,4.395,-10.498,1.587
-0.087,-0.549,1.577,4.150,-10.864,-0.061
-0.075,-0.558,1.619,4.150,-10.193,-0.977
-0.074,-0.547,1.630,2.380,-7.446,-0.610
-0.091,-0.535,1.612,0.061,-3.357,-0.427
-0.111,-0.551,1.578,-1.404,0.000,-0.916
-0.106,-0.561,1.579,-5.859,0.732,-1.038
-0.106,-0.572,1.591,-12.451,0.549,-0.061
-0.072,-0.583,1.633,-18.738,1.343,0.916
-0.068,-0.574,1.655,-23.071,7.507,4.578
-0.000,-0.589,1.666,-25.330,24.658,13.977
-0.007,-0.577,1.627,-30.579,30.640,10.803
-0.026,-0.596,1.544,-30.640,29.724,2.319
-0.031,-0.608,1.478,-34.241,32.166,-1.892
-0.022,-0.594,1.437,-42.297,34.729,-1.526
-0.023,-0.582,1.375,-47.913,34.729,0.183
-0.027,-0.580,1.306,-51.636,32.532,2.258
-0.036,-0.592,1.227,-55.115,31.067,4.089
-0.034,-0.594,1.171,-57.434,29.724,5.615
-0.055,-0.571,1.123,-55.725,28.992,6.165
-0.044,-0.566,1.106,-49.072,30.334,4.333
-0.020,-0.562,1.106,-49.194,33.386,3.906
-0.010,-0.538,1.096,-57.617,37.170,7.996
0.003,-0.504,1.085,-66.284,40.344,13.672
0.014,-0.480,1.053,-72.083,43.945,19.043
0.027,-0.450,1.010,-77.393,50.537,23.743
0.016,-0.430,0.943,-81.726,53.711,25.696
0.023,-0.428,0.885,-83.313,55.786,25.146
0.062,-0.409,0.869,-85.938,56.396,22.766
0.079,-0.385,0.841,-87.036,57.495,21.057
0.092,-0.377,0.794,-84.473,60.059,20.386
0.082,-0.370,0.736,-82.825,64.087,21.729
0.081,-0.349,0.686,-80.566,65.186,23.865
0.070,-0.326,0.635,-75.989,62.317,23.743
0.060,-0.295,0.580,-69.885,58.716,23.254
0.033,-0.247,0.531,-64.819,55.359,23.743
0.014,-0.220,0.494,-60.730,51.758,24.780
0.034,-0.198,0.504,-58.838,48.035,25.269
-0.005,-0.170,0.549,-61.401,39.978,24.658
0.083,-0.158,0.689,-68.115,28.625,23.987
0.101,-0.146,0.797,-76.965,22.461,25.024
0.173,-0.154,0.886,-85.571,28.687,30.579
0.187,-0.133,0.892,-95.337,33.936,35.461
0.172,-0.111,0.828,-100.830,40.649,36.987
0.133,-0.103,0.696,-99.182,49.255,36.255
0.053,-0.077,0.532,-95.947,55.664,36.377
-0.009,-0.042,0.385,-93.689,56.213,37.659
-0.050,0.002,0.305,-90.698,50.598,38.147
-0.041,0.051,0.281,-83.313,44.739,36.438
-0.026,0.088,0.301,-78.308,39.124,34.424
0.017,0.129,0.381,-76.599,34.485,31.555
0.081,0.163,0.474,-75.134,30.701,29.053
0.118,0.195,0.525,-69.824,28.198,28.137
0.130,0.227,0.536,-61.584,29.602,26.978
0.129,0.254,0.502,-51.941,32.959,24.292
0.115,0.280,0.449,-43.762,35.095,20.935
0.105,0.311,0.397,-38.147,34.119,17.334
0.083,0.336,0.357,-35.278,30.212,15.137
0.068,0.344,0.319,-31.311,24.597,14.282
0.060,0.351,0.302,-28.320,16.724,12.573
0.072,0.364,0.320,-26.672,7.690,9.521
0.087,0.365,0.345,-23.193,-0.671,6.592
0.116,0.327,0.362,-17.944,-7.935,4.944
0.153,0.300,0.404,-14.648,-14.099,4.761
0.175,0.312,0.455,-8.606,-16.418,5.066
0.172,0.315,0.464,4.333,-13.367,3.113
0.157,0.325,0.475,16.907,-9.277,0.000
0.141,0.351,0.505,22.705,-8.057,-1.770
0.122,0.365,0.531,24.414,-9.949,-3.113
0.113,0.366,0.551,25.024,-12.817,-4.517
0.104,0.356,0.560,26.062,-14.648,-6.470
0.100,0.347,0.561,29.419,-15.381,-9.338
0.114,0.309,0.544,33.264,-16.113,-12.573
0.138,0.288,0.551,33.997,-18.311,-14.954
0.152,0.268,0.549,35.950,-20.020,-17.090
0.165,0.246,0.542,40.833,-20.081,-18.738
0.188,0.209,0.523,46.753,-18.921,-18.738
0.185,0.198,0.503,51.025,-17.639,-17.334
0.153,0.195,0.471,56.213,-15.991,-17.212
0.113,0.197,0.437,61.646,-15.076,-19.165
0.078,0.197,0.409,65.430,-17.517,-20.691
0.052,0.205,0.408,65.491,-22.705,-21.729
0.023,0.185,0.392,65.857,-29.480,-23.437
0.039,0.137,0.399,65.247,-37.720,-25.879
0.053,0.071,0.414,62.988,-45.349,-27.954
0.098,0.011,0.475,58.350,-51.880,-28.687
0.120,-0.052,0.519,59.631,-55.847,-27.466
0.116,-0.099,0.545,64.575,-55.847,-25.391
0.107,-0.137,0.565,69.519,-52.979,-24.231
0.096,-0.159,0.593,75.256,-49.744,-23.560
0.092,-0.159,0.637,80.078,-46.692,-21.729
0.078,-0.144,0.669,85.999,-43.213,-19.531
0.077,-0.129,0.706,91.980,-38.635,-19.043
0.060,-0.098,0.736,91.736,-33.752,-19.775
0.021,-0.094,0.703,93.811,-30.518,-21.606
-0.003,-0.133,0.659,96.191,-29.541,-24.048
-0.022,-0.173,0.625,91.492,-31.067,-25.696
-0.060,-0.223,0.581,87.280,-34.485,-26.245
-0.084,-0.288,0.550,87.708,-37.537,-27.161
-0.097,-0.375,0.546,90.393,-42.603,-27.832

-0.166,-0.786,1.293,40.649,-75.134,-2.380
-0.042,-0.856,1.510,36.865,-70.435,2.991
0.049,-0.884,1.678,41.809,-58.960,5.676
0.051,-0.820,1.767,49.500,-38.513,10.193
-0.025,-0.740,1.718,60.913,-15.625,12.207
-0.121,-0.705,1.558,70.313,6.714,11.658
-0.173,-0.690,1.432,66.528,19.775,10.925
-0.202,-0.695,1.329,52.856,19.409,8.362
-0.208,-0.719,1.285,35.522,12.878,6.714
-0.190,-0.736,1.247,19.104,6.348,6.775
-0.190,-0.793,1.250,10.254,2.686,6.042
-0.164,-0.827,1.285,-1.648,-1.099,5.615
-0.152,-0.843,1.340,-7.446,-5.798,7.080
-0.166,-0.831,1.412,-5.859,-9.644,10.071
-0.164,-0.809,1.500,-4.822,-12.817,11.230
-0.167,-0.777,1.596,-7.141,-14.404,10.986
-0.163,-0.764,1.676,-9.644,-14.587,9.399
-0.146,-0.754,1.743,-11.475,-13.062,9.033
-0.143,-0.713,1.802,-14.099,-8.972,9.827
-0.144,-0.693,1.810,-14.465,-2.747,10.498
-0.150,-0.677,1.794,-16.724,4.578,10.071
-0.163,-0.671,1.753,-21.973,11.902,8.667
-0.175,-0.684,1.691,-27.344,18.066,6.409
-0.163,-0.705,1.644,-34.607,22.949,5.798
-0.167,-0.694,1.612,-42.969,28.076,8.667
-0.138,-0.703,1.582,-46.997,39.856,15.564
-0.085,-0.703,1.555,-49.072,52.551,20.935
-0.079,-0.690,1.500,-48.279,62.500,21.179
-0.069,-0.672,1.427,-48.279,70.068,21.118
-0.044,-0.669,1.368,-52.979,71.533,21.851
-0.029,-0.668,1.318,-61.584,63.293,19.531
-0.021,-0.669,1.266,-68.909,55.786,17.212
-0.011,-0.675,1.207,-73.242,52.429,16.846
0.005,-0.666,1.171,-76.782,51.025,17.883
0.025,-0.666,1.125,-77.820,49.683,19.714
0.033,-0.661,1.070,-78.064,48.828,21.790
0.037,-0.646,1.018,-77.576,48.584,22.705
0.027,-0.610,0.979,-76.111,48.645,23.926
0.018,-0.583,0.926,-72.388,49.561,24.902
0.015,-0.530,0.897,-69.336,50.293,27.649
0.010,-0.496,0.846,-65.308,50.903,29.907
0.005,-0.459,0.795,-63.416,50.781,30.945
0.034,-0.421,0.787,-64.575,48.340,30.334
0.083,-0.384,0.828,-69.702,47.546,30.151
0.093,-0.336,0.838,-78.064,48.645,31.799
0.064,-0.321,0.793,-79.956,48.767,31.982
0.080,-0.318,0.765,-81.116,48.218,31.250
0.085,-0.312,0.734,-83.313,46.082,29.114
0.092,-0.306,0.703,-82.092,44.006,27.771
0.085,-0.276,0.685,-81.421,41.931,27.893
0.069,-0.259,0.651,-77.515,39.612,27.771
0.055,-0.239,0.621,-71.472,36.682,26.611
0.022,-0.208,0.594,-66.467,32.837,26.062
0.011,-0.167,0.606,-64.270,27.893,26.123
0.003,-0.156,0.651,-65.613,22.949,25.269
0.077,-0.136,0.703,-70.496,18.555,25.452
0.068,-0.123,0.734,-73.486,16.968,26.855
0.129,-0.125,0.755,-71.838,21.484,29.541
0.159,-0.121,0.755,-69.397,26.367,30.457
0.155,-0.097,0.740,-69.885,26.123,29.907
0.121,-0.049,0.710,-71.533,24.597,31.311
0.085,-0.011,0.651,-68.481,24.597,33.508
0.062,0.024,0.595,-65.063,26.611,33.081
0.043,0.048,0.542,-62.378,28.198,30.701
0.016,0.052,0.488,-59.143,27.405,28.564
0.037,0.039,0.490,-57.190,22.278,27.649
0.088,0.041,0.557,-60.181,15.442,27.466
0.127,0.050,0.619,-61.218,11.108,27.588
0.158,0.060,0.661,-56.885,11.292,27.466
0.185,0.084,0.683,-51.392,15.503,27.588
0.198,0.113,0.680,-46.631,22.766,27.039
0.183,0.155,0.639,-42.297,30.334,26.794
0.167,0.221,0.594,-37.598,36.133,27.161
0.133,0.282,0.520,-32.166,39.795,26.794
0.104,0.334,0.443,-28.198,41.565,24.658
0.071,0.377,0.361,-26.245,41.382,21.484
0.028,0.415,0.283,-24.536,38.269,17.639
-0.002,0.415,0.181,-22.339,31.067,12.695
-0.009,0.390,0.134,-21.790,19.836,7.507
0.032,0.361,0.138,-21.423,6.531,3.662
0.078,0.308,0.172,-18.250,-4.761,1.526
0.135,0.278,0.237,-15.259,-13.367,1.282
0.161,0.285,0.300,-8.667,-18.066,2.014
0.159,0.285,0.330,3.662,-19.043,1.099
0.165,0.292,0.366,13.489,-18.188,-0.427
0.150,0.298,0.377,19.958,-17.639,-1.526
0.125,0.307,0.388,25.940,-18.188,-2.869
0.106,0.309,0.398,32.043,-19.897,-4.944
0.099,0.292,0.411,35.828,-22.644,-7.324
0.108,0.270,0.432,37.354,-26.306,-9.705
0.128,0.244,0.448,38.696,-29.358,-12.024
0.142,0.224,0.459,40.405,-31.311,-13.367
0.148,0.208,0.450,43.152,-32.349,-13.733
0.156,0.192,0.441,45.776,-33.142,-13.672
0.167,0.172,0.425,50.842,-33.936,-13.672
0.176,0.152,0.414,55.420,-33.569,-14.099
0.163,0.145,0.390,56.213,-32.166,-14.587
0.136,0.138,0.345,57.251,-31.555,-14.771
0.071,0.120,0.267,62.134,-32.837,-15.076
0.024,0.075,0.188,69.641,-35.522,-16.541
-0.004,0.016,0.131,75.928,-40.039,-18.555
-0.011,-0.044,0.130,79.834,-49.194,-19.409
-0.008,-0.086,0.191,80.505,-60.120,-18.494
0.011,-0.130,0.305,81.299,-69.336,-17.334
0.043,-0.162,0.459,82.947,-76.416,-15.564
0.093,-0.203,0.615,84.106,-77.454,-12.207
0.143,-0.235,0.733,84.229,-70.251,-6.958
0.121,-0.220,0.775,85.510,-55.603,-1.404
-0.004,-0.220,0.733,93.445,-37.109,0.244
-0.147,-0.257,0.654,100.403,-22.461,-1.831
-0.212,-0.321,0.620,99.060,-21.179,-4.578
-0.228,-0.356,0.681,89.478,-33.508,-4.211
-0.187,-0.417,0.804,82.275,-50.598,-3.906
-0.089,-0.509,0.970,77.637,-67.444,-5.249
0.062,-0.564,1.196,68.054,-76.904,-3.052
0.296,-0.640,1.441,62.561,-73.547,2.319
0.206,-0.657,1.435,71.472,-66.956,5.066
0.202,-0.574,1.442,78.491,-37.537,7.690
0.029,-0.504,1.263,90.515,-5.249,1.892

0.008,-0.774,1.645,45.654,-70.374,-7.385
0.078,-0.799,1.833,35.950,-64.270,-7.324
0.043,-0.753,1.901,42.542,-44.678,-10.925
-0.004,-0.717,1.836,62.866,-11.780,-9.766
-0.092,-0.690,1.686,78.003,14.038,-12.512
-0.158,-0.663,1.550,77.820,26.917,-17.578
-0.175,-0.657,1.476,63.293,25.513,-18.494
-0.185,-0.665,1.437,43.152,15.686,-18.860
-0.183,-0.698,1.410,27.588,9.949,-14.893
-0.143,-0.752,1.394,18.616,8.789,-8.667
-0.119,-0.812,1.392,14.526,7.141,-6.653
-0.098,-0.829,1.418,8.484,5.249,-5.676
-0.096,-0.821,1.439,2.930,3.601,-5.127
-0.092,-0.810,1.470,-0.061,2.991,-1.709
-0.084,-0.787,1.491,0.244,3.540,1.343
-0.095,-0.759,1.517,1.648,5.005,3.174
-0.087,-0.725,1.566,-0.366,4.150,2.747
-0.072,-0.692,1.615,-4.822,3.235,2.441
-0.062,-0.684,1.620,-7.751,6.409,1.587
-0.055,-0.685,1.596,-8.606,10.681,0.366
-0.054,-0.683,1.560,-9.888,13.794,1.404
-0.055,-0.668,1.532,-13.428,16.174,2.502
-0.070,-0.659,1.487,-17.273,17.761,3.540
-0.071,-0.649,1.459,-22.278,18.982,5.005
-0.047,-0.640,1.449,-27.100,20.935,9.216
-0.006,-0.642,1.450,-31.372,25.146,13.367
0.020,-0.628,1.453,-36.804,27.649,12.573
0.022,-0.616,1.426,-42.175,28.748,11.169
0.029,-0.610,1.382,-44.617,33.691,11.047
0.036,-0.606,1.338,-46.387,38.391,12.512
0.026,-0.601,1.298,-48.767,39.551,13.611
0.021,-0.602,1.272,-51.025,38.147,15.381
0.027,-0.611,1.255,-54.810,36.194,18.250
0.045,-0.604,1.261,-59.937,34.546,20.691
0.077,-0.604,1.270,-64.026,34.058,21.484
0.086,-0.594,1.260,-66.772,35.278,21.179
0.085,-0.580,1.230,-67.383,39.124,21.545
0.069,-0.573,1.170,-64.514,43.701,22.095
0.045,-0.554,1.098,-60.608,47.607,21.362
0.012,-0.518,1.032,-55.908,50.476,20.874
0.012,-0.482,0.998,-54.260,53.101,20.325
0.016,-0.450,0.968,-55.298,53.101,19.897
-0.004,-0.424,0.917,-55.664,53.589,21.912
-0.008,-0.411,0.854,-54.688,53.406,24.170
-0.014,-0.391,0.813,-55.115,50.293,24.414
-0.018,-0.380,0.783,-55.420,47.485,23.560
0.014,-0.385,0.805,-57.983,42.297,21.484
0.089,-0.380,0.873,-69.641,35.706,20.020
0.121,-0.364,0.920,-85.693,30.396,18.555
0.130,-0.372,0.905,-91.675,29.846,16.541
0.131,-0.383,0.858,-88.806,32.654,13.245
0.115,-0.369,0.808,-84.473,36.438,10.498
0.082,-0.353,0.746,-81.909,40.894,9.949
0.067,-0.300,0.718,-82.458,44.373,13.611
0.039,-0.260,0.657,-76.721,47.363,17.090
0.022,-0.238,0.600,-70.923,49.561,16.296
0.001,-0.230,0.545,-69.519,45.227,11.169
-0.028,-0.244,0.512,-73.486,32.715,6.836
-0.001,-0.188,0.531,-84.473,14.526,7.324
-0.033,-0.128,0.568,-90.820,0.977,10.559
0.032,-0.112,0.636,-88.623,-3.296,13.184
0.106,-0.118,0.706,-89.539,-5.066,14.648
0.169,-0.070,0.792,-100.281,-5.066,14.648
0.146,-0.038,0.756,-106.018,-1.160,13.123
0.117,0.004,0.691,-103.271,5.615,10.071
0.069,0.043,0.564,-100.098,14.160,6.897
0.045,0.054,0.445,-93.567,21.484,5.981
0.010,0.095,0.335,-88.501,24.536,5.920
-0.013,0.154,0.323,-85.754,23.437,5.188
-0.019,0.183,0.262,-76.294,19.897,4.211
-0.005,0.194,0.255,-67.505,13.611,3.296
0.017,0.187,0.263,-62.561,6.836,3.906
0.063,0.156,0.285,-56.824,1.282,5.371
0.116,0.145,0.335,-49.744,-2.014,6.592
0.154,0.162,0.395,-41.687,-1.343,6.104
0.163,0.174,0.411,-30.334,2.808,4.578
0.153,0.187,0.416,-19.714,5.676,4.639
0.145,0.220,0.418,-15.930,6.470,6.042
0.127,0.250,0.405,-12.329,6.470,6.714
0.099,0.272,0.372,-6.226,5.127,5.615
0.068,0.276,0.336,-0.854,1.587,3.540
0.050,0.278,0.318,2.075,-4.089,1.648
0.050,0.265,0.312,4.517,-11.536,-0.244
0.063,0.268,0.338,6.104,-18.860,-1.709
0.071,0.250,0.347,9.583,-24.841,-2.930
0.082,0.227,0.361,14.221,-29.297,-3.601
0.079,0.225,0.388,20.081,-31.860,-3.174
0.082,0.221,0.404,29.236,-32.715,-2.563
0.069,0.243,0.430,36.865,-33.630,-2.075
0.063,0.256,0.458,44.739,-34.485,-2.441
0.070,0.265,0.489,49.988,-35.400,-3.967
0.077,0.258,0.509,52.612,-36.011,-5.371
0.070,0.243,0.508,53.955,-35.583,-6.592
0.057,0.212,0.488,55.054,-34.363,-7.996
0.043,0.167,0.456,56.763,-34.119,-9.277
0.009,0.116,0.417,59.692,-36.072,-9.521
-0.013,0.067,0.398,60.669,-39.001,-10.193
-0.022,-0.002,0.395,61.218,-44.189,-11.414
0.004,-0.070,0.448,60.425,-51.208,-11.169
0.057,-0.123,0.540,56.763,-56.702,-8.423
0.101,-0.155,0.625,56.702,-57.312,-4.517
0.143,-0.179,0.678,64.514,-53.040,-0.854
0.131,-0.166,0.685,75.317,-44.800,2.563
0.079,-0.159,0.650,86.731,-35.278,4.700
0.028,-0.132,0.652,94.727,-28.320,5.432
-0.036,-0.119,0.631,104.370,-24.841,5.066
-0.072,-0.151,0.609,108.032,-25.024,2.869
-0.082,-0.182,0.647,99.976,-31.677,-0.122
-0.048,-0.226,0.721,88.745,-40.710,-1.465
-0.014,-0.268,0.789,78.674,-45.227,-1.160
0.018,-0.333,0.818,77.271,-43.518,-0.488
-0.001,-0.366,0.807,80.933,-38.452,2.014
-0.038,-0.402,0.764,88.135,-30.457,3.540
-0.052,-0.444,0.728,92.957,-23.315,1.831
-0.082,-0.459,0.726,90.515,-22.400,0.061
-0.095,-0.499,0.779,89.539,-28.076,0.122
-0.010,-0.540,0.909,85.144,-39.673,2.686
-0.162,-0.545,0.974,80.994,-55.115,1.587
-0.094,-0.569,1.112,77.026,-60.730,-1.343

-0.061,-0.596,1.418,69.153,-65.552,-6.287
-0.080,-0.544,1.451,67.627,-62.927,-7.507
-0.124,-0.497,1.411,70.801,-61.096,0.000
-0.194,-0.460,1.328,69.031,-53.406,3.418
-0.251,-0.439,1.261,64.392,-37.903,2.930
-0.257,-0.410,1.238,57.922,-23.743,0.977
-0.261,-0.420,1.213,53.589,-14.709,-1.343
-0.234,-0.460,1.222,50.598,-6.165,-1.587
-0.238,-0.507,1.220,49.927,-3.723,-3.662
-0.230,-0.594,1.215,51.025,-4.150,-5.493
-0.198,-0.637,1.281,45.593,-6.104,-3.662
-0.213,-0.659,1.330,41.321,-5.981,-2.502
-0.238,-0.679,1.349,40.405,-7.812,-3.723
-0.222,-0.676,1.410,39.124,-6.042,-4.272
-0.228,-0.678,1.461,35.217,-4.883,-3.540
-0.209,-0.664,1.537,31.067,-3.845,-4.944
-0.217,-0.662,1.571,29.846,-0.183,-5.737
-0.229,-0.661,1.583,27.039,3.174,-5.188
-0.270,-0.685,1.566,23.926,2.380,-5.066
-0.274,-0.690,1.594,15.259,0.916,-3.967
-0.281,-0.712,1.624,3.235,-0.977,-3.601
-0.237,-0.704,1.690,-9.155,-2.319,-3.235
-0.195,-0.717,1.724,-15.808,-1.343,-3.296
-0.189,-0.713,1.737,-20.142,3.235,-3.845
-0.173,-0.698,1.719,-21.301,12.390,-4.456
-0.191,-0.695,1.642,-15.991,22.644,-5.676
-0.208,-0.699,1.562,-13.306,29.297,-6.958
-0.207,-0.684,1.515,-18.799,31.372,-6.470
-0.192,-0.653,1.495,-25.635,33.203,-4.578
-0.186,-0.653,1.440,-28.137,38.147,-1.587
-0.150,-0.667,1.383,-31.250,43.396,1.099
-0.131,-0.674,1.338,-36.682,45.471,0.732
-0.139,-0.664,1.283,-41.992,40.100,-2.197
-0.135,-0.681,1.232,-45.715,36.926,-4.211
-0.110,-0.701,1.203,-50.598,36.621,-4.456
-0.094,-0.701,1.183,-55.847,35.828,-3.662
-0.086,-0.699,1.158,-59.021,34.180,-2.563
-0.081,-0.677,1.156,-60.913,33.386,-1.343
-0.084,-0.663,1.147,-59.204,33.813,-0.061
-0.081,-0.656,1.131,-56.213,34.058,0.977
-0.084,-0.622,1.132,-59.631,33.997,1.831
-0.081,-0.602,1.129,-63.782,33.386,2.991
-0.057,-0.588,1.140,-66.956,32.959,3.601
-0.038,-0.573,1.145,-72.327,33.630,3.906
-0.022,-0.566,1.127,-76.172,36.621,4.883
-0.036,-0.558,1.075,-76.538,41.565,5.798
-0.026,-0.552,1.022,-74.341,52.002,7.446
-0.005,-0.522,0.995,-77.454,55.847,9.216
0.002,-0.477,0.967,-80.872,60.120,9.888
0.014,-0.436,0.930,-80.811,64.026,10.498
-0.002,-0.409,0.858,-76.782,64.636,9.949
0.003,-0.389,0.804,-72.693,64.575,9.277
0.002,-0.381,0.756,-68.298,62.195,9.155
0.002,-0.392,0.718,-65.308,58.655,10.010
0.024,-0.384,0.730,-66.101,55.176,12.573
0.033,-0.377,0.749,-66.406,51.636,15.015
0.061,-0.374,0.782,-65.979,47.913,16.602
0.076,-0.350,0.822,-67.627,43.579,17.578
0.101,-0.326,0.865,-69.763,41.870,17.029
0.127,-0.285,0.896,-76.172,43.884,15.808
0.109,-0.244,0.896,-80.383,48.889,14.099
0.109,-0.218,0.868,-80.933,56.885,13.306
0.100,-0.213,0.817,-80.444,61.829,13.794
0.092,-0.230,0.753,-80.933,59.998,14.526
0.051,-0.217,0.720,-87.891,53.223,17.517
0.038,-0.218,0.728,-95.154,46.387,23.682
0.085,-0.218,0.765,-95.703,43.213,30.518
0.115,-0.198,0.772,-92.529,41.382,35.156
0.111,-0.167,0.766,-89.233,41.809,37.598
0.112,-0.134,0.766,-88.074,42.053,39.246
0.125,-0.096,0.771,-87.891,42.053,40.894
0.142,-0.048,0.775,-88.074,43.152,43.091
0.146,-0.001,0.757,-87.341,46.265,44.983
0.138,0.047,0.703,-84.534,50.171,45.166
0.099,0.094,0.630,-81.665,54.321,43.152
0.053,0.137,0.548,-78.369,57.129,40.771
0.045,0.182,0.498,-74.768,56.152,38.086
0.040,0.226,0.459,-72.021,51.941,35.095
0.047,0.263,0.428,-70.129,45.532,31.677
0.076,0.285,0.404,-69.153,37.781,27.832
0.104,0.293,0.391,-69.397,29.846,24.902
0.140,0.295,0.385,-67.993,24.231,23.437
0.173,0.303,0.385,-61.768,21.729,21.973
0.171,0.324,0.370,-52.002,21.301,20.447
0.157,0.346,0.347,-40.955,21.118,19.592
0.154,0.373,0.334,-33.020,19.287,19.409
0.152,0.407,0.338,-28.137,15.564,19.165
0.149,0.433,0.337,-22.766,11.536,17.456
0.143,0.445,0.332,-17.029,7.507,14.771
0.148,0.462,0.336,-12.573,4.211,11.597
0.145,0.462,0.325,-6.714,1.648,7.690
0.134,0.451,0.306,-1.038,-0.854,3.601
0.133,0.439,0.301,3.296,-3.967,0.488
0.136,0.426,0.309,6.287,-8.789,-1.465
0.119,0.409,0.310,8.911,-14.099,-2.625
0.118,0.368,0.315,12.939,-19.165,-4.578
0.138,0.318,0.337,16.357,-24.414,-5.554
0.152,0.289,0.367,20.691,-28.442,-4.639
0.156,0.278,0.396,27.222,-30.518,-3.662
0.155,0.284,0.425,33.264,-31.311,-3.174
0.145,0.305,0.448,37.109,-32.043,-2.747
0.132,0.326,0.461,39.978,-32.410,-3.296
0.115,0.326,0.447,43.396,-32.166,-5.066
0.098,0.323,0.434,45.532,-32.654,-7.080
0.083,0.322,0.427,46.814,-33.752,-9.949
0.070,0.298,0.406,49.988,-36.560,-12.512
0.080,0.257,0.393,51.392,-40.222,-13.794
0.104,0.221,0.391,50.964,-43.457,-13.306
0.110,0.202,0.385,53.345,-44.800,-12.756
0.092,0.185,0.356,58.289,-43.762,-13.062
0.073,0.151,0.326,64.453,-43.640,-13.916
0.071,0.101,0.329,68.604,-46.753,-13.733
0.071,0.078,0.393,67.871,-52.063,-11.536
0.064,0.054,0.470,68.359,-56.335,-9.521
0.100,0.014,0.564,70.557,-58.105,-7.446
0.134,-0.025,0.647,72.571,-57.129,-5.066
0.175,-0.092,0.677,77.148,-51.270,-2.991
0.210,-0.125,0.700,80.872,-40.527,-0.244
0.246,-0.139,0.690,88.074,-24.475,3.113

0.024,-0.527,1.117,123.169,-19.836,1.282
-0.035,-0.515,0.968,138.733,-5.127,-5.798
-0.243,-0.531,0.881,139.160,2.502,-20.142
-0.215,-0.600,0.870,124.878,-22.827,-46.082
-0.196,-0.662,1.065,100.891,-69.702,-74.219
-0.195,-0.758,1.189,80.139,-111.694,-81.177
-0.179,-0.894,1.400,58.533,-126.404,-62.439
0.018,-1.075,1.668,43.518,-111.694,-25.513
0.198,-1.110,1.994,35.583,-95.703,-2.869
0.218,-1.028,2.194,44.006,-80.139,2.747
0.208,-0.928,2.180,71.045,-38.635,4.883
0.093,-0.809,1.997,95.215,2.930,3.174
-0.062,-0.794,1.729,111.755,25.391,-5.859
-0.158,-0.792,1.588,100.830,21.667,-17.151
-0.162,-0.805,1.593,71.960,4.944,-20.691
-0.108,-0.824,1.677,43.701,-10.071,-14.404
-0.072,-0.857,1.744,24.597,-19.653,-8.057
-0.070,-0.892,1.771,10.681,-22.888,-4.944
-0.023,-0.910,1.839,-0.488,-20.325,-2.136
-0.021,-0.907,1.857,-4.272,-13.794,2.136
-0.047,-0.860,1.843,-0.732,-4.883,6.104
-0.084,-0.818,1.797,3.479,2.625,8.362
-0.118,-0.751,1.776,1.099,7.263,8.972
-0.139,-0.710,1.746,-3.662,10.986,8.423
-0.150,-0.694,1.695,-8.118,14.038,8.057
-0.150,-0.694,1.642,-14.282,15.564,8.057
-0.148,-0.692,1.591,-21.851,16.479,8.423
-0.133,-0.695,1.539,-27.527,17.822,8.850
-0.113,-0.669,1.510,-32.227,20.813,10.681
-0.111,-0.633,1.466,-32.104,25.269,14.099
-0.103,-0.621,1.389,-29.175,30.945,21.240
-0.076,-0.620,1.334,-31.067,32.532,20.996
-0.079,-0.607,1.293,-37.292,27.954,13.245
-0.077,-0.600,1.263,-43.701,26.001,9.399
-0.059,-0.613,1.225,-47.546,28.687,9.766
-0.037,-0.609,1.212,-53.040,30.212,12.024
-0.004,-0.604,1.215,-58.533,31.311,15.503
0.019,-0.600,1.207,-62.683,29.846,17.822
0.042,-0.600,1.192,-66.895,29.114,19.043
0.037,-0.574,1.187,-71.899,30.396,20.630
0.006,-0.584,1.147,-71.594,33.142,21.179
0.007,-0.593,1.151,-70.984,33.813,23.682
0.027,-0.572,1.219,-76.538,35.400,29.114
0.079,-0.564,1.290,-80.688,39.795,35.156
0.125,-0.550,1.342,-86.304,45.776,40.161
0.140,-0.516,1.355,-92.896,54.321,44.678
0.153,-0.517,1.309,-92.957,64.697,49.316
0.182,-0.507,1.244,-94.177,73.608,50.903
0.195,-0.471,1.176,-98.450,77.026,45.898
0.140,-0.444,1.055,-98.694,78.979,38.940
0.115,-0.413,0.932,-94.788,84.290,36.316
0.105,-0.390,0.804,-90.637,87.463,34.058
0.077,-0.359,0.711,-90.210,85.510,31.921
0.064,-0.302,0.684,-93.201,78.430,29.297
0.071,-0.272,0.660,-90.088,70.557,25.146
0.088,-0.263,0.646,-83.435,62.927,20.996
0.115,-0.242,0.650,-79.895,55.176,17.883
0.113,-0.207,0.634,-74.219,49.316,16.785
0.106,-0.172,0.610,-66.345,47.363,17.212
0.122,-0.156,0.571,-57.007,47.485,17.700
0.108,-0.108,0.559,-51.147,47.791,17.456
0.098,-0.101,0.566,-47.424,45.776,14.038
0.110,-0.073,0.585,-51.697,38.330,10.559
0.087,-0.035,0.635,-62.500,26.123,9.033
0.128,-0.018,0.688,-71.411,17.517,11.108
0.159,-0.030,0.710,-79.163,10.925,14.832
0.200,-0.036,0.735,-91.064,5.066,18.616
0.215,-0.030,0.741,-101.318,1.648,21.912
0.198,-0.045,0.708,-102.478,4.333,24.231
0.197,-0.057,0.677,-100.525,11.230,25.635
0.208,-0.037,0.666,-98.694,18.127,26.550
0.212,-0.008,0.648,-93.201,23.804,27.405
0.203,0.024,0.595,-83.862,29.114,28.625
0.165,0.073,0.536,-76.355,33.264,30.090
0.134,0.123,0.490,-71.716,35.767,29.785
0.123,0.152,0.449,-66.956,35.767,27.100
0.130,0.175,0.427,-62.622,32.776,24.048
0.149,0.199,0.427,-60.059,28.076,21.912
0.175,0.211,0.431,-58.716,23.499,20.691
0.197,0.221,0.423,-56.091,20.935,20.508
0.212,0.232,0.397,-51.453,20.203,20.081
0.209,0.260,0.371,-45.776,21.118,18.494
0.195,0.279,0.324,-37.781,21.240,16.968
0.175,0.297,0.273,-28.992,18.494,15.869
0.159,0.326,0.249,-24.048,13.733,14.954
0.129,0.346,0.217,-19.470,8.850,13.855
0.107,0.369,0.205,-15.686,3.967,11.658
0.101,0.362,0.205,-10.498,-0.793,8.606
0.120,0.350,0.228,-4.333,-6.165,6.714
0.140,0.355,0.280,0.183,-11.292,5.737
0.158,0.357,0.327,6.226,-14.648,4.944
0.172,0.362,0.359,11.658,-16.113,4.395
0.166,0.389,0.377,15.320,-15.381,3.723
0.145,0.406,0.367,22.156,-12.878,0.977
0.116,0.392,0.325,30.762,-11.963,-1.892
0.106,0.377,0.315,35.645,-14.587,-3.906
0.106,0.377,0.341,36.560,-19.409,-5.249
0.102,0.373,0.365,39.001,-24.353,-6.531
0.101,0.362,0.389,43.396,-28.748,-7.568
0.100,0.349,0.408,46.692,-32.471,-8.118
0.095,0.342,0.428,49.805,-34.912,-9.155
0.095,0.316,0.440,53.650,-36.438,-11.597
0.091,0.297,0.461,54.871,-37.354,-13.428
0.097,0.263,0.465,57.373,-37.231,-15.015
0.095,0.220,0.446,60.730,-38.147,-16.541
0.095,0.187,0.428,62.012,-40.222,-17.761
0.107,0.156,0.405,63.965,-42.542,-18.616
0.125,0.122,0.377,67.505,-43.518,-18.433
0.151,0.113,0.359,69.275,-43.152,-18.250
0.158,0.106,0.317,74.402,-42.053,-17.883
0.133,0.079,0.247,84.839,-40.161,-18.433
0.088,0.078,0.216,93.262,-39.368,-19.531
0.027,0.041,0.202,100.403,-41.077,-21.667
-0.003,-0.028,0.227,107.971,-46.753,-23.437
0.011,-0.109,0.331,109.375,-56.030,-24.719
0.062,-0.197,0.504,104.431,-67.505,-24.963
0.164,-0.268,0.715,96.985,-74.219,-21.606
0.235,-0.324,0.840,92.957,-69.641,-16.113
0.276,-0.370,0.873,98.022,-54.443,-11.047

0.176,-0.707,1.299,71.838,-51.208,-17.334
0.142,-0.739,1.227,74.402,-41.321,-28.015
0.109,-0.729,1.171,74.585,-36.255,-43.579
0.023,-0.733,1.107,78.491,-38.635,-49.988
-0.028,-0.732,1.098,82.092,-42.358,-34.851
-0.055,-0.712,1.179,78.735,-42.297,-15.137
-0.080,-0.725,1.291,74.585,-34.546,-5.249
-0.018,-0.754,1.426,68.359,-26.245,-1.587
0.024,-0.730,1.580,61.096,-18.982,-2.808
0.006,-0.741,1.627,61.523,-10.376,-6.653
0.022,-0.753,1.621,64.636,8.789,-5.920
0.011,-0.781,1.529,68.787,26.001,-5.066
-0.011,-0.771,1.431,70.129,34.546,-7.019
-0.036,-0.813,1.310,68.054,38.330,-8.484
-0.053,-0.863,1.233,59.631,34.912,-9.338
-0.042,-0.895,1.250,45.776,26.062,-7.874
-0.048,-0.924,1.308,30.640,14.404,-5.737
-0.035,-0.966,1.403,16.602,3.845,-3.601
-0.005,-0.986,1.524,4.822,-2.258,3.418
0.009,-0.965,1.646,-4.028,-5.249,8.545
0.015,-0.913,1.748,-7.751,-2.136,10.559
0.015,-0.875,1.780,-7.385,6.592,11.353
-0.005,-0.831,1.752,-6.348,15.808,10.681
-0.042,-0.786,1.698,-8.606,20.447,8.789
-0.083,-0.739,1.639,-13.916,19.104,5.920
-0.080,-0.722,1.616,-17.822,19.165,6.714
-0.055,-0.717,1.612,-20.569,18.066,7.874
-0.036,-0.708,1.595,-24.231,17.517,8.972
-0.030,-0.705,1.553,-26.123,18.616,9.705
-0.023,-0.698,1.501,-27.771,20.081,9.521
-0.014,-0.684,1.451,-30.945,21.301,9.888
-0.006,-0.660,1.402,-33.875,22.461,10.315
0.012,-0.637,1.354,-36.865,23.621,10.559
0.023,-0.619,1.307,-39.673,24.414,10.925
0.039,-0.609,1.263,-41.321,25.146,11.780
0.053,-0.611,1.230,-44.250,25.696,11.841
0.063,-0.622,1.199,-49.072,27.344,11.841
0.082,-0.639,1.176,-54.688,27.466,13.672
0.106,-0.639,1.167,-59.143,28.259,16.541
0.134,-0.634,1.168,-60.730,30.090,18.860
0.153,-0.622,1.159,-62.866,30.151,20.935
0.157,-0.611,1.124,-63.110,30.640,23.071
0.146,-0.606,1.081,-62.561,31.006,25.391
0.163,-0.604,1.062,-64.148,30.334,27.893
0.190,-0.582,1.081,-70.435,29.907,31.006
0.204,-0.570,1.085,-75.684,32.043,33.630
0.208,-0.552,1.073,-79.651,36.011,36.072
0.198,-0.521,1.047,-83.923,40.344,38.574
0.193,-0.499,1.002,-85.876,44.922,39.001
0.196,-0.485,0.948,-87.036,49.255,38.757
0.192,-0.458,0.896,-87.524,54.077,39.612
0.192,-0.435,0.833,-85.693,58.167,41.443
0.191,-0.411,0.770,-84.595,58.716,41.809
0.177,-0.386,0.719,-84.595,56.519,41.138
0.171,-0.386,0.682,-84.229,53.284,41.565
0.204,-0.388,0.707,-86.792,47.791,42.542
0.241,-0.370,0.789,-90.820,42.480,44.861
0.281,-0.348,0.870,-92.224,41.504,46.814
0.301,-0.335,0.908,-90.515,42.664,45.105
0.296,-0.332,0.892,-89.111,45.715,42.847
0.293,-0.333,0.849,-89.172,48.889,40.955
0.273,-0.306,0.818,-89.233,51.941,39.673
0.233,-0.267,0.779,-87.830,54.871,38.635
0.196,-0.214,0.747,-88.745,57.617,39.185
0.180,-0.172,0.718,-88.562,58.350,40.649
0.149,-0.169,0.632,-84.656,59.204,42.419
0.135,-0.161,0.590,-83.130,55.664,41.565
0.162,-0.149,0.628,-88.135,44.861,38.635
0.199,-0.110,0.724,-97.900,31.494,39.856
0.216,-0.069,0.812,-109.375,20.569,43.091
0.200,-0.035,0.850,-119.202,18.433,45.837
0.246,-0.032,0.839,-120.361,26.550,48.157
0.223,0.001,0.778,-118.530,33.630,49.316
0.169,0.033,0.692,-119.629,38.025,49.133
0.139,0.094,0.641,-119.812,37.231,48.340
0.110,0.158,0.605,-117.493,32.959,45.044
0.105,0.198,0.604,-117.004,26.184,39.978
0.119,0.230,0.610,-113.770,25.391,39.795
0.135,0.254,0.598,-108.948,26.733,39.978
0.149,0.256,0.565,-101.807,28.259,36.987
0.155,0.266,0.524,-95.154,29.968,33.813
0.175,0.284,0.489,-87.524,32.349,30.762
0.188,0.304,0.449,-77.881,35.217,27.832
0.186,0.343,0.405,-66.711,38.025,25.452
0.169,0.391,0.353,-55.359,39.368,22.705
0.159,0.446,0.318,-46.143,38.025,20.203
0.143,0.483,0.281,-39.795,33.997,17.334
0.137,0.507,0.251,-36.377,27.466,13.916
0.127,0.524,0.252,-35.767,19.287,10.010
0.135,0.530,0.238,-33.386,10.864,6.653
0.143,0.514,0.258,-26.245,3.723,2.747
0.178,0.496,0.317,-22.644,-3.418,-0.671
0.213,0.477,0.377,-19.592,-9.766,-2.686
0.241,0.469,0.420,-14.893,-13.062,-4.333
0.253,0.459,0.425,-7.019,-12.756,-5.737
0.257,0.448,0.407,2.930,-10.315,-7.690
0.268,0.443,0.394,9.827,-7.751,-9.705
0.266,0.444,0.378,14.709,-5.981,-11.169
0.249,0.447,0.350,19.470,-5.920,-12.512
0.227,0.444,0.320,24.292,-7.629,-14.221
0.215,0.433,0.300,27.893,-10.620,-16.113
0.217,0.415,0.292,30.945,-14.160,-17.761
0.229,0.396,0.299,34.668,-18.005,-19.714
0.238,0.383,0.319,38.391,-22.461,-21.606
0.248,0.357,0.341,42.297,-27.039,-23.071
0.270,0.326,0.381,44.861,-30.212,-23.193
0.289,0.311,0.434,47.546,-32.104,-22.949
0.292,0.276,0.453,54.077,-32.349,-23.621
0.290,0.260,0.479,57.251,-32.654,-24.048
0.279,0.245,0.487,59.265,-33.142,-23.437
0.263,0.224,0.481,63.293,-33.691,-22.583
0.253,0.212,0.479,66.223,-33.813,-22.034
0.238,0.213,0.475,69.763,-33.142,-22.705
0.208,0.207,0.450,74.585,-32.837,-23.865
0.186,0.205,0.439,78.003,-34.241,-25.330
0.176,0.203,0.449,79.895,-37.659,-26.917
0.173,0.187,0.454,81.970,-40.955,-28.931
0.174,0.154,0.450,83.374,-43.579,-29.724
0.173,0.138,0.462,85.266,-44.434,-29.785

-0.081,-0.836,1.396,79.346,-101.990,-44.189
-0.007,-0.902,1.571,72.693,-98.022,-40.649
0.049,-0.890,1.748,64.148,-92.285,-37.231
0.062,-0.830,1.876,62.622,-84.106,-36.865
0.050,-0.776,1.901,70.740,-65.918,-32.349
-0.022,-0.762,1.802,82.703,-43.579,-25.818
-0.061,-0.718,1.715,81.604,-24.292,-18.738
-0.108,-0.680,1.631,74.646,-12.024,-17.700
-0.155,-0.672,1.524,67.566,-6.470,-21.240
-0.182,-0.687,1.425,58.838,-5.127,-24.414
-0.189,-0.715,1.348,46.753,-10.437,-27.161
-0.222,-0.711,1.300,33.447,-20.996,-30.029
-0.250,-0.729,1.250,25.940,-28.442,-30.151
-0.281,-0.745,1.229,19.348,-33.020,-27.893
-0.298,-0.769,1.250,13.184,-38.025,-23.865
-0.279,-0.786,1.337,11.353,-44.312,-18.250
-0.235,-0.776,1.475,10.620,-44.128,-14.038
-0.195,-0.746,1.603,8.911,-36.316,-10.376
-0.198,-0.716,1.666,5.737,-25.208,-8.911
-0.217,-0.704,1.669,5.127,-13.367,-9.155
-0.229,-0.686,1.648,2.258,-1.465,-9.033
-0.262,-0.662,1.604,-1.831,7.690,-8.850
-0.284,-0.652,1.551,-7.263,14.282,-9.033
-0.292,-0.638,1.519,-15.442,18.494,-8.179
-0.291,-0.633,1.494,-23.376,21.423,-10.498
-0.279,-0.653,1.474,-29.236,24.475,-15.259
-0.249,-0.685,1.453,-32.349,27.222,-20.020
-0.185,-0.729,1.458,-33.203,29.602,-25.757
-0.175,-0.739,1.449,-34.485,31.128,-30.518
-0.164,-0.752,1.425,-35.767,32.776,-31.189
-0.169,-0.739,1.419,-39.490,35.889,-27.649
-0.129,-0.732,1.449,-48.096,39.429,-21.851
-0.112,-0.720,1.468,-62.073,42.786,-15.503
-0.112,-0.702,1.443,-78.491,46.509,-10.132
-0.113,-0.688,1.381,-87.463,50.659,-7.812
-0.120,-0.683,1.282,-89.722,54.810,-10.376
-0.130,-0.710,1.179,-85.510,54.382,-16.357
-0.122,-0.689,1.100,-83.374,47.180,-24.414
-0.123,-0.669,1.088,-93.689,43.762,-29.053
-0.101,-0.648,1.086,-95.154,47.302,-28.625
-0.126,-0.632,1.002,-97.656,46.143,-27.466
-0.115,-0.622,0.930,-101.624,36.621,-33.875
-0.104,-0.630,0.888,-94.727,21.301,-56.213
-0.085,-0.608,0.906,-85.022,9.216,-79.346
-0.063,-0.571,0.928,-70.862,6.836,-81.726
-0.025,-0.557,0.929,-60.486,10.437,-73.730
-0.066,-0.473,0.943,-58.105,13.123,-65.186
-0.137,-0.420,0.926,-56.763,17.578,-55.969
-0.170,-0.353,0.883,-61.584,24.353,-45.532
-0.252,-0.210,0.827,-76.904,28.625,-37.170
-0.150,-0.284,0.764,-84.900,29.358,-35.950
-0.160,-0.286,0.691,-80.322,29.724,-33.752
-0.294,-0.304,0.691,-92.773,25.574,-29.419
-0.122,-0.224,0.704,-121.643,21.423,-15.991
-0.149,-0.205,0.572,-113.342,20.691,-4.089
-0.180,-0.213,0.537,-100.891,21.423,0.427
-0.114,-0.190,0.532,-104.187,15.625,3.235
-0.040,-0.180,0.616,-110.474,7.996,6.836
-0.025,-0.154,0.667,-115.479,4.761,14.404
0.009,-0.104,0.704,-118.103,9.705,23.193
0.016,-0.018,0.693,-116.516,20.325,30.212
0.000,0.052,0.601,-104.797,34.241,32.043
0.006,0.125,0.482,-89.905,43.579,31.433
0.011,0.188,0.379,-78.125,46.265,30.212
0.007,0.235,0.283,-64.087,44.495,29.053
0.011,0.272,0.233,-53.467,38.574,27.832
0.035,0.299,0.242,-49.011,28.809,24.109
0.052,0.290,0.248,-41.443,19.531,20.325
0.057,0.274,0.281,-31.921,11.414,17.639
0.094,0.238,0.355,-25.024,3.845,15.686
0.124,0.216,0.431,-23.193,-1.587,15.503
0.131,0.216,0.492,-23.682,-4.333,16.235
0.130,0.228,0.508,-19.775,-3.418,16.663
0.131,0.239,0.509,-14.160,-0.488,15.930
0.122,0.281,0.555,-15.198,1.282,14.832
0.093,0.310,0.556,-16.418,2.075,14.648
0.061,0.316,0.529,-12.390,2.441,14.099
0.036,0.311,0.520,-6.775,2.075,12.329
0.012,0.302,0.520,-2.930,0.916,10.071
0.007,0.300,0.514,-0.854,-0.916,7.446
0.014,0.267,0.494,1.953,-3.845,4.333
0.042,0.237,0.489,5.615,-8.301,1.770
0.067,0.200,0.488,10.925,-12.024,0.916
0.080,0.192,0.499,13.428,-14.954,1.587
0.092,0.182,0.492,15.198,-14.954,2.502
0.090,0.193,0.481,19.043,-14.832,4.639
0.088,0.231,0.470,22.156,-16.113,7.324
0.088,0.276,0.459,25.085,-16.785,8.606
0.082,0.278,0.442,29.785,-17.517,7.080
0.071,0.291,0.434,31.677,-18.311,4.700
0.053,0.303,0.412,31.189,-19.470,3.540
0.036,0.275,0.366,31.128,-22.522,2.930
0.026,0.245,0.337,31.494,-27.161,2.747
0.010,0.214,0.341,31.433,-32.654,3.174
0.005,0.179,0.374,27.954,-36.682,4.150
0.005,0.158,0.428,25.513,-39.246,5.127
0.006,0.129,0.459,28.687,-39.673,7.202
0.019,0.143,0.488,35.095,-36.377,9.155
-0.026,0.087,0.443,41.321,-30.457,10.315
-0.030,0.076,0.441,36.133,-27.588,10.681
-0.043,0.058,0.438,30.334,-28.442,9.094
-0.043,0.045,0.472,23.254,-33.813,5.615
-0.041,0.038,0.571,15.686,-38.147,3.906
-0.019,0.015,0.671,9.155,-39.795,5.737
-0.032,-0.042,0.707,7.996,-36.560,8.606
-0.035,-0.059,0.762,7.629,-28.381,12.146
-0.057,-0.084,0.743,16.174,-16.846,16.418
-0.117,-0.087,0.684,27.649,-6.042,20.081
-0.176,-0.072,0.581,37.598,0.183,22.217
-0.198,-0.035,0.525,40.588,0.244,23.437
-0.208,0.009,0.535,38.513,-4.517,25.879
-0.207,0.030,0.565,35.828,-11.597,25.635
-0.218,0.036,0.584,33.386,-18.188,21.973
-0.232,0.036,0.644,33.447,-22.339,15.747
-0.237,-0.032,0.666,37.903,-26.062,9.399
-0.254,-0.062,0.730,41.321,-28.015,0.427
-0.216,-0.066,0.828,46.265,-27.405,0.000
-0.203,-0.099,0.879,54.993,-27.588,2.991
-0.183,-0.168,0.903,61.157,-28.564,2.380

-0.362,-0.505,1.527,39.917,-31.006,-3.052
-0.277,-0.578,1.742,18.860,-33.142,5.188
-0.196,-0.597,1.887,9.277,-25.085,16.785
-0.157,-0.579,1.926,17.212,-7.629,22.217
-0.204,-0.522,1.872,36.499,15.198,18.921
-0.228,-0.484,1.690,56.824,31.372,15.930
-0.357,-0.453,1.512,73.059,43.213,8.484
-0.369,-0.429,1.439,70.129,44.739,5.066
-0.374,-0.452,1.440,53.101,34.363,2.991
-0.335,-0.538,1.528,30.212,19.165,2.686
-0.294,-0.541,1.673,7.874,0.000,6.226
-0.242,-0.593,1.816,-0.854,-12.390,10.986
-0.223,-0.630,1.887,1.099,-7.141,10.498
-0.165,-0.631,1.966,4.211,-1.099,12.817
-0.165,-0.611,1.977,13.123,8.850,11.536
-0.187,-0.576,1.946,18.738,20.691,9.155
-0.216,-0.520,1.891,12.939,27.588,8.240
-0.250,-0.484,1.805,7.263,32.043,8.240
-0.253,-0.478,1.730,1.343,35.034,7.263
-0.236,-0.486,1.667,-4.456,35.950,5.432
-0.238,-0.521,1.592,-8.972,35.645,4.883
-0.233,-0.532,1.538,-11.719,33.630,6.714
-0.216,-0.541,1.525,-11.414,30.212,8.911
-0.197,-0.523,1.519,-11.292,27.283,11.536
-0.177,-0.499,1.526,-14.587,26.550,12.329
-0.181,-0.484,1.503,-18.250,26.184,10.803
-0.165,-0.464,1.494,-21.851,27.649,9.644
-0.150,-0.440,1.490,-23.865,30.457,8.301
-0.145,-0.436,1.470,-26.306,33.875,7.202
-0.125,-0.409,1.476,-36.438,38.086,7.507
-0.133,-0.386,1.459,-46.143,42.236,7.446
-0.141,-0.388,1.412,-50.842,44.800,6.836
-0.135,-0.400,1.361,-57.068,46.143,6.348
-0.109,-0.414,1.345,-66.528,46.265,6.226
-0.081,-0.404,1.355,-75.623,45.410,6.226
-0.071,-0.389,1.331,-77.637,46.570,6.042
-0.067,-0.390,1.275,-73.914,49.866,6.104
-0.050,-0.356,1.230,-72.327,53.467,6.592
-0.035,-0.328,1.183,-71.167,56.335,7.690
-0.023,-0.308,1.125,-70.801,59.570,9.644
-0.026,-0.282,1.042,-69.946,63.782,10.315
-0.042,-0.266,0.929,-62.683,66.650,9.399
-0.075,-0.253,0.821,-53.772,65.735,7.812
-0.075,-0.224,0.777,-47.668,60.425,5.554
-0.044,-0.209,0.769,-41.992,51.331,3.784
-0.008,-0.191,0.786,-39.368,42.358,2.686
0.035,-0.206,0.785,-39.246,34.973,1.770
0.097,-0.227,0.807,-40.894,28.809,2.075
0.195,-0.203,0.901,-45.715,26.733,3.418
0.240,-0.164,0.957,-53.650,30.640,4.761
0.199,-0.118,0.934,-60.608,37.109,7.019
0.130,-0.073,0.844,-64.026,44.678,7.874
0.147,-0.051,0.753,-63.599,49.683,6.226
0.002,-0.005,0.676,-65.796,50.598,6.409
0.053,-0.007,0.632,-61.646,53.284,8.850
0.070,-0.021,0.569,-65.613,51.636,10.437
0.079,-0.027,0.539,-73.242,43.701,7.996
0.071,-0.038,0.511,-79.041,32.410,4.883
0.059,-0.061,0.480,-80.017,25.940,3.601
0.067,-0.099,0.457,-77.148,23.926,4.700
0.098,-0.117,0.489,-75.256,22.461,6.836
0.154,-0.110,0.562,-76.050,21.973,9.644
0.159,-0.084,0.583,-73.730,24.109,13.489
0.171,-0.053,0.551,-65.308,28.198,16.846
0.143,-0.014,0.461,-55.725,32.654,17.334
0.090,0.067,0.425,-49.988,36.011,15.259
0.069,0.110,0.368,-41.748,35.767,14.160
0.082,0.161,0.362,-39.001,31.555,15.076
0.084,0.192,0.354,-39.185,25.513,16.724
0.075,0.220,0.349,-39.429,19.653,16.907
0.084,0.249,0.373,-38.574,13.733,15.869
0.100,0.254,0.383,-32.715,9.155,15.747
0.090,0.234,0.381,-25.269,5.676,16.174
0.083,0.247,0.395,-23.254,2.563,15.564
0.073,0.237,0.396,-19.592,-0.977,13.611
0.080,0.211,0.415,-15.747,-5.005,12.146
0.124,0.198,0.478,-15.503,-8.667,11.719
0.158,0.205,0.528,-16.479,-9.399,12.451
0.163,0.221,0.525,-13.184,-6.897,12.634
0.152,0.253,0.485,-5.493,-3.052,11.902
0.130,0.271,0.394,5.737,-0.061,10.620
0.081,0.283,0.304,15.625,-0.061,8.240
0.084,0.293,0.252,21.179,-4.150,6.897
0.061,0.303,0.221,26.794,-10.437,6.958
0.071,0.298,0.244,29.785,-18.127,6.287
0.059,0.282,0.266,31.799,-25.879,4.700
0.042,0.265,0.302,32.349,-32.288,2.563
0.041,0.255,0.355,33.569,-37.781,1.160
0.042,0.252,0.414,35.278,-42.908,0.488
0.061,0.239,0.471,36.438,-46.997,0.244
0.045,0.192,0.484,39.734,-49.194,0.183
0.044,0.158,0.506,39.734,-50.049,-0.183
0.033,0.142,0.518,40.283,-50.232,-0.977
0.029,0.126,0.533,42.908,-50.354,-1.404
0.032,0.087,0.542,44.678,-50.232,-1.770
0.040,0.070,0.564,43.762,-48.889,-0.549
0.010,0.055,0.543,46.021,-46.326,1.709
-0.041,0.037,0.501,53.406,-43.213,4.150
-0.066,0.031,0.505,59.509,-41.931,5.127
-0.075,0.012,0.533,61.890,-43.518,5.737
-0.088,-0.005,0.600,59.082,-45.715,7.263
-0.107,-0.042,0.638,55.908,-47.363,9.705
-0.093,-0.110,0.694,56.213,-48.889,11.292
-0.044,-0.150,0.789,53.345,-49.255,13.062
-0.010,-0.167,0.862,51.636,-46.570,16.113
-0.000,-0.155,0.898,55.481,-40.039,19.592
-0.021,-0.109,0.891,62.927,-30.212,22.095
-0.063,-0.080,0.835,72.937,-20.996,23.132
-0.102,-0.059,0.787,79.102,-15.747,21.484
-0.130,-0.058,0.778,79.224,-15.991,18.494
-0.119,-0.086,0.812,78.430,-19.897,14.893
-0.115,-0.082,0.884,73.975,-23.682,12.573
-0.086,-0.108,0.943,75.439,-24.963,10.925
-0.051,-0.143,0.986,79.041,-23.437,8.667
-0.035,-0.138,0.989,80.078,-18.738,6.714
-0.085,-0.163,0.914,88.196,-12.207,5.188
-0.121,-0.206,0.835,98.694,-7.812,3.906
-0.141,-0.293,0.802,100.342,-10.620,2.930
-0.192,-0.395,0.813,92.163,-26.123,2.625

-0.228,-0.532,1.394,56.335,-57.190,26.733
-0.212,-0.522,1.513,55.908,-54.199,27.588
-0.210,-0.523,1.603,55.298,-51.147,25.085
-0.204,-0.524,1.656,53.284,-44.800,19.226
-0.209,-0.544,1.653,55.786,-36.255,11.963
-0.205,-0.573,1.625,61.096,-28.137,5.005
-0.183,-0.617,1.646,58.716,-25.574,0.000
-0.218,-0.629,1.666,44.739,-27.344,-4.395
-0.202,-0.663,1.712,34.119,-21.118,-3.540
-0.202,-0.709,1.729,26.489,-20.081,-5.310
-0.203,-0.745,1.739,22.461,-18.738,-7.385
-0.200,-0.769,1.764,16.235,-18.250,-7.385
-0.199,-0.770,1.806,8.606,-17.212,-5.310
-0.193,-0.759,1.840,1.587,-14.465,-2.136
-0.185,-0.734,1.870,-3.845,-9.949,1.221
-0.182,-0.680,1.884,-7.935,-2.991,4.700
-0.208,-0.635,1.850,-7.996,5.676,7.080
-0.211,-0.600,1.793,-8.118,16.602,10.193
-0.198,-0.587,1.722,-10.010,27.649,17.639
-0.213,-0.570,1.632,-13.245,36.987,23.437
-0.220,-0.589,1.513,-16.296,42.847,28.503
-0.196,-0.614,1.449,-23.987,45.959,33.447
-0.172,-0.623,1.391,-31.006,43.823,36.011
-0.162,-0.621,1.342,-35.522,38.940,37.720
-0.158,-0.602,1.287,-41.199,37.964,40.161
-0.147,-0.599,1.230,-44.922,39.368,42.847
-0.152,-0.587,1.173,-45.654,42.480,41.321
-0.150,-0.573,1.127,-45.837,44.495,34.546
-0.165,-0.541,1.104,-48.645,41.077,25.391
-0.150,-0.499,1.126,-51.025,38.635,17.822
-0.123,-0.481,1.160,-51.697,37.292,11.414
-0.106,-0.460,1.188,-56.824,35.828,5.249
-0.102,-0.441,1.206,-65.918,36.377,0.305
-0.096,-0.451,1.196,-72.388,38.940,-5.493
-0.086,-0.466,1.176,-73.608,43.457,-13.123
-0.066,-0.480,1.139,-72.510,49.316,-15.503
-0.078,-0.455,1.096,-73.608,52.490,-14.038
-0.084,-0.435,1.053,-72.632,54.749,-11.841
-0.082,-0.414,1.017,-69.031,57.129,-8.789
-0.071,-0.389,0.977,-66.467,58.960,-5.920
-0.057,-0.370,0.922,-64.270,59.387,-5.615
-0.057,-0.343,0.863,-61.157,57.129,-9.460
-0.040,-0.313,0.844,-54.565,56.702,-13.428
-0.008,-0.299,0.836,-50.049,55.603,-14.526
0.000,-0.277,0.836,-52.307,52.185,-12.634
0.014,-0.235,0.854,-58.838,48.218,-9.155
0.018,-0.191,0.861,-63.599,43.762,-7.080
-0.003,-0.180,0.825,-65.674,39.734,-10.437
-0.002,-0.203,0.802,-68.054,36.072,-16.418
0.018,-0.214,0.826,-75.073,34.424,-17.639
0.062,-0.214,0.874,-82.520,36.072,-15.198
0.081,-0.240,0.901,-85.205,36.804,-11.902
0.095,-0.241,0.875,-87.341,37.109,-8.728
0.116,-0.211,0.854,-91.614,40.344,-6.592
0.070,-0.177,0.786,-92.224,44.983,-1.953
0.051,-0.145,0.697,-87.952,48.828,2.869
0.091,-0.079,0.674,-83.252,49.683,5.920
0.025,-0.058,0.578,-70.984,49.561,8.789
0.005,-0.031,0.531,-64.758,47.607,10.132
0.018,0.005,0.536,-67.627,41.992,12.207
0.027,0.043,0.554,-68.909,36.377,14.343
0.035,0.072,0.557,-67.139,33.081,14.954
0.062,0.069,0.570,-66.406,30.029,14.404
0.093,0.075,0.617,-70.007,27.344,14.282
0.142,0.057,0.673,-72.021,25.879,16.113
0.194,0.069,0.728,-72.449,27.710,19.470
0.226,0.096,0.739,-69.092,32.898,22.095
0.224,0.138,0.701,-61.829,40.466,22.766
0.192,0.180,0.617,-52.429,47.119,22.949
0.159,0.234,0.533,-45.105,50.415,23.193
0.096,0.284,0.450,-39.429,50.049,22.278
0.113,0.307,0.390,-33.264,45.166,19.409
0.109,0.326,0.350,-29.419,37.537,15.991
0.124,0.349,0.351,-30.212,28.870,12.451
0.136,0.358,0.352,-30.396,21.057,8.545
0.172,0.327,0.363,-30.762,13.184,4.456
0.208,0.319,0.402,-32.104,6.653,1.648
0.235,0.291,0.402,-26.489,3.906,0.122
0.254,0.260,0.400,-17.151,3.113,-0.977
0.250,0.264,0.403,-12.634,2.625,-0.732
0.228,0.269,0.388,-7.080,1.404,0.610
0.208,0.262,0.374,0.183,-1.282,1.282
0.199,0.263,0.387,5.737,-4.761,0.366
0.203,0.276,0.423,9.705,-8.301,-1.099
0.195,0.289,0.437,16.724,-10.620,-1.099
0.184,0.299,0.441,24.170,-12.085,-0.916
0.177,0.317,0.467,26.672,-14.038,-1.038
0.157,0.331,0.480,26.794,-16.785,-0.916
0.147,0.329,0.488,27.893,-19.348,-0.916
0.146,0.316,0.499,29.236,-21.973,-0.854
0.146,0.310,0.512,29.358,-24.780,-0.305
0.146,0.310,0.527,29.053,-27.588,0.244
0.154,0.309,0.542,30.212,-29.175,0.488
0.155,0.322,0.552,32.349,-29.663,1.343
0.146,0.336,0.550,34.241,-28.992,1.709
0.130,0.324,0.522,35.034,-28.503,1.404
0.113,0.308,0.490,35.400,-28.748,1.526
0.073,0.302,0.463,34.363,-30.151,0.793
0.046,0.255,0.442,35.583,-33.997,-1.648
0.036,0.195,0.452,33.447,-39.551,-3.845
0.039,0.138,0.496,29.907,-45.532,-3.845
0.061,0.074,0.548,32.166,-50.049,-1.526
0.101,0.010,0.616,37.415,-51.758,2.502
0.145,-0.041,0.687,38.208,-49.194,8.545
0.181,-0.085,0.721,37.842,-43.152,15.015
0.200,-0.100,0.714,39.429,-34.729,21.179
0.191,-0.098,0.665,46.997,-24.719,26.794
0.148,-0.072,0.589,58.899,-13.733,31.250
0.022,-0.033,0.506,71.228,-4.639,34.607
-0.008,0.021,0.429,82.336,-2.197,36.377
-0.077,0.025,0.365,89.478,-5.920,35.706
-0.109,-0.010,0.366,86.060,-16.479,33.691
-0.085,-0.074,0.445,75.500,-30.518,32.471
-0.041,-0.142,0.562,65.674,-44.312,32.837
0.033,-0.208,0.712,62.744,-53.894,32.837
0.109,-0.259,0.838,66.711,-56.091,32.471
0.119,-0.288,0.931,67.993,-49.255,31.616
0.078,-0.299,0.938,70.007,-36.621,29.297
0.001,-0.325,0.904,77.881,-26.245,26.001

-0.224,-0.557,1.382,69.885,-26.550,-2.808
-0.247,-0.577,1.511,63.782,-34.119,-4.700
-0.207,-0.600,1.660,53.833,-42.358,-9.949
-0.137,-0.634,1.799,42.053,-41.809,-12.512
-0.101,-0.670,1.882,33.325,-35.706,-14.648
-0.109,-0.668,1.914,29.541,-25.757,-15.503
-0.134,-0.635,1.902,24.292,-15.442,-14.404
-0.186,-0.621,1.827,17.822,-4.578,-11.963
-0.234,-0.624,1.742,7.935,2.319,-10.559
-0.268,-0.614,1.695,-3.845,4.883,-10.315
-0.264,-0.627,1.681,-14.221,4.211,-11.963
-0.230,-0.651,1.691,-25.635,2.380,-13.733
-0.179,-0.627,1.746,-39.551,2.991,-10.742
-0.171,-0.597,1.749,-47.913,8.545,-5.798
-0.156,-0.627,1.677,-47.729,17.334,-1.953
-0.156,-0.553,1.637,-49.011,26.184,-0.183
-0.190,-0.533,1.522,-41.321,32.227,-1.038
-0.214,-0.514,1.418,-35.645,34.424,-4.639
-0.244,-0.502,1.343,-38.513,34.729,-7.141
-0.223,-0.501,1.317,-46.082,31.616,-8.545
-0.213,-0.499,1.338,-54.382,27.527,-8.484
-0.178,-0.503,1.353,-60.364,25.452,-7.202
-0.154,-0.503,1.366,-60.425,25.757,-6.165
-0.130,-0.482,1.383,-63.110,28.076,-5.188
-0.121,-0.465,1.371,-72.449,31.738,-5.615
-0.130,-0.474,1.324,-84.961,33.875,-7.996
-0.109,-0.447,1.313,-97.351,34.546,-10.498
-0.085,-0.453,1.281,-100.891,36.377,-13.794
-0.078,-0.436,1.269,-114.746,38.269,-14.465
-0.080,-0.403,1.245,-131.836,39.978,-12.085
-0.080,-0.379,1.185,-141.235,40.894,-10.498
-0.080,-0.362,1.125,-145.325,42.175,-9.705
-0.043,-0.332,1.090,-153.442,43.396,-8.667
-0.046,-0.289,1.063,-170.776,43.823,-7.629
-0.041,-0.235,1.041,-187.805,43.091,-8.179
-0.047,-0.200,1.002,-194.031,42.786,-11.353
-0.044,-0.183,0.980,-189.148,43.030,-14.893
-0.043,-0.168,0.953,-183.472,43.152,-15.808
-0.026,-0.139,0.939,-184.265,41.504,-14.343
-0.010,-0.098,0.951,-189.636,38.269,-12.939
0.012,-0.067,0.943,-195.374,34.729,-13.123
0.038,-0.083,0.938,-199.646,31.372,-16.174
0.082,-0.117,0.950,-202.637,28.687,-20.264
0.113,-0.123,0.965,-204.407,28.442,-21.423
0.092,-0.085,0.956,-206.482,31.311,-19.470
0.062,-0.035,0.890,-205.383,36.011,-15.930
0.007,0.001,0.804,-200.745,40.955,-14.160
0.048,0.059,0.759,-195.007,44.983,-14.404
-0.003,0.070,0.641,-179.443,44.128,-15.808
-0.032,0.131,0.563,-164.917,44.128,-16.785
-0.012,0.193,0.534,-161.499,36.743,-16.052
0.022,0.255,0.543,-170.105,24.963,-13.855
0.041,0.301,0.549,-181.213,15.930,-13.306
0.071,0.321,0.549,-183.533,11.902,-13.550
0.099,0.314,0.513,-177.124,12.268,-12.634
0.104,0.304,0.467,-166.626,15.320,-11.719
0.125,0.308,0.410,-156.677,20.020,-11.230
0.100,0.344,0.333,-153.625,23.193,-9.460
0.105,0.406,0.299,-155.334,23.926,-7.141
0.093,0.474,0.260,-155.151,23.132,-5.737
0.096,0.518,0.207,-146.057,21.729,-2.625
0.099,0.541,0.158,-137.268,20.325,0.732
0.127,0.572,0.116,-128.479,18.738,3.479
0.134,0.597,0.064,-114.746,16.968,5.737
0.133,0.620,0.019,-98.572,15.808,8.362
0.137,0.653,-0.006,-83.618,14.038,10.986
0.130,0.700,0.017,-70.923,10.498,11.841
0.092,0.754,-0.015,-54.565,8.484,10.986
0.099,0.801,0.001,-41.504,5.188,13.245
0.119,0.825,0.019,-31.372,2.563,15.564
0.121,0.855,0.032,-22.339,2.014,15.869
0.131,0.884,0.063,-14.648,1.587,15.076
0.143,0.906,0.102,-12.024,1.587,15.747
0.118,0.919,0.108,-8.789,2.319,17.151
0.110,0.907,0.093,1.648,3.601,17.456
0.104,0.901,0.081,11.292,4.639,17.334
0.094,0.927,0.089,19.348,3.906,16.235
0.087,0.926,0.073,36.133,2.380,14.893
0.079,0.892,0.045,59.753,0.854,14.771
0.079,0.850,0.020,75.745,0.122,16.174
0.087,0.844,0.075,83.984,-1.404,17.944
0.048,0.868,0.037,98.083,-2.014,20.142
0.054,0.900,0.072,110.107,-5.676,25.635
0.048,0.902,0.100,110.962,-10.010,28.137
0.074,0.885,0.144,103.577,-11.841,26.672
0.087,0.866,0.172,100.037,-14.893,24.475
0.088,0.816,0.154,108.398,-16.663,22.156
0.094,0.802,0.139,115.723,-15.564,19.104
0.080,0.779,0.100,121.521,-14.648,15.015
0.067,0.745,0.071,124.695,-16.602,11.475
0.052,0.684,0.052,128.723,-20.569,10.620
0.061,0.643,0.100,128.723,-27.039,12.817
0.055,0.561,0.128,134.216,-31.433,15.381
0.029,0.517,0.185,139.587,-33.630,17.761
0.036,0.469,0.281,134.033,-35.889,20.569
0.027,0.410,0.373,134.766,-33.997,19.775
0.027,0.335,0.488,138.062,-32.104,18.799
0.069,0.250,0.613,145.630,-28.198,19.226
0.094,0.218,0.701,162.720,-18.738,19.409
0.080,0.165,0.692,192.688,-5.737,18.738
0.059,0.168,0.683,215.454,6.592,18.738
0.024,0.184,0.641,229.614,15.808,18.433
-0.015,0.214,0.595,237.610,20.081,15.625
-0.055,0.199,0.527,242.920,19.592,10.254
-0.062,0.139,0.482,241.760,14.465,4.639
-0.080,0.108,0.484,232.483,5.859,1.038
-0.104,0.014,0.471,231.079,-2.686,-2.747
-0.092,-0.123,0.505,234.497,-10.742,-7.812
-0.049,-0.235,0.610,239.990,-17.334,-11.719
-0.002,-0.352,0.671,258.362,-19.470,-15.198
-0.002,-0.447,0.702,285.889,-17.151,-18.555
0.023,-0.550,0.709,308.289,-12.756,-19.287
0.001,-0.544,0.729,327.332,-9.827,-14.648
-0.075,-0.542,0.754,345.825,-6.714,-12.085
-0.135,-0.564,0.786,345.215,-6.714,-12.146
-0.171,-0.597,0.855,324.829,-13.000,-12.329
-0.204,-0.650,0.906,300.476,-21.301,-14.771
-0.163,-0.732,0.940,276.062,-26.184,-19.104
-0.037,-0.885,0.981,256.104,-29.602,-24.109

0.067,-1.084,1.083,231.201,-40.771,-26.733
0.013,-1.047,1.028,237.793,-21.667,-25.635
-0.066,-1.089,0.822,263.428,0.671,-26.001
-0.117,-1.048,0.734,254.822,10.010,-22.156
-0.181,-1.018,0.713,225.586,2.808,-17.090
-0.196,-1.031,0.739,190.002,-10.559,-15.015
-0.183,-1.072,0.813,154.846,-21.179,-18.127
-0.188,-1.112,0.871,128.479,-27.710,-22.217
-0.177,-1.174,0.904,112.000,-29.907,-25.635
-0.169,-1.225,0.962,94.604,-31.494,-28.137
-0.142,-1.307,1.032,68.420,-33.325,-29.236
-0.078,-1.408,1.079,40.100,-32.410,-28.931
-0.041,-1.467,1.112,17.700,-27.954,-25.146
-0.036,-1.469,1.146,3.540,-19.104,-19.043
-0.054,-1.451,1.165,-9.155,-8.240,-12.695
-0.086,-1.401,1.178,-22.583,-0.427,-5.188
-0.109,-1.319,1.174,-28.198,7.019,0.916
-0.155,-1.298,1.073,-16.724,14.832,3.662
-0.190,-1.273,1.005,-13.611,17.395,5.066
-0.188,-1.244,1.018,-27.588,13.489,6.104
-0.196,-1.211,1.070,-47.363,7.019,7.141
-0.201,-1.187,1.153,-66.467,2.197,6.592
-0.168,-1.193,1.239,-89.539,0.000,3.906
-0.121,-1.244,1.258,-116.211,-1.221,1.892
-0.096,-1.232,1.280,-144.897,0.061,3.540
-0.089,-1.189,1.275,-156.799,5.920,6.836
-0.095,-1.148,1.256,-152.344,14.526,8.606
-0.098,-1.113,1.242,-149.841,21.423,10.742
-0.119,-1.036,1.285,-156.738,25.635,14.221
-0.128,-0.982,1.309,-160.706,28.259,17.151
-0.160,-0.972,1.273,-160.767,30.151,18.188
-0.146,-0.961,1.280,-168.762,30.334,16.785
-0.121,-0.924,1.307,-180.908,29.419,14.526
-0.095,-0.907,1.301,-195.068,30.090,13.428
-0.077,-0.859,1.299,-219.299,31.250,13.855
-0.074,-0.824,1.272,-249.146,32.227,15.137
-0.062,-0.802,1.232,-276.978,34.485,15.747
-0.024,-0.818,1.209,-306.152,36.011,17.029
0.000,-0.813,1.203,-340.820,37.598,20.386
0.002,-0.750,1.212,-362.732,45.715,20.508
0.013,-0.691,1.144,-358.337,60.425,18.494
-0.008,-0.587,1.059,-336.914,72.205,15.076
-0.018,-0.468,0.999,-317.139,79.956,12.146
-0.030,-0.369,0.923,-299.255,83.740,10.559
-0.043,-0.289,0.819,-282.288,81.909,9.705
-0.046,-0.200,0.792,-276.978,73.730,8.057
-0.016,-0.105,0.807,-279.358,63.354,4.517
-0.006,-0.084,0.765,-285.217,53.040,0.244
-0.029,-0.111,0.733,-307.495,41.016,-2.136
-0.030,-0.144,0.668,-331.238,29.297,-1.831
-0.052,-0.179,0.620,-346.985,16.602,1.404
-0.009,-0.172,0.583,-349.854,3.601,8.118
0.044,-0.148,0.576,-340.942,-3.906,10.620
0.117,-0.099,0.681,-329.956,-0.854,7.751
0.115,-0.038,0.649,-305.725,9.888,6.531
0.078,0.144,0.597,-279.663,25.024,5.615
0.033,0.250,0.473,-250.244,33.386,1.831
-0.024,0.325,0.345,-234.924,26.794,-1.038
-0.050,0.392,0.281,-244.995,14.099,-2.869
-0.071,0.453,0.273,-261.536,0.977,-3.113
-0.053,0.476,0.267,-269.958,-8.606,-2.014
0.008,0.468,0.298,-275.513,-13.977,-0.916
0.048,0.464,0.321,-275.696,-14.099,-0.366
0.074,0.434,0.304,-268.982,-8.850,-0.366
0.110,0.427,0.286,-262.634,-2.563,1.038
0.107,0.487,0.267,-251.160,5.249,1.831
0.118,0.553,0.227,-230.408,17.395,-0.854
0.088,0.600,0.130,-211.060,26.855,-3.662
0.076,0.655,0.036,-198.303,31.006,-4.456
0.077,0.703,-0.052,-182.068,33.691,-5.310
0.052,0.742,-0.168,-157.959,34.607,-6.287
0.040,0.763,-0.252,-137.756,32.654,-7.751
0.046,0.775,-0.286,-130.798,26.733,-6.836
0.057,0.794,-0.293,-129.944,17.578,-2.563
0.082,0.818,-0.278,-127.747,11.169,-0.244
0.104,0.797,-0.294,-116.821,8.606,-0.244
0.129,0.773,-0.300,-100.769,7.874,0.122
0.159,0.786,-0.286,-84.717,9.705,-0.061
0.182,0.816,-0.275,-70.068,14.526,-0.671
0.180,0.865,-0.289,-56.824,20.081,-0.732
0.165,0.894,-0.333,-45.715,24.109,-0.061
0.159,0.903,-0.385,-39.978,25.146,0.183
0.146,0.885,-0.415,-36.560,23.376,-0.061
0.146,0.887,-0.404,-31.555,20.569,1.160
0.118,0.921,-0.400,-25.940,18.127,5.066
0.079,0.978,-0.402,-24.597,14.343,10.437
0.076,1.027,-0.371,-23.987,8.911,13.672
0.090,1.063,-0.341,-21.667,4.333,13.184
0.099,1.060,-0.340,-14.465,2.075,10.437
0.121,1.013,-0.361,-1.038,1.892,7.080
0.126,0.996,-0.372,10.132,2.075,5.249
0.132,1.000,-0.343,19.043,1.343,5.737
0.159,1.002,-0.243,22.278,0.305,6.958
0.176,1.050,-0.166,19.104,0.427,9.033
0.145,1.069,-0.189,19.165,3.479,11.536
0.114,1.058,-0.258,27.588,7.324,12.756
0.090,1.043,-0.320,35.828,8.728,12.817
0.061,1.033,-0.365,41.809,6.531,12.573
0.059,1.049,-0.340,45.471,2.014,11.902
0.063,1.063,-0.313,60.303,-1.099,10.803
0.043,1.025,-0.313,84.717,-2.197,9.521
0.038,1.014,-0.291,100.952,-2.930,8.789
0.034,1.013,-0.264,107.178,-4.211,8.118
0.019,1.032,-0.243,111.938,-6.042,6.653
0.022,1.019,-0.211,118.347,-8.179,4.089
0.037,1.021,-0.168,120.728,-9.766,1.770
0.038,1.017,-0.140,118.103,-12.024,0.610
0.052,0.977,-0.128,118.530,-15.320,-0.244
0.067,0.923,-0.114,127.747,-18.494,0.000
0.072,0.844,-0.118,148.193,-20.752,1.465
0.066,0.757,-0.136,177.124,-21.545,3.235
0.074,0.679,-0.103,207.458,-22.217,4.395
0.108,0.617,-0.023,236.511,-21.912,5.493
0.124,0.603,0.044,278.137,-15.869,4.700
0.106,0.557,0.066,341.858,-3.967,-1.343
0.105,0.517,0.103,402.649,7.751,-9.705
0.067,0.454,0.088,442.322,14.099,-13.428
0.042,0.424,0.190,435.486,8.179,-10.803
0.046,0.360,0.334,392.639,-2.258,-5.676

-0.156,-1.236,0.818,100.342,-41.138,-27.283
-0.141,-1.305,0.873,96.924,-41.382,-25.391
-0.135,-1.339,0.921,91.492,-40.771,-22.278
-0.130,-1.344,0.973,85.938,-39.246,-18.005
-0.153,-1.342,1.060,76.538,-35.950,-14.099
-0.169,-1.363,1.083,65.552,-32.349,-10.620
-0.177,-1.401,1.102,52.856,-28.076,-6.531
-0.186,-1.430,1.118,39.307,-24.902,-3.601
-0.185,-1.449,1.132,25.513,-21.179,-0.244
-0.190,-1.444,1.150,11.414,-17.090,4.272
-0.224,-1.401,1.170,0.671,-12.146,9.155
-0.257,-1.346,1.170,-2.930,-5.920,12.756
-0.293,-1.310,1.141,-4.150,-0.549,13.672
-0.325,-1.277,1.141,-16.907,2.014,12.329
-0.312,-1.305,1.131,-36.194,1.892,10.132
-0.262,-1.336,1.164,-55.786,0.793,10.010
-0.194,-1.394,1.182,-69.763,3.845,11.597
-0.143,-1.398,1.202,-79.651,11.047,16.602
-0.151,-1.360,1.180,-84.778,20.691,23.499
-0.188,-1.305,1.121,-87.708,30.884,30.029
-0.227,-1.233,1.071,-91.125,38.086,34.241
-0.235,-1.198,1.040,-93.994,42.542,35.522
-0.218,-1.179,1.029,-101.807,44.250,35.095
-0.197,-1.155,1.031,-117.676,43.701,35.400
-0.149,-1.106,1.073,-138.184,42.664,35.889
-0.138,-1.063,1.070,-154.358,42.847,35.828
-0.108,-1.032,1.058,-169.128,43.762,35.461
-0.102,-1.014,1.007,-183.167,44.800,34.363
-0.075,-1.008,0.991,-195.129,45.837,31.555
-0.057,-0.994,0.971,-206.177,47.241,28.198
-0.019,-0.983,0.953,-217.712,47.974,25.696
-0.004,-0.944,0.923,-233.337,48.889,24.719
0.009,-0.886,0.903,-251.770,50.171,24.414
0.010,-0.837,0.862,-267.456,51.941,24.414
0.027,-0.765,0.859,-282.898,52.917,23.987
0.033,-0.708,0.870,-299.866,53.467,22.766
0.048,-0.677,0.873,-320.251,53.467,21.301
0.067,-0.640,0.878,-344.971,51.147,21.423
0.083,-0.590,0.888,-360.962,49.744,22.156
0.066,-0.560,0.833,-357.544,53.955,22.339
0.094,-0.557,0.720,-343.994,82.825,20.020
0.097,-0.431,0.693,-340.515,99.487,18.982
0.089,-0.323,0.622,-310.425,96.069,20.874
0.116,-0.289,0.555,-271.545,89.722,21.179
0.085,-0.189,0.499,-249.207,78.308,21.179
0.078,-0.099,0.430,-235.229,67.383,23.621
0.062,-0.005,0.429,-226.074,56.274,25.757
0.091,0.069,0.405,-221.741,46.143,25.085
0.021,0.151,0.387,-221.680,40.649,23.376
0.031,0.199,0.380,-221.741,35.706,23.621
0.042,0.239,0.410,-226.379,27.588,25.635
0.104,0.270,0.500,-238.647,17.761,28.320
0.119,0.306,0.544,-262.207,6.531,32.837
0.095,0.319,0.524,-278.748,-2.136,39.551
0.084,0.303,0.452,-280.334,-3.540,45.349
0.059,0.257,0.354,-276.489,-0.671,49.683
0.055,0.284,0.272,-271.423,3.113,51.758
0.084,0.356,0.254,-264.038,9.888,49.011
0.095,0.438,0.227,-246.460,15.808,44.312
0.105,0.529,0.190,-220.032,20.081,39.795
0.096,0.595,0.197,-194.092,23.315,34.180
0.090,0.676,0.224,-171.631,24.231,28.015
0.100,0.721,0.279,-152.954,28.503,21.545
0.142,0.774,0.338,-144.165,28.381,17.395
0.172,0.779,0.360,-136.719,27.100,14.893
0.200,0.780,0.343,-135.620,29.114,11.963
0.197,0.769,0.248,-135.071,32.776,9.277
0.122,0.717,0.086,-126.465,36.377,7.446
0.136,0.646,-0.062,-115.479,36.011,9.033
0.144,0.644,-0.170,-106.323,31.372,13.000
0.107,0.695,-0.238,-92.041,24.963,17.761
0.045,0.794,-0.267,-74.341,16.541,23.621
0.025,0.911,-0.197,-62.866,4.089,28.931
0.040,1.002,-0.082,-56.946,-6.775,30.640
0.115,1.041,0.071,-49.683,-12.878,28.625
0.167,1.084,0.216,-46.631,-11.475,24.963
0.159,1.102,0.249,-47.119,-4.089,21.790
0.138,1.098,0.184,-44.922,5.737,19.470
0.084,1.104,0.077,-40.466,14.587,17.700
0.034,1.075,-0.050,-32.349,20.447,15.137
0.001,1.055,-0.142,-23.315,20.569,13.062
-0.019,1.073,-0.184,-14.954,14.832,12.146
-0.030,1.102,-0.198,-8.362,6.592,10.681
-0.034,1.122,-0.170,-3.113,-3.174,8.911
0.001,1.115,-0.108,4.883,-12.756,7.935
0.033,1.076,-0.032,11.536,-18.799,7.385
0.089,1.065,0.072,11.780,-21.362,7.080
0.115,1.083,0.157,13.123,-20.874,7.385
0.114,1.068,0.167,21.118,-17.395,8.545
0.107,1.058,0.164,24.841,-10.986,8.911
0.082,1.045,0.127,24.292,-5.371,9.644
0.050,1.043,0.088,25.085,-3.418,11.230
0.012,1.065,0.067,28.748,-3.845,13.733
-0.034,1.068,0.041,36.377,-5.310,16.357
-0.052,1.080,0.052,40.344,-7.996,17.578
-0.048,1.087,0.089,43.640,-12.817,16.418
-0.037,1.083,0.118,53.589,-17.395,14.282
-0.033,1.086,0.152,66.223,-18.555,13.062
-0.043,1.048,0.147,85.999,-16.174,11.536
-0.038,1.031,0.167,102.112,-12.451,6.714
-0.020,1.002,0.195,109.802,-8.789,-0.732
0.000,0.976,0.212,110.840,-6.287,-6.409
0.016,0.941,0.188,112.122,-2.563,-9.460
0.020,0.897,0.141,116.089,1.160,-12.878
0.027,0.844,0.096,119.934,2.930,-17.944
0.045,0.811,0.081,124.084,1.587,-22.156
0.013,0.757,0.017,138.550,-0.305,-23.621
-0.039,0.713,-0.038,156.738,-2.258,-24.109
-0.062,0.684,-0.032,169.189,-6.104,-24.231
-0.066,0.621,-0.003,181.274,-13.916,-24.780
-0.017,0.517,0.087,191.284,-22.949,-26.062
0.068,0.440,0.262,194.336,-28.259,-25.818
0.162,0.365,0.451,197.021,-28.259,-24.231
0.232,0.290,0.586,205.505,-21.545,-20.020
0.258,0.257,0.659,214.600,-8.362,-14.465
0.249,0.262,0.659,222.534,10.254,-11.230
0.218,0.268,0.590,234.314,30.151,-13.245
0.173,0.266,0.498,246.643,43.457,-17.517
0.102,0.264,0.419,255.493,47.485,-19.714

-0.233,0.336,2.549,-464.844,-14.771,16.785
-0.320,0.537,2.049,-559.021,49.561,-3.296
-0.215,-0.205,1.485,-214.722,82.642,-9.277
-0.223,-0.414,1.127,-61.951,91.064,-29.358
-0.076,-0.397,1.081,-61.523,77.820,-14.282
-0.077,-0.300,1.081,-57.495,60.181,-4.395
-0.050,-0.216,1.107,-41.992,48.340,2.930
-0.012,-0.229,1.117,-19.226,37.415,3.235
0.098,-0.237,1.126,4.028,23.499,2.136
0.176,-0.378,1.096,31.921,10.132,3.174
0.156,-0.390,1.086,41.748,0.305,6.775
0.163,-0.324,1.131,29.846,-6.104,11.475
0.143,-0.246,0.996,46.265,-1.709,8.423
0.067,-0.381,0.974,99.426,11.902,-3.845
0.138,-0.378,0.606,79.834,7.080,-2.930
0.128,-0.375,0.715,86.121,3.906,1.587
0.052,-0.122,0.762,43.945,5.554,8.911
0.004,0.017,0.784,15.259,6.592,8.362
-0.011,0.055,0.824,0.549,1.953,6.409
-0.045,0.123,0.807,-21.973,-1.587,5.920
-0.091,0.066,0.715,-22.949,-5.249,3.662
-0.102,0.042,0.760,-23.743,-14.099,1.404
-0.066,0.003,0.859,-46.326,-24.597,0.366
-0.053,-0.039,0.920,-58.411,-31.372,0.854
-0.009,-0.054,1.013,-58.350,-33.081,1.221
0.080,-0.132,1.070,-49.927,-27.527,0.366
0.133,-0.169,1.045,-26.794,-16.052,2.869
0.067,-0.171,1.068,12.878,-3.479,5.920
-0.002,-0.138,0.864,29.785,0.549,12.695
-0.127,0.004,1.030,36.682,-4.944,18.433
0.111,-0.149,0.878,32.959,-3.906,8.728
-0.042,-0.268,0.835,50.598,-6.714,6.348
-0.015,-0.162,0.854,35.217,-12.878,6.775
-0.016,-0.223,0.814,16.113,-14.343,4.395
0.027,-0.273,0.771,-1.282,-16.357,3.113
0.012,-0.290,0.742,-22.949,-21.729,7.019
0.032,-0.312,0.758,-35.645,-25.696,10.803
0.037,-0.331,0.793,-45.898,-26.306,14.709
0.049,-0.263,0.881,-62.012,-23.987,18.860
0.036,-0.176,0.886,-70.313,-16.357,20.142
-0.029,-0.141,0.807,-56.335,-6.104,15.137
-0.109,-0.097,0.713,-36.011,-0.916,6.592
-0.155,-0.150,0.594,-4.517,-1.038,-2.075
-0.052,-0.365,0.528,34.119,-7.141,-12.817
-0.161,-0.180,0.619,31.128,-29.724,-12.634
-0.079,-0.148,0.770,39.246,-44.434,-0.427
-0.107,-0.257,0.694,102.173,-46.570,-2.136
-0.047,-0.183,0.960,91.492,-54.260,-2.563
-0.080,-0.084,1.098,57.373,-55.725,10.437
-0.132,-0.057,1.083,46.387,-45.105,12.939
-0.168,-0.056,1.116,34.607,-36.377,10.315
-0.202,0.044,1.218,7.568,-25.818,7.141
-0.259,0.116,1.335,-7.935,-12.085,-4.211
-0.231,0.013,1.401,-1.404,1.892,-14.771
-0.180,-0.070,1.512,-15.137,10.193,-20.325
-0.140,-0.098,1.568,-46.814,9.827,-12.756
-0.135,-0.148,1.480,-60.913,13.245,-2.258
-0.158,-0.190,1.293,-57.617,21.851,-2.686
-0.160,-0.200,1.131,-55.908,23.499,-2.136
-0.142,-0.196,1.019,-53.711,20.142,-1.160
-0.108,-0.212,0.936,-50.476,16.052,-0.671
-0.097,-0.191,0.883,-46.143,14.160,-2.625
-0.103,-0.160,0.883,-37.842,12.085,-5.432
-0.106,-0.142,0.891,-29.175,11.108,-8.362
-0.108,-0.111,0.916,-21.606,13.428,-13.184
-0.072,-0.110,0.912,-8.484,20.691,-20.325
-0.069,-0.110,0.978,6.348,37.842,-33.936
-0.034,-0.074,1.070,1.953,41.809,-40.283
-0.082,-0.054,1.104,-9.460,23.437,-41.565
-0.071,-0.087,1.089,-16.296,7.324,-30.273
-0.074,-0.124,1.025,-12.878,2.441,-20.386
-0.106,-0.139,0.965,-4.395,0.305,-14.282
-0.102,-0.139,0.969,1.770,-3.784,-8.301
-0.112,-0.155,1.062,3.235,-8.606,-5.188
-0.119,-0.042,1.139,-28.381,-16.602,-1.587
-0.032,-0.170,0.831,-67.139,-31.982,2.625
-0.079,-0.166,0.969,-47.424,-27.283,5.432
-0.087,-0.154,1.012,-68.054,-25.513,5.798
-0.141,-0.483,1.184,-101.563,-30.640,10.010
-0.030,0.130,0.814,-220.337,-24.231,22.766
-0.158,-0.010,0.815,-170.105,-29.968,9.827
-0.128,0.020,1.008,-86.792,-24.658,-6.348
-0.168,0.053,1.078,-71.655,-22.644,-16.602
-0.166,0.058,1.066,-76.965,-28.320,-13.184
-0.151,0.050,1.026,-92.407,-29.297,-5.249
-0.136,0.005,0.893,-93.811,-29.053,-2.869
-0.106,0.010,0.810,-104.431,-25.635,-0.732
-0.131,0.134,0.860,-120.972,-22.339,2.197
-0.143,0.166,0.850,-101.563,-21.362,-1.892
-0.118,0.165,0.871,-66.528,-18.494,-6.104
-0.146,0.137,0.918,-42.786,-16.846,-8.423
-0.186,0.134,0.972,-32.776,-15.747,-11.780
-0.194,0.141,0.993,-40.588,-13.428,-12.146
-0.142,0.200,0.976,-56.580,-12.390,-9.521
-0.166,0.182,0.982,-58.716,-13.245,-7.385
-0.177,0.183,0.947,-61.707,-13.000,-7.996
-0.170,0.220,0.905,-58.960,-13.489,-11.169
-0.141,0.207,0.884,-43.030,-15.808,-14.954
-0.154,0.197,0.901,-21.423,-17.334,-20.935
-0.164,0.199,0.916,-10.010,-18.738,-23.743
-0.188,0.200,0.939,-16.907,-18.188,-19.958
-0.201,0.255,0.962,-18.188,-18.066,-20.020
-0.206,0.203,0.940,-12.939,-18.677,-22.827
-0.192,0.192,0.942,-17.883,-18.066,-22.156
-0.185,0.238,0.939,-23.193,-18.555,-22.827
-0.186,0.239,0.937,-20.691,-19.958,-24.597
-0.198,0.246,0.930,-17.334,-20.569,-25.330
-0.211,0.231,0.915,-14.343,-21.301,-26.855
-0.219,0.244,0.923,-16.296,-21.362,-24.902
-0.193,0.244,0.911,-17.944,-20.325,-23.865
-0.186,0.247,0.921,-14.954,-20.081,-24.414
-0.189,0.227,0.913,-11.902,-20.203,-24.963
-0.177,0.192,0.907,-16.846,-19.653,-24.780
-0.147,0.202,0.903,-32.288,-17.151,-23.010
-0.182,0.236,0.905,-43.030,-15.991,-25.574
-0.235,0.282,0.908,-42.419,-17.578,-31.433
-0.262,0.287,0.927,-38.391,-18.860,-34.607
-0.234,0.275,0.920,-40.710,-16.357,-35.522
-0.175,0.225,0.897,-49.377,-14.282,-36.926
